Order_ID,Order_Date,Region,Category,Product,Quantity,Unit_Price,Discount,Sales,Cost
100001,2024-06-02,West,Electronics,Smartphone,4,274.16,0.1,986.99,554.85
100002,2025-05-29,South,Sports,Dumbbells,4,106.15,0.0,424.6,312.22
100003,2024-05-20,East,Beauty,Skincare Set,2,68.36,0.05,129.88,90.0
100004,2024-01-16,East,Home,Cookware,5,90.31,0.0,451.55,357.2
100005,2024-05-11,South,Home,Cookware,1,90.89,0.1,81.8,64.64
100006,2025-06-18,East,Clothing,Sneakers,4,59.87,0.0,239.49,139.78
100007,2025-05-01,West,Clothing,Sneakers,3,64.0,0.15,163.21,125.54
100008,2024-11-01,West,Electronics,Smartphone,3,350.14,0.2,840.34,528.03
100009,2024-07-22,South,Sports,Dumbbells,1,99.4,0.05,94.43,63.87
100010,2024-12-14,East,Home,Cookware,1,119.88,0.1,107.89,87.79
100011,2024-04-26,East,Clothing,T-Shirt,1,51.13,0.05,48.57,31.58
100012,2024-08-16,East,Clothing,T-Shirt,5,67.99,0.15,288.96,197.56
100013,2024-02-09,East,Sports,Running Shoes,2,79.83,0.2,127.73,72.85
100014,2025-01-09,South,Sports,Dumbbells,3,107.41,0.05,306.12,186.89
100015,2025-01-11,South,Beauty,Perfume,1,74.33,0.1,66.89,49.94
100016,2025-05-29,North,Clothing,Sneakers,4,61.58,0.15,209.38,150.06
100017,2024-06-17,South,Beauty,Perfume,3,80.27,0.0,240.8,138.44
100018,2024-05-18,East,Home,Vacuum,1,113.94,0.0,113.94,93.15
100019,2025-01-25,South,Home,Coffee Maker,1,71.8,0.15,61.03,34.46
100020,2024-09-12,East,Electronics,Laptop,4,294.39,0.2,942.04,738.49
100021,2025-06-19,North,Beauty,Makeup Kit,4,72.53,0.05,275.61,190.79
100022,2024-03-09,West,Home,Desk Lamp,3,112.57,0.05,320.82,237.57
100023,2025-04-13,West,Sports,Dumbbells,3,83.18,0.05,237.05,165.64
100024,2025-05-09,East,Electronics,Monitor,4,376.1,0.1,1353.97,991.03
100025,2025-06-28,South,Beauty,Skincare Set,4,74.42,0.15,253.04,150.07
100026,2024-02-08,East,Home,Coffee Maker,2,83.71,0.0,167.42,93.53
100027,2024-06-06,South,Electronics,Headphones,4,383.99,0.05,1459.18,828.16
100028,2024-12-16,East,Beauty,Perfume,1,73.61,0.0,73.61,58.88
100029,2025-02-07,West,Home,Desk Lamp,4,86.41,0.05,328.36,253.97
100030,2024-04-28,East,Home,Cookware,4,85.64,0.0,342.56,235.62
100031,2024-06-21,East,Electronics,Monitor,4,394.79,0.05,1500.2,898.87
100032,2025-04-14,West,Clothing,Sneakers,5,50.09,0.0,,161.2
100033,2024-04-20,North,Clothing,T-Shirt,5,72.9,0.05,346.29,225.59
100034,2024-12-30,East,Sports,Yoga Mat,2,71.02,0.0,142.04,83.73
100035,2025-06-16,North,Home,Cookware,5,95.89,0.15,407.55,247.04
100036,2025-05-28,East,Clothing,Sneakers,5,64.51,0.0,322.55,262.68
100037,2024-05-13,South,Beauty,Perfume,5,61.74,0.1,277.84,224.95
100038,2025-02-12,South,Home,Cookware,1,72.08,0.0,72.08,39.85
100039,2025-02-09,North,Clothing,Jacket,3,63.18,0.15,161.11,114.64
100040,2025-05-21,West,Home,Coffee Maker,4,122.96,0.05,467.23,374.59
100041,2024-02-12,North,Sports,Fitness Watch,1,102.85,0.05,97.7,69.91
100042,2025-04-20,East,Home,Desk Lamp,5,107.68,0.05,511.47,353.41
100043,2025-05-13,,Home,Desk Lamp,2,123.39,0.0,246.79,198.74
100044,2025-03-21,North,Sports,Yoga Mat,4,72.27,0.0,289.09,188.39
100045,2024-05-21,East,Electronics,Headphones,3,333.14,0.0,999.43,776.07
100046,2024-04-23,South,Beauty,Hair Dryer,5,55.84,0.2,223.36,148.64
100047,2024-05-16,North,Beauty,Perfume,3,57.39,0.0,172.16,121.7
100048,2024-12-16,North,Electronics,Headphones,3,401.52,0.05,1144.33,763.46
100049,2024-05-24,East,Sports,Fitness Watch,5,78.6,0.0,392.98,258.97
100050,2025-06-06,North,Beauty,Skincare Set,5,77.26,0.05,366.98,211.94
100051,2024-08-19,West,Sports,Running Shoes,3,73.71,0.0,221.12,179.67
100052,2025-03-27,West,Home,Desk Lamp,4,92.45,0.0,369.79,266.47
100053,2025-06-23,East,Home,Vacuum,2,119.24,0.15,202.72,117.06
100054,2024-12-23,West,Beauty,Hair Dryer,4,48.2,0.15,163.89,116.17
100055,2025-02-20,North,Beauty,Makeup Kit,3,79.55,0.0,238.64,144.45
100056,2024-10-18,North,Sports,Yoga Mat,3,84.3,0.05,240.25,194.46
100057,2024-09-13,West,Beauty,Makeup Kit,2,63.97,0.0,127.95,98.86
100058,2024-12-26,North,Home,Desk Lamp,5,115.59,0.0,577.97,356.86
100059,2025-03-07,North,Electronics,Smartphone,4,325.59,0.05,1237.24,965.19
100060,2024-10-19,,Clothing,Jeans,1,57.94,0.1,52.14,36.19
100061,2024-04-16,West,Beauty,Perfume,3,73.46,0.15,187.33,111.89
100062,2025-05-12,North,Home,Coffee Maker,2,110.55,0.05,210.04,170.47
100063,2024-09-09,South,Beauty,Makeup Kit,4,72.18,0.0,288.74,179.62
100064,2025-04-17,West,Electronics,Smartphone,1,305.33,0.05,290.07,218.46
100065,2024-04-17,South,Clothing,T-Shirt,5,55.46,0.2,221.84,126.78
100066,2024-12-24,North,Clothing,Jeans,4,53.39,0.0,213.55,121.83
100067,2025-01-10,West,Electronics,Laptop,1,381.88,0.05,362.79,223.03
100068,2024-09-24,North,Home,Coffee Maker,5,94.95,0.1,427.26,311.94
100069,2024-01-25,North,Sports,Fitness Watch,1,95.87,0.15,81.49,53.75
100070,2024-02-13,East,Home,Coffee Maker,4,72.3,0.15,245.84,138.36
100071,2024-06-30,East,Beauty,Makeup Kit,4,69.59,0.1,250.54,200.63
100072,2024-07-13,West,Home,Coffee Maker,1,92.77,0.05,88.13,72.03
100073,2025-02-11,West,Sports,Yoga Mat,3,110.65,0.1,298.76,235.1
100074,2025-06-14,West,Clothing,Sneakers,5,70.51,0.05,334.93,221.24
100075,2024-03-07,North,Clothing,Jacket,1,58.12,0.05,55.21,45.22
100076,2025-04-03,West,Sports,Running Shoes,3,109.11,0.1,294.61,206.66
100077,2025-04-20,South,,Headphones,2,391.6,0.0,783.2,530.7
100078,2025-01-10,East,Clothing,Jacket,3,51.84,0.1,139.96,110.76
100079,2025-01-27,North,Electronics,Laptop,3,348.87,0.05,994.28,802.16
100080,2024-12-12,East,Home,Cookware,4,104.25,0.0,417.0,341.08
100081,2025-02-16,West,Home,Coffee Maker,1,128.16,0.05,121.75,68.99
100082,2025-06-19,West,Sports,Fitness Watch,4,67.35,0.15,229.0,156.0
100083,2025-06-13,South,Beauty,Hair Dryer,1,70.45,0.0,70.45,40.79
100084,2024-05-04,West,Electronics,Headphones,-2,355.41,0.15,906.29,618.3
100085,2024-10-30,North,Electronics,Laptop,1,413.84,0.05,393.15,320.58
100086,2024-05-03,North,Sports,Fitness Watch,1,114.16,0.1,102.74,70.7
100087,2024-11-19,East,Beauty,Makeup Kit,5,63.16,0.0,315.81,213.97
100088,2025-01-17,East,,Fitness Watch,5,,0.15,442.24,352.49
100089,2025-05-28,West,Beauty,Perfume,5,47.65,0.0,238.23,162.68
100090,2025-03-07,East,Clothing,T-Shirt,1,70.51,0.05,66.99,52.52
100091,2024-02-28,North,Clothing,Sneakers,3,46.82,0.05,133.43,93.24
100092,2025-04-16,West,Electronics,Monitor,3,364.14,0.0,1092.41,821.15
100093,2024-04-06,East,Clothing,Jeans,5,68.9,0.0,344.5,214.61
100094,2024-10-23,North,Clothing,Sneakers,2,41.48,0.05,78.81,50.71
100095,2025-04-18,South,Sports,Fitness Watch,5,110.51,0.1,497.29,395.51
100096,2024-02-24,East,Sports,Fitness Watch,3,113.51,0.0,340.52,266.12
100097,2024-03-17,East,Beauty,Skincare Set,1,48.61,0.1,43.75,31.97
100098,2024-08-26,West,Clothing,Jacket,1,55.6,0.05,52.82,37.57
100099,2025-05-26,,Electronics,Monitor,2,397.56,0.15,675.85,380.83
100100,2024-11-20,North,Beauty,Skincare Set,4,58.31,0.0,233.24,179.25
100101,2024-11-13,West,Clothing,T-Shirt,3,48.3,0.05,137.67,91.54
100102,2024-10-30,North,Electronics,Smartphone,4,377.91,0.1,1360.46,955.31
100103,2024-07-20,South,Sports,Fitness Watch,4,83.63,0.0,334.5,212.82
100104,2025-01-10,South,Home,Coffee Maker,1,83.33,0.05,79.17,58.49
100105,2024-04-26,East,Sports,Yoga Mat,1,108.09,0.0,108.09,68.26
100106,2024-03-29,West,Electronics,Headphones,1,437.62,0.2,350.1,199.85
100107,2025-06-01,South,,Fitness Watch,4,79.86,0.15,271.54,198.32
100108,2025-03-02,West,Clothing,Jacket,1,41.47,0.0,41.47,31.93
100109,2024-12-03,South,Sports,Yoga Mat,3,90.12,0.1,243.32,180.82
100110,2024-11-14,South,Home,Cookware,4,89.62,0.05,340.57,213.27
100111,2024-02-18,East,Sports,Dumbbells,3,110.45,0.15,281.65,193.85
100112,2025-04-27,West,Home,Vacuum,5,111.99,0.0,559.95,438.08
100113,2024-02-20,North,Sports,Fitness Watch,4,89.82,0.05,341.31,198.39
100114,2024-12-22,West,Electronics,Laptop,4,433.25,0.1,1559.7,1264.21
100115,2024-04-13,West,Home,Vacuum,1,76.11,0.0,76.11,52.28
100116,2024-02-18,South,Electronics,Monitor,5,463.53,0.05,,1554.78
100117,2024-08-17,East,Electronics,Monitor,4,423.85,0.05,1610.61,974.53
100118,2024-03-20,West,Beauty,Skincare Set,4,57.46,0.0,229.83,137.57
100119,2024-12-23,West,Electronics,Smartphone,1,391.21,0.0,391.21,240.14
100120,2024-08-26,North,Beauty,Skincare Set,2,46.51,0.15,79.07,58.85
100121,2024-04-18,North,Sports,Yoga Mat,1,63.92,0.1,57.53,36.35
100122,2025-04-02,South,Clothing,T-Shirt,3,50.24,0.1,135.65,79.83
100123,2024-07-22,South,Home,Vacuum,3,112.14,0.15,285.95,191.05
100124,2025-02-22,East,Home,Coffee Maker,5,106.57,0.1,479.56,320.46
100125,2024-10-31,East,Home,Vacuum,4,107.65,0.05,409.06,265.85
100126,2025-04-28,North,Electronics,Smartphone,5,434.59,0.0,2172.97,1438.57
100127,2024-03-12,North,Sports,Running Shoes,5,95.63,0.1,430.33,305.56
100128,2024-09-03,South,Clothing,Sneakers,4,,0.1,230.86,136.98
100129,2025-05-26,West,Beauty,Skincare Set,2,,0.0,126.16,83.85
100130,2025-06-29,West,Beauty,Perfume,4,49.16,0.0,196.65,156.97
100131,2024-07-15,South,Clothing,Jeans,1,56.56,0.1,50.9,31.83
100132,2024-05-07,North,Sports,Fitness Watch,4,73.26,0.05,278.4,185.75
100133,2024-11-07,West,Sports,Running Shoes,5,66.68,0.15,283.39,218.56
100134,2024-12-25,East,Clothing,Jacket,1,50.71,0.0,50.71,30.42
100135,2024-01-03,West,Electronics,Laptop,1,288.39,0.05,273.97,216.1
100136,2025-05-30,West,Sports,Running Shoes,1,111.35,0.0,111.35,79.54
100137,2024-06-12,North,Sports,Dumbbells,5,109.34,0.05,519.38,291.66
100138,2025-02-03,West,Clothing,Jeans,2,62.63,0.0,125.26,74.5
100139,2025-05-19,East,Home,Coffee Maker,5,107.25,0.0,-278.64,311.01
100140,2024-03-06,,Sports,Fitness Watch,1,82.22,0.0,82.22,56.72
100141,2024-07-06,South,Sports,Yoga Mat,4,101.33,0.0,405.33,283.74
100142,2024-04-08,East,Home,Vacuum,4,78.79,0.1,283.64,208.61
100143,2025-02-28,South,Electronics,Headphones,4,347.45,0.05,1320.29,906.16
100144,2024-04-17,West,Home,Coffee Maker,3,88.63,0.0,265.9,171.4
100145,2025-01-02,West,Clothing,Jacket,4,67.11,0.1,241.59,192.4
100146,2024-03-20,North,Electronics,Laptop,4,368.11,0.15,1251.58,798.84
100147,2025-05-10,West,Electronics,Smartphone,4,341.38,0.0,1365.53,887.62
100148,2024-07-12,East,Home,Desk Lamp,3,83.57,0.2,200.57,159.64
100149,2024-01-09,North,Electronics,Monitor,4,379.1,0.0,1516.42,1213.79
100150,2025-03-07,West,Home,Cookware,3,95.93,0.0,287.79,218.26
100151,2025-04-16,East,Clothing,Sneakers,3,54.75,0.0,164.25,109.47
100152,2025-02-24,West,Home,Desk Lamp,3,91.45,0.0,274.35,210.46
100153,2024-07-11,South,Beauty,Skincare Set,4,67.13,0.0,268.54,148.09
100154,2025-05-03,East,Electronics,Monitor,5,338.25,0.0,1691.23,1136.86
100155,2024-11-13,East,Sports,Dumbbells,3,79.67,0.15,203.15,145.07
100156,2024-12-29,East,Electronics,Headphones,3,335.43,0.05,955.97,589.32
100157,2024-11-28,South,Clothing,Jacket,5,69.3,0.1,311.85,175.16
100158,2024-02-06,East,Home,Coffee Maker,3,85.59,0.05,-106.16,163.37
100159,2024-04-11,South,Electronics,Laptop,3,428.36,0.0,1285.07,838.47
100160,2025-06-21,South,Sports,Yoga Mat,1,84.15,0.05,79.94,60.05
100161,2025-04-18,West,Beauty,Perfume,5,58.25,0.2,233.02,183.66
100162,2024-01-29,South,Home,Desk Lamp,4,108.36,0.0,433.46,328.7
100163,2025-04-12,West,Home,Desk Lamp,5,,0.0,614.95,366.63
100164,2024-01-18,North,Clothing,Jeans,3,45.79,0.05,130.49,104.53
100165,2025-06-23,South,Home,Coffee Maker,3,127.1,0.1,343.18,221.24
100166,2025-01-06,South,Electronics,Monitor,1,303.71,0.1,273.34,177.12
100167,2025-01-08,West,Clothing,Sneakers,3,53.77,0.15,137.11,87.08
100168,2024-01-24,North,Electronics,Headphones,5,413.23,0.1,1859.52,1097.0
100169,2024-08-09,North,Electronics,Monitor,1,274.97,0.1,247.48,186.6
100170,2025-05-25,North,Beauty,Hair Dryer,2,63.48,0.1,114.27,68.15
100171,2025-06-13,South,Electronics,Monitor,4,288.43,0.2,922.98,592.01
100172,2024-06-14,North,Home,Coffee Maker,4,92.63,0.1,333.48,218.85
100173,2025-05-05,South,Beauty,Makeup Kit,5,58.01,0.1,261.04,158.19
100174,2025-05-22,South,Clothing,Sneakers,3,70.72,0.05,201.55,160.72
100175,2025-05-24,North,Clothing,Jeans,1,61.32,0.0,61.32,49.96
100176,2024-06-19,East,Electronics,Smartphone,5,305.7,0.0,1528.51,1155.16
100177,2025-05-16,West,Clothing,Jacket,5,51.77,0.0,258.86,170.08
100178,2024-10-10,East,Electronics,Smartphone,5,415.15,0.1,1868.19,1339.78
100179,2025-05-25,North,Clothing,Jeans,4,73.27,0.0,293.08,163.21
100180,2024-09-11,North,Home,Vacuum,5,102.01,0.05,484.55,381.55
100181,2024-03-13,West,Sports,Dumbbells,5,111.99,0.1,503.97,280.91
100182,2025-06-02,West,Sports,Dumbbells,1,82.12,0.2,65.69,40.95
100183,2024-06-26,West,Clothing,T-Shirt,2,44.31,0.0,88.62,58.52
100184,2024-10-03,East,Clothing,Jeans,4,46.98,0.05,178.53,100.44
100185,2024-03-03,West,Home,Desk Lamp,3,78.53,0.0,235.58,193.08
100186,2024-03-25,East,Sports,Running Shoes,5,105.25,0.05,499.92,338.33
100187,2024-01-21,South,Sports,Yoga Mat,1,97.98,0.1,88.18,56.86
100188,2024-12-22,North,Electronics,Monitor,5,393.84,0.2,1575.38,883.83
100189,2025-03-17,West,Sports,Fitness Watch,1,113.48,0.05,107.81,79.9
100190,2025-05-20,East,Home,Desk Lamp,4,71.37,0.05,271.2,187.58
100191,2024-03-08,East,Electronics,Smartphone,4,298.73,0.05,1135.19,868.27
100192,2024-03-06,East,Beauty,Hair Dryer,1,53.82,0.0,53.82,36.5
100193,2025-06-23,East,Beauty,Hair Dryer,3,51.01,0.0,153.04,118.15
100194,2025-06-05,South,Beauty,Hair Dryer,3,45.22,0.0,135.65,109.39
100195,2024-01-12,East,Sports,Dumbbells,3,95.56,0.0,286.67,162.97
100196,2024-03-01,East,Beauty,Hair Dryer,1,56.79,0.0,56.79,40.16
100197,2024-02-13,North,Clothing,Sneakers,5,58.94,0.1,265.22,162.85
100198,2024-12-25,North,Electronics,Monitor,3,448.48,0.0,1345.43,989.59
100199,2024-05-04,East,Home,Cookware,5,111.81,0.0,559.04,344.82
100200,2024-07-29,East,Home,Coffee Maker,1,111.18,0.1,100.06,67.11
100201,2024-09-07,East,Sports,Dumbbells,2,81.13,0.15,137.93,94.46
100202,2024-11-01,South,Sports,Dumbbells,3,109.68,0.0,329.04,269.02
100203,2025-05-10,East,Electronics,Smartphone,2,428.37,0.2,685.4,485.99
100204,2024-09-15,South,Sports,Dumbbells,4,85.2,0.1,306.73,191.4
100205,2024-03-24,East,Sports,Dumbbells,4,106.71,0.05,405.48,291.17
100206,2024-03-01,South,Sports,Dumbbells,4,89.84,0.1,323.42,217.75
100207,2025-04-04,,Electronics,Monitor,4,357.23,0.15,1214.57,802.2
100208,2025-04-18,South,Electronics,Headphones,1,371.78,0.1,334.6,241.69
100209,2024-04-11,North,Clothing,T-Shirt,4,44.79,0.05,170.19,102.36
100210,2024-04-24,North,Clothing,T-Shirt,1,42.14,0.0,42.14,33.0
100211,2024-12-19,North,Electronics,Headphones,3,392.62,0.0,1177.87,897.01
100212,2024-12-29,South,Beauty,Perfume,1,69.73,0.15,59.27,40.01
100213,2024-12-02,South,Home,Desk Lamp,1,93.92,0.2,75.14,44.47
100214,2025-04-30,East,Home,Desk Lamp,1,100.85,0.2,80.68,58.91
100215,2024-02-23,East,Electronics,Monitor,5,354.01,0.1,1593.04,1062.33
100216,2024-12-22,East,Home,Cookware,1,102.0,0.1,91.8,68.38
100217,2024-01-29,West,Home,Vacuum,2,107.61,0.1,193.69,155.58
100218,2025-06-15,East,Clothing,Sneakers,3,71.58,0.05,203.99,148.64
100219,2024-07-10,North,Beauty,Makeup Kit,2,74.56,0.1,134.21,81.82
100220,2024-08-03,South,Electronics,Smartphone,2,404.79,0.05,769.1,510.14
100221,2024-01-27,East,Home,Cookware,1,111.28,0.0,111.28,79.39
100222,2024-11-24,West,Beauty,Hair Dryer,1,62.28,0.05,59.16,35.69
100223,2025-01-02,South,Sports,Yoga Mat,1,74.24,0.0,74.24,52.61
100224,2025-04-09,North,Beauty,Perfume,4,76.56,0.15,-300.64,163.02
100225,2025-02-12,North,Home,Cookware,2,74.11,0.0,148.22,91.6
100226,2024-05-24,East,Home,Vacuum,4,73.72,0.1,265.38,146.56
100227,2024-02-05,East,Beauty,Makeup Kit,1,67.47,0.1,60.72,34.79
100228,2025-06-11,South,Clothing,Jeans,3,43.64,0.0,130.91,74.2
100229,2024-11-21,North,Beauty,Skincare Set,4,54.64,0.1,196.7,153.93
100230,2024-07-23,North,Clothing,Jeans,1,66.47,0.0,66.47,44.81
100231,2024-12-12,East,Electronics,Monitor,3,417.55,0.05,1190.01,744.94
100232,2024-02-29,South,Electronics,Smartphone,5,422.19,0.15,1794.3,1114.32
100233,2024-01-14,South,Clothing,T-Shirt,4,57.86,0.15,196.73,111.97
100234,2024-02-05,East,Beauty,Hair Dryer,2,79.65,0.15,135.4,96.04
100235,2024-08-06,North,Beauty,Perfume,3,72.31,0.0,216.93,176.47
100236,2024-06-30,West,Home,Coffee Maker,3,110.77,0.0,332.3,184.26
100237,2024-12-01,West,Home,Cookware,5,122.24,0.1,550.07,305.54
100238,2024-01-02,West,Sports,Yoga Mat,4,71.01,0.05,269.83,172.52
100239,2024-08-06,North,Home,Cookware,5,122.09,0.2,488.35,291.1
100240,2025-04-22,West,Home,Vacuum,2,107.3,0.15,182.41,116.83
100241,2024-07-02,West,Sports,Running Shoes,3,102.66,0.1,277.18,221.26
100242,2024-03-24,West,Clothing,Jeans,3,60.97,0.05,173.75,138.12
100243,2025-01-02,East,Clothing,Sneakers,5,49.96,0.05,,174.72
100244,2024-03-03,East,Beauty,Hair Dryer,3,67.3,0.05,191.81,155.65
100245,2024-04-10,East,Electronics,Headphones,5,320.89,0.1,1443.99,1018.72
100246,2025-04-27,North,Electronics,Monitor,1,457.26,0.05,,311.04
100247,2024-03-18,West,Beauty,Makeup Kit,3,76.36,0.2,183.27,126.46
100248,2024-07-18,North,Electronics,Monitor,3,312.41,0.2,749.78,472.12
100249,2024-01-18,South,Electronics,Headphones,4,,0.05,1474.35,1026.28
100250,2025-01-15,West,Electronics,Laptop,2,380.95,0.0,761.9,444.27
100251,2024-03-14,North,Clothing,Jeans,1,52.49,0.05,49.86,29.75
100252,2024-03-16,South,Electronics,Headphones,2,379.83,0.05,721.67,410.42
100253,2024-09-19,South,Electronics,Headphones,3,289.21,0.0,867.62,595.63
100254,2024-04-02,West,Clothing,T-Shirt,1,73.72,0.2,58.97,42.65
100255,2024-08-24,West,Sports,Running Shoes,4,105.81,0.0,423.22,292.41
100256,2024-08-06,,Sports,Fitness Watch,2,101.82,0.2,162.92,132.09
100257,2024-05-05,North,Home,Coffee Maker,1,80.68,0.1,72.61,47.08
100258,2024-03-28,North,Clothing,Jeans,3,49.03,0.0,147.08,82.31
100259,2024-05-07,North,Clothing,Sneakers,4,67.73,0.05,257.37,152.81
100260,2024-07-07,South,Beauty,Skincare Set,3,56.59,0.05,161.29,119.77
100261,2024-10-27,East,Clothing,Jeans,1,69.17,0.05,65.71,44.0
100262,2024-12-16,North,Beauty,Makeup Kit,2,69.91,0.2,111.86,86.21
100263,2025-02-08,North,Home,Desk Lamp,2,112.19,0.05,213.16,143.89
100264,2024-09-28,North,Clothing,Jeans,1,46.97,0.15,39.93,31.11
100265,2024-04-21,East,Sports,Running Shoes,2,87.08,0.0,174.17,133.68
100266,2025-05-22,South,Electronics,Monitor,4,333.19,0.1,1199.48,862.03
100267,2025-01-30,West,Beauty,Perfume,4,51.91,0.0,207.65,133.19
100268,2024-06-08,,Electronics,Laptop,1,387.87,0.15,329.69,217.66
100269,2024-05-31,North,Clothing,Jacket,3,42.13,0.0,,82.24
100270,2024-02-11,West,Beauty,Hair Dryer,4,78.04,0.1,280.94,229.65
100271,2024-05-03,East,Electronics,Laptop,3,283.36,0.15,722.58,420.72
100272,2025-01-20,West,Clothing,T-Shirt,3,69.7,0.0,209.1,128.64
100273,2025-01-30,North,Clothing,Jeans,5,54.93,0.05,260.92,143.85
100274,2024-02-11,West,Sports,Dumbbells,2,86.22,0.15,146.58,107.07
100275,2024-11-19,East,Home,Cookware,5,114.49,0.1,515.19,310.32
100276,2025-02-01,East,Beauty,Makeup Kit,5,51.71,0.05,245.61,193.19
100277,2024-02-28,South,Electronics,Smartphone,5,397.0,0.0,1984.98,1208.35
100278,2025-01-09,East,Electronics,Smartphone,5,432.25,0.15,1837.06,1205.76
100279,2024-09-25,South,Home,Cookware,3,77.48,0.05,220.82,158.1
100280,2024-05-28,South,Home,Vacuum,1,96.46,0.05,91.64,54.24
100281,2024-01-05,South,Sports,Running Shoes,5,113.87,0.1,512.41,299.49
100282,2025-01-11,West,Electronics,Smartphone,5,437.45,0.1,1968.52,1203.52
100283,2024-10-25,East,Electronics,Headphones,1,318.55,0.1,286.7,198.75
100284,2024-08-01,West,Sports,Running Shoes,3,93.15,0.0,-125.94,158.16
100285,2024-01-18,West,Clothing,Jacket,3,73.82,0.2,177.16,143.4
100286,2024-04-19,West,Clothing,Jeans,5,47.15,0.05,223.95,153.16
100287,2024-12-18,East,Sports,Fitness Watch,3,84.9,0.0,254.69,183.92
100288,2024-12-10,South,Clothing,Jacket,4,52.23,0.1,188.04,140.2
100289,2024-05-23,East,Beauty,Hair Dryer,2,71.94,0.0,143.88,85.22
100290,2024-07-18,South,Sports,Fitness Watch,3,65.84,0.15,167.88,96.71
100291,2025-06-14,South,Home,Vacuum,5,78.69,0.0,393.45,231.7
100292,2025-06-10,West,Home,Cookware,3,93.98,0.1,253.74,159.31
100293,2024-04-23,South,Clothing,Jeans,2,61.39,0.0,122.77,90.28
100294,2024-06-24,West,Home,Cookware,4,79.09,0.05,300.55,170.93
100295,2024-12-25,West,Sports,Yoga Mat,2,96.27,0.05,182.91,101.01
100296,2025-05-22,West,Beauty,Hair Dryer,1,62.13,0.0,62.13,38.69
100297,2025-05-02,East,Electronics,Laptop,1,459.39,0.1,413.45,317.44
100298,2025-03-16,East,Electronics,Headphones,1,269.88,0.2,215.91,144.71
100299,2025-04-23,North,Beauty,Makeup Kit,5,57.32,0.05,272.27,217.35
100300,2024-03-02,North,Sports,Yoga Mat,5,83.92,0.1,377.62,273.54
100301,2024-05-08,West,Sports,Running Shoes,5,82.0,0.1,369.02,232.34
100302,2025-05-07,East,Home,Coffee Maker,4,81.34,0.2,260.29,167.7
100303,2025-04-12,East,Electronics,Smartphone,3,436.12,0.05,1242.94,991.0
100304,2025-05-24,North,Beauty,Hair Dryer,4,79.57,0.1,286.46,165.15
100305,2024-12-08,West,Electronics,Laptop,2,321.77,0.1,579.19,344.87
100306,2024-08-16,West,Home,Coffee Maker,4,92.38,0.05,351.03,220.87
100307,2024-09-22,East,Beauty,Perfume,2,51.36,0.1,92.44,73.39
100308,2024-06-15,West,Home,Desk Lamp,5,99.86,0.0,499.31,364.96
100309,2024-12-23,North,Beauty,Skincare Set,3,69.26,0.15,176.61,130.07
100310,2024-04-17,East,Electronics,Smartphone,5,441.86,0.05,2098.82,1705.32
100311,2024-12-31,,Electronics,Laptop,3,290.59,0.2,697.42,437.54
100312,2025-02-04,East,Clothing,Sneakers,2,73.68,0.0,147.35,91.73
100313,2025-01-22,North,Beauty,Makeup Kit,4,62.74,0.1,225.88,127.39
100314,2025-05-04,North,Clothing,Jeans,3,41.91,0.1,113.15,84.89
100315,2024-11-16,East,Clothing,Sneakers,3,66.77,0.1,180.27,115.36
100316,2024-11-03,North,Electronics,Monitor,5,441.98,0.0,2209.89,1426.55
100317,2024-11-11,North,Home,Desk Lamp,2,91.37,0.1,164.47,111.08
100318,2024-02-17,West,Beauty,Hair Dryer,3,51.09,0.0,153.28,101.2
100319,2024-11-02,West,Electronics,Monitor,3,439.31,0.1,1186.13,696.77
100320,2024-08-26,West,Electronics,Smartphone,5,363.59,0.1,1636.15,973.28
100321,2024-02-10,South,Clothing,Jeans,4,51.41,0.0,205.64,162.77
100322,2025-03-03,West,Clothing,T-Shirt,3,53.98,0.05,153.85,95.96
100323,2024-04-07,West,Home,Cookware,3,107.66,0.2,258.37,181.06
100324,2024-04-14,North,Sports,Running Shoes,1,78.67,0.15,66.87,52.96
100325,2025-01-06,East,Beauty,Skincare Set,2,49.94,0.1,89.9,51.59
100326,2024-07-09,North,Sports,Dumbbells,4,68.32,0.2,218.63,152.5
100327,2024-03-18,West,Home,Cookware,2,123.55,0.0,247.09,137.07
100328,2024-03-12,East,Beauty,Skincare Set,3,74.71,0.05,212.93,118.2
100329,2024-05-11,East,Clothing,Jacket,3,56.16,0.0,168.47,116.4
100330,2025-02-27,East,Clothing,Sneakers,4,51.3,0.0,205.2,122.72
100331,2024-10-15,South,Home,Cookware,5,116.62,0.1,524.79,363.99
100332,2024-04-24,South,Clothing,Jeans,4,66.51,0.05,252.74,196.88
100333,2024-09-27,North,Home,Coffee Maker,3,106.89,0.15,,209.27
100334,2024-09-18,South,Sports,Running Shoes,1,96.21,0.05,91.4,70.91
100335,2024-09-12,East,Sports,Dumbbells,3,67.65,0.1,182.67,148.43
100336,2024-05-12,East,Home,Cookware,2,91.96,0.2,147.13,108.41
100337,2024-07-14,West,Clothing,Jeans,2,53.5,0.15,,72.68
100338,2024-09-01,North,Beauty,Makeup Kit,4,51.88,0.1,186.77,139.1
100339,2024-03-17,West,Clothing,T-Shirt,4,45.51,0.15,154.72,118.46
100340,2024-01-20,South,Clothing,T-Shirt,2,43.77,0.15,74.41,43.84
100341,2025-05-17,West,Clothing,Jacket,3,55.56,0.1,150.0,104.82
100342,2025-04-27,East,Clothing,Jeans,2,51.35,0.1,92.44,64.47
100343,2024-01-02,East,Electronics,Smartphone,4,381.97,0.0,1527.87,996.67
100344,2024-10-26,North,Sports,Dumbbells,5,102.51,0.0,512.55,365.92
100345,2024-04-09,South,Sports,Dumbbells,5,70.4,0.15,299.19,175.74
100346,2024-11-06,North,Beauty,Makeup Kit,1,76.33,0.15,64.88,39.16
100347,2024-08-04,East,Beauty,Perfume,4,50.51,0.0,202.06,123.07
100348,2025-05-03,East,Electronics,Laptop,4,297.65,0.05,1131.07,877.75
100349,2024-12-01,West,Electronics,Smartphone,1,419.13,0.0,419.13,285.72
100350,2024-10-11,North,,Sneakers,4,46.73,0.05,177.57,125.5
100351,2025-01-02,North,Electronics,Smartphone,2,270.0,0.05,513.0,313.03
100352,2025-01-06,South,Sports,Fitness Watch,5,73.03,0.05,346.89,222.25
100353,2025-02-27,North,Electronics,Laptop,2,393.93,0.0,787.86,565.82
100354,2024-02-03,North,Home,Coffee Maker,2,91.43,0.0,-287.42,147.55
100355,2025-03-30,West,Electronics,Laptop,5,283.18,0.0,1415.89,924.43
100356,2024-11-13,East,Sports,Dumbbells,4,71.44,0.05,271.46,191.71
100357,2025-06-21,West,Home,Vacuum,2,95.01,0.1,171.01,132.17
100358,2024-06-16,South,Beauty,Makeup Kit,5,55.34,0.0,276.69,203.97
100359,2025-02-25,West,Home,Cookware,2,88.04,0.0,176.08,118.27
100360,2024-11-14,North,Beauty,Skincare Set,1,69.28,0.1,62.36,41.91
100361,2025-02-04,South,Sports,Dumbbells,5,97.99,0.1,440.96,267.93
100362,2024-01-28,West,Electronics,Smartphone,3,325.24,0.0,975.72,735.62
100363,2024-07-23,North,Sports,Fitness Watch,5,102.02,0.0,510.11,296.13
100364,2024-10-14,North,Clothing,Sneakers,3,45.2,0.0,135.6,94.03
100365,2025-06-18,East,Clothing,T-Shirt,5,49.43,0.05,234.81,175.53
100366,2024-04-15,West,Home,Desk Lamp,2,83.6,0.1,150.48,84.07
100367,2025-01-25,South,Clothing,T-Shirt,3,63.94,0.1,172.64,113.51
100368,2025-03-21,South,Electronics,Smartphone,1,281.1,0.05,267.04,155.75
100369,2024-10-29,East,Clothing,T-Shirt,4,49.97,0.0,199.88,150.31
100370,2025-03-04,East,Electronics,Headphones,2,350.34,0.0,700.68,442.69
100371,2024-02-02,East,Home,Vacuum,3,111.58,0.05,317.99,225.0
100372,2024-06-28,West,Electronics,Smartphone,1,441.02,0.05,418.97,299.82
100373,2025-04-22,North,Clothing,Jeans,4,42.46,0.05,161.35,106.43
100374,2025-04-29,South,Beauty,Skincare Set,5,71.3,0.1,320.86,239.44
100375,2024-05-20,East,Clothing,T-Shirt,3,48.31,0.2,115.94,69.42
100376,2024-04-15,East,Electronics,Laptop,2,356.93,0.1,642.48,486.7
100377,2025-04-20,North,Clothing,Sneakers,3,58.13,0.1,156.95,125.67
100378,2024-07-06,North,Home,Coffee Maker,3,84.09,0.0,252.27,145.19
100379,2025-04-24,North,Electronics,Monitor,1,450.79,0.05,428.25,324.51
100380,2025-06-13,West,Sports,Yoga Mat,4,72.15,0.1,259.75,194.8
100381,2025-04-11,North,Electronics,Headphones,4,400.45,0.05,1521.69,967.82
100382,2025-01-17,North,Beauty,Perfume,1,65.48,0.05,62.21,40.4
100383,2024-01-08,South,Beauty,Hair Dryer,2,77.96,0.05,148.12,114.53
100384,2024-12-21,West,Electronics,Laptop,1,344.69,0.2,275.75,202.28
100385,2024-10-29,South,Home,Desk Lamp,1,89.68,0.0,89.68,51.24
100386,2025-01-10,South,Home,Vacuum,3,102.5,0.1,276.75,172.61
100387,2024-01-15,East,Home,Cookware,3,76.25,0.0,228.74,149.42
100388,2025-03-22,West,Clothing,Jacket,3,59.05,0.05,168.28,96.59
100389,2024-11-22,North,Beauty,Perfume,4,45.08,0.0,180.34,123.25
100390,2024-09-12,East,Electronics,Headphones,1,,0.2,331.84,197.03
100391,2025-05-23,West,Sports,Yoga Mat,3,73.36,0.15,187.07,150.68
100392,2024-11-08,East,Home,Desk Lamp,3,119.63,0.1,323.0,245.33
100393,2025-01-29,South,Beauty,Hair Dryer,4,46.31,0.1,166.72,131.02
100394,2024-04-19,East,Home,Cookware,1,81.52,0.0,81.52,62.73
100395,2024-01-31,West,Sports,Yoga Mat,5,110.32,0.05,524.02,332.44
100396,2024-09-20,North,Sports,Running Shoes,1,65.97,0.1,59.37,44.09
100397,2024-02-20,,Home,Vacuum,5,107.33,0.15,456.14,365.04
100398,2024-07-01,East,,Sneakers,2,73.5,0.0,-345.37,81.83
100399,2024-11-15,East,Sports,Fitness Watch,4,98.77,0.05,375.31,295.26
100400,2024-05-15,North,Sports,Fitness Watch,5,89.8,0.0,448.99,307.34
100401,2024-05-27,West,Electronics,Headphones,2,290.96,0.1,523.72,346.34
100402,2024-02-27,North,Home,Coffee Maker,3,82.02,0.1,221.46,129.04
100403,2024-12-05,West,Home,Desk Lamp,1,85.01,0.05,80.76,48.8
100404,2025-06-07,South,Electronics,Headphones,4,468.57,0.1,1686.87,1068.43
100405,2024-10-29,North,Electronics,Headphones,3,457.64,0.15,1166.97,782.52
100406,2024-11-10,South,Sports,Dumbbells,4,97.58,0.05,370.81,250.46
100407,2024-02-12,West,Home,Desk Lamp,2,87.83,0.0,175.65,111.21
100408,2025-02-25,West,Sports,Dumbbells,5,114.41,0.0,572.05,385.29
100409,2024-08-12,West,Electronics,Headphones,5,322.59,0.2,1290.36,988.12
100410,2024-08-19,North,Sports,Yoga Mat,2,81.12,0.05,154.12,107.27
100411,2024-09-19,North,Electronics,Laptop,5,300.08,0.1,1350.37,1061.98
100412,2024-05-28,North,Clothing,Jeans,2,44.79,0.0,89.59,63.89
100413,2024-12-10,West,Clothing,Jeans,1,57.23,0.2,45.78,28.84
100414,2025-01-29,West,Sports,Fitness Watch,5,109.76,0.05,521.34,290.36
100415,2025-01-02,East,Home,Vacuum,3,107.47,0.1,290.18,173.65
100416,2025-03-28,South,Electronics,Headphones,4,348.32,0.05,1323.63,1050.82
100417,2024-03-29,West,Sports,Fitness Watch,4,68.94,0.1,248.19,191.28
100418,2024-07-10,North,Beauty,Hair Dryer,4,62.79,0.05,238.6,136.74
100419,2024-10-29,East,Electronics,Monitor,4,317.38,0.15,1079.08,662.79
100420,2024-11-07,North,Beauty,Perfume,3,70.44,0.0,,158.67
100421,2025-01-02,East,Electronics,Headphones,1,288.36,0.05,273.95,209.2
100422,2025-02-15,West,Beauty,Perfume,4,69.25,0.15,235.46,131.22
100423,2024-10-04,North,Sports,Dumbbells,4,89.23,0.0,356.92,280.78
100424,2024-04-28,North,Clothing,Sneakers,4,68.87,0.05,261.7,183.12
100425,2024-09-20,South,Home,Cookware,5,99.33,0.1,446.96,259.37
100426,2024-02-18,South,Electronics,Smartphone,4,338.4,0.15,1150.55,750.16
100427,2025-04-17,West,Home,Coffee Maker,4,94.25,0.2,301.59,243.71
100428,2024-09-27,West,Electronics,Headphones,5,358.49,0.05,1702.85,1028.14
100429,2024-03-21,West,Clothing,Jeans,1,58.67,0.0,58.67,48.01
100430,2024-02-18,West,Clothing,T-Shirt,5,62.62,0.1,281.78,214.57
100431,2024-08-17,South,Sports,Dumbbells,2,92.48,0.05,175.71,108.01
100432,2024-08-23,West,Electronics,Laptop,2,381.75,0.1,687.14,427.91
100433,2024-07-29,North,Electronics,Laptop,2,427.91,0.05,813.04,556.08
100434,2024-02-22,North,Clothing,Jacket,5,49.29,0.0,246.46,185.37
100435,2024-06-28,North,Electronics,Laptop,3,449.07,0.0,1347.22,971.23
100436,2025-01-16,North,Electronics,Laptop,2,380.26,0.1,684.47,431.94
100437,2025-03-06,West,Clothing,Jeans,5,54.0,0.2,215.98,119.95
100438,2025-02-19,West,Home,Cookware,1,103.12,0.2,82.49,64.13
100439,2025-05-16,South,Home,Coffee Maker,1,96.36,0.15,81.91,58.38
100440,2024-06-25,West,Home,Cookware,4,88.19,0.1,317.49,232.74
100441,2024-12-31,West,Sports,Yoga Mat,4,81.32,0.2,260.23,188.51
100442,2025-05-25,South,Beauty,Makeup Kit,5,47.76,0.15,202.96,141.42
100443,2025-04-08,South,Clothing,T-Shirt,3,68.26,0.1,184.31,131.67
100444,2024-11-29,North,Beauty,Perfume,4,57.55,0.05,218.68,151.4
100445,2024-07-16,South,Home,Cookware,3,107.52,0.0,322.55,194.22
100446,2024-12-18,North,Electronics,Headphones,4,395.51,0.05,1502.92,903.61
100447,2024-07-05,West,Sports,Running Shoes,3,79.8,0.1,215.46,141.54
100448,2024-02-15,East,Electronics,Smartphone,3,428.99,0.0,1286.97,902.64
100449,2025-04-08,West,Sports,Dumbbells,3,72.99,0.0,218.98,173.38
100450,2024-02-12,South,Sports,Running Shoes,3,94.18,0.15,240.16,178.34
100451,2024-10-25,,Clothing,Sneakers,2,48.82,0.15,82.99,50.08
100452,2024-06-03,West,Electronics,Headphones,1,422.42,0.1,380.18,265.19
100453,2024-05-21,South,Electronics,Smartphone,2,273.48,0.1,492.26,348.38
100454,2024-12-13,South,Sports,Yoga Mat,5,71.02,0.1,319.61,218.34
100455,2025-01-07,South,Home,Vacuum,1,111.77,0.0,111.77,75.9
100456,2024-03-14,East,Electronics,Smartphone,5,424.18,0.2,1696.74,1042.02
100457,2025-04-07,East,Clothing,T-Shirt,2,44.55,0.15,75.74,51.91
100458,2024-10-17,South,Sports,Fitness Watch,5,109.58,0.05,520.52,291.38
100459,2025-01-13,West,Electronics,Smartphone,2,344.61,0.0,689.23,492.65
100460,2024-10-13,South,Electronics,Monitor,2,369.68,0.2,591.5,452.36
100461,2024-11-11,South,Clothing,Jeans,1,56.01,0.2,44.81,33.07
100462,2024-07-01,South,Beauty,Makeup Kit,3,59.33,0.0,,128.95
100463,2025-03-01,South,Clothing,Jacket,4,72.58,0.0,290.3,173.25
100464,2024-08-14,East,Beauty,Makeup Kit,1,65.56,0.0,65.56,36.33
100465,2024-04-08,South,Electronics,Laptop,2,441.65,0.0,883.29,587.78
100466,2024-12-06,West,Electronics,Monitor,1,340.71,0.1,306.64,207.59
100467,2025-02-04,East,Home,Cookware,5,78.69,0.1,354.12,216.34
100468,2025-02-20,West,Sports,Yoga Mat,3,74.82,0.0,224.45,168.55
100469,2025-04-09,South,Electronics,Headphones,2,409.87,0.1,737.77,582.57
100470,2025-01-27,South,Home,Desk Lamp,3,111.34,0.2,267.21,171.26
100471,2024-12-19,North,Home,Vacuum,2,93.35,0.1,168.02,117.62
100472,2024-02-04,East,Sports,Fitness Watch,1,94.89,0.15,80.66,51.43
100473,2024-11-18,East,Electronics,Smartphone,1,341.96,0.1,307.77,210.26
100474,2025-04-04,West,Clothing,Sneakers,4,51.76,0.05,196.69,147.85
100475,2024-05-02,South,Home,Cookware,3,90.78,0.0,272.33,219.54
100476,2024-06-24,North,Clothing,Jeans,3,64.52,0.0,193.55,153.46
100477,2024-04-02,North,Clothing,Jeans,1,62.87,0.05,,48.71
100478,2024-05-20,East,Clothing,Sneakers,4,44.1,0.0,176.41,105.64
100479,2024-05-24,West,Home,Cookware,5,123.55,0.0,617.77,355.9
100480,2025-04-27,West,Clothing,Jeans,3,58.16,0.05,165.76,122.99
100481,2025-05-10,North,Electronics,Monitor,1,,0.05,284.94,166.35
100482,2024-01-03,East,Home,Vacuum,1,109.09,0.05,103.63,59.89
100483,2024-05-31,West,Electronics,Headphones,3,288.63,0.1,779.3,611.94
100484,2025-03-14,East,Beauty,Makeup Kit,3,49.01,0.0,147.03,98.31
100485,2025-01-13,North,Electronics,Laptop,2,432.57,0.05,821.89,582.4
100486,2024-05-04,East,Clothing,Sneakers,3,41.36,0.15,105.47,58.43
100487,2024-12-01,East,Electronics,Smartphone,3,401.15,0.2,962.75,715.6
100488,2025-01-22,South,Beauty,Makeup Kit,3,53.03,0.1,143.19,114.62
100489,2024-05-02,North,Clothing,Jeans,3,48.52,0.0,145.57,98.29
100490,2025-01-17,North,Electronics,Smartphone,1,387.27,0.1,348.55,204.36
100491,2024-11-27,East,Beauty,Skincare Set,2,66.77,0.0,133.54,89.96
100492,2024-01-06,East,Beauty,Skincare Set,1,73.25,0.1,65.93,41.08
100493,2025-03-29,East,Sports,Yoga Mat,1,107.22,0.05,101.86,65.42
100494,2025-03-02,East,Sports,Yoga Mat,2,112.22,0.05,213.22,142.37
100495,2024-09-22,West,Clothing,Sneakers,1,48.6,0.05,46.17,36.23
100496,2024-12-26,West,Clothing,Sneakers,1,69.01,0.05,65.56,50.13
100497,2024-01-20,North,Beauty,Makeup Kit,1,56.48,0.15,48.01,34.52
100498,2025-01-29,North,Home,Coffee Maker,5,104.01,0.05,494.05,336.84
100499,2024-12-31,South,Electronics,Monitor,1,422.5,0.15,359.13,224.62
100500,2024-11-04,West,Electronics,Laptop,5,383.26,0.0,1916.29,1419.53
100501,2024-04-08,West,Clothing,T-Shirt,3,59.07,0.1,159.48,128.85
100502,2024-12-07,North,Home,Desk Lamp,5,84.76,0.05,402.62,234.3
100503,2024-05-05,West,Clothing,T-Shirt,1,54.87,0.0,54.87,31.79
100504,2025-06-09,North,Home,Coffee Maker,4,108.95,0.05,414.0,233.24
100505,2024-01-01,West,Electronics,Smartphone,3,288.85,0.05,823.23,597.71
100506,2025-04-29,East,Home,Coffee Maker,5,84.63,0.05,401.98,296.43
100507,2024-07-27,North,Home,Cookware,5,85.34,0.1,384.04,222.31
100508,2025-01-31,East,Electronics,Laptop,1,386.69,0.0,386.69,313.05
100509,2024-05-22,North,Home,Coffee Maker,1,87.27,0.0,87.27,68.83
100510,2025-02-07,South,Clothing,Sneakers,2,52.33,0.0,104.66,62.56
100511,2024-12-27,North,Home,Coffee Maker,3,114.19,0.2,274.06,208.99
100512,2024-10-17,North,Beauty,Hair Dryer,3,52.65,0.05,150.05,89.02
100513,2025-04-06,South,Clothing,Jacket,4,66.59,0.05,253.03,157.57
100514,2025-05-30,South,Electronics,Headphones,3,441.92,0.0,1325.77,1060.05
100515,2024-06-15,West,Beauty,Hair Dryer,3,75.0,0.0,225.01,130.58
100516,2025-05-14,West,Clothing,Jacket,1,49.59,0.15,42.15,29.43
100517,2024-01-09,South,Beauty,Perfume,3,51.9,0.0,155.69,104.05
100518,2024-07-02,North,Beauty,Perfume,5,48.96,0.0,244.82,193.97
100519,2024-02-06,South,Beauty,Perfume,2,62.53,0.05,118.81,95.53
100520,2025-01-16,North,Electronics,Monitor,4,367.0,0.0,1468.0,920.92
100521,2024-01-26,North,Sports,Yoga Mat,1,65.67,0.0,65.67,50.14
100522,2024-03-14,South,Clothing,Jeans,2,58.19,0.1,104.75,61.51
100523,2024-12-06,South,Clothing,Sneakers,3,65.59,0.0,196.77,159.63
100524,2025-05-23,North,Beauty,Perfume,2,71.15,0.0,142.31,85.0
100525,2024-02-22,East,Home,Coffee Maker,4,97.14,0.0,388.57,248.56
100526,2024-07-23,East,Sports,Yoga Mat,2,73.78,0.05,140.19,90.44
100527,2024-09-22,North,Clothing,T-Shirt,4,62.09,0.05,235.95,154.76
100528,2024-09-16,East,Clothing,Sneakers,1,46.71,0.05,44.37,26.37
100529,2024-03-31,East,Home,Vacuum,5,103.73,0.1,466.76,259.21
100530,2024-02-23,East,Clothing,Jacket,1,62.22,0.0,62.22,35.18
100531,2024-11-17,North,Sports,Fitness Watch,4,80.54,0.2,257.71,193.11
100532,2024-07-28,,Clothing,Jeans,3,64.0,0.0,192.0,118.75
100533,2024-02-07,North,Electronics,Laptop,5,349.93,0.05,1662.15,1105.72
100534,2024-12-11,East,Clothing,Sneakers,1,72.83,0.1,65.55,37.08
100535,2024-10-03,North,Sports,Dumbbells,2,114.31,0.0,228.62,153.49
100536,2024-09-09,East,Electronics,Smartphone,4,291.33,0.15,990.51,754.87
100537,2024-03-21,South,Beauty,Makeup Kit,4,67.15,0.2,214.87,147.7
100538,2024-05-03,North,Electronics,Smartphone,1,400.41,0.0,400.41,277.17
100539,2024-05-07,North,Sports,Running Shoes,1,86.44,0.0,86.44,57.57
100540,2024-01-25,East,Beauty,Perfume,2,79.35,0.15,134.9,84.76
100541,2024-07-24,East,,Skincare Set,4,48.82,0.15,165.98,124.05
100542,2024-03-10,West,Clothing,Sneakers,2,66.01,0.05,125.42,97.23
100543,2024-01-07,West,Sports,Fitness Watch,2,94.39,0.1,169.91,106.49
100544,2025-06-02,North,Electronics,Monitor,1,433.31,0.0,433.31,346.17
100545,2025-01-04,South,Sports,Fitness Watch,2,98.82,0.0,197.63,130.23
100546,2024-03-25,North,Beauty,Perfume,2,72.44,0.15,123.15,98.38
100547,2024-11-13,West,Electronics,Smartphone,1,308.54,0.05,293.11,229.33
100548,2024-12-17,North,Home,Cookware,3,94.65,0.1,255.55,164.62
100549,2024-07-17,West,Beauty,Perfume,3,69.16,0.05,197.1,114.04
100550,2024-07-02,North,Clothing,Sneakers,4,49.97,0.1,179.88,112.28
100551,2024-10-19,West,Clothing,Jacket,3,46.92,0.0,140.75,113.87
100552,2024-12-08,North,Electronics,Laptop,4,333.2,0.0,1332.8,807.47
100553,2025-04-20,West,Beauty,Perfume,5,61.14,0.05,290.4,180.83
100554,2024-01-30,South,Clothing,Sneakers,4,49.66,0.2,158.92,97.31
100555,2024-11-20,South,Sports,Fitness Watch,5,84.9,0.1,382.04,215.97
100556,2024-12-08,South,Clothing,Sneakers,4,71.02,0.0,284.08,214.85
100557,2024-04-12,South,Beauty,Makeup Kit,4,77.3,0.1,278.29,167.43
100558,2024-05-17,North,Electronics,Laptop,5,303.3,0.1,1364.84,949.66
100559,2025-05-21,South,Beauty,Perfume,4,80.4,0.1,289.43,226.97
100560,2024-04-11,West,Beauty,Skincare Set,4,53.9,0.0,215.59,121.03
100561,2024-12-24,West,Clothing,Jeans,4,59.45,0.15,202.12,124.49
100562,2025-03-26,South,,Coffee Maker,1,118.55,0.1,106.69,75.7
100563,2024-10-18,West,Electronics,Laptop,5,412.32,0.05,1958.54,1146.27
100564,2025-02-03,East,Sports,Dumbbells,4,90.47,0.0,361.87,247.68
100565,2025-04-25,South,Home,Cookware,3,124.84,0.05,355.8,241.7
100566,2025-02-25,South,Beauty,Skincare Set,5,79.26,0.0,396.29,252.92
100567,2024-01-10,South,Clothing,Sneakers,4,44.04,0.1,158.56,91.01
100568,2025-03-26,South,Sports,Running Shoes,2,80.3,0.1,144.53,98.23
100569,2024-10-18,East,Sports,Running Shoes,5,69.27,0.05,329.05,268.31
100570,2024-03-04,North,Clothing,Jeans,3,68.31,0.0,204.93,130.59
100571,2025-06-15,South,Sports,Running Shoes,1,69.05,0.0,69.05,50.24
100572,2024-09-03,South,Clothing,Jacket,2,69.64,0.15,118.38,89.12
100573,2024-09-20,East,Sports,Fitness Watch,2,95.63,0.0,191.25,117.86
100574,2025-01-28,South,Beauty,Skincare Set,4,49.19,0.0,196.74,125.46
100575,2024-04-24,South,Home,Cookware,2,84.43,0.05,160.41,93.84
100576,2024-04-14,South,Electronics,Monitor,2,317.2,0.1,570.96,451.87
100577,2024-11-24,South,Beauty,Perfume,4,70.62,0.1,254.22,182.93
100578,2024-02-21,East,,Laptop,2,300.1,0.05,570.19,367.35
100579,2024-12-29,West,Electronics,Monitor,3,262.59,0.1,709.0,480.84
100580,2025-01-29,North,Sports,Dumbbells,1,104.32,0.1,93.89,55.2
100581,2024-04-07,North,Sports,Running Shoes,4,65.2,0.1,234.72,160.65
100582,2024-03-30,East,Electronics,Headphones,1,454.64,0.1,409.18,270.01
100583,2025-06-29,North,Electronics,Headphones,5,361.02,0.0,1805.12,1431.37
100584,2024-03-06,North,Sports,Running Shoes,3,89.92,0.05,256.28,155.29
100585,2024-02-26,North,Home,Cookware,4,82.7,0.1,297.71,229.7
100586,2025-06-03,South,Beauty,Hair Dryer,1,66.49,0.0,66.49,43.39
100587,2025-03-02,East,Electronics,Headphones,3,311.26,0.15,793.71,491.48
100588,2024-05-19,South,Clothing,Jacket,4,50.0,0.15,170.0,105.15
100589,2024-09-01,West,Home,Coffee Maker,4,90.22,0.0,360.87,238.93
100590,2024-08-13,South,Home,Desk Lamp,5,119.81,0.15,509.2,328.82
100591,2024-08-05,South,Beauty,Skincare Set,1,79.77,0.05,75.78,54.93
100592,2025-05-10,North,Beauty,Hair Dryer,1,56.3,0.1,50.67,31.91
100593,2024-12-11,North,Clothing,Jacket,5,67.11,0.05,318.78,185.01
100594,2025-04-05,East,Electronics,Headphones,1,434.12,0.0,434.12,320.59
100595,2024-02-10,North,,Laptop,4,406.17,0.0,1624.69,1001.25
100596,2024-02-26,North,Electronics,Laptop,1,318.39,0.15,270.63,177.99
100597,2024-12-26,North,Sports,Dumbbells,2,94.11,0.2,150.58,120.77
100598,2024-02-03,East,Home,Coffee Maker,4,106.75,0.1,384.29,296.4
100599,2024-03-31,South,Clothing,Jeans,4,67.66,0.05,257.11,168.41
100600,2024-10-31,South,Electronics,Headphones,3,,0.05,1026.93,569.84
100601,2025-04-20,South,Beauty,Makeup Kit,4,48.14,0.1,173.32,102.29
100602,2025-03-05,North,Sports,Yoga Mat,2,89.3,0.1,160.73,110.26
100603,2024-01-07,South,Beauty,Skincare Set,4,68.47,0.0,273.9,189.35
100604,2024-06-15,North,Home,Vacuum,2,122.27,0.05,232.32,176.0
100605,2024-01-01,South,Clothing,Jacket,2,62.94,0.0,125.88,93.91
100606,2024-11-23,South,Beauty,Perfume,2,49.71,0.0,99.42,69.56
100607,2024-04-20,West,Clothing,T-Shirt,5,,0.1,207.76,151.44
100608,2024-10-29,East,Electronics,Laptop,2,348.72,0.1,627.7,494.55
100609,2025-02-08,East,Beauty,Makeup Kit,4,50.67,0.1,182.41,114.87
100610,2024-01-12,South,Sports,Dumbbells,1,100.46,0.05,95.44,70.74
100611,2024-12-22,West,Clothing,Jeans,3,48.45,0.0,145.36,90.96
100612,2025-05-07,South,Electronics,Laptop,1,456.61,0.1,410.95,324.97
100613,2024-08-30,South,Clothing,T-Shirt,1,68.26,0.05,64.85,36.49
100614,2025-04-17,West,Sports,Fitness Watch,4,,0.0,288.93,209.68
100615,2024-05-10,North,Clothing,Jeans,4,44.29,0.15,150.59,99.68
100616,2024-01-27,North,Sports,Running Shoes,1,76.81,0.05,72.97,56.25
100617,2024-11-06,South,Beauty,Skincare Set,3,49.0,0.05,139.66,111.9
100618,2025-01-24,West,Clothing,Jacket,4,55.44,0.15,188.5,115.23
100619,2024-09-01,West,Home,Cookware,1,105.51,0.15,89.68,69.85
100620,2025-06-07,North,Electronics,Monitor,4,310.04,0.1,1116.13,690.64
100621,2024-08-12,North,Sports,Fitness Watch,1,91.61,0.0,91.61,62.68
100622,2024-06-23,East,Clothing,T-Shirt,1,47.91,0.2,38.33,22.96
100623,2024-12-27,South,Clothing,T-Shirt,1,59.87,0.1,53.89,41.24
100624,2024-09-24,East,Beauty,Hair Dryer,3,60.94,0.2,146.25,119.51
100625,2025-02-17,East,,Yoga Mat,1,101.94,0.05,96.84,78.19
100626,2025-03-19,South,Sports,Dumbbells,4,97.4,0.1,350.65,254.35
100627,2024-12-05,East,Home,Cookware,2,121.23,0.05,230.34,146.13
100628,2025-03-18,East,Sports,Fitness Watch,1,86.08,0.05,81.78,47.72
100629,2025-01-13,East,Clothing,T-Shirt,2,47.04,0.05,89.37,51.87
100630,2024-06-10,East,Home,Vacuum,5,102.81,0.15,436.94,309.74
100631,2025-03-27,North,Home,Cookware,5,90.74,0.15,385.63,232.42
100632,2025-01-29,West,Beauty,Skincare Set,3,68.51,0.0,205.52,165.95
100633,2024-03-02,East,Clothing,Jacket,4,54.93,0.0,219.73,175.44
100634,2024-11-16,South,Sports,Dumbbells,4,69.73,0.15,237.07,164.65
100635,2024-07-04,East,Clothing,Sneakers,4,56.12,0.05,213.24,168.53
100636,2024-09-19,East,Clothing,T-Shirt,3,56.82,0.05,161.92,115.47
100637,2025-06-02,North,Sports,Yoga Mat,3,74.39,0.0,223.18,173.91
100638,2024-11-29,East,Sports,Dumbbells,3,82.15,0.15,209.47,119.27
100639,2024-03-15,North,Electronics,Headphones,5,386.28,0.0,1931.4,1098.07
100640,2024-11-30,North,Home,Coffee Maker,1,82.24,0.15,69.91,51.87
100641,2024-12-31,South,Clothing,Sneakers,5,43.23,0.05,205.36,113.35
100642,2024-03-12,North,Home,Vacuum,5,80.35,0.15,341.47,258.85
100643,2025-04-07,West,Electronics,Headphones,1,301.79,0.1,271.61,154.99
100644,2024-06-13,North,Electronics,Headphones,1,270.93,0.0,270.93,213.74
100645,2024-01-26,North,Electronics,Headphones,4,402.57,0.05,1529.77,1168.58
100646,2024-01-08,East,Beauty,Hair Dryer,5,74.79,0.0,373.93,249.95
100647,2024-04-10,North,Clothing,Jeans,3,60.01,0.05,171.03,134.94
100648,2024-05-06,West,Home,Desk Lamp,1,98.4,0.05,93.48,52.65
100649,2024-02-23,East,Clothing,T-Shirt,2,59.13,0.0,118.26,87.96
100650,2025-03-20,South,Electronics,Headphones,5,290.72,0.1,1308.23,734.14
100651,2024-02-02,West,Clothing,Jacket,5,42.28,0.1,190.28,127.12
100652,2024-06-26,East,Clothing,Sneakers,2,57.46,0.1,103.44,83.59
100653,2024-02-26,South,Beauty,Makeup Kit,5,67.36,0.15,286.29,233.34
100654,2024-06-11,North,Beauty,Perfume,3,46.43,0.15,118.39,93.68
100655,2025-01-18,North,Clothing,Jacket,5,68.82,0.1,309.68,223.52
100656,2024-04-26,East,Electronics,Headphones,4,343.3,0.15,1167.23,918.22
100657,2024-06-18,West,Clothing,T-Shirt,1,48.6,0.05,46.17,35.45
100658,2025-05-24,West,Clothing,T-Shirt,5,56.12,0.0,280.62,170.22
100659,2024-10-04,North,Clothing,Jeans,-1,56.89,0.1,153.6,118.99
100660,2025-04-19,East,Clothing,T-Shirt,2,42.59,0.2,68.14,47.34
100661,2024-01-07,East,Beauty,Perfume,2,49.73,0.2,79.58,62.98
100662,2024-12-28,West,Sports,Running Shoes,3,87.92,0.0,263.75,210.24
100663,2025-06-02,East,Beauty,Makeup Kit,1,55.81,0.1,50.23,36.0
100664,2024-02-16,North,Home,Cookware,3,105.01,0.05,299.29,193.29
100665,2025-01-26,North,Clothing,T-Shirt,5,62.8,0.05,298.3,164.3
100666,2024-08-14,South,Electronics,Headphones,1,388.16,0.1,349.34,206.02
100667,2024-03-29,West,Home,Desk Lamp,5,80.72,0.05,383.41,314.39
100668,2024-10-27,West,Clothing,Jacket,2,59.28,0.1,106.71,59.83
100669,2025-02-21,North,Clothing,Jacket,3,43.21,0.0,129.62,87.43
100670,2025-05-16,South,Home,Desk Lamp,4,106.2,0.0,424.81,314.76
100671,2024-01-25,West,Clothing,Jeans,5,44.82,0.1,201.7,143.62
100672,2024-03-15,,Clothing,Jeans,3,48.34,0.1,130.51,92.38
100673,2025-05-09,East,Sports,Running Shoes,1,110.34,0.1,99.3,74.7
100674,2024-10-17,North,Beauty,Perfume,4,59.6,0.1,214.55,157.82
100675,2024-09-15,South,Home,Desk Lamp,3,115.52,0.2,277.24,217.4
100676,2024-08-07,East,Electronics,Monitor,1,314.2,0.2,251.36,157.77
100677,2024-04-11,South,Home,Desk Lamp,2,85.37,0.15,145.13,87.64
100678,2024-12-03,East,Home,Desk Lamp,2,84.94,0.1,152.89,97.76
100679,2024-02-26,East,Electronics,Monitor,5,394.2,0.0,1970.98,1334.55
100680,2025-04-13,South,Electronics,Smartphone,3,384.95,0.15,981.62,643.6
100681,2025-06-14,North,Home,Desk Lamp,1,124.04,0.15,105.43,75.82
100682,2025-04-27,East,Beauty,Makeup Kit,2,71.79,0.0,143.59,99.94
100683,2025-01-24,North,Sports,Yoga Mat,5,64.98,0.15,276.16,196.18
100684,2025-01-18,North,Beauty,Perfume,4,55.68,0.05,211.58,146.16
100685,2024-11-17,North,Beauty,Hair Dryer,3,80.1,0.15,204.24,127.27
100686,2025-04-23,North,Clothing,Jeans,4,70.52,0.05,267.96,167.65
100687,2025-03-11,North,Clothing,Sneakers,2,64.81,0.1,116.65,90.26
100688,2024-05-05,East,Home,Coffee Maker,1,119.15,0.0,119.15,96.44
100689,2024-05-09,East,Sports,Yoga Mat,3,76.39,0.05,217.72,164.74
100690,2024-01-24,North,Clothing,Jeans,3,66.62,0.0,199.87,115.29
100691,2025-03-13,South,Electronics,Smartphone,2,371.5,0.05,705.86,441.94
100692,2024-11-02,South,Sports,Dumbbells,4,79.19,0.2,253.4,188.03
100693,2024-04-18,East,Sports,Fitness Watch,1,69.27,0.15,58.88,33.99
100694,2024-04-13,East,Home,Cookware,4,82.59,0.1,297.31,234.28
100695,2024-08-02,East,Sports,Running Shoes,4,106.66,0.05,405.29,304.92
100696,2025-04-28,West,Clothing,T-Shirt,2,41.65,0.1,74.97,57.91
100697,2024-12-09,West,Sports,Yoga Mat,1,95.34,0.0,95.34,61.52
100698,2025-05-01,East,Beauty,Skincare Set,2,66.19,0.05,125.77,77.32
100699,2025-06-19,West,Sports,Fitness Watch,4,113.06,0.05,429.61,287.8
100700,2024-09-28,South,Sports,Yoga Mat,4,100.82,0.2,322.62,255.76
100701,2025-06-19,North,Home,Coffee Maker,2,91.78,0.1,165.21,130.72
100702,2024-01-20,West,Electronics,Headphones,3,319.84,0.0,959.51,719.55
100703,2025-04-21,North,Clothing,Jeans,1,57.63,0.2,46.11,34.62
100704,2025-01-03,South,Beauty,Hair Dryer,5,70.18,0.15,298.25,236.03
100705,2024-11-20,North,Home,Cookware,5,91.26,0.0,456.3,344.51
100706,2024-05-25,West,Home,Vacuum,5,93.88,0.05,445.94,360.16
100707,2024-08-03,South,Home,Vacuum,3,98.41,0.1,265.72,191.14
100708,2025-01-05,South,Beauty,Perfume,2,54.56,0.05,103.66,65.86
100709,2024-12-25,West,Beauty,Hair Dryer,1,62.01,0.0,62.01,49.56
100710,2025-06-15,South,Home,Coffee Maker,1,79.02,0.15,67.16,43.37
100711,2025-06-27,South,Electronics,Laptop,5,360.94,0.1,1624.23,1001.1
100712,2025-06-01,East,Clothing,Jacket,1,51.13,0.0,51.13,38.97
100713,2025-03-31,East,Electronics,Laptop,5,415.0,0.0,2074.98,1412.77
100714,2025-04-24,West,Clothing,Jacket,2,71.37,0.05,135.61,95.01
100715,2025-02-04,East,Electronics,Laptop,1,364.36,0.05,346.15,243.94
100716,2025-01-01,East,Beauty,Skincare Set,5,58.31,0.0,291.54,224.48
100717,2024-12-30,South,Clothing,Sneakers,5,70.36,0.1,316.62,228.73
100718,2024-02-01,North,Sports,Fitness Watch,4,85.92,0.1,309.3,219.88
100719,2024-03-08,South,Sports,Yoga Mat,3,67.66,0.05,192.84,122.53
100720,2024-03-10,North,Electronics,Headphones,3,330.22,0.15,842.05,590.9
100721,2025-01-13,West,Clothing,Jacket,1,54.21,0.05,51.5,40.75
100722,2024-06-05,East,Sports,Dumbbells,1,90.48,0.0,90.48,63.43
100723,2024-08-17,West,Clothing,Jeans,4,68.72,0.05,261.15,186.03
100724,2025-02-10,North,Clothing,Jacket,5,42.3,0.2,169.21,98.47
100725,2025-06-02,North,Sports,Yoga Mat,5,95.15,0.2,380.61,277.73
100726,2024-10-31,North,Clothing,Jeans,3,66.09,0.0,198.27,161.18
100727,2024-09-09,East,Clothing,T-Shirt,1,52.02,0.0,52.02,33.27
100728,2024-02-11,South,Sports,Dumbbells,4,74.29,0.15,252.59,180.93
100729,2024-03-09,South,Sports,Running Shoes,3,98.82,0.1,266.82,190.41
100730,2024-05-23,West,Beauty,Skincare Set,4,76.56,0.05,290.94,186.41
100731,2024-04-10,North,Beauty,Hair Dryer,2,64.65,0.15,109.9,79.24
100732,2024-10-17,South,Sports,Running Shoes,1,108.23,0.15,92.0,62.58
100733,2025-03-10,East,Sports,Yoga Mat,1,,0.1,83.33,57.92
100734,2024-03-10,South,Electronics,Monitor,4,315.28,0.05,1198.05,906.55
100735,2024-04-16,East,Electronics,Headphones,3,269.97,0.05,769.42,538.4
100736,2025-05-27,East,Home,Coffee Maker,2,125.61,0.0,251.22,161.89
100737,2025-04-05,East,Home,Cookware,2,102.92,0.05,195.55,155.03
100738,2025-05-23,West,Sports,Dumbbells,5,95.71,0.0,478.57,264.89
100739,2024-02-24,West,Clothing,T-Shirt,4,45.81,0.1,164.92,131.97
100740,2025-05-04,West,Home,Cookware,5,122.89,0.05,583.75,418.35
100741,2024-12-11,,Clothing,Jacket,3,58.32,0.0,174.95,117.0
100742,2024-10-05,East,Home,Vacuum,3,118.73,0.0,356.19,202.12
100743,2024-07-17,East,Sports,Running Shoes,3,106.95,0.0,320.84,208.97
100744,2024-03-28,West,Electronics,Laptop,1,303.82,0.1,273.44,155.1
100745,2025-05-10,South,Sports,Yoga Mat,2,112.09,0.0,224.18,183.46
100746,2025-05-23,North,Beauty,Makeup Kit,1,54.3,0.05,51.58,33.67
100747,2024-04-21,West,Clothing,Sneakers,4,42.55,0.05,161.7,110.12
100748,2024-01-21,South,Electronics,Smartphone,4,381.92,0.05,1451.31,1049.56
100749,2024-11-05,West,Beauty,Makeup Kit,1,55.69,0.05,52.91,36.03
100750,2024-05-11,East,Clothing,Jacket,4,49.16,0.2,157.32,118.44
100751,2024-02-18,West,Sports,Fitness Watch,4,82.56,0.0,330.25,256.06
100752,2024-04-08,North,Electronics,Laptop,5,279.64,0.15,1188.45,788.62
100753,2024-05-26,North,Clothing,T-Shirt,3,60.93,0.1,164.52,112.25
100754,2024-06-11,South,Electronics,Smartphone,4,396.22,0.15,1347.15,824.92
100755,2025-06-24,North,Electronics,Smartphone,1,303.92,0.15,258.34,148.96
100756,2024-06-23,West,Electronics,Monitor,4,371.49,0.1,1337.35,1010.15
100757,2025-06-11,North,Clothing,T-Shirt,4,59.99,0.1,215.95,139.23
100758,2025-01-17,South,Clothing,T-Shirt,1,58.31,0.1,52.48,36.96
100759,2025-05-30,North,Clothing,T-Shirt,2,55.43,0.0,110.85,76.15
100760,2024-09-09,North,Sports,Running Shoes,2,108.47,0.0,216.94,162.77
100761,2024-08-30,South,Clothing,T-Shirt,1,56.65,0.0,56.65,38.17
100762,2024-06-10,East,Clothing,Sneakers,4,67.39,0.1,242.6,151.12
100763,2024-05-01,North,Beauty,Perfume,5,74.4,0.0,372.0,285.53
100764,2024-01-16,South,Sports,Fitness Watch,5,88.76,0.0,443.81,309.06
100765,2024-07-04,South,Clothing,T-Shirt,3,,0.15,118.25,73.05
100766,2025-04-02,East,Beauty,Perfume,5,58.89,0.05,279.73,204.32
100767,2024-07-13,West,Home,Vacuum,4,105.12,0.15,357.42,225.62
100768,2024-04-04,East,Clothing,T-Shirt,1,59.65,0.05,56.67,43.58
100769,2024-04-03,South,Electronics,Laptop,5,429.73,0.1,1933.77,1359.96
100770,2024-06-13,North,Beauty,Perfume,5,64.38,0.0,321.9,199.87
100771,2025-04-17,South,Clothing,Jeans,1,71.36,0.05,67.79,38.65
100772,2025-02-21,North,Sports,Yoga Mat,3,81.82,0.1,220.91,134.4
100773,2024-12-30,North,Sports,Yoga Mat,2,92.22,0.1,165.99,118.54
100774,2025-05-03,East,Beauty,Perfume,3,67.64,0.0,202.92,137.38
100775,2025-03-26,East,Home,Vacuum,4,97.3,0.2,311.36,198.11
100776,2025-03-16,South,Beauty,Hair Dryer,5,68.47,0.15,291.0,175.75
100777,2024-06-18,North,Sports,Yoga Mat,1,78.46,0.1,70.62,52.75
100778,2025-02-13,East,Beauty,Skincare Set,1,53.28,0.05,50.61,38.78
100779,2024-09-22,West,Sports,Fitness Watch,2,90.64,0.1,163.15,128.3
100780,2025-02-14,West,Clothing,Jeans,1,45.33,0.0,45.33,30.39
100781,2024-06-22,South,Sports,Running Shoes,4,86.11,0.1,310.0,181.49
100782,2025-01-03,North,Sports,Yoga Mat,4,97.0,0.1,349.2,263.83
100783,2025-05-12,West,Clothing,Jacket,5,65.74,0.1,295.84,171.09
100784,2024-02-10,West,Beauty,Makeup Kit,5,58.93,0.15,250.45,177.18
100785,2024-11-08,East,Home,Coffee Maker,4,102.01,0.1,367.25,267.3
100786,2025-04-15,East,Clothing,Sneakers,5,47.44,0.0,237.19,178.71
100787,2025-03-11,North,Clothing,Jeans,3,48.85,0.0,,116.35
100788,2025-02-05,,Clothing,Jeans,4,63.84,0.1,229.83,187.07
100789,2024-04-05,East,Electronics,Headphones,3,289.97,0.0,869.92,542.74
100790,2024-11-11,North,Beauty,Perfume,4,61.75,0.05,234.65,146.39
100791,2024-08-14,South,Electronics,Smartphone,1,395.49,0.0,395.49,232.66
100792,2025-03-31,North,Beauty,Skincare Set,2,57.68,0.15,98.06,75.4
100793,2024-11-01,North,Beauty,Makeup Kit,1,61.35,0.0,61.35,41.09
100794,2024-08-09,South,Electronics,Laptop,2,336.54,0.1,605.77,449.53
100795,2024-08-25,South,Clothing,Jacket,5,46.16,0.05,219.26,137.46
100796,2024-08-05,West,Sports,Running Shoes,1,96.58,0.1,86.92,56.0
100797,2024-02-02,West,Home,Vacuum,4,114.48,0.1,412.12,248.74
100798,2024-09-20,North,Clothing,Jacket,3,70.38,0.2,168.91,104.1
100799,2025-04-30,East,Home,Desk Lamp,3,99.66,0.0,298.99,233.83
100800,2025-01-28,North,Home,Cookware,2,84.2,0.15,143.14,98.47
100801,2024-04-29,South,Sports,Dumbbells,2,64.38,0.05,122.32,98.76
100802,2025-01-27,North,Sports,Yoga Mat,5,75.79,0.15,322.13,190.3
100803,2025-02-22,North,Clothing,Jacket,5,47.43,0.0,237.14,183.82
100804,2025-03-16,South,Home,Cookware,4,74.82,0.05,284.31,219.77
100805,2024-10-17,East,Electronics,Smartphone,4,346.67,0.1,1248.0,809.85
100806,2024-09-13,North,Home,Desk Lamp,2,115.98,0.05,220.37,136.9
100807,2025-03-07,East,Sports,Running Shoes,2,81.08,0.05,154.05,103.77
100808,2024-07-08,East,Clothing,Jacket,-3,48.23,0.2,77.16,55.32
100809,2024-01-14,West,Clothing,T-Shirt,2,69.63,0.1,125.33,90.58
100810,2025-06-15,South,,Jacket,3,57.79,0.0,173.36,95.69
100811,2025-03-18,South,Home,Cookware,3,111.94,0.0,335.83,237.07
100812,2025-03-15,South,Clothing,T-Shirt,1,56.37,0.2,45.09,34.91
100813,2025-06-17,North,Clothing,Sneakers,5,71.81,0.15,305.19,169.8
100814,2025-03-13,North,Home,Cookware,5,123.2,0.0,616.02,398.0
100815,2025-02-04,West,Electronics,Laptop,3,340.38,0.15,867.98,553.82
100816,2024-10-12,North,Electronics,Smartphone,2,438.76,0.0,877.52,602.48
100817,2024-09-29,South,Sports,Dumbbells,3,108.76,0.1,293.66,203.33
100818,2024-05-01,South,Clothing,Sneakers,5,73.12,0.1,329.03,252.71
100819,2025-05-18,South,Home,Desk Lamp,1,87.74,0.15,74.58,44.03
100820,2024-12-08,North,Clothing,Jacket,4,65.8,0.05,250.05,202.43
100821,2024-02-14,South,Electronics,Smartphone,1,269.43,0.05,255.96,186.43
100822,2024-06-15,South,Sports,Running Shoes,5,96.7,0.0,483.5,382.28
100823,2025-04-13,South,Electronics,Laptop,2,367.15,0.05,-177.13,482.62
100824,2024-01-27,East,Sports,Dumbbells,2,93.83,0.15,159.51,109.31
100825,2025-04-26,North,Electronics,Laptop,3,430.72,0.05,1227.56,839.05
100826,2024-02-10,East,Beauty,Skincare Set,3,64.64,0.05,184.22,134.82
100827,2025-06-30,South,Home,Coffee Maker,5,103.01,0.05,489.3,381.9
100828,2024-07-04,East,Sports,Yoga Mat,4,107.5,0.0,430.01,271.6
100829,2024-12-10,East,Clothing,Sneakers,3,71.82,0.05,204.69,120.49
100830,2024-01-21,East,Home,Vacuum,5,100.45,0.1,452.04,333.55
100831,2024-09-27,North,Clothing,Sneakers,1,62.71,0.05,59.57,41.08
100832,2025-02-27,East,Beauty,Skincare Set,3,80.48,0.15,205.22,143.7
100833,2024-12-24,South,Home,Coffee Maker,1,94.35,0.05,89.63,53.83
100834,2025-05-07,East,Electronics,Monitor,2,434.07,0.05,824.73,634.91
100835,2025-01-02,North,Electronics,Headphones,5,376.07,0.2,1504.26,1193.33
100836,2025-05-15,North,Electronics,Laptop,4,457.69,0.1,1647.69,1037.03
100837,2024-03-07,West,Clothing,Jacket,5,42.75,0.1,192.37,144.46
100838,2024-10-14,North,Electronics,Monitor,5,379.79,0.15,1614.1,1228.31
100839,2024-07-01,West,Sports,Dumbbells,4,100.15,0.0,400.6,280.41
100840,2024-07-09,East,Sports,Dumbbells,2,93.93,0.0,187.86,144.39
100841,2024-10-02,South,Beauty,Makeup Kit,3,63.24,0.05,180.24,129.0
100842,2024-12-06,North,Beauty,Perfume,1,80.96,0.1,72.87,51.94
100843,2024-04-02,East,Electronics,Smartphone,3,350.55,0.05,999.05,755.94
100844,2025-01-03,North,Electronics,Headphones,3,295.12,0.2,708.29,576.28
100845,2025-02-14,South,Sports,Fitness Watch,1,94.39,0.05,89.67,57.25
100846,2024-10-08,North,Clothing,T-Shirt,4,49.83,0.15,169.42,128.84
100847,2025-05-05,South,Beauty,Hair Dryer,1,73.05,0.1,65.74,44.78
100848,2025-01-13,East,Home,Desk Lamp,5,78.67,0.15,334.33,272.62
100849,2025-04-30,West,Clothing,Sneakers,2,43.66,0.0,87.32,48.51
100850,2025-05-15,South,Electronics,Smartphone,5,320.81,0.05,1523.84,994.18
100851,2024-08-15,West,Beauty,Hair Dryer,4,70.93,0.0,283.74,163.64
100852,2024-08-19,North,Clothing,Jeans,3,59.89,0.0,179.67,138.2
100853,2024-09-01,North,Home,Coffee Maker,3,90.81,0.1,245.19,178.75
100854,2024-08-22,East,Home,Coffee Maker,5,105.84,0.1,476.28,362.56
100855,2024-01-09,North,Home,Vacuum,5,88.57,0.1,398.56,253.92
100856,2025-06-23,South,Beauty,Skincare Set,5,64.24,0.0,321.18,257.29
100857,2024-11-15,West,Clothing,T-Shirt,5,71.54,0.15,304.05,233.42
100858,2024-03-27,South,Sports,Running Shoes,5,107.27,0.05,509.51,398.98
100859,2024-04-21,North,Home,Desk Lamp,1,91.39,0.2,73.11,42.33
100860,2024-08-25,East,Home,Vacuum,3,105.6,0.0,316.79,218.11
100861,2024-11-18,West,Sports,Dumbbells,2,81.67,0.15,138.84,87.47
100862,2024-08-30,South,Sports,Fitness Watch,2,76.53,0.0,153.05,98.43
100863,2025-04-03,West,Electronics,Monitor,3,340.05,0.15,867.14,612.82
100864,2024-07-07,North,Beauty,Perfume,3,48.0,0.1,129.6,79.9
100865,2024-01-26,East,Sports,Yoga Mat,-3,71.71,0.05,340.61,265.53
100866,2024-08-28,South,Electronics,Laptop,1,280.58,0.0,280.58,178.36
100867,2024-02-28,West,Sports,Running Shoes,3,108.22,0.1,292.2,206.6
100868,2024-03-05,South,Electronics,Smartphone,4,381.3,0.2,1220.15,705.12
100869,2024-09-22,North,Electronics,Headphones,3,398.84,0.05,1136.7,714.95
100870,2025-06-22,West,Beauty,Makeup Kit,1,65.59,0.05,62.31,40.59
100871,2024-05-19,South,Clothing,Sneakers,4,53.22,0.05,202.22,111.78
100872,2024-08-25,North,Sports,Dumbbells,2,114.17,0.1,205.5,145.85
100873,2025-01-20,South,Sports,Fitness Watch,1,77.36,0.0,77.36,58.61
100874,2025-04-10,East,Electronics,Headphones,2,427.02,0.0,854.03,621.98
100875,2024-02-08,North,Beauty,Perfume,3,77.77,0.05,221.65,149.95
100876,2024-12-11,North,Beauty,Skincare Set,3,58.79,0.1,158.73,100.24
100877,2024-02-12,West,Electronics,Headphones,5,458.89,0.0,2294.46,1764.77
100878,2025-03-07,West,Sports,Dumbbells,4,78.57,0.2,251.41,198.88
100879,2024-08-13,,Electronics,Laptop,5,292.41,0.05,1388.93,1027.27
100880,2024-02-16,North,Beauty,Skincare Set,3,73.41,0.0,220.22,179.8
100881,2024-09-28,West,Beauty,Makeup Kit,3,74.72,0.05,212.94,142.27
100882,2025-06-15,West,Sports,Running Shoes,4,93.58,0.05,355.61,225.13
100883,2025-02-26,West,Clothing,Jeans,2,60.15,0.15,102.25,76.92
100884,2024-01-08,East,Clothing,Jeans,3,72.0,0.0,215.99,137.22
100885,2024-08-15,East,Electronics,Smartphone,5,286.79,0.0,1433.96,1085.37
100886,2025-01-24,West,Electronics,Headphones,2,358.97,0.15,610.25,393.85
100887,2025-04-05,North,Home,Desk Lamp,2,94.46,0.05,179.48,114.24
100888,2024-04-12,South,Home,Cookware,4,112.16,0.05,426.19,270.88
100889,2024-02-14,North,Sports,Dumbbells,5,109.61,0.1,493.26,349.58
100890,2024-05-02,South,Beauty,Perfume,1,74.62,0.0,74.62,42.22
100891,2024-05-18,West,Beauty,Hair Dryer,4,53.5,0.1,192.6,154.32
100892,2024-12-18,West,Sports,Yoga Mat,2,111.85,0.2,178.96,143.48
100893,2025-01-31,South,Home,Vacuum,1,124.99,0.2,99.99,77.63
100894,2025-05-08,South,Clothing,Sneakers,4,72.47,0.1,260.89,154.79
100895,2024-12-31,East,Sports,Dumbbells,5,83.0,0.0,415.01,338.36
100896,2024-10-31,North,Clothing,Sneakers,3,52.87,0.1,142.75,103.82
100897,2024-03-05,North,Clothing,Jacket,5,56.85,0.15,241.6,135.82
100898,2024-07-15,East,Sports,Fitness Watch,1,90.78,0.1,81.7,57.71
100899,2025-02-04,West,Sports,Yoga Mat,4,64.3,0.0,257.19,187.81
100900,2024-06-17,South,Sports,Dumbbells,4,73.45,0.15,249.72,143.71
100901,2025-05-27,East,Sports,Fitness Watch,5,82.29,0.1,370.32,266.68
100902,2025-05-06,South,Clothing,T-Shirt,3,61.57,0.0,184.72,108.94
100903,2025-01-22,North,Home,Desk Lamp,5,95.09,0.05,451.67,323.24
100904,2024-04-09,East,Home,Desk Lamp,5,80.75,0.0,403.76,292.83
100905,2024-02-04,South,Electronics,Monitor,4,318.15,0.1,1145.33,850.56
100906,2024-07-05,South,Clothing,Jeans,2,44.86,0.05,85.24,51.7
100907,2025-06-26,West,Electronics,Headphones,1,354.12,0.1,318.71,201.02
100908,2025-03-20,East,Clothing,Sneakers,1,42.64,0.05,40.51,23.29
100909,2024-06-05,West,Home,Desk Lamp,4,121.24,0.1,436.46,347.02
100910,2025-03-12,West,Clothing,T-Shirt,3,72.23,0.05,205.86,163.86
100911,2025-01-22,,Electronics,Headphones,4,364.47,0.0,1457.88,808.96
100912,2024-09-08,West,Home,Desk Lamp,2,106.73,0.0,213.47,154.14
100913,2024-05-10,East,Clothing,Sneakers,1,67.27,0.0,,49.82
100914,2025-01-15,South,Home,Cookware,4,107.48,0.05,408.41,310.43
100915,2024-09-27,South,Beauty,Skincare Set,1,66.85,0.15,56.82,44.92
100916,2025-06-12,East,Electronics,Monitor,5,284.48,0.2,1137.92,648.98
100917,2025-02-18,West,Electronics,Smartphone,1,457.86,0.0,457.86,350.49
100918,2025-02-07,South,Clothing,Jeans,3,71.66,0.1,193.47,135.77
100919,2024-08-09,South,Beauty,Perfume,1,65.35,0.1,58.82,34.27
100920,2024-09-20,East,Clothing,T-Shirt,1,51.5,0.05,48.93,32.79
100921,2024-07-11,West,Home,Cookware,5,,0.0,555.31,420.02
100922,2024-03-21,North,Beauty,Makeup Kit,4,73.55,0.1,264.77,158.75
100923,2024-09-20,North,Clothing,Jeans,3,56.64,0.2,135.93,75.91
100924,2024-02-06,West,Clothing,Sneakers,4,73.36,0.05,278.75,206.8
100925,2024-02-08,East,Beauty,Hair Dryer,2,61.13,0.05,116.16,87.11
100926,2024-04-03,South,Sports,Yoga Mat,2,94.47,0.1,170.04,105.15
100927,2025-01-09,North,Electronics,Monitor,5,362.5,0.0,1812.5,1194.59
100928,2024-08-23,South,Home,Desk Lamp,4,116.91,0.0,467.65,315.97
100929,2025-04-15,West,Beauty,Makeup Kit,5,51.58,0.2,206.3,119.87
100930,2024-04-06,West,Beauty,Perfume,5,60.02,0.15,255.1,202.11
100931,2024-02-29,East,Home,Vacuum,4,104.55,0.1,376.4,264.93
100932,2025-03-31,East,Sports,Running Shoes,3,83.15,0.0,249.46,181.17
100933,2025-05-02,South,Electronics,Monitor,1,357.13,0.05,339.27,239.05
100934,2024-02-04,West,Clothing,Sneakers,1,50.78,0.0,50.78,33.37
100935,2024-11-02,South,Electronics,Headphones,3,348.06,0.1,939.77,533.76
100936,2024-05-04,West,Sports,Yoga Mat,3,102.9,0.15,262.4,198.65
100937,2024-09-19,West,Beauty,Skincare Set,1,77.07,0.1,69.36,52.14
100938,2024-11-20,North,Sports,Running Shoes,1,85.23,0.1,76.7,54.75
100939,2025-02-23,South,Home,Cookware,5,101.48,0.1,456.68,368.53
100940,2025-05-24,East,Home,Desk Lamp,2,111.12,0.15,188.91,151.64
100941,2024-12-17,West,Sports,Fitness Watch,2,94.08,0.05,178.75,123.61
100942,2024-02-29,West,Clothing,Sneakers,3,63.8,0.0,191.39,132.34
100943,2024-01-08,North,Sports,Running Shoes,1,110.48,0.1,99.43,65.68
100944,2024-12-18,North,Electronics,Smartphone,2,439.53,0.05,835.12,544.24
100945,2025-03-21,South,Electronics,Headphones,4,413.59,0.15,1406.22,855.9
100946,2025-04-11,East,Electronics,Monitor,4,423.95,0.05,1611.01,1059.4
100947,2024-09-14,North,Home,Coffee Maker,4,123.82,0.1,445.77,276.89
100948,2025-05-23,North,Electronics,Smartphone,4,430.33,0.05,1635.26,946.66
100949,2024-09-15,West,Clothing,Jeans,5,70.79,0.0,353.97,263.72
100950,2024-07-28,South,Home,Vacuum,4,118.98,0.0,475.91,325.59
100951,2025-04-27,West,Beauty,Makeup Kit,4,46.69,0.0,186.75,139.36
100952,2024-10-19,South,Electronics,Smartphone,2,370.96,0.05,704.83,489.21
100953,2024-08-21,East,Home,Vacuum,2,95.27,0.05,-312.99,134.26
100954,2025-06-09,North,Beauty,Skincare Set,2,51.08,0.0,102.16,83.42
100955,2025-03-09,East,Home,Coffee Maker,3,95.39,0.1,257.56,146.5
100956,2024-03-24,South,Electronics,Monitor,4,453.33,0.2,1450.66,1011.3
100957,2024-09-09,North,Sports,Yoga Mat,3,90.47,0.05,257.85,143.08
100958,2024-06-02,East,Clothing,Jeans,5,70.9,0.2,283.6,228.61
100959,2025-01-23,North,Electronics,Laptop,4,368.06,0.05,1398.64,840.52
100960,2024-11-07,South,Electronics,Headphones,1,444.6,0.2,355.68,262.56
100961,2024-11-14,North,Sports,Yoga Mat,3,94.98,0.1,256.45,209.16
100962,2024-05-08,North,Beauty,Perfume,5,59.2,0.0,295.98,191.33
100963,2024-01-28,South,Electronics,Laptop,5,306.3,0.0,1531.52,954.23
100964,2024-03-05,North,Electronics,Headphones,2,415.25,0.1,747.45,494.94
100965,2025-06-16,North,Clothing,Jacket,5,61.79,0.0,308.95,212.73
100966,2024-05-05,North,Sports,Dumbbells,4,94.9,0.15,322.67,244.01
100967,2025-04-08,East,Beauty,Skincare Set,5,50.83,0.1,228.74,164.54
100968,2024-12-21,East,Electronics,Monitor,1,318.77,0.1,286.89,208.91
100969,2024-03-27,South,Clothing,Jeans,4,62.26,0.2,199.24,128.5
100970,2024-04-04,West,Home,Vacuum,-2,127.65,0.1,114.89,69.74
100971,2024-03-01,North,Home,Cookware,2,112.81,0.15,191.77,126.58
100972,2024-05-19,East,Clothing,Jacket,-2,64.71,0.0,64.71,43.08
100973,2025-05-30,North,Clothing,Sneakers,2,57.84,0.05,109.89,72.63
100974,2025-04-01,West,Electronics,Laptop,1,329.83,0.05,313.34,181.94
100975,2025-05-12,South,Beauty,Hair Dryer,4,48.43,0.05,184.03,102.29
100976,2024-07-20,North,Home,Desk Lamp,5,100.93,0.05,479.44,391.42
100977,2024-04-25,East,Clothing,Jacket,3,43.35,0.0,130.06,81.24
100978,2024-07-11,East,Home,Cookware,2,105.04,0.1,189.07,129.52
100979,2024-08-14,East,Home,Cookware,1,97.0,0.05,92.15,75.43
100980,2024-02-27,West,Sports,Yoga Mat,3,90.55,0.05,258.07,188.32
100981,2025-01-10,West,Clothing,Jeans,1,42.42,0.0,42.42,30.79
100982,2024-10-21,West,Sports,Running Shoes,5,71.08,0.0,355.42,215.0
100983,2025-02-12,South,Beauty,Makeup Kit,3,62.04,0.15,158.21,126.68
100984,2025-02-26,North,Electronics,Laptop,4,421.5,0.1,1517.39,1176.73
100985,2024-02-16,East,Home,Vacuum,1,82.47,0.1,74.23,56.97
100986,2024-08-14,North,Clothing,Jacket,2,47.58,0.1,85.64,67.43
100987,2024-01-28,South,Electronics,Laptop,5,295.38,0.2,1181.54,843.96
100988,2025-03-04,South,Clothing,Jeans,3,44.23,0.2,106.14,77.56
100989,2025-04-04,West,Clothing,Jacket,4,59.21,0.05,224.99,152.4
100990,2024-08-20,North,Sports,Dumbbells,4,99.92,0.1,359.72,286.53
100991,2025-03-24,South,Home,Coffee Maker,5,102.76,0.15,436.73,273.5
100992,2024-09-22,West,Clothing,Jacket,4,60.83,0.1,218.98,156.44
100993,2024-01-07,East,Clothing,Jeans,1,55.91,0.0,55.91,39.92
100994,2025-04-25,North,Sports,Running Shoes,1,89.25,0.0,89.25,66.59
100995,2024-12-05,West,Electronics,Monitor,3,375.12,0.05,1069.09,639.58
100996,2024-05-23,South,Sports,Running Shoes,5,89.54,0.0,447.71,335.97
100997,2024-11-18,North,Clothing,T-Shirt,5,54.92,0.0,274.6,167.44
100998,2024-08-15,West,Electronics,Smartphone,4,349.75,0.05,1329.06,855.04
100999,2024-05-11,South,Home,Cookware,1,108.15,0.2,86.52,52.43
101000,2025-05-28,West,Beauty,Skincare Set,2,74.35,0.0,148.69,93.64
101001,2024-05-19,North,Clothing,Jacket,4,58.58,0.15,199.19,121.76
101002,2025-04-13,East,Electronics,Smartphone,5,305.43,0.05,1450.81,1146.8
101003,2024-06-28,West,Sports,Dumbbells,4,102.64,0.05,390.03,257.05
101004,2024-06-15,South,Beauty,Perfume,1,47.82,0.0,47.82,27.07
101005,2024-06-29,East,Sports,Yoga Mat,5,79.81,0.1,359.14,209.31
101006,2025-02-14,East,Electronics,Smartphone,4,285.09,0.1,1026.34,841.1
101007,2025-03-27,South,Clothing,T-Shirt,5,54.56,0.15,,150.09
101008,2024-05-16,North,Electronics,Laptop,2,424.81,0.05,807.13,558.22
101009,2025-05-19,East,Clothing,Sneakers,4,44.45,0.1,160.04,128.62
101010,2024-11-23,North,Electronics,Monitor,2,268.27,0.2,429.23,295.29
101011,2024-12-09,West,Sports,Running Shoes,2,64.04,0.0,128.08,99.34
101012,2024-04-26,East,Home,Cookware,5,110.49,0.1,497.21,386.51
101013,2024-02-26,West,Home,Coffee Maker,-1,94.32,0.0,94.32,74.8
101014,2024-03-08,North,Clothing,Jacket,3,56.47,0.1,152.46,108.5
101015,2025-06-09,North,Home,Vacuum,4,110.12,0.05,418.47,281.64
101016,2024-11-08,North,Beauty,Hair Dryer,1,80.54,0.0,80.54,61.14
101017,2025-05-16,North,Sports,Fitness Watch,2,75.95,0.1,136.71,104.68
101018,2024-09-28,West,Electronics,Smartphone,5,273.1,0.2,,828.12
101019,2024-06-01,West,Sports,Yoga Mat,4,88.91,0.0,355.65,273.77
101020,2025-04-28,North,Clothing,Jeans,4,58.31,0.15,198.25,160.67
101021,2025-05-16,East,Home,Desk Lamp,2,94.7,0.05,179.92,105.01
101022,2025-03-14,West,Clothing,Jacket,3,67.6,0.05,192.65,128.54
101023,2024-08-30,East,Electronics,Monitor,5,323.53,0.0,1617.65,1307.02
101024,2025-03-06,North,Beauty,Hair Dryer,2,70.9,0.15,120.54,89.8
101025,2024-03-02,West,Home,Vacuum,2,75.8,0.05,144.02,113.17
101026,2025-04-10,East,Electronics,Smartphone,5,334.77,0.1,1506.47,1186.44
101027,2024-04-05,West,Sports,Running Shoes,3,112.17,0.2,269.21,177.55
101028,2024-01-31,North,Electronics,Monitor,4,297.82,0.1,1072.15,834.94
101029,2024-11-18,West,Clothing,Jacket,4,73.92,0.0,295.69,223.53
101030,2024-11-18,South,Sports,Yoga Mat,4,67.12,0.2,214.8,133.54
101031,2024-03-18,South,Home,Desk Lamp,2,125.85,0.1,226.53,126.35
101032,2024-12-01,East,Sports,Dumbbells,3,71.63,0.0,214.88,127.57
101033,2024-03-19,East,Electronics,Headphones,1,330.07,0.0,330.07,221.72
101034,2025-01-08,West,Sports,Yoga Mat,3,79.25,0.0,237.76,154.62
101035,2025-06-29,South,Clothing,Jacket,1,60.87,0.15,51.74,40.87
101036,2024-06-19,North,Clothing,Sneakers,3,59.8,0.1,161.45,104.7
101037,2025-06-15,South,Electronics,Laptop,3,431.69,0.1,1165.56,710.84
101038,2024-11-24,East,Electronics,Monitor,3,456.76,0.2,1096.21,855.7
101039,2024-06-12,South,Sports,Fitness Watch,2,81.94,0.05,155.68,87.33
101040,2024-05-07,East,Home,Vacuum,5,84.77,0.05,402.66,293.46
101041,2025-02-20,East,Clothing,Jacket,3,60.05,0.0,180.14,106.95
101042,2024-04-30,East,Beauty,Perfume,5,67.71,0.2,270.85,185.19
101043,2024-11-09,West,Beauty,Hair Dryer,2,59.99,0.05,113.97,69.69
101044,2025-02-19,West,Sports,Running Shoes,2,89.89,0.1,161.79,108.99
101045,2024-02-10,West,Clothing,Sneakers,5,70.9,0.05,336.76,203.66
101046,2024-07-27,East,Beauty,Perfume,5,54.96,0.05,261.07,197.47
101047,2024-09-03,West,Beauty,Hair Dryer,5,71.87,0.0,359.33,237.04
101048,2024-03-29,East,Electronics,Smartphone,5,295.63,0.05,1404.25,993.67
101049,2024-07-13,North,Clothing,T-Shirt,1,72.08,0.2,57.66,43.18
101050,2025-03-09,North,Clothing,Jacket,5,64.34,0.1,289.55,202.07
101051,2024-02-19,South,Electronics,Headphones,1,267.98,0.05,254.58,155.01
101052,2024-07-02,South,Home,Cookware,2,106.54,0.0,213.08,120.8
101053,2024-04-01,West,Clothing,Jeans,3,71.8,0.1,193.87,114.66
101054,2025-05-20,West,Beauty,Perfume,5,56.54,0.0,282.68,166.25
101055,2024-11-19,East,Home,Desk Lamp,4,99.48,0.2,318.32,237.19
101056,2025-03-20,West,Home,Vacuum,1,101.53,0.1,91.37,55.32
101057,2024-04-14,West,Sports,Yoga Mat,2,81.86,0.1,147.35,120.27
101058,2024-02-08,South,Sports,Dumbbells,3,106.94,0.0,320.83,235.18
101059,2024-07-02,West,Electronics,Smartphone,5,364.21,0.15,1547.9,974.14
101060,2024-05-05,East,Beauty,Hair Dryer,4,76.27,0.0,305.08,249.25
101061,2024-04-25,North,Clothing,Jacket,3,55.83,0.1,150.73,107.09
101062,2025-02-07,West,Clothing,Sneakers,2,49.88,0.2,79.81,45.97
101063,2025-05-19,West,Sports,Yoga Mat,4,68.16,0.1,245.36,187.71
101064,2024-09-14,West,Clothing,Sneakers,4,59.67,0.15,202.88,111.98
101065,2024-02-12,South,Sports,Yoga Mat,2,68.6,0.0,137.21,85.34
101066,2025-01-12,North,Clothing,Jeans,2,46.26,0.15,78.64,54.38
101067,2024-05-11,East,Home,Cookware,1,76.47,0.0,76.47,54.53
101068,2024-05-10,North,Electronics,Smartphone,1,341.84,0.0,341.84,225.07
101069,2024-11-30,East,Electronics,Laptop,4,289.4,0.0,1157.6,799.28
101070,2024-07-22,East,Beauty,Skincare Set,4,63.8,0.2,204.15,120.57
101071,2024-03-19,West,Electronics,Laptop,4,322.15,0.0,1288.59,1020.69
101072,2025-02-19,West,Clothing,Jacket,1,46.09,0.2,36.87,20.28
101073,2024-06-07,North,Electronics,Laptop,3,440.49,0.05,1255.38,847.3
101074,2024-03-27,North,Clothing,Sneakers,4,54.1,0.05,205.57,135.92
101075,2024-06-28,East,Home,Cookware,2,107.71,0.15,183.12,147.47
101076,2024-03-16,East,Electronics,Monitor,1,354.42,0.05,336.7,229.23
101077,2025-04-16,West,Home,Coffee Maker,5,124.81,0.05,592.84,352.58
101078,2024-12-05,West,Electronics,Smartphone,5,390.12,0.0,1950.59,1467.83
101079,2024-04-28,North,Electronics,Monitor,4,375.38,0.0,1501.54,1010.55
101080,2024-10-03,South,Electronics,Monitor,4,285.56,0.0,1142.24,809.13
101081,2024-08-09,West,Clothing,Jeans,5,54.03,0.1,243.15,176.92
101082,2024-06-23,North,Home,Desk Lamp,4,126.07,0.05,479.06,383.58
101083,2024-05-05,North,Beauty,Hair Dryer,1,64.69,0.0,64.69,47.67
101084,2024-03-06,South,Electronics,Monitor,1,375.71,0.05,356.92,211.0
101085,2024-08-08,North,Electronics,Smartphone,4,360.84,0.1,1299.01,772.11
101086,2024-09-02,North,Sports,Fitness Watch,2,97.14,0.0,194.27,123.65
101087,2025-02-14,East,Home,Desk Lamp,5,104.92,0.0,524.62,391.78
101088,2025-06-03,West,Home,Coffee Maker,2,118.39,0.1,213.11,128.85
101089,2024-12-29,South,Electronics,Headphones,3,266.3,0.15,679.07,542.08
101090,2024-07-27,South,Sports,Fitness Watch,5,110.19,0.0,550.94,433.85
101091,2024-01-03,East,Clothing,T-Shirt,3,51.32,0.0,153.96,108.87
101092,2024-07-05,,Home,Desk Lamp,5,74.68,0.05,354.74,277.29
101093,2025-03-28,West,Home,Desk Lamp,2,88.06,0.05,167.32,129.52
101094,2024-11-18,North,Home,Cookware,1,122.14,0.1,109.93,89.22
101095,2024-08-04,South,Electronics,Headphones,1,420.07,0.0,420.07,284.74
101096,2025-05-19,East,Home,Cookware,4,88.78,0.1,319.6,183.54
101097,2024-08-09,East,Clothing,Jacket,2,58.61,0.05,111.35,83.89
101098,2025-06-03,South,Electronics,Monitor,5,362.52,0.0,1812.6,1097.56
101099,2025-06-24,South,Clothing,Jeans,4,73.28,0.2,234.49,173.36
101100,2024-07-22,East,Electronics,Laptop,2,346.19,0.0,692.38,442.19
101101,2024-11-20,North,Beauty,Skincare Set,4,54.29,0.1,195.43,130.92
101102,2024-03-26,South,Sports,Running Shoes,5,74.34,0.15,315.96,213.32
101103,2024-10-16,West,Home,Cookware,2,117.9,0.05,224.0,138.45
101104,2024-08-14,West,Clothing,Sneakers,1,42.33,0.0,42.33,26.37
101105,2024-05-13,East,Sports,Fitness Watch,1,95.61,0.05,90.83,52.66
101106,2024-09-26,East,Sports,Running Shoes,2,113.38,0.15,192.75,135.12
101107,2024-08-21,North,Home,Cookware,2,89.31,0.05,169.7,134.94
101108,2024-02-02,North,Electronics,Monitor,3,386.46,0.1,1043.44,692.9
101109,2024-03-22,West,Beauty,Makeup Kit,3,52.11,0.05,148.51,95.67
101110,2025-05-30,West,Electronics,Laptop,1,450.28,0.0,-357.34,281.73
101111,2024-11-10,North,Clothing,Sneakers,2,56.7,0.05,107.73,69.08
101112,2025-01-19,South,Clothing,Jeans,1,67.9,0.0,67.9,37.37
101113,2024-02-26,South,Beauty,Makeup Kit,4,55.66,0.1,200.38,129.05
101114,2025-03-16,North,Sports,Fitness Watch,5,109.67,0.15,466.1,373.42
101115,2025-02-14,South,Sports,Fitness Watch,3,72.91,0.15,185.92,125.44
101116,2024-12-14,East,Home,Cookware,3,98.35,0.05,280.31,222.48
101117,2025-01-02,West,Electronics,Laptop,2,460.58,0.0,921.16,682.17
101118,2024-03-15,South,Home,Vacuum,1,112.06,0.2,89.65,73.0
101119,2024-11-10,North,Beauty,Makeup Kit,5,70.72,0.0,353.61,275.56
101120,2025-03-14,South,Sports,Fitness Watch,1,72.39,0.1,65.15,44.93
101121,2025-05-09,West,Sports,Yoga Mat,3,108.22,0.1,292.21,185.21
101122,2024-01-07,North,Electronics,Smartphone,2,410.45,0.15,697.77,455.51
101123,2024-12-23,North,Clothing,Jeans,5,45.44,0.0,227.2,131.74
101124,2025-01-23,West,Electronics,Monitor,2,313.16,0.1,563.69,415.42
101125,2024-09-29,West,Electronics,Headphones,2,301.31,0.15,512.23,330.42
101126,2024-09-19,North,Electronics,Headphones,1,336.76,0.15,286.25,219.13
101127,2024-03-06,East,Beauty,Hair Dryer,5,60.5,0.0,302.51,238.1
101128,2025-03-12,North,Clothing,Jeans,1,66.73,0.2,53.38,35.16
101129,2025-06-25,North,Sports,Fitness Watch,3,94.08,0.05,268.14,199.71
101130,2025-06-29,South,Beauty,Hair Dryer,3,52.76,0.0,158.29,123.92
101131,2024-02-28,East,Clothing,Sneakers,4,68.29,0.05,259.48,185.34
101132,2024-10-23,North,Clothing,Jacket,2,56.86,0.05,108.04,68.21
101133,2024-02-08,East,Beauty,Hair Dryer,1,64.11,0.0,64.11,36.73
101134,2024-08-31,East,Clothing,T-Shirt,3,63.37,0.15,161.58,124.3
101135,2025-05-24,West,Clothing,Jacket,1,55.87,0.1,50.28,34.17
101136,2024-02-08,South,Electronics,Headphones,2,285.65,0.0,571.3,368.43
101137,2025-05-26,South,,Hair Dryer,1,79.38,0.0,79.38,54.57
101138,2024-06-13,South,Sports,Fitness Watch,1,110.81,0.0,110.81,66.87
101139,2024-08-20,North,Beauty,Hair Dryer,2,72.58,0.15,123.39,75.85
101140,2024-09-16,North,Home,Vacuum,5,80.97,0.05,384.62,227.7
101141,2024-06-28,West,,Desk Lamp,4,124.84,0.2,399.48,262.59
101142,2024-05-20,West,Clothing,Jeans,3,53.39,0.1,144.16,112.17
101143,2025-03-18,South,Clothing,Jacket,4,64.19,0.1,231.07,151.74
101144,2024-12-30,West,Electronics,Headphones,5,279.22,0.15,1186.7,791.05
101145,2024-07-30,South,Sports,Running Shoes,2,83.82,0.05,,89.27
101146,2025-05-14,North,Sports,Running Shoes,1,102.89,0.1,92.61,56.07
101147,2025-05-17,South,Beauty,Makeup Kit,1,48.96,0.05,46.52,34.44
101148,2024-08-13,West,Home,Coffee Maker,4,104.36,0.05,396.57,314.94
101149,2024-10-10,West,Home,Coffee Maker,3,91.42,0.1,246.83,192.01
101150,2025-01-06,West,Sports,Fitness Watch,4,84.56,0.2,270.59,208.89
101151,2025-02-12,West,Beauty,Skincare Set,1,77.14,0.2,61.71,43.76
101152,2025-03-03,North,Sports,Yoga Mat,5,74.86,0.1,336.89,197.92
101153,2024-02-06,South,Sports,Dumbbells,5,94.8,0.2,379.2,222.15
101154,2024-12-19,West,Clothing,T-Shirt,3,44.61,0.0,133.82,82.18
101155,2024-08-08,South,Sports,Fitness Watch,3,75.38,0.05,214.83,146.1
101156,2025-03-24,East,Electronics,Laptop,2,431.79,0.15,734.05,552.93
101157,2025-02-01,West,Electronics,Monitor,1,390.29,0.0,390.29,295.75
101158,2024-11-02,South,Beauty,Perfume,4,58.11,0.1,209.19,148.04
101159,2024-11-09,South,Electronics,Headphones,1,323.61,0.0,323.61,217.02
101160,2025-01-22,South,Beauty,Hair Dryer,2,66.66,0.0,133.33,91.81
101161,2024-11-14,East,Home,Coffee Maker,4,106.88,0.2,342.02,269.01
101162,2025-03-13,East,Electronics,Laptop,2,276.0,0.0,552.0,400.7
101163,2025-05-10,South,Electronics,Laptop,5,366.6,0.05,1741.33,1362.41
101164,2024-09-26,North,Electronics,Smartphone,2,376.56,0.05,715.47,535.91
101165,2025-03-29,South,Electronics,Smartphone,4,420.16,0.2,1344.52,912.74
101166,2024-11-01,South,Clothing,Jacket,4,52.37,0.05,199.02,125.49
101167,2024-06-26,West,Home,Cookware,5,96.36,0.15,409.53,274.25
101168,2024-10-23,East,Clothing,Sneakers,4,70.12,0.0,280.47,178.14
101169,2025-03-15,North,Electronics,Smartphone,1,469.5,0.05,446.02,322.14
101170,2024-03-22,North,Sports,Yoga Mat,3,112.24,0.1,303.04,200.77
101171,2025-04-19,North,Beauty,Skincare Set,3,54.45,0.05,155.19,96.14
101172,2025-03-31,West,Sports,Dumbbells,2,106.31,0.1,191.36,115.36
101173,2024-12-06,North,Clothing,Jacket,4,43.04,0.0,172.15,103.42
101174,2024-11-18,North,Home,Coffee Maker,4,101.87,0.1,366.74,252.28
101175,2024-09-25,South,Sports,Yoga Mat,1,100.17,0.05,95.16,63.83
101176,2025-01-02,North,Electronics,Smartphone,4,327.39,0.1,1178.59,651.89
101177,2024-10-01,South,Clothing,Jeans,2,56.61,0.0,113.22,71.24
101178,2024-08-22,West,Beauty,Makeup Kit,3,71.66,0.1,193.48,158.61
101179,2024-11-09,East,Electronics,Laptop,1,409.59,0.0,409.59,329.53
101180,2024-07-23,North,Home,Coffee Maker,4,110.28,0.1,397.02,251.1
101181,2024-09-27,East,Electronics,Headphones,1,359.72,0.1,323.75,207.36
101182,2025-04-17,West,Sports,Fitness Watch,4,65.09,0.2,208.27,163.93
101183,2024-01-10,South,Home,Coffee Maker,4,113.4,0.2,362.88,263.93
101184,2024-10-11,East,Beauty,Perfume,4,46.64,0.05,177.22,140.97
101185,2024-02-11,South,Sports,Running Shoes,1,99.76,0.0,99.76,62.87
101186,2024-03-09,South,Home,Coffee Maker,3,77.05,0.05,219.58,163.73
101187,2025-04-22,East,Clothing,Jacket,2,63.99,0.1,115.17,67.33
101188,2024-05-27,South,Sports,Dumbbells,5,108.31,0.0,541.56,316.94
101189,2024-05-27,West,Sports,Yoga Mat,2,65.79,0.1,118.41,91.93
101190,2024-06-23,West,Electronics,Laptop,1,428.39,0.0,428.39,288.42
101191,2024-08-05,East,Home,Vacuum,5,84.7,0.05,402.33,315.56
101192,2025-04-30,West,Home,Desk Lamp,2,83.41,0.1,150.14,107.95
101193,2024-12-09,North,Sports,Dumbbells,5,104.8,0.0,524.01,338.11
101194,2024-07-24,East,Electronics,Laptop,5,325.73,0.05,1547.2,1031.33
101195,2024-05-16,West,Electronics,Smartphone,1,289.74,0.0,289.74,195.84
101196,2024-02-28,West,Clothing,Sneakers,1,59.09,0.0,59.09,46.43
101197,2024-04-09,West,Home,Coffee Maker,3,97.39,0.0,292.17,226.19
101198,2024-10-13,West,Home,Cookware,2,73.4,0.1,132.13,76.68
101199,2025-06-09,North,Electronics,Monitor,4,326.42,0.1,1175.1,717.48
101200,2025-01-28,West,Electronics,Monitor,2,372.24,0.05,707.26,416.65
101201,2024-07-21,,Home,Vacuum,2,122.96,0.05,233.63,184.67
101202,2024-07-03,East,Beauty,Perfume,1,66.7,0.15,56.7,39.83
101203,2025-03-27,East,Clothing,Jeans,1,48.71,0.05,46.28,25.57
101204,2024-10-18,North,Sports,Fitness Watch,1,111.08,0.15,94.42,70.86
101205,2024-09-17,North,Electronics,Laptop,4,463.81,0.2,1484.19,829.84
101206,2024-09-17,North,Sports,Running Shoes,2,88.1,0.05,167.39,95.26
101207,2024-03-29,East,Electronics,Laptop,4,333.62,0.1,1201.03,879.96
101208,2025-06-22,South,Sports,Running Shoes,5,66.46,0.2,265.85,208.16
101209,2024-04-02,North,Home,Coffee Maker,2,72.61,0.05,137.97,81.33
101210,2024-04-26,North,Sports,Yoga Mat,1,103.3,0.1,,63.93
101211,2024-02-23,West,Clothing,Jeans,2,49.98,0.1,89.97,57.19
101212,2024-07-23,East,Clothing,Jacket,3,43.78,0.05,124.76,84.11
101213,2024-11-14,West,Beauty,Perfume,2,62.58,0.05,118.9,72.99
101214,2024-02-25,North,Electronics,Laptop,1,277.99,0.0,277.99,218.9
101215,2025-05-03,West,Electronics,Smartphone,1,326.11,0.0,326.11,185.99
101216,2024-07-05,South,Home,Vacuum,3,109.45,0.1,295.5,189.03
101217,2024-06-29,North,Electronics,Monitor,3,313.36,0.1,846.08,508.38
101218,2024-04-11,North,Home,Desk Lamp,2,123.55,0.0,247.09,164.01
101219,2025-03-12,North,Clothing,Jeans,2,58.97,0.0,117.94,80.94
101220,2024-09-21,South,Home,Coffee Maker,2,127.08,0.0,254.15,153.27
101221,2024-09-08,North,Home,Desk Lamp,3,87.26,0.15,222.5,146.27
101222,2025-02-16,South,Clothing,Jeans,2,71.62,0.15,121.76,92.15
101223,2024-05-06,West,Sports,Fitness Watch,4,86.14,0.05,327.32,226.48
101224,2025-04-08,East,Home,Desk Lamp,1,90.69,0.1,81.62,57.02
101225,2025-04-06,South,Beauty,Perfume,3,79.07,0.0,237.22,139.04
101226,2024-03-16,North,Beauty,Perfume,4,67.84,0.1,244.24,168.6
101227,2024-06-17,North,Sports,Dumbbells,4,105.54,0.1,379.94,265.72
101228,2025-06-30,West,Electronics,Laptop,4,441.15,0.05,1676.39,974.95
101229,2024-06-27,South,Sports,Yoga Mat,4,77.37,0.15,263.07,194.42
101230,2025-06-08,South,Electronics,Smartphone,2,282.83,0.15,480.82,381.28
101231,2024-08-28,South,Beauty,Hair Dryer,4,69.82,0.0,279.28,182.87
101232,2024-06-09,North,Clothing,Jeans,2,50.38,0.1,90.68,50.81
101233,2025-01-12,East,Electronics,Headphones,4,314.39,0.0,1257.54,1016.88
101234,2024-11-26,South,Sports,Fitness Watch,3,76.13,0.1,205.56,131.17
101235,2025-04-24,East,Home,Coffee Maker,3,93.68,0.0,281.05,214.63
101236,2024-07-30,North,Electronics,Smartphone,5,328.91,0.05,1562.33,1200.11
101237,2024-09-03,South,Beauty,Perfume,1,53.25,0.1,47.93,27.75
101238,2024-10-22,East,Electronics,Smartphone,1,327.46,0.0,327.46,225.58
101239,2025-02-14,North,Beauty,Makeup Kit,2,60.77,0.1,109.39,88.18
101240,2024-08-29,North,Beauty,Skincare Set,2,45.45,0.0,90.9,56.77
101241,2025-03-27,South,Sports,Fitness Watch,5,91.8,0.05,436.06,353.08
101242,2024-12-28,West,Clothing,Jacket,2,46.3,0.05,87.96,55.86
101243,2024-07-31,South,Clothing,Sneakers,1,57.62,0.05,54.74,39.9
101244,2025-04-26,North,Beauty,Skincare Set,4,79.32,0.0,317.28,243.11
101245,2025-01-05,South,Clothing,Sneakers,4,43.38,0.1,156.18,98.86
101246,2024-06-06,East,Clothing,Sneakers,1,68.4,0.05,64.98,49.31
101247,2024-07-05,West,Beauty,Makeup Kit,2,59.79,0.05,113.61,84.81
101248,2025-02-28,South,Electronics,Laptop,3,419.87,0.0,1259.61,869.98
101249,2025-03-23,East,Home,Cookware,4,119.09,0.05,452.55,347.05
101250,2024-01-29,South,Sports,Dumbbells,5,93.94,0.0,469.72,325.91
101251,2024-12-30,North,Beauty,Skincare Set,4,65.52,0.0,262.1,156.1
101252,2024-09-28,West,Electronics,Monitor,1,450.43,0.2,360.34,199.05
101253,2024-12-20,West,Clothing,Jeans,5,46.76,0.05,,124.52
101254,2024-07-26,North,,Running Shoes,4,85.26,0.0,341.04,273.68
101255,2025-05-20,East,Electronics,Laptop,1,383.27,0.1,344.94,219.13
101256,2024-04-15,West,Clothing,T-Shirt,2,46.01,0.2,73.62,56.24
101257,2024-01-18,West,Beauty,Perfume,1,49.11,0.05,46.66,33.74
101258,2025-05-28,South,Home,Desk Lamp,5,72.8,0.1,327.61,248.0
101259,2024-04-20,West,Beauty,Makeup Kit,5,79.69,0.2,318.75,227.18
101260,2024-05-15,East,Beauty,Skincare Set,1,60.67,0.0,60.67,38.01
101261,2025-02-13,East,Clothing,T-Shirt,5,46.19,0.05,219.41,162.69
101262,2024-03-04,North,Sports,Yoga Mat,4,100.09,0.0,400.37,308.63
101263,2024-09-28,North,Home,Coffee Maker,3,86.59,0.15,220.8,137.71
101264,2024-05-30,East,Home,Vacuum,1,77.57,0.1,69.81,53.42
101265,2024-11-28,South,Electronics,Laptop,4,400.55,0.05,1522.11,1038.41
101266,2024-09-04,East,Home,Coffee Maker,2,73.85,0.0,147.69,92.96
101267,2024-09-10,West,Clothing,Jeans,5,45.6,0.1,205.22,125.52
101268,2024-11-21,South,Home,Cookware,4,86.86,0.0,347.45,242.76
101269,2024-04-15,East,Clothing,T-Shirt,2,51.46,0.1,92.63,68.38
101270,2025-02-09,West,Home,Cookware,1,114.08,0.0,114.08,81.5
101271,2025-03-03,North,Sports,Fitness Watch,1,112.83,0.0,112.83,63.27
101272,2025-06-22,East,Electronics,Smartphone,3,331.16,0.0,993.47,716.84
101273,2025-06-16,West,Electronics,Headphones,3,436.45,0.05,1243.89,895.43
101274,2024-06-02,West,Home,Vacuum,1,109.31,0.1,98.38,57.98
101275,2024-05-11,North,Clothing,T-Shirt,3,54.31,0.05,154.78,112.35
101276,2024-01-03,North,Sports,Fitness Watch,5,103.76,0.2,415.04,308.88
101277,2024-08-22,North,Electronics,Smartphone,3,407.14,0.1,1099.27,734.57
101278,2025-01-25,East,Home,Vacuum,5,117.87,0.1,530.41,376.48
101279,2024-01-23,North,Electronics,Monitor,5,461.02,0.0,2305.1,1352.9
101280,2025-06-06,East,Sports,Yoga Mat,1,67.83,0.1,61.05,35.19
101281,2024-09-19,East,Clothing,Jeans,1,44.52,0.0,44.52,28.12
101282,2024-11-12,,Sports,Fitness Watch,2,75.51,0.15,128.37,100.9
101283,2024-05-08,East,Sports,Fitness Watch,5,112.02,0.0,560.08,407.88
101284,2024-09-11,North,Home,Vacuum,4,84.81,0.15,288.36,197.21
101285,2024-10-29,North,Clothing,Jeans,2,45.46,0.0,90.93,53.77
101286,2024-01-12,North,Beauty,Hair Dryer,4,48.54,0.05,184.45,148.76
101287,2024-02-23,West,Sports,Fitness Watch,2,111.41,0.05,211.68,123.08
101288,2024-09-19,West,Home,Cookware,2,115.81,0.15,196.88,125.08
101289,2024-01-18,North,Sports,Dumbbells,4,75.7,0.1,272.51,203.52
101290,2024-01-03,North,Electronics,Laptop,1,401.76,0.0,401.76,224.1
101291,2025-03-15,North,Home,Vacuum,3,110.5,0.0,331.49,195.98
101292,2025-02-16,North,Home,Coffee Maker,3,107.43,0.1,290.05,232.98
101293,2025-06-13,South,Home,Vacuum,5,90.88,0.0,454.39,317.61
101294,2025-03-17,North,Electronics,Monitor,5,281.87,0.1,1268.41,961.13
101295,2024-11-26,East,Sports,Yoga Mat,2,66.87,0.05,127.06,79.34
101296,2024-10-21,South,Sports,Running Shoes,1,100.36,0.2,80.29,55.46
101297,2024-02-28,North,Electronics,Laptop,3,456.1,0.2,1094.64,784.72
101298,2024-02-10,North,Sports,Running Shoes,2,,0.0,201.07,124.5
101299,2025-02-04,East,Sports,Running Shoes,3,106.57,0.05,303.72,187.4
101300,2025-03-07,North,Clothing,Jeans,1,63.9,0.05,60.7,39.24
101301,2024-05-18,West,Clothing,Sneakers,5,45.18,0.0,225.91,152.12
101302,2025-05-25,North,Clothing,T-Shirt,3,50.7,0.05,144.51,96.06
101303,2024-04-05,West,Clothing,Sneakers,4,55.52,0.05,210.97,156.85
101304,2024-08-19,East,Clothing,Jacket,2,44.48,0.1,80.06,44.82
101305,2024-08-02,West,Clothing,Sneakers,4,42.1,0.0,,133.64
101306,2024-02-11,West,Clothing,Sneakers,4,45.75,0.1,164.71,128.16
101307,2025-04-23,South,Home,Vacuum,2,87.43,0.0,174.86,121.05
101308,2024-10-18,West,Electronics,Laptop,5,451.94,0.05,2146.71,1620.6
101309,2024-03-06,South,Clothing,Jacket,4,60.95,0.0,243.78,150.65
101310,2024-06-01,North,Home,Vacuum,4,71.97,0.05,273.49,198.41
101311,2024-12-10,North,Clothing,T-Shirt,5,52.04,0.0,260.19,163.06
101312,2025-04-10,East,Clothing,Sneakers,1,72.92,0.1,65.63,39.03
101313,2024-12-04,South,Sports,Running Shoes,3,77.55,0.0,232.66,172.64
101314,2024-01-28,East,Home,Cookware,2,126.11,0.05,239.62,174.83
101315,2024-05-04,West,Sports,Yoga Mat,3,67.23,0.05,191.61,114.04
101316,2025-01-11,North,Clothing,T-Shirt,2,53.67,0.05,101.98,64.84
101317,2024-12-11,South,Electronics,Headphones,3,469.72,0.0,1409.17,1029.31
101318,2025-02-03,West,Clothing,Jacket,4,72.5,0.1,260.99,165.59
101319,2025-06-27,East,Sports,Running Shoes,4,64.9,0.0,259.61,193.86
101320,2025-01-16,West,Clothing,Sneakers,1,44.21,0.1,39.79,22.48
101321,2024-07-31,North,Home,Vacuum,5,75.66,0.15,321.56,204.01
101322,2024-06-20,South,Clothing,Jacket,3,48.7,0.15,124.19,76.19
101323,2024-02-28,North,Electronics,Smartphone,3,355.44,0.2,853.05,635.69
101324,2025-06-26,West,Sports,Fitness Watch,1,75.74,0.1,68.16,40.93
101325,2025-03-14,North,Clothing,Jacket,2,53.59,0.15,91.1,50.16
101326,2025-01-01,East,Beauty,Makeup Kit,1,60.6,0.0,60.6,43.35
101327,2024-11-09,East,Electronics,Monitor,4,343.86,0.05,1306.68,930.94
101328,2024-06-10,South,Clothing,Sneakers,3,41.72,0.2,100.12,59.3
101329,2024-11-15,East,Beauty,Skincare Set,1,58.12,0.1,52.3,37.04
101330,2024-01-10,North,Home,Cookware,3,82.44,0.0,247.32,171.3
101331,2024-06-08,South,Clothing,Jeans,2,48.64,0.0,-464.76,74.05
101332,2024-01-24,East,Clothing,Jacket,2,59.28,0.2,94.85,60.61
101333,2024-11-07,West,Clothing,Jacket,5,48.18,0.1,216.8,125.23
101334,2024-05-31,South,Sports,Yoga Mat,1,112.07,0.05,106.47,75.75
101335,2025-02-01,North,Electronics,Laptop,3,308.7,0.0,926.1,532.82
101336,2024-12-10,South,Beauty,Skincare Set,3,69.55,0.0,208.65,149.14
101337,2024-12-10,West,Beauty,Skincare Set,3,78.23,0.1,211.23,150.58
101338,2025-05-16,East,Beauty,Perfume,1,76.99,0.05,73.14,49.64
101339,2025-02-14,South,Electronics,Laptop,3,376.17,0.05,1072.07,592.68
101340,2025-06-25,East,Home,Desk Lamp,3,115.74,0.0,347.23,225.83
101341,2025-06-16,West,Home,Desk Lamp,3,123.9,0.2,297.37,194.36
101342,2025-03-04,West,Electronics,Laptop,1,265.26,0.15,225.47,137.19
101343,2024-04-18,West,Home,Desk Lamp,5,107.23,0.0,536.16,413.47
101344,2025-05-01,South,Beauty,Perfume,3,80.89,0.05,230.54,171.82
101345,2025-06-20,South,Sports,Yoga Mat,4,103.7,0.1,373.31,221.19
101346,2024-06-20,South,Beauty,Makeup Kit,5,56.55,0.2,226.2,158.31
101347,2024-09-14,East,Beauty,Hair Dryer,2,62.48,0.1,112.47,86.55
101348,2024-04-29,North,Electronics,Headphones,2,269.34,0.15,457.88,252.19
101349,2024-03-04,East,Electronics,Headphones,2,457.5,0.0,915.01,666.46
101350,2025-02-01,West,Home,Cookware,2,86.62,0.0,173.25,96.95
101351,2025-03-20,South,Electronics,Monitor,5,266.77,0.0,1333.84,741.52
101352,2024-11-10,East,Home,Desk Lamp,3,119.03,0.0,357.09,272.38
101353,2024-02-26,East,Home,Desk Lamp,4,99.53,0.05,378.23,256.2
101354,2024-11-01,North,Electronics,Monitor,3,305.94,0.1,826.05,470.1
101355,2025-05-04,West,Home,Desk Lamp,4,115.92,0.1,417.32,333.75
101356,2024-09-26,North,Clothing,Jacket,1,45.83,0.15,38.96,27.43
101357,2024-12-01,South,Home,Cookware,2,114.06,0.1,205.3,151.43
101358,2024-06-03,South,Home,Cookware,2,74.69,0.15,126.98,77.96
101359,2024-04-25,North,Clothing,Sneakers,1,58.42,0.1,52.58,41.57
101360,2025-05-11,North,Sports,Yoga Mat,3,101.87,0.2,244.5,199.05
101361,2024-10-25,South,Sports,Yoga Mat,2,95.01,0.0,190.02,139.82
101362,2024-05-29,South,Beauty,Skincare Set,4,51.32,0.0,205.3,116.25
101363,2024-07-12,South,Electronics,Smartphone,4,443.54,0.05,1685.45,1098.82
101364,2025-02-20,East,Clothing,Jeans,2,57.18,0.1,102.93,72.2
101365,2025-04-07,North,Sports,Running Shoes,5,96.72,0.05,459.43,255.8
101366,2024-07-13,South,Clothing,Jacket,1,57.22,0.1,51.5,34.87
101367,2025-01-29,East,Electronics,Laptop,3,414.03,0.1,1117.87,895.22
101368,2024-05-19,South,Electronics,Headphones,5,285.72,0.05,1357.19,907.14
101369,2024-08-08,West,Clothing,Jeans,1,67.54,0.1,60.78,41.06
101370,2024-11-25,East,Home,Desk Lamp,5,105.82,0.1,476.17,308.74
101371,2025-06-06,North,Clothing,Jeans,1,49.66,0.05,47.18,30.33
101372,2024-05-15,West,Sports,Dumbbells,5,65.37,0.05,310.49,202.25
101373,2024-01-02,West,Electronics,Monitor,5,317.63,0.1,1429.33,1048.84
101374,2024-09-07,East,Sports,Fitness Watch,3,69.18,0.1,186.79,104.01
101375,2024-05-11,East,Home,Cookware,3,115.2,0.05,328.31,228.41
101376,2024-02-09,East,Clothing,T-Shirt,3,44.08,0.1,119.02,80.32
101377,2025-05-07,East,Sports,Dumbbells,1,88.4,0.2,70.72,40.74
101378,2025-02-17,West,Sports,Running Shoes,2,65.56,0.0,131.13,107.05
101379,2024-12-10,East,,Coffee Maker,2,103.61,0.15,176.14,120.66
101380,2024-04-06,West,Electronics,Laptop,3,458.88,0.05,1307.8,1016.03
101381,2024-07-28,North,Home,Cookware,5,103.52,0.0,517.6,421.47
101382,2024-05-26,South,Sports,Yoga Mat,5,89.39,0.1,402.25,253.03
101383,2025-02-16,North,Clothing,T-Shirt,2,46.94,0.1,84.48,61.5
101384,2024-07-26,West,Home,Desk Lamp,3,94.63,0.05,269.69,180.46
101385,2024-02-06,East,Beauty,Makeup Kit,1,78.66,0.0,78.66,58.82
101386,2025-03-08,East,Clothing,Sneakers,2,46.52,0.15,79.08,45.51
101387,2024-04-20,East,Home,Cookware,5,82.87,0.15,352.18,287.49
101388,2024-12-10,East,Sports,Dumbbells,5,68.65,0.1,308.92,182.32
101389,2024-02-02,East,Clothing,Sneakers,1,47.22,0.15,40.14,22.32
101390,2024-05-27,West,Sports,Running Shoes,3,73.95,0.1,199.66,162.76
101391,2024-04-17,South,Electronics,Smartphone,5,412.98,0.1,1858.4,1124.91
101392,2025-04-24,West,Sports,Running Shoes,2,97.59,0.1,175.67,120.44
101393,2024-09-15,North,Electronics,Monitor,2,378.26,0.1,680.87,505.96
101394,2024-03-28,South,Home,Vacuum,5,108.7,0.1,489.14,302.99
101395,2024-05-28,South,Clothing,T-Shirt,1,53.87,0.0,53.87,36.72
101396,2024-01-21,North,Sports,Dumbbells,3,78.04,0.0,234.12,138.21
101397,2024-08-29,East,Electronics,Smartphone,4,309.4,0.0,1237.61,780.8
101398,2024-04-04,East,Sports,Running Shoes,2,85.44,0.15,145.25,95.26
101399,2025-03-09,East,Beauty,Perfume,4,48.97,0.2,156.71,110.75
101400,2025-02-08,West,Clothing,Jeans,1,47.53,0.0,47.53,32.35
101401,2024-12-26,North,Sports,Dumbbells,1,77.39,0.05,73.52,43.41
101402,2025-05-30,North,Clothing,Jeans,1,65.38,0.0,65.38,42.69
101403,2025-06-18,West,Sports,Fitness Watch,1,65.97,0.1,,33.38
101404,2024-07-20,South,Electronics,Smartphone,1,333.82,0.0,333.82,238.38
101405,2024-06-13,South,Beauty,Skincare Set,4,45.62,0.0,182.47,107.39
101406,2024-04-30,North,Electronics,Smartphone,2,401.19,0.05,762.26,491.39
101407,2025-01-27,North,Home,Coffee Maker,4,120.82,0.05,459.1,301.32
101408,2025-04-26,South,Home,Vacuum,1,96.68,0.05,91.85,66.43
101409,2025-01-02,North,Beauty,Makeup Kit,4,66.17,0.05,251.44,139.99
101410,2024-09-06,West,Home,Vacuum,2,75.56,0.2,120.89,78.94
101411,2024-08-14,,Electronics,Headphones,2,374.89,0.2,599.82,338.05
101412,2024-11-01,North,Clothing,Jeans,3,52.6,0.0,157.8,87.88
101413,2025-05-13,North,Electronics,Monitor,4,286.56,0.05,1088.94,668.41
101414,2024-11-24,West,Beauty,Perfume,4,54.35,0.05,206.51,143.03
101415,2025-01-29,East,Sports,Fitness Watch,2,78.3,0.05,148.76,101.29
101416,2025-03-06,East,Electronics,Headphones,2,448.16,0.0,896.32,589.05
101417,2024-10-26,South,Beauty,Skincare Set,1,67.44,0.2,53.95,35.95
101418,2024-06-16,South,Home,Desk Lamp,1,108.06,0.05,102.65,62.48
101419,2025-06-21,South,Clothing,T-Shirt,4,48.65,0.0,194.59,141.98
101420,2025-01-30,West,Electronics,Headphones,2,462.01,0.05,877.82,666.47
101421,2024-10-27,West,Electronics,Headphones,2,324.24,0.0,648.48,529.34
101422,2024-04-18,West,Beauty,Skincare Set,1,55.25,0.0,55.25,41.46
101423,2024-04-23,North,Sports,Running Shoes,3,99.11,0.2,237.87,180.37
101424,2025-05-19,West,Clothing,Jacket,1,42.6,0.1,38.34,30.44
101425,2024-06-23,North,Beauty,Perfume,2,79.44,0.0,158.89,90.57
101426,2025-05-05,East,Clothing,Jeans,2,50.06,0.05,95.11,54.25
101427,2024-07-21,West,Sports,Fitness Watch,5,102.58,0.15,435.95,274.42
101428,2024-12-14,South,Clothing,Sneakers,5,63.3,0.0,316.48,181.38
101429,2024-07-09,North,Clothing,Sneakers,5,64.18,0.05,304.85,214.45
101430,2024-09-10,West,Clothing,T-Shirt,2,,0.05,119.28,77.98
101431,2024-01-08,East,Electronics,Monitor,2,414.04,0.15,703.87,404.35
101432,2024-10-20,East,Clothing,T-Shirt,1,53.33,0.0,53.33,43.34
101433,2024-04-30,West,Sports,Yoga Mat,1,80.59,0.0,80.59,49.82
101434,2025-01-04,West,Electronics,Smartphone,2,333.29,0.05,633.25,401.1
101435,2024-10-20,North,Electronics,Headphones,1,385.23,0.1,346.7,238.13
101436,2025-01-06,North,Electronics,Headphones,5,406.5,0.05,1930.86,1298.89
101437,2024-08-16,South,Beauty,Perfume,3,78.45,0.1,211.81,125.88
101438,2024-03-28,East,Electronics,Headphones,5,322.74,0.1,1452.32,1118.1
101439,2024-11-21,East,Home,Cookware,4,99.89,0.1,359.61,215.96
101440,2024-10-17,West,Electronics,Headphones,5,333.75,0.0,1668.76,1264.1
101441,2025-03-11,West,Electronics,Smartphone,3,390.91,0.0,1172.73,802.31
101442,2025-06-09,North,Electronics,Laptop,-2,323.47,0.0,1617.37,943.92
101443,2025-01-19,North,Electronics,Smartphone,5,356.78,0.0,1783.91,1122.65
101444,2024-11-17,South,Clothing,Jeans,5,51.26,0.0,256.31,186.49
101445,2025-06-18,West,Sports,Fitness Watch,4,114.05,0.05,433.4,343.55
101446,2024-07-12,North,Sports,Yoga Mat,4,65.56,0.0,262.23,175.43
101447,2025-03-15,East,Clothing,T-Shirt,3,61.58,0.0,184.75,124.96
101448,2024-10-11,North,Beauty,Perfume,5,51.59,0.05,245.05,138.26
101449,2025-02-18,South,Clothing,T-Shirt,5,73.2,0.05,347.72,264.81
101450,2024-01-02,South,Sports,Fitness Watch,4,112.99,0.1,406.75,291.44
101451,2024-05-18,East,Beauty,Perfume,5,62.39,0.05,296.37,197.94
101452,2025-05-15,East,Sports,Running Shoes,1,88.17,0.1,79.35,43.69
101453,2025-03-20,East,Home,Cookware,1,82.11,0.2,65.68,43.23
101454,2024-10-23,East,Electronics,Headphones,1,464.13,0.0,464.13,295.58
101455,2025-05-06,North,Electronics,Monitor,5,457.67,0.1,2059.5,1408.19
101456,2024-08-08,East,Clothing,T-Shirt,2,64.11,0.1,115.39,73.27
101457,2024-07-30,North,Home,Desk Lamp,3,82.09,0.05,233.94,147.76
101458,2024-06-10,South,Clothing,Jeans,1,47.92,0.0,47.92,32.67
101459,2024-12-15,North,Home,Coffee Maker,2,103.27,0.0,206.53,163.95
101460,2025-01-13,East,Electronics,Monitor,4,334.97,0.0,1339.89,904.57
101461,2025-05-12,East,Beauty,Makeup Kit,5,51.07,0.05,242.56,159.89
101462,2024-01-05,South,Electronics,Laptop,4,382.35,0.0,1529.4,933.54
101463,2025-05-19,South,Sports,Fitness Watch,2,72.61,0.0,145.22,104.4
101464,2024-06-07,South,Home,Cookware,5,115.31,0.05,547.71,433.14
101465,2025-06-25,South,Clothing,Sneakers,1,42.95,0.05,40.8,23.78
101466,2025-05-01,West,Electronics,Smartphone,3,366.76,0.0,1100.29,801.91
101467,2025-02-17,,Electronics,Monitor,4,343.93,0.0,1375.7,831.09
101468,2024-05-11,South,Electronics,Laptop,1,442.56,0.15,376.18,208.91
101469,2024-09-12,West,Clothing,Jacket,2,61.86,0.1,111.34,73.17
101470,2025-02-18,West,Home,Vacuum,4,93.58,0.15,318.18,252.62
101471,2025-03-29,North,Beauty,Skincare Set,3,53.08,0.05,151.29,120.46
101472,2024-10-31,West,Home,Coffee Maker,3,101.6,0.1,274.33,178.27
101473,2024-03-29,East,Electronics,Monitor,1,432.99,0.15,368.04,251.36
101474,2024-08-28,West,Electronics,Smartphone,2,372.48,0.15,633.21,471.54
101475,2024-04-29,South,Beauty,Makeup Kit,3,58.54,0.05,166.84,98.02
101476,2024-04-27,East,Beauty,Hair Dryer,1,72.45,0.05,68.82,38.28
101477,2024-02-18,East,Clothing,Jacket,4,47.28,0.1,170.21,97.51
101478,2024-02-15,West,Clothing,Sneakers,1,57.65,0.0,57.65,44.6
101479,2024-12-24,South,Clothing,Jeans,3,63.94,0.05,182.24,101.2
101480,2025-06-04,East,Electronics,Smartphone,1,433.2,0.1,389.88,241.83
101481,2025-01-19,West,Beauty,Makeup Kit,2,68.89,0.0,137.78,106.57
101482,2024-05-02,South,Electronics,Headphones,3,313.26,0.0,939.77,715.96
101483,2024-06-05,South,Clothing,Jacket,2,59.79,0.0,119.58,89.71
101484,2024-01-25,South,Home,Coffee Maker,3,120.28,0.1,324.75,221.98
101485,2024-01-17,East,Home,Desk Lamp,3,106.62,0.0,319.85,240.03
101486,2024-12-27,West,Electronics,Laptop,1,433.67,0.05,411.98,277.71
101487,2024-02-22,North,Electronics,Laptop,3,372.19,0.05,1060.73,795.18
101488,2025-01-09,South,Clothing,Jeans,5,,0.15,178.02,140.41
101489,2024-04-14,South,Beauty,Skincare Set,4,75.89,0.05,288.38,227.05
101490,2024-01-07,West,Beauty,Hair Dryer,5,63.88,0.05,303.44,201.15
101491,2025-02-05,South,Sports,Dumbbells,5,85.24,0.0,426.22,335.88
101492,2024-08-01,West,Beauty,Makeup Kit,3,47.82,0.05,136.27,86.65
101493,2024-09-03,East,Clothing,Sneakers,3,53.26,0.1,143.79,86.02
101494,2024-06-19,West,Clothing,Sneakers,5,44.71,0.15,190.04,147.82
101495,2025-05-26,South,Electronics,Laptop,-2,437.02,0.05,1245.51,893.51
101496,2025-06-07,North,Beauty,Skincare Set,2,68.05,0.1,122.49,87.56
101497,2024-02-27,North,Electronics,Monitor,4,371.61,0.05,1412.12,1009.95
101498,2024-12-01,West,Home,Cookware,1,100.55,0.05,95.52,77.6
101499,2024-10-09,West,Home,Coffee Maker,1,94.69,0.15,80.49,49.55
101500,2025-01-10,East,Clothing,T-Shirt,2,42.41,0.15,72.09,42.5
101501,2024-05-30,West,Electronics,Monitor,1,441.67,0.15,375.42,265.78
101502,2024-08-27,East,Beauty,Skincare Set,4,67.51,0.0,270.04,204.6
101503,2024-03-20,West,Beauty,Makeup Kit,3,68.93,0.0,206.79,138.81
101504,2025-05-09,West,Clothing,Jeans,-3,56.89,0.15,48.36,35.31
101505,2024-08-31,South,Clothing,Sneakers,1,43.7,0.0,43.7,26.86
101506,2025-05-28,North,Electronics,Laptop,1,306.59,0.15,260.6,188.11
101507,2024-11-05,East,Clothing,Sneakers,4,70.82,0.0,283.26,231.89
101508,2025-05-01,South,Electronics,Monitor,3,295.95,0.05,843.46,667.1
101509,2025-06-11,North,Sports,Yoga Mat,5,77.61,0.0,388.07,307.28
101510,2024-11-22,South,Electronics,Monitor,2,370.07,0.0,740.13,445.39
101511,2024-08-15,West,Electronics,Headphones,1,370.61,0.1,333.55,249.61
101512,2024-03-17,North,Clothing,Sneakers,1,73.97,0.15,62.87,45.2
101513,2024-08-30,East,Clothing,Jeans,1,45.87,0.0,45.87,25.91
101514,2024-02-17,West,Beauty,Perfume,1,73.23,0.0,73.23,44.04
101515,2025-05-03,South,Electronics,Laptop,5,382.05,0.0,1910.24,1527.92
101516,2025-05-01,South,Electronics,Laptop,2,354.14,0.05,672.87,528.53
101517,2024-08-11,East,Home,Desk Lamp,2,114.86,0.05,218.24,145.2
101518,2024-07-06,North,Home,Cookware,3,77.97,0.15,198.83,140.23
101519,2024-06-01,North,Electronics,Smartphone,1,395.84,0.05,376.05,239.59
101520,2024-01-13,South,Home,Desk Lamp,2,93.02,0.05,176.75,104.83
101521,2024-10-10,North,Electronics,Laptop,3,271.05,0.1,731.85,544.0
101522,2025-04-22,West,Electronics,Smartphone,4,293.69,0.1,1057.29,667.72
101523,2024-08-08,North,Clothing,T-Shirt,1,66.13,0.05,62.82,42.65
101524,2024-10-29,North,Sports,Yoga Mat,4,113.01,0.1,406.82,225.62
101525,2024-01-08,South,Sports,Yoga Mat,2,78.43,0.1,141.18,89.65
101526,2025-05-27,East,Sports,Yoga Mat,4,108.33,0.05,411.64,323.99
101527,2024-07-01,East,Home,Vacuum,2,101.88,0.0,203.76,118.52
101528,2025-03-15,North,Sports,Dumbbells,5,103.54,0.1,465.95,282.26
101529,2025-01-07,South,Clothing,Sneakers,5,66.55,0.1,299.46,230.85
101530,2025-01-27,North,Clothing,Sneakers,5,49.43,0.0,247.13,172.64
101531,2025-03-28,North,Home,Coffee Maker,3,77.28,0.0,231.83,180.37
101532,2024-02-19,West,Clothing,Jeans,3,58.53,0.05,166.82,129.99
101533,2024-10-31,East,Sports,Dumbbells,3,102.09,0.2,245.03,144.99
101534,2024-12-10,East,Electronics,Headphones,3,390.79,0.1,1055.14,856.99
101535,2025-01-06,North,Beauty,Hair Dryer,1,56.96,0.0,56.96,38.95
101536,2025-04-25,East,Home,Vacuum,4,97.06,0.0,388.22,250.21
101537,2024-08-10,South,Electronics,Headphones,5,412.81,0.05,1960.82,1197.95
101538,2025-01-24,West,Beauty,Hair Dryer,4,66.64,0.05,253.23,154.54
101539,2025-01-03,East,Sports,Running Shoes,1,76.1,0.0,76.1,53.71
101540,2024-02-26,East,Electronics,Monitor,3,351.82,0.0,1055.45,797.39
101541,2025-05-20,South,Home,Desk Lamp,2,124.75,0.1,224.55,133.99
101542,2025-01-31,North,Home,Cookware,5,92.11,0.05,437.5,297.32
101543,2025-01-01,North,Electronics,Headphones,1,319.04,0.0,319.04,235.95
101544,2025-05-18,East,Sports,Yoga Mat,4,78.24,0.1,281.67,190.66
101545,2024-11-23,North,Electronics,Smartphone,5,356.79,0.1,1605.54,1228.69
101546,2024-08-27,East,Beauty,Perfume,3,62.52,0.0,187.57,109.01
101547,2025-04-17,East,Clothing,Jeans,3,69.1,0.1,186.57,104.86
101548,2024-07-06,South,Clothing,T-Shirt,2,46.64,0.2,74.63,60.39
101549,2024-08-24,North,Electronics,Headphones,3,312.31,0.05,890.07,549.29
101550,2025-04-17,West,Electronics,Smartphone,4,383.4,0.1,1380.24,966.73
101551,2024-01-17,East,Home,Vacuum,3,115.93,0.05,330.4,225.75
101552,2024-12-18,West,Home,Desk Lamp,4,84.21,0.0,336.83,203.72
101553,2024-09-06,North,Home,Desk Lamp,1,83.85,0.0,83.85,57.4
101554,2024-03-16,East,Sports,Running Shoes,2,95.82,0.05,182.06,122.73
101555,2024-07-08,East,Beauty,Hair Dryer,3,51.09,0.0,153.27,114.26
101556,2025-05-15,South,Electronics,Monitor,5,428.11,0.1,1926.51,1403.98
101557,2024-04-22,East,Electronics,Laptop,5,357.16,0.1,1607.21,1259.38
101558,2024-07-07,East,Home,Coffee Maker,5,109.78,0.15,466.55,349.1
101559,2024-03-18,East,Sports,Fitness Watch,4,69.95,0.15,237.84,192.95
101560,2024-01-27,South,Electronics,Headphones,5,405.71,0.05,1927.1,1379.53
101561,2024-03-26,North,Electronics,Smartphone,1,366.58,0.1,329.92,202.98
101562,2024-08-18,North,Sports,Running Shoes,1,90.42,0.05,85.9,55.68
101563,2024-11-26,North,Electronics,Headphones,1,284.39,0.05,270.17,193.13
101564,2024-04-25,South,Sports,Running Shoes,2,91.51,0.05,173.87,107.47
101565,2024-04-01,West,Electronics,Monitor,4,358.14,0.05,1360.94,964.7
101566,2025-04-15,West,Sports,Yoga Mat,1,68.52,0.0,68.52,43.59
101567,2024-12-21,West,Home,Cookware,1,104.98,0.05,99.73,80.07
101568,2024-12-30,East,Electronics,Laptop,4,337.01,0.1,1213.23,752.94
101569,2025-04-30,West,Sports,Fitness Watch,2,75.91,0.2,121.46,91.41
101570,2025-06-09,East,Electronics,Monitor,3,321.89,0.1,869.11,681.61
101571,2025-06-26,West,Sports,Fitness Watch,1,103.46,0.0,103.46,84.31
101572,2024-05-06,North,Clothing,Jacket,3,74.02,0.05,210.95,133.87
101573,2025-01-22,North,Electronics,Monitor,4,282.69,0.0,,925.74
101574,2024-08-17,West,Beauty,Skincare Set,1,73.89,0.2,59.11,42.51
101575,2024-04-16,West,Sports,Fitness Watch,5,64.57,0.1,290.55,165.48
101576,2024-09-20,South,Home,Cookware,3,72.3,0.1,195.2,127.68
101577,2025-06-06,North,Beauty,Makeup Kit,5,45.84,0.05,217.73,132.51
101578,2024-11-11,North,Electronics,Monitor,2,394.32,0.1,709.77,551.45
101579,2025-02-03,South,Home,Cookware,2,115.43,0.0,230.85,152.09
101580,2024-05-05,East,Home,Coffee Maker,1,106.36,0.0,106.36,59.48
101581,2025-06-24,South,Sports,Running Shoes,2,112.04,0.05,212.87,123.18
101582,2025-04-28,East,Sports,Dumbbells,1,106.23,0.1,95.6,52.87
101583,2024-09-23,West,Sports,Fitness Watch,3,112.01,0.15,285.62,217.35
101584,2024-10-25,North,Clothing,Jacket,4,46.72,0.05,177.55,140.89
101585,2024-06-22,East,Clothing,Jacket,1,57.06,0.0,57.06,42.56
101586,2025-04-22,West,Electronics,Smartphone,2,413.68,0.15,703.26,448.83
101587,2024-07-16,East,Sports,Fitness Watch,1,68.04,0.1,61.23,42.53
101588,2024-08-30,East,,Vacuum,5,91.73,0.15,389.86,234.62
101589,2024-12-16,East,Home,Desk Lamp,5,72.12,0.0,360.59,230.22
101590,2024-04-06,South,Clothing,Sneakers,5,44.67,0.0,223.35,167.9
101591,2024-11-08,East,Beauty,Hair Dryer,4,45.01,0.0,180.03,119.94
101592,2025-06-10,North,Beauty,Hair Dryer,3,71.48,0.0,214.45,131.29
101593,2025-04-17,North,Electronics,Monitor,3,279.7,0.05,797.15,558.1
101594,2024-12-26,North,Sports,Dumbbells,4,93.64,0.1,337.11,230.86
101595,2024-10-26,North,Clothing,Sneakers,1,54.92,0.1,49.43,28.2
101596,2025-03-19,South,Sports,Dumbbells,4,96.18,0.0,384.74,244.38
101597,2025-06-13,North,Sports,Yoga Mat,2,78.73,0.15,133.85,92.4
101598,2024-05-02,South,Electronics,Headphones,4,385.59,0.1,1388.13,880.55
101599,2024-09-02,West,Home,Desk Lamp,2,75.63,0.1,136.13,100.9
101600,2025-05-13,North,Beauty,Hair Dryer,2,64.46,0.05,,98.37
101601,2025-03-12,West,Clothing,Jacket,5,59.08,0.0,295.42,199.01
101602,2025-05-09,East,Electronics,Smartphone,3,379.76,0.05,1082.32,649.46
101603,2024-09-24,South,Electronics,Monitor,3,459.57,0.15,1171.89,773.38
101604,2025-02-05,South,Clothing,Sneakers,2,74.13,0.0,148.26,91.26
101605,2024-11-29,South,Electronics,Smartphone,4,296.84,0.0,1187.37,814.74
101606,2025-05-04,West,Sports,Running Shoes,5,94.58,0.0,472.92,271.47
101607,2025-02-14,South,Home,Cookware,4,99.89,0.1,359.6,205.76
101608,2024-08-11,West,Clothing,Jeans,2,57.96,0.1,104.33,59.93
101609,2025-03-11,North,Electronics,Headphones,1,284.2,0.1,255.78,205.82
101610,2024-10-19,West,Sports,Running Shoes,3,84.79,0.05,241.66,191.59
101611,2024-08-19,East,Clothing,Jeans,5,63.31,0.1,284.89,216.62
101612,2024-10-25,North,Sports,Yoga Mat,4,111.69,0.1,402.07,238.38
101613,2024-06-13,North,Home,Desk Lamp,1,84.45,0.1,76.0,49.36
101614,2025-02-02,North,Clothing,T-Shirt,2,48.75,0.0,97.51,54.18
101615,2025-03-10,East,Clothing,Jacket,5,53.24,0.0,266.19,150.51
101616,2024-06-25,South,Sports,Running Shoes,3,64.31,0.0,192.94,120.02
101617,2024-02-16,South,Home,Desk Lamp,2,120.98,0.0,241.95,183.74
101618,2024-06-20,South,Sports,Fitness Watch,1,86.93,0.0,86.93,66.66
101619,2025-06-24,East,Clothing,Jeans,5,46.08,0.15,195.83,131.15
101620,2024-08-27,East,Sports,Running Shoes,5,80.28,0.0,401.42,301.31
101621,2024-06-27,East,Home,Desk Lamp,2,80.9,0.15,137.54,95.37
101622,2024-07-11,East,Clothing,Jacket,2,70.13,0.05,133.25,99.96
101623,2025-04-07,East,Electronics,Smartphone,2,397.48,0.0,794.97,535.7
101624,2024-09-08,East,Home,Vacuum,2,87.38,0.0,174.76,96.59
101625,2024-09-23,West,Clothing,Jeans,3,59.95,0.05,170.86,122.01
101626,2024-10-17,South,Sports,Fitness Watch,3,75.77,0.15,193.2,119.36
101627,2024-09-29,North,Electronics,Smartphone,3,471.32,0.1,1272.56,1014.8
101628,2024-06-09,North,Beauty,Makeup Kit,4,63.33,0.0,253.33,164.36
101629,2024-01-18,East,Clothing,Jacket,3,66.53,0.0,199.59,143.08
101630,2025-06-29,South,Clothing,T-Shirt,2,62.36,0.0,124.72,70.3
101631,2025-06-14,East,Home,Coffee Maker,1,91.7,0.1,82.53,56.45
101632,2024-08-01,North,Home,Cookware,2,78.22,0.05,148.63,121.54
101633,2025-03-03,South,Home,Coffee Maker,5,127.67,0.15,542.58,390.06
101634,2024-10-20,West,Electronics,Headphones,3,269.06,0.05,766.83,599.7
101635,2025-05-19,South,Electronics,Smartphone,3,349.86,0.05,997.09,703.89
101636,2024-02-15,North,Home,Coffee Maker,2,94.28,0.05,179.13,140.39
101637,2024-10-01,North,Clothing,Sneakers,2,52.66,0.0,105.32,69.72
101638,2025-01-03,South,Beauty,Perfume,3,56.16,0.05,160.07,126.32
101639,2024-09-20,North,Electronics,Smartphone,3,404.28,0.1,1091.56,705.24
101640,2024-08-29,South,Clothing,Sneakers,5,55.72,0.05,264.66,162.93
101641,2024-09-10,North,Home,Coffee Maker,4,107.57,0.0,430.3,296.79
101642,2024-11-12,North,Electronics,Monitor,1,413.71,0.05,393.03,297.21
101643,2024-02-23,North,Sports,Fitness Watch,3,111.38,0.15,284.02,228.54
101644,2024-03-10,South,Electronics,Laptop,5,316.64,0.0,1583.22,1109.11
101645,2024-02-01,West,Electronics,Headphones,4,430.41,0.15,1463.38,1009.17
101646,2025-06-07,East,,Sneakers,4,70.86,0.15,240.91,183.68
101647,2024-03-15,South,Home,Vacuum,1,127.72,0.2,102.18,57.93
101648,2024-05-09,South,Sports,Running Shoes,1,93.73,0.05,-50.05,50.26
101649,2025-04-05,East,Beauty,Perfume,3,73.04,0.0,219.13,129.33
101650,2024-10-29,South,Clothing,Sneakers,2,42.92,0.0,85.85,51.88
101651,2025-01-10,South,Electronics,Laptop,1,376.52,0.1,338.87,245.79
101652,2024-08-28,West,Clothing,Jacket,3,44.15,0.1,119.2,86.08
101653,2024-05-05,East,Sports,Yoga Mat,5,111.08,0.2,444.33,317.34
101654,2025-03-15,South,Clothing,Jacket,2,67.31,0.1,121.16,95.09
101655,2025-02-22,East,Electronics,Monitor,5,280.13,0.15,1190.54,789.77
101656,2024-04-30,North,Home,Coffee Maker,1,98.44,0.1,88.59,72.19
101657,2025-04-24,North,Electronics,Monitor,5,315.65,0.15,1341.52,766.41
101658,2025-03-17,East,Clothing,Jeans,5,67.14,0.1,302.11,225.73
101659,2024-11-17,South,Home,Desk Lamp,2,121.43,0.1,218.57,145.96
101660,2025-05-08,West,Home,Coffee Maker,2,107.2,0.1,192.95,131.6
101661,2024-01-05,West,Beauty,Makeup Kit,3,64.0,0.15,,111.08
101662,2024-03-04,East,Clothing,Sneakers,5,57.37,0.0,286.86,189.54
101663,2025-03-14,North,Beauty,Perfume,3,78.59,0.2,188.62,145.64
101664,2024-07-03,North,Electronics,Laptop,1,344.24,0.05,327.03,252.33
101665,2024-01-25,South,Home,Coffee Maker,2,99.85,0.0,-217.21,114.77
101666,2025-04-19,East,Sports,Yoga Mat,1,108.2,0.05,102.79,63.19
101667,2024-04-30,East,Beauty,Skincare Set,3,47.41,0.05,135.11,85.25
101668,2024-05-22,East,Electronics,Laptop,4,362.35,0.2,1159.51,801.72
101669,2024-09-12,East,Home,Coffee Maker,2,120.64,0.1,217.15,152.52
101670,2024-03-10,North,Home,Desk Lamp,2,93.76,0.0,187.52,115.55
101671,2024-02-22,North,Electronics,Laptop,5,416.62,0.1,1874.79,1133.51
101672,2024-12-09,East,Sports,Fitness Watch,3,76.96,0.1,207.8,135.09
101673,2024-10-27,North,Clothing,T-Shirt,5,49.62,0.0,,138.0
101674,2024-08-23,East,Electronics,Smartphone,5,332.06,0.15,1411.27,1149.39
101675,2024-02-10,East,Clothing,T-Shirt,3,72.6,0.0,217.79,137.14
101676,2025-04-27,West,Home,Coffee Maker,5,100.21,0.15,425.91,265.21
101677,2024-12-23,West,Home,Desk Lamp,5,86.55,0.0,432.76,238.78
101678,2024-04-02,South,Beauty,Hair Dryer,3,64.13,0.1,173.14,130.54
101679,2024-04-07,South,Electronics,Smartphone,2,471.13,0.05,895.15,545.79
101680,2024-05-26,West,Home,Cookware,4,95.45,0.1,343.61,193.67
101681,2024-10-03,West,Clothing,Jacket,2,70.56,0.0,141.12,86.74
101682,2024-11-18,South,Home,Cookware,4,97.37,0.0,389.48,291.67
101683,2025-05-16,South,Clothing,T-Shirt,1,57.09,0.0,57.09,36.84
101684,2024-03-31,East,Home,Desk Lamp,4,84.71,0.05,321.91,196.55
101685,2024-02-25,North,Electronics,Smartphone,2,338.92,0.15,576.16,395.75
101686,2024-07-24,West,Beauty,Skincare Set,4,71.31,0.1,256.73,200.66
101687,2024-04-21,South,Clothing,T-Shirt,1,43.74,0.1,39.37,28.45
101688,2024-06-04,West,Clothing,Sneakers,4,43.24,0.1,155.65,103.36
101689,2024-03-17,South,Electronics,Monitor,3,265.98,0.2,638.35,522.96
101690,2024-10-30,West,Electronics,Laptop,1,410.28,0.05,389.76,288.96
101691,2024-12-02,West,Home,Coffee Maker,5,103.07,0.1,-417.51,282.79
101692,2024-01-10,West,Home,Coffee Maker,3,107.93,0.0,323.79,193.24
101693,2024-12-14,North,Electronics,Smartphone,1,364.3,0.0,364.3,245.26
101694,2024-11-12,North,Electronics,Smartphone,4,379.97,0.1,1367.89,1047.65
101695,2024-01-09,North,Sports,Dumbbells,3,87.16,0.1,235.34,132.37
101696,2024-04-27,South,Home,Desk Lamp,1,124.29,0.1,111.86,75.08
101697,2025-02-11,North,Clothing,Jeans,2,59.37,0.0,118.74,67.23
101698,2024-05-09,East,Beauty,Skincare Set,4,46.79,0.0,187.17,125.98
101699,2024-06-22,East,Electronics,Smartphone,4,375.73,0.0,1502.93,1178.36
101700,2025-04-13,East,Sports,Yoga Mat,2,71.22,0.05,135.31,105.22
101701,2024-05-28,South,Electronics,Monitor,3,426.76,0.05,1216.28,758.49
101702,2024-08-11,South,Home,Desk Lamp,3,123.35,0.0,370.04,299.18
101703,2024-01-05,North,Home,Cookware,4,,0.0,418.58,246.18
101704,2024-09-24,West,Electronics,Monitor,5,310.55,0.1,1397.46,1068.38
101705,2024-09-06,West,Clothing,Jacket,2,72.87,0.0,145.73,112.88
101706,2024-01-19,North,Home,Desk Lamp,5,72.0,0.0,360.01,255.62
101707,2024-11-24,North,Sports,Fitness Watch,5,78.29,0.0,391.44,267.24
101708,2024-06-11,East,Home,Vacuum,3,121.03,0.0,363.1,260.79
101709,2024-05-10,South,Beauty,Skincare Set,4,76.56,0.1,275.63,188.99
101710,2024-05-20,North,Clothing,Jeans,1,66.21,0.1,59.59,42.61
101711,2024-04-01,North,Electronics,Headphones,2,402.13,0.05,764.05,480.83
101712,2024-11-07,South,Home,Cookware,1,103.67,0.2,82.94,57.56
101713,2024-09-03,South,Beauty,Perfume,4,66.57,0.15,226.34,162.11
101714,2025-03-27,West,Electronics,Monitor,1,305.91,0.2,244.73,177.2
101715,2024-09-30,West,Beauty,Skincare Set,4,72.9,0.1,262.45,182.72
101716,2025-01-05,South,Clothing,Jacket,2,55.59,0.15,94.51,62.99
101717,2024-03-07,East,Clothing,Sneakers,1,68.89,0.0,68.89,48.11
101718,2025-02-10,East,Beauty,Makeup Kit,2,69.29,0.0,138.58,90.46
101719,2024-06-23,East,Electronics,Headphones,5,326.65,0.2,1306.61,730.79
101720,2024-07-17,West,Electronics,Headphones,5,333.95,0.05,1586.26,1137.9
101721,2025-01-18,North,Clothing,Jacket,4,67.86,0.15,230.74,135.45
101722,2024-10-09,East,Sports,Yoga Mat,3,87.97,0.15,224.32,125.5
101723,2024-02-07,East,Sports,Dumbbells,3,87.36,0.0,262.09,208.93
101724,2024-08-18,North,Beauty,Makeup Kit,2,65.26,0.05,124.0,68.57
101725,2025-01-30,North,Electronics,Headphones,1,371.27,0.0,371.27,247.66
101726,2024-09-25,South,Beauty,Hair Dryer,2,72.3,0.05,137.36,102.67
101727,2024-12-09,East,Beauty,Perfume,3,78.33,0.0,235.0,191.96
101728,2024-07-28,West,Electronics,Headphones,2,421.0,0.0,842.0,570.08
101729,2024-10-23,South,Home,Cookware,1,93.63,0.1,84.27,60.22
101730,2025-04-11,North,Sports,Dumbbells,3,84.66,0.05,241.28,185.42
101731,2024-03-27,,Electronics,Laptop,2,420.29,0.1,756.52,558.22
101732,2024-09-16,North,Home,Vacuum,3,89.04,0.05,253.76,141.02
101733,2024-07-14,South,Electronics,Monitor,2,322.58,0.0,645.16,418.09
101734,2024-06-10,West,Sports,Fitness Watch,5,67.34,0.05,319.86,176.84
101735,2025-01-14,East,Home,Cookware,5,86.74,0.0,433.68,283.85
101736,2024-03-27,West,Sports,Fitness Watch,3,109.84,0.05,313.05,212.28
101737,2024-01-17,North,Home,Cookware,3,80.76,0.0,242.27,137.12
101738,2024-09-15,South,Home,Desk Lamp,2,108.67,0.05,206.48,153.07
101739,2024-08-10,West,Electronics,Smartphone,5,274.79,0.15,1167.86,798.88
101740,2024-07-15,North,Home,Cookware,3,121.69,0.0,365.08,241.85
101741,2025-02-09,West,Clothing,Sneakers,4,72.96,0.0,291.83,236.65
101742,2024-03-23,North,Sports,Yoga Mat,2,93.88,0.0,187.75,138.63
101743,2025-06-27,West,Sports,Running Shoes,5,92.33,0.0,461.66,321.59
101744,2024-06-07,East,Clothing,Jacket,5,53.56,0.05,254.43,195.42
101745,2024-08-26,West,Electronics,Monitor,1,288.95,0.05,274.5,187.78
101746,2025-05-19,South,Clothing,Sneakers,5,47.76,0.0,238.8,151.02
101747,2025-02-08,South,Clothing,Jeans,4,53.3,0.1,191.89,152.62
101748,2024-09-09,North,Sports,Fitness Watch,4,109.91,0.0,439.63,286.21
101749,2025-02-11,West,Clothing,T-Shirt,2,72.69,0.2,116.31,72.53
101750,2024-10-29,North,Electronics,Monitor,4,399.79,0.1,1439.25,1030.05
101751,2024-12-18,West,Electronics,Smartphone,1,392.13,0.0,392.13,221.58
101752,2024-07-20,South,Clothing,Jacket,5,62.17,0.1,279.77,162.66
101753,2024-10-15,South,Home,Vacuum,3,73.38,0.1,198.13,139.82
101754,2024-04-03,West,Clothing,Sneakers,5,64.85,0.15,275.63,202.0
101755,2025-04-28,South,Beauty,Hair Dryer,2,49.89,0.05,94.8,68.88
101756,2024-09-15,West,Home,Cookware,1,120.98,0.0,120.98,88.59
101757,2024-02-08,South,Clothing,Sneakers,4,73.43,0.0,293.72,206.99
101758,2025-05-07,East,Beauty,Perfume,5,63.79,0.15,271.09,168.61
101759,2024-01-31,West,Electronics,Headphones,2,465.77,0.05,884.96,640.92
101760,2024-04-05,East,Home,Vacuum,5,125.87,0.05,597.87,383.91
101761,2024-05-01,South,Electronics,Monitor,2,419.24,0.05,796.56,587.73
101762,2024-08-18,West,Clothing,Jacket,4,66.27,0.05,251.83,148.86
101763,2025-03-26,West,Clothing,Jacket,3,72.93,0.2,175.03,97.33
101764,2025-01-18,East,Electronics,Headphones,3,306.38,0.0,919.14,671.0
101765,2024-07-01,East,Home,Desk Lamp,1,116.88,0.1,105.2,81.66
101766,2024-10-27,South,Clothing,T-Shirt,3,72.74,0.0,218.21,146.0
101767,2024-09-01,West,Electronics,Monitor,4,437.56,0.05,1662.74,1175.65
101768,2024-10-14,North,Electronics,Smartphone,3,385.41,0.05,1098.41,734.72
101769,2025-02-08,West,Electronics,Headphones,4,436.46,0.0,1745.82,1167.41
101770,2024-03-27,North,Clothing,Jeans,1,63.81,0.05,60.62,41.81
101771,2024-10-24,South,Beauty,Perfume,5,48.82,0.15,207.47,139.12
101772,2025-03-12,North,Electronics,Monitor,3,375.47,0.15,957.45,697.95
101773,2025-02-21,North,Electronics,Smartphone,3,332.97,0.1,899.02,686.92
101774,2024-01-17,East,Electronics,Monitor,5,322.85,0.15,1372.1,993.99
101775,2024-09-02,North,Beauty,Hair Dryer,4,71.27,0.05,270.82,207.82
101776,2025-03-01,West,Electronics,Laptop,2,405.61,0.0,811.23,648.72
101777,2025-04-13,South,Sports,Dumbbells,5,64.77,0.05,307.65,220.7
101778,2025-01-06,East,Clothing,Jeans,4,44.68,0.05,169.8,137.62
101779,2024-12-15,South,Sports,Running Shoes,1,107.15,0.0,107.15,83.71
101780,2024-02-15,,Electronics,Headphones,5,320.84,0.0,1604.18,1245.76
101781,2024-09-28,North,Electronics,Laptop,3,293.65,0.2,704.77,454.88
101782,2024-04-29,West,Home,Vacuum,5,90.26,0.05,428.72,263.02
101783,2024-03-01,West,Beauty,Perfume,5,77.51,0.1,348.78,271.66
101784,2025-05-11,East,Electronics,Smartphone,2,420.35,0.05,798.67,636.2
101785,2025-04-17,East,Electronics,Smartphone,3,276.32,0.05,,594.74
101786,2024-06-22,,Clothing,Sneakers,3,46.98,0.05,133.89,82.49
101787,2024-05-18,South,Beauty,Perfume,2,68.65,0.0,137.29,111.02
101788,2024-11-04,East,Sports,Yoga Mat,4,81.7,0.1,294.1,234.8
101789,2024-06-14,North,Home,Vacuum,2,93.39,0.1,168.1,102.13
101790,2025-01-14,East,Electronics,Laptop,1,436.63,0.0,436.63,321.96
101791,2024-01-18,South,Sports,Dumbbells,4,86.19,0.2,275.82,187.11
101792,2025-05-06,North,Home,Coffee Maker,4,78.22,0.1,281.6,220.86
101793,2024-03-12,West,Home,Coffee Maker,3,96.35,0.1,260.14,152.93
101794,2024-06-17,East,Clothing,Jacket,1,48.67,0.1,43.81,33.97
101795,2025-05-18,North,Clothing,T-Shirt,1,53.47,0.2,42.77,27.58
101796,2025-02-19,West,Clothing,T-Shirt,3,55.22,0.05,157.37,91.63
101797,2024-10-29,South,Clothing,Jeans,2,41.34,0.05,78.55,58.75
101798,2024-03-29,North,Beauty,Makeup Kit,1,46.24,0.1,41.62,24.79
101799,2024-12-18,North,Home,Vacuum,4,117.65,0.2,376.49,294.82
101800,2024-12-28,North,Clothing,Jacket,2,49.21,0.1,88.58,70.45
101801,2024-12-17,West,Sports,Dumbbells,1,104.04,0.1,93.64,58.96
101802,2025-06-19,South,Electronics,Laptop,5,433.96,0.1,1952.8,1537.14
101803,2024-07-08,East,Clothing,Jeans,2,71.47,0.2,114.34,71.8
101804,2024-08-05,West,Clothing,Jeans,4,63.49,0.0,253.95,140.63
101805,2024-03-19,West,Home,Vacuum,1,74.86,0.0,74.86,59.07
101806,2024-03-26,West,Beauty,Hair Dryer,1,53.84,0.0,53.84,39.17
101807,2024-04-16,South,Home,Cookware,5,89.53,0.0,447.64,355.93
101808,2025-04-26,West,Beauty,Makeup Kit,3,67.09,0.0,201.27,121.91
101809,2024-02-29,South,Home,Vacuum,4,120.04,0.2,384.11,249.31
101810,2024-08-13,North,Electronics,Smartphone,2,307.55,0.0,615.1,401.97
101811,2024-02-23,South,Clothing,Jacket,3,54.16,0.15,-35.53,80.96
101812,2024-06-07,South,Sports,Fitness Watch,1,92.23,0.0,92.23,57.78
101813,2024-06-08,West,Clothing,Jacket,3,55.61,0.2,133.46,82.49
101814,2024-09-30,North,Sports,Dumbbells,4,100.03,0.05,380.13,245.39
101815,2024-07-10,North,Home,Cookware,5,127.71,0.0,638.56,464.51
101816,2025-05-15,,Clothing,T-Shirt,1,50.59,0.05,48.06,38.91
101817,2024-03-08,West,Home,Coffee Maker,1,112.07,0.1,100.86,66.16
101818,2024-11-08,East,Clothing,T-Shirt,3,49.77,0.05,141.85,82.82
101819,2024-02-14,South,Home,Coffee Maker,3,79.56,0.0,238.69,192.22
101820,2024-08-24,North,Home,Vacuum,5,116.88,0.15,496.75,277.07
101821,2024-02-05,South,Sports,Running Shoes,3,,0.15,206.23,147.83
101822,2025-05-30,West,Home,Desk Lamp,3,80.68,0.0,242.03,183.13
101823,2025-06-09,West,Beauty,Perfume,5,70.43,0.0,352.16,221.94
101824,2025-01-30,East,Home,Cookware,1,82.15,0.05,78.04,43.54
101825,2024-09-13,West,Electronics,Headphones,1,334.09,0.0,334.09,230.52
101826,2025-05-01,West,Beauty,Perfume,1,53.69,0.0,53.69,32.76
101827,2024-12-06,,Beauty,Perfume,3,67.57,0.05,192.56,125.69
101828,2024-05-22,West,Home,Cookware,1,126.66,0.0,126.66,90.22
101829,2024-05-02,East,Home,Cookware,1,87.57,0.15,74.44,50.71
101830,2024-09-12,North,Electronics,Laptop,3,385.68,0.1,1041.33,696.98
101831,2024-01-05,South,Home,Vacuum,5,117.52,0.1,528.85,413.73
101832,2024-05-21,East,Sports,Yoga Mat,3,82.39,0.1,222.44,170.65
101833,2025-06-30,North,Beauty,Hair Dryer,5,76.71,0.0,383.57,311.97
101834,2024-05-17,South,Electronics,Smartphone,2,268.22,0.1,482.8,320.91
101835,2024-11-23,West,Electronics,Laptop,1,298.27,0.2,238.62,165.29
101836,2025-03-13,North,Beauty,Skincare Set,3,57.76,0.15,147.3,94.96
101837,2024-11-16,East,Beauty,Makeup Kit,3,72.76,0.1,196.45,114.99
101838,2025-06-01,North,Beauty,Perfume,1,60.58,0.05,57.56,38.55
101839,2025-04-09,East,Beauty,Perfume,4,74.66,0.0,,202.58
101840,2024-03-13,,Home,Cookware,4,108.84,0.0,435.35,338.88
101841,2025-05-11,West,Home,Desk Lamp,3,101.38,0.1,273.74,165.58
101842,2025-01-13,West,Home,Cookware,2,95.39,0.0,190.79,143.38
101843,2025-01-04,West,Sports,Running Shoes,4,80.65,0.0,322.59,258.87
101844,2024-12-19,West,Electronics,Smartphone,4,414.9,0.05,1576.64,1289.74
101845,2025-05-05,South,Sports,Fitness Watch,1,99.84,0.05,94.85,65.48
101846,2024-11-06,West,Clothing,Jacket,5,53.08,0.0,265.39,202.78
101847,2024-11-10,West,Home,Vacuum,4,126.48,0.05,480.63,327.19
101848,2024-06-21,East,Electronics,Headphones,2,436.0,0.0,-352.62,607.66
101849,2024-07-21,East,Sports,Fitness Watch,3,74.26,0.15,189.37,138.22
101850,2024-08-23,North,Sports,Running Shoes,1,112.03,0.0,112.03,78.49
101851,2025-05-04,North,Sports,Yoga Mat,2,97.32,0.15,165.45,123.93
101852,2024-04-12,East,Electronics,Monitor,4,416.63,0.1,1499.86,1085.21
101853,2024-09-13,South,Beauty,Makeup Kit,2,48.24,0.05,91.66,59.89
101854,2024-07-11,South,Home,Vacuum,2,93.5,0.15,158.95,92.98
101855,2025-01-19,West,Electronics,Laptop,1,267.38,0.05,254.01,153.38
101856,2024-07-16,East,Sports,Yoga Mat,3,75.64,0.0,226.91,150.2
101857,2024-04-12,West,Beauty,Hair Dryer,5,79.39,0.1,357.25,248.13
101858,2024-11-07,South,Clothing,Jeans,3,67.87,0.05,193.44,153.79
101859,2024-03-27,North,Home,Cookware,2,102.54,0.0,205.08,127.18
101860,2024-04-21,North,Home,Desk Lamp,2,103.57,0.05,196.79,161.26
101861,2024-03-19,West,Home,Vacuum,4,96.37,0.0,385.49,257.86
101862,2024-07-23,,Beauty,Perfume,4,58.89,0.0,235.56,147.55
101863,2024-11-22,South,,Perfume,4,73.71,0.05,280.11,197.1
101864,2025-01-16,North,Electronics,Headphones,1,354.96,0.1,319.46,196.15
101865,2024-07-11,West,Clothing,Jacket,2,64.96,0.1,116.92,82.55
101866,2025-02-09,North,Clothing,Jeans,2,58.94,0.0,117.88,96.3
101867,2025-05-25,South,Clothing,Sneakers,5,63.11,0.0,315.57,181.27
101868,2024-12-31,South,Beauty,Perfume,4,69.01,0.1,248.42,166.2
101869,2025-01-18,North,Home,Desk Lamp,4,111.37,0.05,423.22,316.73
101870,2024-10-23,West,Sports,Yoga Mat,3,94.81,0.0,284.44,166.11
101871,2025-01-14,South,Clothing,Jacket,2,61.11,0.2,97.78,56.03
101872,2024-09-10,North,Sports,Fitness Watch,3,103.44,0.0,310.33,197.68
101873,2024-03-08,North,Electronics,Monitor,1,375.66,0.0,375.66,230.08
101874,2025-04-16,West,Clothing,Sneakers,4,42.1,0.1,151.55,119.53
101875,2024-08-09,South,Beauty,Makeup Kit,2,52.42,0.2,83.87,59.36
101876,2025-01-20,West,Electronics,Laptop,2,348.72,0.0,697.44,517.32
101877,2025-03-15,South,Home,Cookware,2,117.71,0.0,235.41,164.28
101878,2025-03-22,West,Clothing,Jacket,4,67.92,0.1,244.5,160.41
101879,2024-01-30,West,Beauty,Skincare Set,5,55.3,0.1,248.83,157.32
101880,2024-01-27,East,Sports,Running Shoes,5,71.44,0.0,357.2,261.83
101881,2024-05-02,West,Beauty,Makeup Kit,1,71.17,0.0,71.17,39.54
101882,2024-06-19,South,Electronics,Laptop,5,433.42,0.1,1950.37,1541.02
101883,2025-06-12,West,Sports,Running Shoes,3,106.35,0.0,319.06,220.92
101884,2024-12-17,West,Home,Vacuum,2,117.98,0.05,224.16,123.37
101885,2024-05-14,West,Electronics,Monitor,3,400.67,0.2,961.61,762.27
101886,2025-03-15,West,Sports,Yoga Mat,4,110.63,0.05,420.41,329.89
101887,2024-04-11,East,Sports,Running Shoes,2,97.0,0.05,184.3,146.26
101888,2024-09-08,West,Home,Coffee Maker,4,100.17,0.1,360.62,247.77
101889,2024-12-11,North,Electronics,Laptop,4,345.61,0.0,1382.43,827.47
101890,2024-07-13,North,Clothing,T-Shirt,1,56.67,0.1,51.01,35.43
101891,2024-03-15,East,Sports,Fitness Watch,1,94.96,0.1,85.46,57.04
101892,2024-08-29,South,Electronics,Laptop,3,399.88,0.05,1139.66,871.11
101893,2025-03-01,East,Clothing,Sneakers,4,54.04,0.0,216.15,173.81
101894,2024-03-29,West,Home,Coffee Maker,1,78.32,0.1,70.49,42.32
101895,2025-06-13,North,Clothing,Jeans,2,65.54,0.2,104.87,76.15
101896,2024-11-02,South,Clothing,Jeans,1,48.23,0.0,48.23,38.7
101897,2025-04-15,South,Electronics,Monitor,1,310.73,0.0,310.73,246.79
101898,2024-10-19,North,Beauty,Perfume,5,47.78,0.05,226.94,178.31
101899,2025-01-15,North,Sports,Dumbbells,1,93.78,0.05,89.09,65.36
101900,2025-06-19,East,Clothing,Sneakers,5,41.46,0.1,186.56,125.38
101901,2025-03-16,North,Sports,Yoga Mat,-2,76.05,0.05,288.98,231.22
101902,2024-04-10,North,Sports,Fitness Watch,5,77.96,0.05,370.32,224.17
101903,2024-08-01,East,Clothing,Jeans,5,51.62,0.0,258.08,185.75
101904,2025-05-15,South,Electronics,Monitor,5,342.09,0.05,1624.94,1094.17
101905,2024-05-05,West,Sports,Dumbbells,3,75.89,0.2,182.13,116.68
101906,2025-01-11,North,Sports,Fitness Watch,4,80.79,0.15,274.69,168.79
101907,2024-08-06,West,Home,Vacuum,2,109.03,0.1,196.26,140.86
101908,2025-06-18,East,Beauty,Skincare Set,2,66.24,0.2,105.98,67.32
101909,2024-10-18,East,Beauty,Hair Dryer,3,59.7,0.0,179.1,144.65
101910,2024-10-06,South,Electronics,Monitor,3,419.5,0.1,1132.64,927.96
101911,2025-04-10,West,Home,Coffee Maker,5,87.64,0.2,350.55,210.42
101912,2024-07-19,East,Electronics,Headphones,5,396.93,0.0,1984.65,1152.23
101913,2025-03-28,East,Sports,Fitness Watch,1,99.48,0.0,99.48,60.81
101914,2025-01-20,East,Clothing,Sneakers,5,54.87,0.1,246.9,154.43
101915,2025-04-27,West,Electronics,Laptop,2,372.01,0.0,744.02,495.4
101916,2024-02-02,North,Clothing,Sneakers,2,59.78,0.0,119.56,87.72
101917,2024-05-06,North,Home,Vacuum,4,122.22,0.2,391.09,262.14
101918,2024-11-11,South,Electronics,Laptop,1,310.99,0.0,310.99,229.83
101919,2024-05-19,South,Home,Coffee Maker,1,96.59,0.1,86.93,48.24
101920,2025-04-09,North,Beauty,Perfume,4,63.57,0.0,,183.43
101921,2024-04-22,West,Clothing,Jacket,5,44.76,0.05,212.59,163.81
101922,2024-05-23,West,Beauty,Makeup Kit,3,53.78,0.1,145.21,105.48
101923,2024-09-22,East,Electronics,Monitor,1,384.74,0.05,365.51,276.03
101924,2024-09-22,North,Electronics,Smartphone,1,294.96,0.05,280.21,212.77
101925,2025-01-04,North,Sports,Fitness Watch,2,81.38,0.05,154.62,112.17
101926,2025-01-25,West,Beauty,Perfume,2,74.05,0.1,133.28,84.65
101927,2024-11-20,South,Sports,Yoga Mat,4,100.57,0.05,382.16,266.18
101928,2025-05-30,North,Electronics,Laptop,5,271.84,0.0,1359.18,1062.38
101929,2024-03-05,East,Beauty,Perfume,1,69.16,0.0,69.16,55.56
101930,2025-02-08,South,Home,Desk Lamp,5,84.12,0.05,399.59,286.07
101931,2024-08-22,North,Electronics,Headphones,4,315.7,0.0,1262.79,773.47
101932,2024-01-26,East,Home,Coffee Maker,4,97.36,0.05,369.98,257.04
101933,2025-03-26,East,Beauty,Perfume,4,61.11,0.15,207.77,149.41
101934,2025-03-29,North,Beauty,Makeup Kit,3,80.05,0.15,204.12,113.77
101935,2025-04-19,West,Home,Coffee Maker,1,87.97,0.05,83.57,47.89
101936,2024-11-21,North,Beauty,Hair Dryer,4,69.5,0.0,278.0,180.26
101937,2024-08-30,South,Home,Cookware,2,114.78,0.0,229.56,137.92
101938,2024-10-19,East,Beauty,Hair Dryer,2,45.17,0.1,81.3,55.7
101939,2025-02-11,East,Clothing,Jacket,3,58.96,0.05,168.03,92.56
101940,2024-02-26,North,Sports,Fitness Watch,2,81.28,0.05,154.43,103.92
101941,2025-02-21,East,Beauty,Hair Dryer,4,57.66,0.05,219.12,140.77
101942,2024-02-21,North,Electronics,Smartphone,5,306.97,0.0,1534.85,988.71
101943,2025-04-26,North,Electronics,Smartphone,2,361.01,0.1,649.81,405.04
101944,2024-07-22,East,Sports,Running Shoes,1,111.47,0.1,100.32,58.36
101945,2025-03-04,West,Home,Cookware,3,107.55,0.1,290.39,179.96
101946,2024-11-23,North,Sports,Yoga Mat,5,65.05,0.1,292.74,208.81
101947,2024-11-08,West,Electronics,Monitor,2,297.38,0.05,565.02,408.8
101948,2025-04-11,South,Electronics,Headphones,4,402.08,0.0,1608.3,1003.15
101949,2025-04-13,East,Clothing,Jacket,3,42.19,0.0,126.58,98.05
101950,2024-10-25,North,Sports,Running Shoes,3,84.53,0.0,253.58,193.31
101951,2024-07-12,East,Electronics,Smartphone,5,355.41,0.1,1599.36,1176.5
101952,2024-03-28,South,Clothing,Jeans,3,68.81,0.1,185.79,136.99
101953,2024-10-17,East,Clothing,Jacket,1,61.85,0.05,58.76,35.85
101954,2025-01-22,West,Beauty,Skincare Set,4,58.29,0.0,233.18,179.65
101955,2024-12-27,East,Home,Cookware,3,74.85,0.05,213.33,149.58
101956,2024-06-28,South,Electronics,Monitor,1,458.71,0.1,412.83,277.17
101957,2024-02-02,East,Home,Desk Lamp,5,105.58,0.1,475.1,287.99
101958,2025-03-23,South,Sports,Running Shoes,5,103.32,0.15,439.12,322.52
101959,2024-05-22,West,Electronics,Smartphone,2,,0.1,601.73,353.24
101960,2025-01-13,South,Sports,Fitness Watch,4,71.33,0.05,271.04,202.49
101961,2025-04-26,East,Clothing,Jacket,1,53.29,0.1,47.96,29.54
101962,2024-03-25,South,Sports,Yoga Mat,1,76.96,0.0,76.96,45.09
101963,2024-10-26,East,Electronics,Laptop,4,308.97,0.0,1235.87,845.57
101964,2025-01-09,South,Home,Vacuum,1,117.64,0.1,105.88,67.67
101965,2025-04-19,East,Electronics,Laptop,3,351.95,0.1,950.25,720.87
101966,2025-03-11,West,Beauty,Makeup Kit,4,56.62,0.1,203.83,162.09
101967,2024-03-03,South,Home,Vacuum,1,103.05,0.05,97.9,55.41
101968,2024-01-18,West,Home,Cookware,1,128.08,0.05,121.68,70.65
101969,2024-07-16,North,Electronics,Laptop,1,302.12,0.15,256.8,151.81
101970,2024-10-22,West,Sports,Dumbbells,3,110.36,0.0,331.08,263.25
101971,2024-05-21,South,Sports,Yoga Mat,5,93.65,0.1,421.43,340.77
101972,2024-05-14,East,Beauty,Hair Dryer,4,61.68,0.2,197.38,149.31
101973,2024-01-22,East,Electronics,Smartphone,4,350.3,0.05,1331.15,1064.87
101974,2025-01-22,North,Sports,Fitness Watch,2,78.51,0.0,157.03,87.53
101975,2024-03-10,North,Clothing,Jacket,2,70.65,0.1,127.16,97.69
101976,2025-03-14,West,Clothing,Jeans,1,66.66,0.0,66.66,53.44
101977,2024-04-23,North,Clothing,T-Shirt,5,42.14,0.05,200.18,116.71
101978,2024-03-21,South,Clothing,Jacket,1,49.6,0.05,47.12,30.95
101979,2024-01-20,North,Sports,Fitness Watch,5,83.55,0.0,417.73,282.46
101980,2024-05-25,West,Electronics,Laptop,2,357.22,0.05,678.72,472.67
101981,2024-03-05,East,Clothing,Jacket,1,42.44,0.05,40.32,31.36
101982,2024-08-30,,Electronics,Monitor,1,460.77,0.0,460.77,298.58
101983,2024-03-13,West,Home,Coffee Maker,3,112.18,0.0,336.53,238.45
101984,2025-02-22,West,Clothing,Jeans,2,54.82,0.1,98.68,62.69
101985,2024-12-25,South,Clothing,Sneakers,3,51.63,0.0,154.89,86.15
101986,2025-05-12,North,Home,Cookware,5,122.49,0.0,612.44,350.97
101987,2025-01-09,North,Clothing,Jacket,3,74.16,0.1,200.23,126.48
101988,2024-11-13,West,Electronics,Laptop,3,440.61,0.0,1321.82,1058.65
101989,2025-03-19,East,Electronics,Laptop,5,279.48,0.1,1257.68,750.32
101990,2024-03-01,West,Electronics,Laptop,4,379.79,0.0,1519.17,1107.34
101991,2024-04-03,East,Sports,Dumbbells,4,82.26,0.1,296.13,213.27
101992,2024-04-18,East,Electronics,Laptop,2,335.17,0.2,536.28,317.49
101993,2024-02-26,West,Beauty,Makeup Kit,3,68.13,0.0,204.4,126.54
101994,2024-04-30,East,Home,Cookware,2,91.66,0.1,164.99,99.05
101995,2024-12-26,East,Home,Desk Lamp,3,82.31,0.15,209.89,119.72
101996,2025-03-21,North,Sports,Dumbbells,2,74.53,0.0,149.05,88.07
101997,2024-06-03,East,Sports,Running Shoes,1,70.41,0.15,59.85,35.15
101998,2025-05-03,South,Home,Desk Lamp,5,101.68,0.05,482.98,277.76
101999,2025-05-22,North,Electronics,Monitor,4,363.7,0.1,1309.31,924.06
102000,2024-03-20,South,Clothing,T-Shirt,4,70.38,0.0,281.51,180.92
102001,2024-12-03,North,Sports,Fitness Watch,1,114.08,0.0,114.08,75.69
102002,2025-05-20,West,Clothing,Sneakers,3,53.69,0.0,161.08,131.82
102003,2025-01-14,North,Electronics,Headphones,5,323.75,0.15,1375.92,764.14
102004,2024-09-18,East,Clothing,Sneakers,5,66.13,0.1,297.57,190.98
102005,2024-10-02,South,Clothing,Sneakers,1,70.82,0.1,63.74,44.24
102006,2025-04-20,North,Clothing,Jacket,4,64.39,0.15,218.91,172.95
102007,2024-01-16,North,,Desk Lamp,5,122.65,0.1,551.91,413.41
102008,2025-05-21,East,Clothing,Jacket,5,57.23,0.2,228.9,155.2
102009,2024-12-04,North,Beauty,Skincare Set,2,80.12,0.1,144.22,106.66
102010,2024-07-10,North,Clothing,T-Shirt,3,47.37,0.0,142.1,80.53
102011,2024-03-28,South,Home,Desk Lamp,2,99.55,0.05,189.15,119.28
102012,2024-02-06,West,Sports,Fitness Watch,3,79.43,0.2,190.63,133.28
102013,2025-01-12,West,Electronics,Smartphone,1,295.55,0.0,295.55,194.58
102014,2024-03-13,South,Home,Desk Lamp,4,114.86,0.1,413.49,326.08
102015,2025-01-16,North,Home,Vacuum,2,112.39,0.0,224.78,142.66
102016,2024-08-15,West,Electronics,Laptop,2,410.74,0.0,821.48,504.57
102017,2024-09-12,South,Home,Desk Lamp,4,104.35,0.0,417.39,317.07
102018,2025-04-07,East,Sports,Yoga Mat,1,107.22,0.05,101.86,71.98
102019,2024-11-18,North,Sports,Yoga Mat,3,68.77,0.2,165.04,95.85
102020,2025-03-02,East,Clothing,Sneakers,1,43.58,0.15,37.04,23.26
102021,2025-01-04,South,Clothing,T-Shirt,4,46.93,0.0,187.74,127.68
102022,2024-09-14,West,Home,Vacuum,4,117.76,0.0,471.04,303.97
102023,2024-03-07,East,Sports,Yoga Mat,5,102.33,0.05,486.08,351.21
102024,2024-07-05,South,Electronics,Monitor,3,446.33,0.2,1071.18,603.2
102025,2024-05-14,South,Sports,Yoga Mat,2,88.41,0.15,150.29,113.92
102026,2024-03-22,North,Electronics,Smartphone,3,356.66,0.2,855.97,546.01
102027,2025-06-13,South,Electronics,Smartphone,4,365.08,0.1,1314.29,735.74
102028,2025-02-22,North,Clothing,Sneakers,4,70.0,0.0,280.01,188.79
102029,2024-07-11,North,Sports,Fitness Watch,3,66.6,0.0,199.8,162.97
102030,2024-11-15,West,Home,Cookware,3,87.52,0.05,249.42,151.36
102031,2024-10-09,North,Sports,Fitness Watch,5,64.89,0.05,308.21,204.13
102032,2025-04-07,North,Home,Cookware,5,110.59,0.0,552.96,373.71
102033,2024-03-11,West,Beauty,Makeup Kit,2,50.5,0.05,95.95,71.33
102034,2025-05-23,North,Sports,Fitness Watch,5,73.35,0.0,366.73,203.8
102035,2024-01-31,West,Electronics,Monitor,4,309.02,0.15,1050.67,777.55
102036,2025-02-12,North,Home,Desk Lamp,2,85.64,0.0,171.27,109.43
102037,2024-03-28,North,Home,Coffee Maker,3,114.38,0.0,343.15,277.0
102038,2025-01-28,West,Sports,Fitness Watch,5,108.53,0.1,488.4,310.64
102039,2024-05-01,East,Electronics,Laptop,1,382.54,0.15,325.16,213.4
102040,2025-04-21,South,Sports,Running Shoes,5,113.66,0.15,483.06,291.92
102041,2025-01-16,South,Sports,Running Shoes,3,90.38,0.0,271.15,206.27
102042,2025-01-24,North,Electronics,Headphones,3,373.5,0.05,1064.48,589.09
102043,2025-04-01,West,Home,Vacuum,5,115.16,0.05,547.01,401.64
102044,2024-04-28,North,Electronics,Laptop,3,404.32,0.2,970.36,588.64
102045,2025-04-26,West,Beauty,Skincare Set,3,71.45,0.05,203.62,145.75
102046,2024-03-07,West,Beauty,Makeup Kit,2,73.29,0.15,124.6,70.67
102047,2025-01-07,North,Sports,Fitness Watch,5,77.02,0.05,365.82,232.83
102048,2024-12-25,East,Beauty,Skincare Set,5,72.22,0.05,343.07,253.24
102049,2024-11-04,West,Clothing,Jeans,4,58.87,0.1,211.92,121.23
102050,2025-01-23,South,Clothing,Sneakers,4,61.29,0.0,245.17,168.72
102051,2024-02-12,North,Electronics,Headphones,4,339.39,0.0,1357.55,942.07
102052,2024-03-13,North,Beauty,Skincare Set,2,51.67,0.1,93.01,53.19
102053,2025-05-13,West,Sports,Fitness Watch,4,104.3,0.0,417.22,320.26
102054,2024-05-01,North,Beauty,Perfume,2,51.98,0.05,98.76,57.86
102055,2024-03-28,East,Home,Desk Lamp,5,107.67,0.1,484.52,343.6
102056,2024-01-23,South,Electronics,Laptop,4,458.25,0.0,,1035.55
102057,2025-04-01,East,Sports,Running Shoes,3,96.32,0.1,260.07,160.02
102058,2024-01-25,West,Electronics,Laptop,5,267.48,0.05,1270.54,929.31
102059,2024-06-28,North,Beauty,Makeup Kit,5,46.88,0.0,234.38,136.63
102060,2025-04-30,North,Clothing,Jeans,3,65.14,0.1,175.89,103.43
102061,2025-04-05,East,Sports,Running Shoes,4,82.74,0.0,330.95,237.97
102062,2025-05-25,South,Electronics,Smartphone,2,429.35,0.15,729.9,446.9
102063,2024-11-10,South,Clothing,Jeans,5,47.48,0.15,201.79,126.16
102064,2024-01-01,East,Sports,Running Shoes,3,85.74,0.05,244.36,134.79
102065,2024-11-15,North,Clothing,T-Shirt,1,64.35,0.2,51.48,31.78
102066,2025-04-23,East,Home,Cookware,4,74.23,0.0,296.94,222.06
102067,2025-04-27,North,Clothing,Jeans,4,42.82,0.1,154.17,112.25
102068,2025-02-11,South,Sports,Yoga Mat,5,92.46,0.15,392.97,288.8
102069,2024-06-30,South,Electronics,Laptop,2,275.1,0.0,550.19,403.39
102070,2024-04-21,East,Home,Vacuum,2,99.56,0.05,189.15,140.33
102071,2025-03-07,East,Electronics,Monitor,1,364.47,0.0,364.47,246.73
102072,2024-08-25,West,Electronics,Headphones,2,421.57,0.2,674.51,498.75
102073,2024-06-09,West,Electronics,Headphones,5,334.22,0.0,1671.12,1089.38
102074,2025-03-08,West,Electronics,Laptop,4,304.46,0.1,1096.07,635.39
102075,2024-04-09,East,Clothing,Jacket,5,73.71,0.0,368.53,281.06
102076,2024-09-30,East,Sports,Yoga Mat,5,73.28,0.05,348.09,208.43
102077,2024-10-02,South,Beauty,Hair Dryer,4,63.94,0.1,230.17,163.03
102078,2024-05-07,West,Beauty,Makeup Kit,3,51.39,0.1,138.76,88.31
102079,2024-08-07,East,Clothing,Jacket,5,70.67,0.1,318.03,259.56
102080,2024-01-30,North,Home,Desk Lamp,5,95.94,0.15,407.76,254.5
102081,2025-05-17,West,Home,Cookware,3,97.79,0.0,293.38,168.6
102082,2024-04-22,North,Electronics,Smartphone,2,373.27,0.05,709.22,496.43
102083,2024-04-12,South,Electronics,Monitor,3,462.51,0.05,1318.16,741.26
102084,2025-03-12,North,Electronics,Smartphone,3,398.0,0.1,1074.61,738.01
102085,2024-11-24,North,Beauty,Skincare Set,4,79.3,0.0,317.2,234.28
102086,2024-11-12,North,Beauty,Hair Dryer,3,66.25,0.0,198.75,128.0
102087,2025-03-15,East,Beauty,Makeup Kit,3,68.74,0.2,164.98,130.22
102088,2025-02-12,East,Sports,Running Shoes,1,90.73,0.0,90.73,50.27
102089,2024-09-02,East,Electronics,Laptop,3,263.63,0.0,790.89,499.11
102090,2025-03-10,West,Beauty,Perfume,1,50.98,0.0,50.98,30.67
102091,2025-01-30,West,Clothing,Jeans,1,63.34,0.2,50.67,31.14
102092,2024-02-01,South,Sports,Running Shoes,5,63.91,0.0,319.57,250.25
102093,2024-10-08,North,Sports,Running Shoes,1,97.14,0.05,92.28,57.65
102094,2024-01-21,West,Beauty,Makeup Kit,3,58.11,0.15,148.18,109.22
102095,2024-09-22,East,Electronics,Monitor,2,401.18,0.1,722.12,462.76
102096,2025-02-15,West,Clothing,Sneakers,3,67.07,0.15,171.04,126.54
102097,2024-05-21,North,Home,Cookware,1,112.05,0.05,106.45,86.25
102098,2024-11-27,North,Electronics,Laptop,1,316.55,0.05,300.73,168.16
102099,2024-01-25,South,Beauty,Perfume,1,51.72,0.0,51.72,33.27
102100,2025-03-02,North,Electronics,Laptop,3,372.02,0.1,1004.46,690.47
102101,2024-11-06,West,Home,Coffee Maker,4,121.73,0.0,486.9,326.25
102102,2024-12-01,North,,Makeup Kit,3,63.32,0.05,180.46,135.34
102103,2024-07-05,South,Electronics,Laptop,2,421.76,0.1,759.17,446.34
102104,2025-06-13,West,Clothing,Sneakers,2,49.55,0.1,89.18,68.63
102105,2025-01-17,South,Home,Cookware,5,88.51,0.15,376.16,224.06
102106,2024-06-30,South,Beauty,Makeup Kit,4,60.21,0.0,240.86,140.87
102107,2024-03-13,South,Sports,Fitness Watch,3,109.89,0.0,329.67,196.83
102108,2024-05-08,South,Home,Cookware,1,101.85,0.15,86.57,58.09
102109,2024-06-12,North,Clothing,Sneakers,4,57.3,0.1,-386.03,144.48
102110,2025-01-01,North,Sports,Yoga Mat,4,111.91,0.0,447.62,343.22
102111,2025-01-26,South,Sports,Running Shoes,1,76.57,0.1,68.91,38.55
102112,2024-07-06,South,Beauty,Hair Dryer,3,54.81,0.0,164.43,120.16
102113,2024-08-27,North,Clothing,T-Shirt,4,61.35,0.1,220.87,173.0
102114,2025-04-09,South,Electronics,Laptop,4,318.81,0.1,1147.73,667.98
102115,2025-05-18,North,Clothing,Jeans,5,59.85,0.1,269.34,219.25
102116,2024-10-26,North,Home,Vacuum,3,,0.15,214.67,153.79
102117,2025-04-15,West,Electronics,Smartphone,2,466.77,0.0,933.54,743.18
102118,2025-05-09,South,Home,Cookware,1,74.16,0.05,70.46,53.87
102119,2025-01-03,East,Home,Desk Lamp,5,84.97,0.2,339.89,263.97
102120,2024-08-09,East,Clothing,Sneakers,2,41.28,0.2,66.05,41.28
102121,2024-04-30,South,Home,Coffee Maker,3,111.52,0.05,317.84,199.46
102122,2025-04-30,West,Home,Desk Lamp,2,127.8,0.05,242.82,186.86
102123,2024-01-09,North,Clothing,Sneakers,5,48.73,0.0,243.66,186.47
102124,2024-08-22,North,Clothing,Jeans,5,50.09,0.1,225.41,138.39
102125,2025-01-13,South,Beauty,Perfume,5,69.07,0.0,345.37,246.51
102126,2024-03-20,South,Clothing,T-Shirt,5,55.12,0.1,248.03,159.1
102127,2025-03-18,North,Electronics,Monitor,5,427.79,0.1,1925.07,1290.61
102128,2024-06-10,South,Sports,Fitness Watch,4,85.63,0.0,342.54,248.56
102129,2024-02-29,West,Electronics,Smartphone,5,295.75,0.0,1478.75,1060.6
102130,2025-04-02,,Electronics,Laptop,2,323.85,0.2,518.16,329.64
102131,2024-07-17,North,Clothing,T-Shirt,5,56.95,0.1,256.29,207.37
102132,2024-07-31,North,Clothing,Jeans,3,61.37,0.1,165.69,119.42
102133,2024-11-12,East,Sports,Yoga Mat,4,90.07,0.05,342.28,221.59
102134,2024-08-24,South,Beauty,Hair Dryer,2,47.56,0.15,80.85,52.88
102135,2024-11-11,North,Clothing,Sneakers,1,52.03,0.05,49.42,31.84
102136,2025-03-25,East,Home,Desk Lamp,5,80.01,0.2,320.05,253.65
102137,2025-02-12,North,Beauty,Makeup Kit,1,77.91,0.2,62.33,47.08
102138,2024-03-21,North,Electronics,Laptop,2,300.15,0.1,540.28,334.88
102139,2025-03-25,North,Beauty,Perfume,5,71.79,0.2,287.16,229.75
102140,2024-05-29,West,Electronics,Laptop,2,388.22,0.05,737.62,455.39
102141,2024-10-14,North,Home,Coffee Maker,2,123.55,0.0,247.11,172.89
102142,2024-06-14,South,Home,Cookware,1,83.35,0.0,83.35,55.59
102143,2024-09-28,West,Sports,Fitness Watch,2,82.37,0.05,156.49,86.35
102144,2025-01-09,East,Sports,Fitness Watch,1,68.42,0.0,68.42,51.68
102145,2024-12-21,North,Clothing,Sneakers,3,59.42,0.1,160.44,95.49
102146,2024-08-23,South,Clothing,T-Shirt,5,50.47,0.0,252.35,155.26
102147,2024-08-09,West,Electronics,Monitor,2,400.89,0.1,721.6,431.88
102148,2024-01-23,North,Clothing,Sneakers,2,53.13,0.05,100.94,78.98
102149,2025-02-01,West,Clothing,Sneakers,2,66.68,0.15,113.35,67.53
102150,2024-09-10,East,Home,Coffee Maker,3,96.09,0.0,288.26,201.3
102151,2024-10-11,,Beauty,Makeup Kit,1,49.18,0.1,44.26,35.87
102152,2024-08-02,East,Electronics,Monitor,4,275.52,0.1,991.88,791.49
102153,2025-02-19,South,Electronics,Smartphone,4,384.06,0.2,1228.99,779.07
102154,2025-01-14,West,Home,Desk Lamp,4,111.93,0.1,402.94,276.15
102155,2025-06-22,West,Beauty,Perfume,3,68.35,0.1,184.54,141.13
102156,2024-10-04,South,Electronics,Headphones,1,402.09,0.05,381.98,312.43
102157,2024-07-30,North,Clothing,Sneakers,1,54.11,0.15,45.99,28.27
102158,2024-01-27,East,Clothing,T-Shirt,4,50.75,0.0,202.99,159.24
102159,2024-01-07,West,Home,Vacuum,4,85.94,0.1,309.37,173.15
102160,2024-04-08,West,Clothing,Jeans,1,61.42,0.0,61.42,45.6
102161,2024-05-20,North,Beauty,Perfume,2,,0.05,90.27,58.33
102162,2024-02-04,East,Home,Vacuum,5,82.94,0.0,414.68,297.49
102163,2024-12-25,,Beauty,Hair Dryer,4,54.66,0.05,207.71,153.69
102164,2024-06-08,West,Electronics,Monitor,1,370.42,0.0,370.42,217.79
102165,2024-05-21,East,Sports,Fitness Watch,1,110.76,0.1,99.69,61.71
102166,2025-06-08,North,Clothing,Jeans,2,57.57,0.05,109.38,62.74
102167,2024-06-13,West,Electronics,Smartphone,1,335.11,0.0,335.11,185.69
102168,2025-05-09,East,Electronics,Headphones,4,383.24,0.0,1532.96,1118.93
102169,2024-07-23,West,Home,Cookware,3,94.77,0.0,284.3,185.03
102170,2025-03-31,,Electronics,Smartphone,5,307.34,0.15,1306.21,822.32
102171,2024-04-01,West,Electronics,Laptop,3,272.57,0.0,817.71,547.4
102172,2024-10-02,East,Sports,Yoga Mat,3,101.05,0.05,287.99,208.15
102173,2024-01-29,East,Home,Vacuum,5,85.91,0.2,343.66,218.64
102174,2025-04-11,North,Sports,Dumbbells,5,111.41,0.1,501.34,317.38
102175,2025-03-09,West,Home,Coffee Maker,2,85.99,0.15,146.18,117.05
102176,2024-08-26,South,Beauty,Perfume,4,78.32,0.0,313.27,228.47
102177,2024-11-21,South,Sports,Running Shoes,3,72.0,0.2,172.81,110.95
102178,2025-05-11,East,Clothing,Jeans,3,52.34,0.0,157.01,98.17
102179,2024-09-27,South,Beauty,Skincare Set,4,55.19,0.05,209.73,166.64
102180,2025-03-23,South,Home,Vacuum,5,78.01,0.0,390.04,230.9
102181,2024-03-21,North,Sports,Dumbbells,4,71.69,0.15,243.74,169.47
102182,2024-12-19,North,Home,Desk Lamp,4,101.6,0.1,365.75,249.7
102183,2024-11-21,North,Electronics,Monitor,2,466.97,0.1,840.55,684.62
102184,2024-05-22,South,Electronics,Headphones,1,428.67,0.1,385.8,215.71
102185,2024-08-31,South,Home,Coffee Maker,1,106.27,0.1,95.64,55.12
102186,2024-12-27,West,Beauty,Hair Dryer,4,57.04,0.05,216.76,126.55
102187,2024-05-22,West,Sports,Fitness Watch,1,90.34,0.0,90.34,60.78
102188,2025-01-21,North,Clothing,Sneakers,3,60.16,0.0,180.47,143.72
102189,2025-02-07,East,Home,Coffee Maker,2,121.11,0.1,217.99,162.61
102190,2024-05-02,East,Sports,Running Shoes,3,104.73,0.0,314.19,246.07
102191,2024-07-14,East,Sports,Dumbbells,5,66.27,0.05,314.8,214.21
102192,2025-04-14,South,Clothing,T-Shirt,5,69.72,0.05,331.18,262.61
102193,2025-03-31,West,Clothing,Jacket,4,68.36,0.0,273.44,164.82
102194,2024-10-31,North,Beauty,Hair Dryer,3,65.6,0.1,177.11,99.55
102195,2025-04-20,North,Home,Coffee Maker,3,99.7,0.15,254.24,156.83
102196,2024-11-12,East,Clothing,Jacket,4,56.87,0.1,204.71,149.18
102197,2025-04-24,South,Electronics,Smartphone,3,467.8,0.05,1333.22,893.29
102198,2024-02-13,North,Sports,Running Shoes,2,109.62,0.0,219.24,177.61
102199,2024-12-25,West,Clothing,Sneakers,5,61.62,0.0,308.11,204.55
102200,2024-12-26,West,Clothing,Jeans,1,64.99,0.2,52.0,35.49
102201,2024-10-16,East,Electronics,Headphones,5,270.58,0.1,1217.62,903.53
102202,2025-01-10,North,Sports,Dumbbells,3,76.7,0.0,230.1,149.06
102203,2025-05-03,East,Home,Coffee Maker,2,106.89,0.05,203.1,142.77
102204,2024-10-18,East,Electronics,Laptop,3,383.83,0.0,1151.5,817.27
102205,2025-02-10,South,Clothing,Jeans,5,55.1,0.2,220.38,134.99
102206,2024-05-18,South,Home,Desk Lamp,1,85.83,0.05,81.54,62.95
102207,2025-06-05,South,Beauty,Skincare Set,5,70.45,0.1,317.01,231.55
102208,2024-04-16,East,Home,Vacuum,4,81.42,0.15,276.83,207.09
102209,2024-04-16,,Home,Coffee Maker,1,126.2,0.1,113.58,89.62
102210,2025-05-20,North,Clothing,Jacket,4,73.91,0.15,251.29,158.55
102211,2025-04-03,East,Clothing,Jacket,1,51.6,0.2,,29.37
102212,2024-01-21,West,Electronics,Monitor,2,346.93,0.15,589.78,479.12
102213,2024-05-23,West,Beauty,Makeup Kit,4,79.64,0.15,270.79,179.21
102214,2024-03-22,North,Electronics,Monitor,4,294.82,0.1,1061.34,685.04
102215,2024-07-04,South,Electronics,Laptop,5,292.11,0.1,1314.48,876.09
102216,2024-07-17,East,Electronics,Smartphone,2,434.71,0.0,869.42,511.99
102217,2024-04-18,South,Clothing,T-Shirt,1,46.02,0.0,-403.48,36.26
102218,2024-03-28,South,Clothing,Jeans,4,68.43,0.05,260.02,190.21
102219,2024-09-01,North,Beauty,Makeup Kit,5,45.46,0.05,215.91,172.23
102220,2024-07-22,East,Electronics,Headphones,2,328.17,0.1,590.7,446.78
102221,2024-02-29,North,Electronics,Smartphone,2,299.44,0.1,539.0,365.0
102222,2024-09-14,West,Electronics,Monitor,5,353.55,0.05,1679.37,943.77
102223,2024-03-13,East,Clothing,Sneakers,1,52.8,0.0,52.8,38.87
102224,2024-04-13,North,Home,Vacuum,1,115.04,0.0,115.04,71.38
102225,2025-01-18,South,Electronics,Laptop,1,456.37,0.0,456.37,252.96
102226,2024-02-11,North,Clothing,Sneakers,4,60.07,0.05,228.28,174.97
102227,2024-11-04,East,Clothing,Jeans,4,67.42,0.05,256.21,148.33
102228,2024-10-13,West,Home,Desk Lamp,2,99.15,0.1,178.47,121.54
102229,2024-08-14,East,Home,Cookware,3,94.4,0.2,226.57,128.5
102230,2025-02-24,North,Electronics,Smartphone,3,290.79,0.0,,677.66
102231,2024-03-24,North,Beauty,Makeup Kit,1,80.49,0.1,72.44,42.01
102232,2024-11-20,East,Electronics,Smartphone,1,333.44,0.05,316.77,210.56
102233,2024-05-03,West,Home,Vacuum,1,127.38,0.0,127.38,101.09
102234,2024-02-12,East,Clothing,Jeans,5,44.28,0.15,188.2,150.23
102235,2024-07-27,East,Electronics,Headphones,1,431.39,0.0,431.39,338.39
102236,2024-11-06,East,Electronics,Headphones,5,437.54,0.0,2187.7,1452.41
102237,2024-04-16,East,Electronics,Laptop,5,282.11,0.2,1128.42,877.37
102238,2024-07-23,North,Electronics,Smartphone,5,443.2,0.05,2105.19,1492.2
102239,2024-12-30,West,Electronics,Smartphone,3,353.64,0.1,954.84,662.34
102240,2024-11-09,West,Clothing,T-Shirt,3,58.83,0.05,167.67,135.46
102241,2024-12-26,East,Clothing,Jacket,2,44.25,0.15,75.23,50.41
102242,2024-12-04,West,Clothing,Sneakers,4,55.68,0.15,189.3,153.75
102243,2025-05-22,West,Home,Coffee Maker,1,124.41,0.0,,77.29
102244,2025-05-03,South,Clothing,T-Shirt,2,68.64,0.0,137.27,97.94
102245,2025-05-10,North,Clothing,Sneakers,4,67.82,0.05,257.72,209.71
102246,2024-08-11,,Home,Desk Lamp,2,111.59,0.1,200.86,133.54
102247,2024-04-14,West,,Perfume,4,55.03,0.15,187.11,141.08
102248,2025-04-08,North,Sports,Dumbbells,3,113.33,0.1,305.98,247.2
102249,2024-08-02,East,Electronics,Laptop,4,277.78,0.0,1111.14,805.83
102250,2024-08-05,North,Sports,Yoga Mat,4,110.71,0.1,398.56,321.87
102251,2025-01-15,West,Sports,Dumbbells,3,80.34,0.05,228.97,129.6
102252,2024-01-22,North,Home,Vacuum,5,84.83,0.15,360.55,269.43
102253,2025-04-04,North,Sports,Dumbbells,2,83.13,0.05,157.94,92.66
102254,2024-07-11,West,Beauty,Perfume,4,72.0,0.05,273.62,158.92
102255,2024-07-27,South,Electronics,Headphones,2,446.1,0.05,847.59,691.68
102256,2024-04-30,East,Home,Vacuum,3,83.78,0.05,238.76,150.61
102257,2025-02-26,North,Electronics,Smartphone,3,364.06,0.0,1092.18,607.76
102258,2024-04-27,South,Home,Desk Lamp,5,101.82,0.0,509.1,380.04
102259,2024-12-15,West,Home,Coffee Maker,4,91.16,0.1,328.17,226.94
102260,2025-04-17,South,Electronics,Laptop,1,279.81,0.0,279.81,162.97
102261,2024-05-26,South,Electronics,Laptop,2,292.03,0.05,554.87,433.77
102262,2025-01-22,North,Electronics,Laptop,2,389.76,0.1,701.57,518.47
102263,2024-09-10,South,Sports,Fitness Watch,2,64.5,0.0,128.99,95.95
102264,2024-12-09,East,Clothing,Jeans,1,52.39,0.05,49.77,30.84
102265,2024-10-13,East,Home,Desk Lamp,5,107.23,0.05,509.32,290.57
102266,2024-07-06,South,Home,Cookware,4,118.61,0.0,474.43,283.0
102267,2024-12-10,East,Clothing,T-Shirt,2,58.67,0.05,111.47,79.49
102268,2025-01-07,South,Home,Vacuum,3,110.45,0.05,314.78,184.65
102269,2024-03-22,West,Sports,Dumbbells,2,88.79,0.15,150.94,119.12
102270,2024-08-09,South,Sports,Running Shoes,2,107.75,0.1,193.94,133.89
102271,2024-10-18,East,Beauty,Hair Dryer,1,51.81,0.2,41.44,27.09
102272,2024-07-14,East,Clothing,T-Shirt,5,58.33,0.05,277.07,209.41
102273,2024-01-16,North,Electronics,Laptop,2,329.09,0.1,592.36,444.65
102274,2025-04-16,South,Electronics,Laptop,3,461.67,0.0,1385.02,1041.04
102275,2024-06-16,East,Clothing,Jacket,4,51.55,0.0,206.19,155.16
102276,2025-03-29,South,Beauty,Makeup Kit,2,58.08,0.2,92.93,71.12
102277,2025-03-10,West,Home,Cookware,3,83.68,0.05,238.49,188.98
102278,2025-02-08,South,Clothing,Sneakers,3,51.23,0.15,130.63,82.17
102279,2025-01-20,West,Clothing,Sneakers,5,58.82,0.0,294.1,175.94
102280,2024-02-25,North,Clothing,Jeans,2,58.83,0.2,94.13,66.67
102281,2024-09-18,East,Electronics,Headphones,5,287.44,0.1,1293.48,755.18
102282,2025-04-22,West,Home,Coffee Maker,1,79.55,0.05,75.57,46.18
102283,2025-01-16,South,Clothing,Jacket,4,44.34,0.05,168.5,100.97
102284,2025-03-08,East,Home,Coffee Maker,4,122.46,0.1,440.85,336.1
102285,2024-08-22,West,Sports,Running Shoes,3,88.9,0.05,253.36,205.15
102286,2025-01-09,West,Clothing,T-Shirt,5,56.9,0.0,284.5,195.98
102287,2024-03-20,North,Sports,Dumbbells,3,69.37,0.2,166.49,135.72
102288,2024-10-08,North,Home,Cookware,3,81.81,0.1,220.88,163.9
102289,2024-12-30,South,Sports,Fitness Watch,4,69.55,0.15,236.47,177.26
102290,2024-10-13,East,Clothing,T-Shirt,1,46.72,0.15,39.71,25.26
102291,2024-01-24,South,Home,Cookware,1,82.67,0.1,74.4,45.45
102292,2024-03-23,North,Home,Vacuum,1,120.83,0.2,96.66,61.03
102293,2024-01-21,South,Sports,Yoga Mat,2,100.89,0.05,191.7,131.48
102294,2025-04-30,North,Home,Coffee Maker,4,99.49,0.0,397.97,320.56
102295,2024-10-24,West,Home,Cookware,1,110.41,0.05,104.89,83.07
102296,2024-10-26,North,Home,Vacuum,5,121.01,0.1,544.54,434.54
102297,2024-08-13,East,Clothing,Jacket,4,60.12,0.1,216.42,172.2
102298,2024-11-20,South,Sports,Fitness Watch,2,90.41,0.05,171.78,128.17
102299,2024-01-24,South,Clothing,Jeans,4,51.23,0.0,204.92,119.02
102300,2024-08-23,West,Electronics,Headphones,1,460.34,0.2,368.27,297.97
102301,2025-05-10,West,Electronics,Smartphone,3,298.17,0.1,805.05,648.95
102302,2024-04-06,East,Clothing,Jeans,1,43.22,0.15,36.74,27.94
102303,2024-04-01,North,Beauty,Hair Dryer,4,62.91,0.05,239.06,165.51
102304,2025-03-14,South,Clothing,Jacket,2,72.36,0.1,130.25,106.6
102305,2024-12-10,South,Home,Coffee Maker,2,121.26,0.0,242.52,191.45
102306,2024-02-15,East,Electronics,Smartphone,2,391.38,0.1,704.49,442.76
102307,2024-01-22,West,Sports,Running Shoes,5,81.83,0.05,388.7,307.08
102308,2025-01-08,West,Electronics,Laptop,3,466.98,0.0,1400.93,841.72
102309,2024-06-07,West,Home,Coffee Maker,3,118.21,0.05,336.9,226.35
102310,2025-01-03,North,Home,Coffee Maker,2,114.61,0.05,217.76,128.08
102311,2024-10-16,East,Sports,Running Shoes,3,107.69,0.15,274.6,166.71
102312,2024-06-13,South,Beauty,Perfume,4,61.49,0.05,233.65,185.83
102313,2024-03-17,East,Beauty,Skincare Set,2,73.4,0.2,,81.14
102314,2024-03-26,West,Beauty,Perfume,1,50.12,0.0,50.12,35.72
102315,2024-10-31,West,Clothing,Jacket,1,68.9,0.2,55.12,33.18
102316,2024-05-06,South,Clothing,T-Shirt,4,49.46,0.05,187.96,119.22
102317,2024-09-13,West,Beauty,Skincare Set,3,68.36,0.1,184.56,149.38
102318,2024-02-29,South,Beauty,Perfume,1,57.54,0.2,46.04,27.84
102319,2024-07-29,West,Electronics,Smartphone,5,424.17,0.05,2014.8,1543.21
102320,2024-02-17,North,Sports,Running Shoes,1,88.2,0.0,88.2,48.72
102321,2025-06-24,South,Sports,Dumbbells,3,97.26,0.0,291.77,213.93
102322,2024-07-20,East,Electronics,Laptop,1,356.12,0.0,356.12,222.73
102323,2024-09-23,East,Electronics,Headphones,1,383.47,0.0,383.47,227.48
102324,2025-01-16,East,Electronics,Smartphone,3,292.9,0.15,,542.9
102325,2024-10-11,West,Home,Vacuum,5,90.7,0.15,385.48,215.02
102326,2024-01-02,North,Beauty,Perfume,2,49.15,0.0,98.31,54.4
102327,2024-02-07,North,Electronics,Monitor,3,441.58,0.05,1258.51,1004.38
102328,2025-05-17,North,Clothing,Jeans,4,65.48,0.0,261.91,161.98
102329,2024-03-13,West,Electronics,Smartphone,5,338.7,0.05,1608.82,1253.03
102330,2024-01-06,West,Electronics,Laptop,1,282.17,0.1,253.96,145.22
102331,2025-02-26,South,Clothing,Jacket,2,54.3,0.1,97.73,54.55
102332,2024-02-24,West,Sports,Yoga Mat,5,66.55,0.0,332.75,229.5
102333,2024-08-02,West,Clothing,Jeans,5,65.59,0.1,295.15,218.16
102334,2024-10-02,North,Clothing,Jacket,3,44.5,0.0,133.49,79.31
102335,2024-02-21,South,Clothing,T-Shirt,1,70.51,0.0,70.51,45.6
102336,2024-03-08,West,Sports,Running Shoes,4,66.15,0.1,238.13,169.74
102337,2024-12-08,West,Beauty,Perfume,1,80.69,0.0,80.69,50.72
102338,2024-09-23,South,Electronics,Monitor,1,323.01,0.05,306.86,191.71
102339,2024-07-20,West,Beauty,Hair Dryer,2,72.24,0.1,130.03,92.75
102340,2024-09-26,South,Home,Desk Lamp,4,93.77,0.1,337.59,198.61
102341,2025-05-02,South,Electronics,Smartphone,3,407.22,0.0,1221.65,843.62
102342,2024-08-09,East,Sports,Dumbbells,2,77.26,0.0,154.51,118.24
102343,2024-04-25,North,Electronics,Headphones,3,339.68,0.15,866.17,586.06
102344,2024-07-11,West,Sports,Yoga Mat,3,65.94,0.05,187.92,109.83
102345,2024-03-07,East,Clothing,Sneakers,5,50.73,0.15,215.62,126.83
102346,2025-02-20,East,Home,Vacuum,3,110.83,0.05,315.88,218.91
102347,2024-06-07,North,Sports,Dumbbells,5,111.16,0.0,555.81,333.68
102348,2024-02-25,East,Electronics,Laptop,5,265.71,0.05,1262.11,842.41
102349,2024-09-04,South,Home,Coffee Maker,4,86.28,0.0,345.13,269.77
102350,2024-10-15,East,,Smartphone,2,400.99,0.0,801.98,616.55
102351,2024-10-21,North,Home,Coffee Maker,5,72.3,0.05,343.44,273.3
102352,2025-03-15,South,Electronics,Monitor,4,278.26,0.0,1113.03,684.07
102353,2024-07-09,West,Beauty,Makeup Kit,5,62.68,0.15,266.37,175.7
102354,2024-05-04,West,Sports,Running Shoes,1,75.93,0.0,75.93,46.65
102355,2024-09-16,East,Sports,Fitness Watch,3,80.87,0.1,218.34,162.3
102356,2024-04-11,North,Clothing,T-Shirt,1,72.85,0.15,61.92,37.89
102357,2024-08-05,West,Clothing,Sneakers,2,65.63,0.1,118.14,91.15
102358,2025-05-16,West,Sports,Running Shoes,1,111.44,0.05,105.87,64.28
102359,2024-03-27,North,Sports,Yoga Mat,4,104.81,0.2,335.39,241.45
102360,2025-03-17,,Beauty,Perfume,2,53.76,0.1,96.76,65.51
102361,2025-04-21,North,Electronics,Headphones,4,295.39,0.15,1004.34,654.24
102362,2025-04-09,West,Sports,Running Shoes,1,80.88,0.1,72.79,41.94
102363,2024-12-25,West,Sports,Yoga Mat,5,95.53,0.1,429.87,303.29
102364,2024-09-20,West,Clothing,T-Shirt,5,66.69,0.05,316.77,188.81
102365,2024-02-13,East,Electronics,Monitor,1,462.2,0.05,439.09,337.03
102366,2024-09-24,East,Clothing,Jeans,5,47.37,0.0,236.83,144.38
102367,2024-06-08,North,Electronics,Monitor,5,288.71,0.05,1371.36,1036.22
102368,2024-05-17,North,Electronics,Headphones,4,288.68,0.05,1096.97,684.01
102369,2024-05-30,North,Sports,Fitness Watch,1,99.05,0.0,99.05,65.04
102370,2025-01-14,West,Home,Vacuum,3,92.11,0.0,276.32,158.7
102371,2024-04-10,East,Beauty,Skincare Set,5,65.9,0.0,329.52,244.79
102372,2024-05-23,,Home,Coffee Maker,2,105.49,0.1,189.89,140.45
102373,2024-06-08,North,Electronics,Laptop,2,289.65,0.15,492.4,337.37
102374,2024-03-01,North,Clothing,Jeans,5,63.47,0.1,285.6,219.18
102375,2024-05-04,South,Clothing,Jacket,1,57.31,0.1,51.58,31.01
102376,2024-10-20,North,Home,Cookware,1,87.2,0.1,78.48,49.75
102377,2024-04-18,South,Home,Vacuum,2,101.18,0.1,182.13,141.25
102378,2024-08-24,West,Sports,Fitness Watch,5,89.82,0.0,449.09,263.27
102379,2024-11-22,North,Beauty,Makeup Kit,5,73.03,0.05,346.91,274.0
102380,2024-02-14,West,Sports,Dumbbells,5,99.07,0.0,495.34,343.86
102381,2025-01-04,East,Clothing,Jacket,1,67.9,0.0,67.9,51.48
102382,2025-06-13,North,Clothing,Jeans,3,53.73,0.1,145.08,102.71
102383,2024-01-05,East,Beauty,Perfume,3,62.03,0.0,186.1,140.77
102384,2024-09-25,West,Clothing,Sneakers,5,69.93,0.1,314.69,174.85
102385,2024-01-12,East,Electronics,Smartphone,2,312.71,0.05,594.16,390.42
102386,2024-10-01,North,Clothing,Jacket,4,41.27,0.0,165.09,110.91
102387,2024-03-09,South,Home,Coffee Maker,5,,0.0,458.61,281.57
102388,2024-05-26,West,Home,Coffee Maker,1,118.65,0.05,112.72,66.66
102389,2024-07-09,East,Sports,Dumbbells,5,81.38,0.1,366.2,277.37
102390,2024-08-13,South,Home,Cookware,2,124.14,0.05,235.87,173.58
102391,2024-01-19,East,Clothing,Jeans,2,52.35,0.2,83.76,46.59
102392,2024-03-29,West,Beauty,Hair Dryer,4,69.86,0.2,223.56,132.89
102393,2024-07-11,South,Clothing,Jeans,4,45.87,0.15,155.95,124.45
102394,2025-05-06,North,Home,Vacuum,4,98.73,0.1,355.44,239.85
102395,2024-07-26,North,Sports,Fitness Watch,5,78.98,0.05,375.17,212.13
102396,2025-02-04,West,Electronics,Laptop,3,349.66,0.0,1048.99,604.62
102397,2024-10-16,East,Electronics,Smartphone,5,413.15,0.15,1755.91,984.11
102398,2025-01-12,East,Beauty,Skincare Set,2,59.67,0.1,107.41,73.84
102399,2024-06-12,North,Clothing,Jeans,3,50.07,0.05,142.7,80.52
102400,2024-07-26,South,,Makeup Kit,5,45.81,0.0,229.04,168.82
102401,2025-01-05,East,Beauty,Perfume,4,58.38,0.0,233.54,141.77
102402,2024-08-06,East,Clothing,Jeans,1,44.21,0.1,39.79,25.33
102403,2024-05-27,North,Electronics,Smartphone,3,379.31,0.05,1081.04,682.18
102404,2024-12-11,West,Clothing,T-Shirt,1,42.82,0.0,42.82,30.9
102405,2025-02-21,North,Sports,Yoga Mat,4,76.35,0.0,305.41,194.68
102406,2024-11-02,,Sports,Yoga Mat,5,98.42,0.0,492.09,371.28
102407,2024-08-14,West,Home,Vacuum,5,128.04,0.1,576.18,344.09
102408,2024-06-03,West,Clothing,Jacket,5,72.38,0.0,361.88,205.21
102409,2024-02-23,North,Clothing,Sneakers,2,58.94,0.1,106.09,85.88
102410,2025-02-19,East,Home,Coffee Maker,3,71.37,0.0,214.12,160.3
102411,2025-06-11,East,Home,Vacuum,1,89.51,0.05,85.03,56.77
102412,2024-09-05,North,Sports,Running Shoes,2,65.58,0.1,118.04,90.66
102413,2024-03-17,South,Beauty,Makeup Kit,2,48.14,0.05,91.47,53.62
102414,2024-06-03,East,Electronics,Monitor,1,423.08,0.0,423.08,300.65
102415,2024-10-11,South,Clothing,Sneakers,4,73.16,0.05,278.02,181.37
102416,2024-11-11,East,Sports,Dumbbells,2,73.35,0.2,117.36,80.87
102417,2024-04-02,North,Beauty,Makeup Kit,5,68.27,0.0,341.33,193.33
102418,2025-04-21,East,Home,Vacuum,4,118.51,0.05,450.32,296.32
102419,2024-12-05,South,Sports,Running Shoes,4,89.59,0.1,322.54,179.77
102420,2025-06-16,West,Home,Vacuum,4,,0.15,317.42,208.37
102421,2024-09-06,South,Sports,Running Shoes,2,71.95,0.0,143.9,92.36
102422,2024-03-26,South,Electronics,Smartphone,5,326.69,0.0,1633.47,1315.42
102423,2024-03-16,West,Home,Vacuum,4,93.39,0.05,354.86,271.65
102424,2024-03-15,East,Clothing,Jeans,4,60.42,0.1,217.52,172.33
102425,2025-06-21,North,Electronics,Headphones,1,413.66,0.05,392.98,235.65
102426,2025-01-31,West,Sports,Yoga Mat,1,114.11,0.0,114.11,76.9
102427,2024-08-08,North,Sports,Fitness Watch,1,69.8,0.0,69.8,45.16
102428,2025-05-27,North,Sports,Running Shoes,1,98.63,0.0,98.63,73.8
102429,2025-04-15,South,Electronics,Smartphone,1,401.52,0.0,401.52,285.88
102430,2025-05-08,North,Clothing,Jeans,5,68.53,0.1,308.4,192.36
102431,2025-02-19,North,Home,Cookware,4,71.52,0.05,271.79,214.5
102432,2025-01-28,East,Electronics,Headphones,4,333.85,0.05,1268.64,923.72
102433,2025-05-26,North,Electronics,Smartphone,3,320.59,0.1,865.59,540.0
102434,2024-03-23,West,Beauty,Skincare Set,2,68.01,0.1,122.41,73.18
102435,2024-01-02,East,Sports,Yoga Mat,5,79.46,0.0,397.3,290.98
102436,2024-01-03,North,Sports,Dumbbells,4,80.12,0.0,320.5,176.94
102437,2025-03-04,East,Clothing,T-Shirt,2,63.53,0.0,127.06,102.36
102438,2024-12-24,West,Home,Coffee Maker,1,96.15,0.05,91.35,74.27
102439,2024-08-18,East,Electronics,Smartphone,2,330.1,0.1,594.17,485.81
102440,2025-03-31,East,Home,Vacuum,5,86.16,0.0,430.8,318.16
102441,2024-01-06,North,Electronics,Smartphone,4,344.04,0.05,1307.35,1070.72
102442,2025-03-12,East,Sports,Running Shoes,1,112.79,0.1,101.51,74.79
102443,2024-02-14,East,Sports,Fitness Watch,1,64.47,0.15,54.8,30.86
102444,2024-09-29,West,Beauty,Perfume,2,72.12,0.15,122.6,99.8
102445,2024-03-19,West,Home,Desk Lamp,5,98.43,0.1,442.94,310.6
102446,2024-03-09,West,Beauty,Skincare Set,3,72.71,0.05,207.23,116.96
102447,2024-07-04,West,Sports,Dumbbells,1,89.93,0.0,89.93,50.36
102448,2024-07-14,North,Electronics,Monitor,4,457.89,0.0,1831.56,1273.15
102449,2024-04-02,East,Beauty,Perfume,4,62.95,0.0,251.8,198.72
102450,2025-01-27,West,Electronics,Headphones,5,319.68,0.0,1598.39,1199.54
102451,2025-02-15,South,Sports,Dumbbells,5,70.6,0.0,353.02,264.99
102452,2024-11-21,East,Beauty,Hair Dryer,2,74.03,0.05,140.65,108.8
102453,2024-04-02,South,Beauty,Makeup Kit,3,53.28,0.05,151.84,91.86
102454,2024-04-14,West,Beauty,Perfume,2,55.65,0.1,100.16,70.01
102455,2024-12-19,East,,Cookware,3,99.96,0.1,269.88,150.48
102456,2025-03-22,North,Clothing,Jeans,3,53.59,0.1,144.7,105.3
102457,2024-01-13,West,Electronics,Monitor,2,394.35,0.05,749.26,460.87
102458,2025-02-26,West,Home,Desk Lamp,4,76.27,0.0,305.07,181.72
102459,2025-04-08,South,Home,Cookware,5,100.4,0.0,502.01,297.34
102460,2024-05-24,North,Electronics,Smartphone,4,313.73,0.0,1254.93,842.67
102461,2024-02-02,North,Sports,Running Shoes,4,109.48,0.15,372.24,231.45
102462,2024-12-26,North,Electronics,Smartphone,5,376.62,0.0,1883.08,1216.82
102463,2025-01-08,South,Sports,Dumbbells,2,97.23,0.0,194.45,148.57
102464,2024-06-02,West,Sports,Yoga Mat,3,97.9,0.1,264.33,167.4
102465,2025-04-25,East,Home,Cookware,1,88.93,0.1,80.04,60.54
102466,2025-03-26,North,Home,Desk Lamp,2,122.08,0.2,195.33,115.64
102467,2025-02-01,North,Beauty,Perfume,4,72.43,0.1,260.75,206.52
102468,2024-12-06,East,Home,Cookware,1,91.62,0.1,82.45,65.05
102469,2024-04-29,South,Home,Cookware,3,123.15,0.05,350.98,194.64
102470,2025-06-15,West,Sports,Fitness Watch,2,71.4,0.05,135.66,101.38
102471,2024-05-02,East,Home,Cookware,2,92.18,0.1,165.92,113.13
102472,2025-02-20,South,Sports,Fitness Watch,1,89.01,0.1,80.11,63.29
102473,2024-10-28,East,Home,Desk Lamp,4,78.82,0.1,283.74,228.41
102474,2024-12-17,South,Clothing,Jeans,1,71.9,0.05,68.31,43.91
102475,2024-07-08,West,Clothing,Sneakers,3,50.56,0.15,128.93,102.02
102476,2024-05-12,South,Sports,Dumbbells,4,93.64,0.15,318.38,244.14
102477,2025-06-27,East,Home,Coffee Maker,3,112.29,0.0,336.87,273.31
102478,2024-12-13,East,Sports,Yoga Mat,1,114.49,0.0,114.49,66.59
102479,2025-01-02,North,Sports,Fitness Watch,2,82.43,0.0,164.86,123.63
102480,2024-03-30,East,Home,Coffee Maker,4,87.67,0.1,315.61,238.66
102481,2025-05-20,East,Beauty,Perfume,4,59.24,0.0,236.96,193.89
102482,2025-01-12,North,Electronics,Laptop,5,266.38,0.15,1132.1,684.37
102483,2024-01-29,East,Beauty,Perfume,3,67.15,0.15,171.23,121.45
102484,2024-05-13,South,Home,Desk Lamp,2,74.19,0.05,140.97,109.47
102485,2024-03-21,South,Home,Vacuum,1,108.82,0.0,108.82,89.0
102486,2024-08-08,South,Electronics,Laptop,4,314.59,0.0,1258.36,849.82
102487,2025-01-12,East,Electronics,Monitor,4,312.09,0.0,1248.36,792.25
102488,2025-03-22,West,Electronics,Laptop,1,326.75,0.1,294.07,226.34
102489,2024-10-06,East,Electronics,Monitor,1,404.91,0.05,384.67,305.02
102490,2025-01-26,West,Electronics,Laptop,5,337.44,0.0,1687.22,1148.29
102491,2024-05-11,East,Clothing,Jacket,4,72.43,0.15,,148.67
102492,2024-04-23,West,Electronics,Laptop,2,354.29,0.0,708.58,412.39
102493,2025-05-06,West,Home,Vacuum,3,74.48,0.1,201.09,118.41
102494,2025-02-10,South,Clothing,Sneakers,3,58.41,0.15,148.95,83.79
102495,2024-04-13,West,Home,Cookware,1,109.37,0.0,109.37,63.28
102496,2025-03-31,West,Clothing,Jacket,4,48.48,0.1,174.53,116.57
102497,2024-05-29,West,Home,Cookware,1,73.43,0.05,69.76,48.4
102498,2025-06-20,South,Clothing,Jeans,3,68.46,0.1,184.83,106.0
102499,2025-04-06,East,Beauty,Makeup Kit,1,76.18,0.05,72.37,48.65
102500,2025-02-15,West,Sports,Running Shoes,1,66.25,0.0,66.25,45.89
102501,2024-08-14,South,Home,Vacuum,3,126.03,0.1,340.28,274.86
102502,2025-02-19,South,Electronics,Monitor,2,397.38,0.0,794.76,464.82
102503,2024-08-09,South,Electronics,Laptop,3,288.96,0.0,866.87,623.36
102504,2024-03-16,South,Electronics,Laptop,5,275.24,0.0,1376.21,850.42
102505,2024-03-14,East,,Makeup Kit,5,78.08,0.1,351.38,279.57
102506,2024-07-13,North,Beauty,Makeup Kit,5,67.36,0.0,336.78,275.23
102507,2025-04-14,East,Sports,Running Shoes,2,112.63,0.1,202.73,129.77
102508,2024-08-27,North,Home,Desk Lamp,4,87.11,0.05,331.03,228.76
102509,2024-06-08,South,Electronics,Headphones,5,324.06,0.0,1620.29,1278.94
102510,2024-04-26,East,Sports,Dumbbells,4,75.54,0.0,302.14,239.66
102511,2024-07-17,South,Electronics,Monitor,3,340.76,0.15,868.94,676.39
102512,2024-07-10,East,Clothing,Jacket,5,61.45,0.1,276.54,193.07
102513,2024-11-23,North,Sports,Dumbbells,4,110.03,0.1,396.1,253.69
102514,2024-02-08,South,Beauty,Perfume,1,50.28,0.0,50.28,31.76
102515,2025-04-24,West,Electronics,Headphones,4,396.76,0.1,1428.33,1010.03
102516,2024-02-28,West,Beauty,Perfume,5,52.09,0.0,260.45,206.81
102517,2024-11-25,North,Electronics,Monitor,4,283.48,0.0,1133.93,879.27
102518,2025-02-10,West,Clothing,Sneakers,2,63.75,0.0,127.51,83.1
102519,2024-12-31,South,Home,Cookware,3,73.63,0.05,209.83,167.38
102520,2025-06-28,East,Sports,Dumbbells,5,74.21,0.05,352.5,264.66
102521,2024-03-07,South,Electronics,Laptop,3,286.5,0.05,816.54,605.39
102522,2024-09-04,North,Home,Desk Lamp,4,98.78,0.05,375.35,261.76
102523,2024-03-29,West,Electronics,Laptop,1,302.22,0.0,302.22,241.13
102524,2024-12-15,East,Beauty,Hair Dryer,5,,0.0,333.73,233.84
102525,2025-02-19,East,Clothing,Jeans,2,52.27,0.1,94.08,54.94
102526,2025-03-19,South,Home,Vacuum,1,120.6,0.1,108.54,68.18
102527,2024-07-15,East,Sports,Yoga Mat,2,95.73,0.0,191.47,146.45
102528,2024-05-08,West,Electronics,Laptop,4,469.21,0.05,1783.01,1322.27
102529,2025-05-02,North,Home,Cookware,4,121.31,0.0,485.24,296.31
102530,2024-07-05,North,Electronics,Headphones,1,449.89,0.0,449.89,358.0
102531,2025-04-30,North,Electronics,Laptop,2,379.91,0.0,759.83,532.87
102532,2024-11-11,South,Electronics,Monitor,1,457.26,0.0,457.26,314.47
102533,2024-04-17,South,Sports,Yoga Mat,1,74.74,0.1,67.27,47.89
102534,2024-10-27,East,Beauty,Skincare Set,2,59.83,0.0,119.66,97.43
102535,2024-01-11,West,Beauty,Hair Dryer,4,57.71,0.0,230.84,187.66
102536,2024-04-17,East,Sports,Fitness Watch,1,68.35,0.0,68.35,41.04
102537,2025-06-23,West,Home,Cookware,5,104.07,0.1,468.31,312.62
102538,2024-03-22,East,Clothing,Jeans,1,71.02,0.0,71.02,54.19
102539,2024-02-22,South,Beauty,Hair Dryer,3,65.63,0.1,177.2,115.89
102540,2024-07-17,North,Clothing,Jeans,4,53.58,0.0,214.33,124.45
102541,2025-03-19,North,Clothing,Jeans,2,63.03,0.1,113.45,62.45
102542,2024-11-27,East,Sports,Yoga Mat,1,73.98,0.1,,47.15
102543,2024-12-11,East,Beauty,Skincare Set,2,78.24,0.1,140.83,110.86
102544,2024-01-11,South,Clothing,Sneakers,4,67.31,0.15,228.84,158.17
102545,2025-06-14,South,Sports,Fitness Watch,2,103.95,0.15,176.71,106.81
102546,2024-04-05,West,Sports,Fitness Watch,2,63.93,0.1,115.08,80.62
102547,2024-04-19,West,Electronics,Smartphone,2,441.46,0.0,882.93,614.44
102548,2025-03-08,East,Home,Desk Lamp,4,113.08,0.05,429.71,282.02
102549,2024-08-19,East,Sports,Fitness Watch,3,114.2,0.15,291.2,216.53
102550,2025-03-17,West,Electronics,Monitor,2,273.63,0.2,437.81,321.65
102551,2024-07-11,South,Beauty,Makeup Kit,5,50.46,0.05,239.67,133.08
102552,2024-09-01,South,Beauty,Perfume,5,52.01,0.05,247.03,165.35
102553,2024-12-26,West,Home,Vacuum,4,114.05,0.05,433.4,329.37
102554,2025-06-10,North,Home,Cookware,2,116.61,0.0,233.22,130.46
102555,2025-01-12,East,Sports,Fitness Watch,1,83.96,0.15,71.36,47.56
102556,2024-01-03,East,Electronics,Monitor,1,272.44,0.15,231.57,151.75
102557,2025-04-26,South,Electronics,Laptop,3,427.02,0.05,1217.02,717.5
102558,2024-03-07,North,Clothing,Sneakers,4,66.24,0.05,251.71,199.09
102559,2025-06-28,North,Sports,Yoga Mat,3,74.65,0.15,190.36,138.69
102560,2024-07-14,South,Beauty,Perfume,3,63.1,0.1,170.37,137.63
102561,2024-07-09,North,Sports,Yoga Mat,5,95.7,0.1,430.65,245.0
102562,2025-01-18,West,Home,Vacuum,5,75.58,0.15,321.21,248.15
102563,2024-12-07,East,Sports,Fitness Watch,2,65.71,0.1,118.27,67.35
102564,2025-01-09,North,Beauty,Perfume,3,70.22,0.0,210.67,128.21
102565,2024-08-12,North,Home,Vacuum,4,89.71,0.1,322.94,258.16
102566,2025-03-31,East,Home,Cookware,2,117.61,0.15,199.94,113.24
102567,2025-02-14,East,Beauty,Perfume,1,76.8,0.1,69.12,42.41
102568,2025-03-30,North,Electronics,Laptop,1,316.79,0.1,285.11,208.04
102569,2024-04-10,North,Sports,Fitness Watch,3,88.31,0.05,251.7,177.49
102570,2024-04-05,East,Clothing,Jacket,3,51.6,0.05,147.05,84.64
102571,2024-04-23,East,Clothing,Jacket,4,49.85,0.2,159.53,118.31
102572,2024-11-22,North,Beauty,Hair Dryer,5,75.15,0.05,356.96,285.58
102573,2024-11-29,East,Electronics,Laptop,2,294.93,0.0,589.86,438.44
102574,2025-04-23,West,Electronics,Headphones,4,367.77,0.1,1323.96,771.53
102575,2025-05-08,South,Beauty,Hair Dryer,1,77.73,0.05,73.85,50.15
102576,2024-11-09,East,Home,Coffee Maker,4,75.59,0.0,302.38,207.08
102577,2025-04-23,North,Home,Vacuum,4,103.02,0.2,329.66,236.6
102578,2024-09-22,East,Sports,Fitness Watch,3,80.15,0.0,240.46,176.01
102579,2024-07-26,East,Electronics,Laptop,5,317.8,0.0,1588.98,1274.48
102580,2025-02-26,East,Sports,Dumbbells,3,108.79,0.1,293.74,207.27
102581,2024-09-06,West,Sports,Dumbbells,5,104.73,0.15,445.12,260.88
102582,2025-06-12,West,Electronics,Headphones,2,374.85,0.15,637.25,464.48
102583,2025-02-18,North,Beauty,Perfume,1,80.25,0.1,72.23,51.96
102584,2025-05-16,North,Sports,Dumbbells,2,67.48,0.15,114.71,73.35
102585,2025-06-16,West,Home,Coffee Maker,4,77.01,0.15,261.83,175.54
102586,2024-11-05,East,Home,Cookware,3,103.38,0.2,248.11,179.13
102587,2024-12-13,South,Electronics,Headphones,3,408.52,0.1,,850.54
102588,2024-07-29,North,Clothing,Jeans,4,50.97,0.15,173.28,118.22
102589,2025-01-20,South,Home,Desk Lamp,3,115.93,0.1,-126.89,172.99
102590,2024-01-15,North,Electronics,Smartphone,3,391.17,0.05,1114.83,865.06
102591,2024-12-12,South,Electronics,Monitor,3,380.65,0.0,1141.95,704.22
102592,2024-05-19,East,Electronics,Monitor,3,450.71,0.2,1081.7,871.24
102593,2024-06-22,West,Clothing,Sneakers,4,47.98,0.2,153.55,119.69
102594,2024-08-05,North,Electronics,Headphones,3,338.69,0.0,1016.07,818.96
102595,2025-03-11,North,Sports,Fitness Watch,1,94.32,0.05,89.61,60.48
102596,2025-03-19,North,Clothing,T-Shirt,5,73.95,0.15,314.29,212.26
102597,2024-07-07,East,Home,Cookware,2,101.27,0.0,202.54,142.57
102598,2024-02-01,West,Beauty,Perfume,2,46.06,0.05,87.51,60.51
102599,2024-03-06,South,Electronics,Smartphone,1,341.41,0.1,307.27,234.55
102600,2024-10-27,South,Electronics,Headphones,3,300.77,0.15,766.97,436.09
102601,2024-10-10,East,Home,Vacuum,-2,84.99,0.1,76.49,61.41
102602,2024-08-30,South,Sports,Fitness Watch,5,92.39,0.0,461.93,270.47
102603,2024-03-31,South,Beauty,Skincare Set,3,53.3,0.1,143.92,81.34
102604,2024-02-02,West,Clothing,T-Shirt,2,69.42,0.1,124.95,86.37
102605,2024-07-09,East,Sports,Running Shoes,2,89.4,0.0,178.79,137.34
102606,2024-06-09,West,Beauty,Hair Dryer,2,66.82,0.15,113.6,83.98
102607,2024-11-30,East,Home,Vacuum,2,120.61,0.1,217.09,123.29
102608,2024-08-14,North,Beauty,Skincare Set,3,75.49,0.05,215.16,131.95
102609,2024-05-29,West,Home,Coffee Maker,5,90.73,0.15,385.62,228.29
102610,2024-10-04,East,Beauty,Skincare Set,3,71.02,0.2,170.44,103.4
102611,2025-03-16,South,Home,Vacuum,5,94.57,0.0,472.85,362.84
102612,2024-04-01,East,Electronics,Monitor,4,349.62,0.0,1398.49,789.56
102613,2024-09-13,West,Clothing,Jeans,1,45.23,0.05,42.97,34.37
102614,2024-02-18,West,Electronics,Smartphone,5,430.25,0.1,1936.14,1531.88
102615,2024-11-17,North,Electronics,Laptop,1,268.33,0.05,254.91,173.36
102616,2025-06-04,West,Electronics,Smartphone,1,286.47,0.0,286.47,184.51
102617,2024-11-07,North,Home,Vacuum,5,110.64,0.05,525.54,316.38
102618,2024-02-02,South,Beauty,Hair Dryer,5,54.36,0.05,258.2,158.92
102619,2024-09-28,South,Home,Cookware,3,90.54,0.1,244.46,190.27
102620,2025-06-20,West,Sports,Fitness Watch,2,97.0,0.15,164.89,127.39
102621,2024-04-17,South,Home,Coffee Maker,2,112.81,0.15,191.77,142.48
102622,2024-12-19,South,Electronics,Smartphone,5,405.06,0.2,1620.22,1047.4
102623,2024-02-10,South,Home,Vacuum,5,100.73,0.1,453.27,303.59
102624,2025-01-11,South,Beauty,Hair Dryer,5,74.08,0.0,370.39,301.23
102625,2024-07-30,East,Beauty,Makeup Kit,5,58.46,0.0,292.3,171.22
102626,2024-11-19,South,Home,Cookware,5,122.74,0.0,613.68,430.63
102627,2025-06-23,South,Home,Cookware,3,117.67,0.2,282.41,196.47
102628,2025-02-21,North,Home,Coffee Maker,3,103.04,0.15,-298.35,173.18
102629,2024-10-16,West,Electronics,Headphones,2,310.79,0.05,590.5,450.54
102630,2025-03-09,South,Home,Cookware,5,126.02,0.1,567.1,391.06
102631,2025-04-13,West,Sports,Dumbbells,3,91.36,0.0,274.07,220.63
102632,2024-11-24,East,Clothing,Jacket,1,64.97,0.1,58.47,47.92
102633,2024-12-30,West,Beauty,Skincare Set,3,70.6,0.1,190.62,153.49
102634,2024-10-31,North,Beauty,Skincare Set,5,61.39,0.05,291.63,170.5
102635,2024-10-07,South,Home,Coffee Maker,3,127.17,0.0,381.51,257.07
102636,2024-10-22,West,Home,Coffee Maker,5,78.61,0.1,353.76,211.46
102637,2025-02-21,West,Clothing,Sneakers,3,72.59,0.0,217.77,143.76
102638,2024-09-09,North,Electronics,Laptop,2,464.2,0.05,881.99,684.31
102639,2024-12-21,West,Beauty,Perfume,5,68.84,0.0,344.21,253.81
102640,2025-03-14,North,Clothing,Jeans,4,63.82,0.05,242.53,176.59
102641,2025-03-06,South,Sports,Running Shoes,4,66.24,0.1,238.47,159.86
102642,2025-01-13,North,Sports,Dumbbells,1,65.56,0.1,59.0,40.09
102643,2024-08-14,South,Beauty,Perfume,2,57.16,0.1,102.89,76.58
102644,2025-02-05,West,Electronics,Laptop,4,395.1,0.1,1422.36,973.76
102645,2024-11-25,North,Beauty,Makeup Kit,4,65.71,0.1,236.57,162.55
102646,2024-01-13,West,Home,Vacuum,2,120.93,0.1,217.67,149.97
102647,2024-06-11,South,Electronics,Smartphone,5,448.38,0.1,2017.72,1561.64
102648,2024-09-28,North,Home,Vacuum,5,113.96,0.15,484.32,375.96
102649,2025-01-22,North,Beauty,Hair Dryer,2,54.03,0.05,102.65,67.4
102650,2024-10-17,South,Sports,Fitness Watch,2,78.02,0.0,156.04,122.29
102651,2024-02-20,South,Sports,Running Shoes,2,77.71,0.1,139.88,79.32
102652,2024-04-24,East,Home,Desk Lamp,4,127.72,0.1,459.8,366.71
102653,2025-03-19,East,Sports,Fitness Watch,3,90.15,0.0,270.45,199.96
102654,2025-02-26,West,Beauty,Hair Dryer,3,54.58,0.15,139.19,86.57
102655,2025-01-26,South,Home,Desk Lamp,2,94.51,0.1,170.12,133.83
102656,2025-02-17,North,Sports,Dumbbells,3,86.29,0.15,220.04,172.39
102657,2024-01-19,West,Beauty,Makeup Kit,1,55.36,0.1,49.82,29.39
102658,2025-01-05,East,Sports,Yoga Mat,4,81.54,0.05,,181.0
102659,2024-10-01,East,Clothing,T-Shirt,5,56.58,0.15,240.46,141.94
102660,2024-04-28,East,Beauty,Makeup Kit,2,45.86,0.05,87.13,52.69
102661,2024-09-16,West,Sports,Yoga Mat,2,94.49,0.0,188.98,136.72
102662,2025-06-09,South,Home,Cookware,5,77.59,0.0,387.96,307.68
102663,2025-01-12,North,Home,Desk Lamp,2,125.16,0.1,225.29,179.35
102664,2025-05-04,East,Electronics,Monitor,1,411.77,0.0,411.77,309.22
102665,2024-05-28,South,Sports,Yoga Mat,5,75.06,0.0,375.31,276.34
102666,2024-04-07,West,Home,Vacuum,2,74.56,0.05,141.66,103.44
102667,2025-06-30,South,Electronics,Smartphone,3,270.35,0.1,729.95,485.59
102668,2024-11-27,East,Clothing,Sneakers,4,46.2,0.2,147.85,95.36
102669,2024-06-27,North,Home,Coffee Maker,5,107.75,0.0,538.73,354.97
102670,2025-03-17,East,Home,Vacuum,2,92.32,0.15,156.95,104.48
102671,2024-12-09,North,Home,Desk Lamp,1,126.1,0.0,126.1,98.41
102672,2024-03-25,North,Sports,Fitness Watch,3,83.46,0.1,225.33,181.17
102673,2024-12-16,South,Beauty,Skincare Set,5,48.59,0.05,230.82,181.61
102674,2024-08-08,North,Beauty,Makeup Kit,1,55.52,0.05,52.74,42.77
102675,2025-01-28,West,Home,Desk Lamp,4,111.89,0.05,425.2,330.49
102676,2024-02-09,East,Clothing,Sneakers,4,62.55,0.05,237.68,170.1
102677,2025-06-26,West,Home,Vacuum,5,75.72,0.1,340.74,192.59
102678,2025-02-16,East,Electronics,Smartphone,5,278.42,0.0,1392.08,767.43
102679,2024-02-15,West,Beauty,Makeup Kit,1,45.18,0.0,45.18,34.8
102680,2024-02-27,West,Clothing,T-Shirt,1,46.3,0.0,46.3,29.47
102681,2024-10-01,South,Electronics,Headphones,5,312.32,0.05,1483.54,1027.82
102682,2024-11-29,East,Electronics,Laptop,2,369.37,0.05,701.81,392.04
102683,2025-03-17,West,Electronics,Smartphone,5,295.27,0.15,1254.92,805.51
102684,2024-10-05,South,Clothing,Sneakers,2,58.8,0.0,117.61,82.74
102685,2024-01-29,South,Beauty,Skincare Set,1,78.19,0.05,74.28,47.47
102686,2024-07-22,West,Sports,Fitness Watch,2,69.0,0.0,137.99,100.5
102687,2024-10-15,South,Clothing,T-Shirt,3,63.71,0.1,172.01,122.16
102688,2025-06-06,South,Clothing,T-Shirt,4,54.31,0.0,217.23,140.52
102689,2025-02-09,North,Sports,Dumbbells,2,69.31,0.0,138.61,88.6
102690,2024-04-04,South,Home,Desk Lamp,4,76.92,0.05,292.31,196.59
102691,2025-02-08,West,Electronics,Laptop,3,343.27,0.05,978.31,678.72
102692,2025-01-31,North,Home,Desk Lamp,2,128.22,0.0,256.43,194.64
102693,2024-02-01,,Electronics,Headphones,3,418.27,0.05,1192.08,896.79
102694,2024-09-08,South,Clothing,Jeans,4,64.12,0.15,218.01,128.31
102695,2024-04-18,North,Sports,Fitness Watch,5,75.82,0.0,379.08,242.75
102696,2024-07-13,North,,Running Shoes,5,93.23,0.0,466.17,275.22
102697,2024-03-01,North,Beauty,Perfume,1,47.01,0.15,39.96,22.49
102698,2025-06-01,West,Sports,Running Shoes,4,96.29,0.0,385.16,224.7
102699,2025-02-25,East,Beauty,Makeup Kit,5,65.59,0.05,311.55,193.2
102700,2024-01-20,South,Electronics,Monitor,5,399.45,0.0,1997.26,1139.02
102701,2025-04-26,East,Clothing,Jeans,2,60.56,0.1,109.0,76.29
102702,2024-01-17,South,Electronics,Monitor,2,353.01,0.05,670.71,526.32
102703,2024-10-13,North,Electronics,Monitor,1,353.66,0.0,353.66,196.56
102704,2024-01-11,East,Beauty,Skincare Set,1,49.66,0.0,49.66,38.64
102705,2024-04-18,South,Electronics,Smartphone,1,356.79,0.1,321.11,225.22
102706,2024-10-02,North,Home,Vacuum,4,89.84,0.15,305.45,245.29
102707,2024-02-24,East,Clothing,Jeans,4,67.21,0.15,228.52,184.58
102708,2024-11-03,South,Home,Vacuum,1,88.71,0.1,79.83,60.46
102709,2024-03-13,North,Home,Coffee Maker,2,112.88,0.0,225.77,167.4
102710,2025-04-16,West,Beauty,Perfume,4,62.88,0.05,238.93,137.87
102711,2025-01-24,West,Electronics,Headphones,4,386.7,0.05,1469.48,1061.98
102712,2025-02-21,East,Home,Desk Lamp,5,98.98,0.0,494.9,343.92
102713,2024-12-27,East,,Jacket,1,74.12,0.0,74.12,45.24
102714,2024-11-24,South,Electronics,Monitor,1,414.5,0.15,352.32,233.01
102715,2025-01-14,West,Clothing,Jeans,4,46.1,0.05,175.19,137.65
102716,2025-05-12,North,Clothing,Sneakers,3,50.01,0.0,150.02,107.9
102717,2024-12-22,East,Clothing,T-Shirt,2,47.83,0.0,95.66,70.08
102718,2024-01-23,North,Electronics,Monitor,4,420.34,0.05,,967.04
102719,2024-09-14,East,Electronics,Monitor,5,420.65,0.1,1892.92,1176.56
102720,2024-06-26,North,Electronics,Laptop,3,292.02,0.05,832.25,608.73
102721,2025-03-20,West,Beauty,Skincare Set,4,67.84,0.0,271.34,174.29
102722,2024-12-17,South,Beauty,Makeup Kit,4,54.45,0.15,185.13,118.09
102723,2024-06-17,West,Clothing,T-Shirt,3,64.13,0.05,182.76,109.86
102724,2024-05-05,South,Electronics,Monitor,1,299.52,0.0,299.52,218.98
102725,2024-08-12,North,Beauty,Hair Dryer,5,78.34,0.1,352.52,201.95
102726,2024-01-29,East,Clothing,Jeans,1,65.89,0.0,65.89,37.53
102727,2025-03-19,North,Sports,Dumbbells,3,68.96,0.05,196.53,133.06
102728,2024-02-06,West,Home,Vacuum,2,83.71,0.0,167.43,110.28
102729,2024-01-11,East,Electronics,Headphones,5,368.09,0.15,1564.37,1250.39
102730,2024-04-11,South,Home,Vacuum,2,98.21,0.0,196.41,157.96
102731,2024-09-15,East,Electronics,Laptop,4,319.17,0.05,1212.86,845.93
102732,2024-10-31,South,Electronics,Headphones,2,391.67,0.0,783.33,460.93
102733,2024-01-16,South,Clothing,Sneakers,1,46.35,0.0,46.35,29.2
102734,2024-08-16,North,Electronics,Headphones,1,437.92,0.15,372.24,273.52
102735,2024-02-11,North,Clothing,T-Shirt,5,73.99,0.15,314.44,242.73
102736,2025-01-22,West,Electronics,Smartphone,1,284.87,0.1,256.38,204.37
102737,2024-07-09,East,Electronics,Smartphone,3,418.74,0.05,1193.41,875.76
102738,2024-07-05,South,Electronics,Laptop,2,276.71,0.1,498.08,407.09
102739,2024-01-07,North,Home,Desk Lamp,3,119.13,0.05,339.51,215.11
102740,2025-04-26,North,Beauty,Hair Dryer,4,,0.1,276.13,205.54
102741,2025-02-04,West,Beauty,Hair Dryer,5,54.82,0.1,246.7,145.82
102742,2024-08-02,North,Clothing,Jacket,4,71.16,0.15,241.94,192.86
102743,2025-03-27,North,Sports,Running Shoes,1,86.66,0.15,73.66,51.97
102744,2025-03-28,East,Home,Desk Lamp,5,87.33,0.15,371.16,301.42
102745,2024-11-23,West,Beauty,Hair Dryer,4,47.53,0.05,180.62,136.7
102746,2024-10-14,East,Electronics,Laptop,3,269.46,0.05,767.95,550.88
102747,2025-02-12,North,Sports,Dumbbells,3,110.02,0.0,330.06,188.96
102748,2025-04-12,South,Beauty,Makeup Kit,2,66.17,0.05,125.72,98.54
102749,2024-11-26,South,Sports,Dumbbells,4,110.36,0.05,419.37,269.68
102750,2025-04-29,East,Electronics,Laptop,5,326.17,0.0,1630.84,950.58
102751,2024-10-15,East,Clothing,Jeans,5,68.76,0.15,292.22,229.75
102752,2024-03-30,North,Clothing,Sneakers,4,44.44,0.05,168.87,108.75
102753,2024-01-03,West,Sports,Dumbbells,4,85.11,0.0,340.43,253.47
102754,2024-06-11,West,Electronics,Laptop,2,263.74,0.2,421.98,322.69
102755,2024-03-04,East,Home,Desk Lamp,4,92.79,0.1,334.03,220.68
102756,2024-11-22,North,Home,Cookware,1,107.88,0.2,86.31,65.98
102757,2024-06-08,South,Home,Vacuum,3,123.2,0.05,351.11,259.0
102758,2024-01-25,South,Electronics,Monitor,3,335.19,0.15,854.73,536.82
102759,2024-06-03,North,,Headphones,2,275.33,0.05,523.13,353.06
102760,2024-02-28,West,Beauty,Perfume,4,59.56,0.05,226.33,156.86
102761,2024-07-30,West,Clothing,Jeans,3,55.32,0.05,157.65,116.82
102762,2024-08-09,North,Clothing,Sneakers,1,52.57,0.05,49.94,27.75
102763,2024-01-16,West,Sports,Yoga Mat,1,108.23,0.1,97.41,79.83
102764,2025-04-16,West,Electronics,Laptop,2,448.37,0.0,896.74,497.26
102765,2024-12-30,West,Beauty,Makeup Kit,5,74.25,0.0,371.26,230.57
102766,2024-05-24,West,Clothing,Sneakers,5,59.9,0.1,269.56,191.18
102767,2024-10-23,West,Home,Desk Lamp,5,74.44,0.0,372.21,240.73
102768,2025-01-12,South,Electronics,Headphones,3,423.45,0.05,1206.84,792.03
102769,2024-03-21,West,Home,Desk Lamp,1,124.35,0.05,118.13,71.06
102770,2025-05-22,South,Beauty,Hair Dryer,4,64.16,0.05,243.82,155.55
102771,2025-03-19,East,Clothing,Sneakers,5,65.23,0.1,293.54,223.08
102772,2025-06-01,North,Clothing,Jeans,4,45.24,0.2,144.78,105.7
102773,2025-02-03,North,Electronics,Smartphone,2,436.73,0.05,829.79,533.16
102774,2024-03-08,South,Sports,Yoga Mat,4,102.28,0.1,368.2,266.0
102775,2024-09-15,North,Home,Coffee Maker,1,83.67,0.1,75.3,57.42
102776,2024-11-23,South,Sports,Dumbbells,1,74.61,0.05,70.88,55.17
102777,2024-07-24,East,Clothing,T-Shirt,4,62.88,0.1,226.38,150.73
102778,2024-09-29,,Sports,Dumbbells,3,87.9,0.1,237.33,167.05
102779,2024-09-13,West,Beauty,Skincare Set,1,70.79,0.0,70.79,42.2
102780,2024-01-23,North,Electronics,Laptop,5,379.93,0.2,1519.71,1209.45
102781,2024-02-28,East,Clothing,Sneakers,5,68.04,0.2,272.18,197.43
102782,2024-11-21,West,Clothing,Jacket,1,68.69,0.2,54.96,35.91
102783,2024-02-27,East,Sports,Running Shoes,4,73.42,0.1,264.31,180.15
102784,2024-01-18,East,Clothing,Sneakers,3,64.6,0.0,193.8,123.52
102785,2024-09-06,East,Home,Desk Lamp,3,88.64,0.15,226.03,129.98
102786,2024-07-16,North,Home,Desk Lamp,1,109.98,0.0,109.98,67.87
102787,2025-05-16,South,Clothing,Jacket,3,50.14,0.0,150.43,104.7
102788,2024-03-28,East,Home,Coffee Maker,4,100.51,0.2,321.64,251.19
102789,2024-08-14,North,Beauty,Makeup Kit,3,80.79,0.1,218.13,165.11
102790,2024-12-30,North,Home,Vacuum,2,114.44,0.05,217.44,130.16
102791,2025-06-10,South,Electronics,Monitor,3,425.09,0.0,1275.28,712.14
102792,2024-06-27,North,Home,Desk Lamp,4,75.5,0.05,286.89,207.84
102793,2025-03-11,North,Sports,Running Shoes,5,88.9,0.05,422.28,271.9
102794,2024-09-30,East,Sports,Running Shoes,3,84.33,0.05,240.33,194.82
102795,2024-07-22,East,Electronics,Smartphone,1,431.37,0.1,388.23,230.59
102796,2025-01-09,East,Home,Vacuum,3,117.19,0.0,351.58,274.99
102797,2025-01-18,South,Clothing,Jacket,3,41.75,0.0,125.24,92.81
102798,2024-08-03,South,Clothing,Sneakers,1,53.68,0.1,48.31,39.04
102799,2025-04-30,North,Home,Coffee Maker,1,104.41,0.2,83.53,59.57
102800,2025-06-12,East,Clothing,Jeans,2,61.44,0.15,104.44,79.38
102801,2024-03-04,North,Sports,Fitness Watch,4,81.32,0.05,309.02,244.25
102802,2024-04-13,West,Home,Cookware,4,78.22,0.1,281.6,163.61
102803,2024-12-25,West,Beauty,Perfume,5,68.6,0.0,343.0,263.75
102804,2024-11-27,East,Electronics,Monitor,3,445.26,0.1,1202.21,813.15
102805,2025-05-07,East,Electronics,Headphones,4,348.73,0.05,1325.18,910.86
102806,2024-03-16,West,Electronics,Headphones,5,334.56,0.0,1672.81,1037.29
102807,2025-02-07,West,Beauty,Perfume,5,46.9,0.05,222.76,131.26
102808,2024-08-26,North,Sports,Dumbbells,4,84.84,0.0,339.37,216.24
102809,2024-05-03,North,Clothing,T-Shirt,4,41.47,0.05,157.58,98.72
102810,2024-04-03,East,Clothing,T-Shirt,5,70.62,0.05,335.43,201.64
102811,2024-07-05,East,Electronics,Headphones,2,455.87,0.05,866.15,635.63
102812,2024-02-17,South,Clothing,Jeans,2,46.11,0.0,92.21,63.24
102813,2024-01-09,West,Electronics,Laptop,3,432.54,0.0,1297.61,985.6
102814,2024-08-10,South,Electronics,Smartphone,3,288.45,0.1,778.8,469.37
102815,2025-02-05,West,Home,Desk Lamp,2,88.68,0.15,150.75,121.77
102816,2024-02-10,East,Home,Coffee Maker,4,102.8,0.0,411.22,293.51
102817,2024-10-08,East,Clothing,Jeans,2,59.61,0.05,113.25,89.75
102818,2024-02-12,West,Home,Cookware,5,85.69,0.05,407.03,233.37
102819,2025-01-23,North,Home,Desk Lamp,5,108.15,0.05,513.71,390.95
102820,2025-01-27,South,Beauty,Makeup Kit,3,68.38,0.05,194.87,129.57
102821,2024-01-04,South,Clothing,Sneakers,1,55.86,0.0,55.86,34.91
102822,2024-11-13,North,Home,Coffee Maker,2,74.12,0.0,148.24,102.51
102823,2025-03-17,East,Clothing,Jeans,1,66.28,0.0,66.28,51.3
102824,2025-04-21,West,Sports,Dumbbells,3,102.9,0.05,293.25,172.89
102825,2024-03-17,West,Beauty,Hair Dryer,2,68.46,0.05,130.08,82.84
102826,2024-10-06,North,Sports,Dumbbells,1,81.49,0.0,81.49,48.81
102827,2025-03-28,South,Beauty,Hair Dryer,1,70.72,0.15,60.11,40.1
102828,2024-05-27,South,Sports,Fitness Watch,1,80.11,0.05,76.1,62.33
102829,2025-03-22,North,Home,Vacuum,3,93.37,0.2,224.1,143.73
102830,2024-03-08,South,Beauty,Hair Dryer,2,60.57,0.1,109.03,62.1
102831,2024-02-05,South,Electronics,Laptop,5,431.52,0.05,2049.73,1169.96
102832,2024-04-07,North,Home,Cookware,4,75.09,0.0,300.35,181.81
102833,2024-02-16,West,Clothing,Jacket,3,47.93,0.05,136.6,97.03
102834,2024-06-22,North,Beauty,Skincare Set,5,64.38,0.05,305.82,187.82
102835,2025-03-08,South,Sports,Fitness Watch,3,70.65,0.05,201.36,164.53
102836,2024-05-01,North,Home,Cookware,4,74.73,0.05,283.99,227.77
102837,2024-11-07,North,Sports,Yoga Mat,5,71.76,0.05,340.85,205.41
102838,2024-03-04,North,Home,Vacuum,1,123.19,0.1,110.87,85.8
102839,2024-12-27,East,Home,Cookware,1,74.69,0.1,67.22,51.72
102840,2024-01-23,North,Clothing,Sneakers,3,63.22,0.0,189.65,132.04
102841,2024-08-05,West,Sports,Dumbbells,1,107.55,0.0,107.55,80.72
102842,2024-02-26,East,Home,Coffee Maker,5,81.7,0.0,408.48,311.59
102843,2024-11-22,West,Beauty,Makeup Kit,5,62.16,0.1,279.7,220.3
102844,2024-05-05,South,Home,Vacuum,4,93.75,0.05,356.26,265.54
102845,2025-06-20,South,Sports,Fitness Watch,1,78.82,0.1,70.93,58.16
102846,2024-05-11,North,Home,Coffee Maker,3,100.01,0.0,300.02,204.84
102847,2025-04-25,West,Clothing,Jacket,2,49.61,0.0,99.21,77.59
102848,2024-10-31,West,Clothing,Jacket,4,70.84,0.1,255.03,146.32
102849,2024-06-10,West,Sports,Fitness Watch,5,77.58,0.05,368.5,285.13
102850,2025-05-19,West,Electronics,Headphones,5,462.51,0.15,1965.68,1090.51
102851,2024-08-14,South,Home,Cookware,2,127.63,0.0,255.25,197.72
102852,2024-11-23,West,Home,Cookware,3,97.63,0.1,263.6,160.8
102853,2024-11-20,East,Home,Coffee Maker,5,88.76,0.0,443.78,265.68
102854,2024-04-06,South,Electronics,Monitor,2,393.85,0.05,748.31,421.92
102855,2024-04-21,East,Sports,Dumbbells,4,64.72,0.1,232.98,149.41
102856,2025-05-18,South,Home,Cookware,1,120.87,0.0,120.87,93.72
102857,2024-01-10,North,Electronics,Headphones,2,461.8,0.1,831.25,460.56
102858,2025-06-01,East,Clothing,Jeans,5,62.98,0.05,299.16,221.98
102859,2024-07-02,West,Electronics,Smartphone,1,381.69,0.05,362.61,209.85
102860,2024-04-20,East,Clothing,Sneakers,3,55.86,0.2,134.06,84.83
102861,2024-08-15,North,Electronics,Monitor,5,409.73,0.0,2048.65,1155.46
102862,2025-05-11,East,Beauty,Perfume,1,74.44,0.0,74.44,59.47
102863,2025-04-23,West,Beauty,Hair Dryer,3,52.39,0.0,157.17,92.64
102864,2024-08-25,South,Sports,Yoga Mat,1,92.92,0.15,78.98,51.42
102865,2024-08-09,South,Clothing,Jeans,2,45.51,0.05,86.46,49.41
102866,2024-06-30,West,Home,Vacuum,5,118.82,0.05,564.41,457.26
102867,2025-02-03,South,Sports,Running Shoes,2,114.03,0.05,216.66,166.79
102868,2024-05-11,East,Electronics,Headphones,4,395.44,0.05,1502.66,1013.36
102869,2025-05-17,South,Electronics,Monitor,3,449.94,0.05,1282.32,908.89
102870,2025-06-03,East,Home,Coffee Maker,4,99.69,0.1,358.9,257.67
102871,2025-04-29,South,Home,Cookware,5,120.55,0.1,542.47,431.79
102872,2024-09-30,South,Home,Vacuum,3,91.37,0.05,260.42,144.85
102873,2024-06-04,East,Home,Desk Lamp,1,92.28,0.2,73.83,43.76
102874,2024-02-18,North,Sports,Fitness Watch,1,95.55,0.0,95.55,72.03
102875,2024-08-31,East,Electronics,Smartphone,4,407.86,0.05,1549.88,912.12
102876,2024-09-30,East,Home,Coffee Maker,2,121.64,0.2,194.62,122.55
102877,2025-02-24,North,Home,Coffee Maker,4,80.78,0.0,323.1,179.21
102878,2025-02-02,North,Clothing,Sneakers,1,68.85,0.05,65.41,39.28
102879,2024-03-03,West,Electronics,Laptop,5,291.81,0.05,1386.1,1076.24
102880,2025-04-13,South,Electronics,Monitor,1,451.3,0.1,406.17,266.85
102881,2024-10-01,West,Electronics,Smartphone,1,288.19,0.0,288.19,198.8
102882,2025-05-23,North,Sports,Fitness Watch,4,68.94,0.0,275.78,209.45
102883,2024-06-14,East,Electronics,Smartphone,5,423.67,0.1,1906.49,1133.28
102884,2025-03-22,North,Beauty,Skincare Set,2,70.93,0.05,134.77,75.13
102885,2024-12-20,North,Sports,Fitness Watch,4,112.32,0.0,449.28,328.08
102886,2024-08-11,West,Home,Cookware,1,75.93,0.1,68.34,38.13
102887,2025-06-18,North,Clothing,Sneakers,4,51.7,0.2,165.44,125.95
102888,2025-01-12,West,Clothing,Jeans,1,52.8,0.1,47.52,34.27
102889,2024-02-07,West,Home,Vacuum,1,73.44,0.1,66.1,45.04
102890,2025-01-17,North,Home,Cookware,2,100.17,0.0,200.34,149.76
102891,2025-01-30,South,Beauty,Skincare Set,2,69.12,0.2,110.59,75.14
102892,2024-10-06,North,Home,Desk Lamp,5,118.49,0.1,533.23,435.27
102893,2024-02-09,East,Clothing,Jacket,3,60.3,0.0,180.89,143.59
102894,2024-07-24,South,Clothing,T-Shirt,3,66.58,0.1,179.78,125.53
102895,2025-06-04,West,Beauty,Makeup Kit,4,63.72,0.1,229.39,130.98
102896,2024-05-22,North,Sports,Running Shoes,3,67.35,0.1,181.84,125.69
102897,2025-03-03,West,Electronics,Headphones,1,317.77,0.0,317.77,180.68
102898,2024-08-01,South,Sports,Dumbbells,3,67.89,0.15,173.11,107.93
102899,2025-03-13,West,Electronics,Monitor,2,309.05,0.05,587.2,327.32
102900,2024-10-26,North,Home,Coffee Maker,2,76.55,0.1,137.79,84.93
102901,2024-05-14,South,Clothing,Jacket,2,67.78,0.1,122.0,72.84
102902,2024-11-24,South,Electronics,Monitor,3,406.7,0.05,1159.09,878.78
102903,2024-08-19,West,Clothing,Jacket,3,46.23,0.0,138.69,102.93
102904,2024-05-10,North,Electronics,Smartphone,4,300.89,0.2,962.86,544.45
102905,2024-01-19,South,Clothing,Jeans,1,69.28,0.1,62.35,42.6
102906,2024-02-16,West,Electronics,Monitor,1,451.22,0.05,428.66,241.72
102907,2025-04-22,North,Electronics,Laptop,2,398.54,0.15,677.51,458.15
102908,2024-07-05,North,Electronics,Monitor,2,414.8,0.0,829.6,474.22
102909,2024-12-13,East,Sports,Fitness Watch,2,109.89,0.0,219.78,142.4
102910,2025-06-08,South,Home,Cookware,1,103.9,0.0,103.9,69.01
102911,2025-06-02,West,Electronics,Headphones,1,262.77,0.2,210.22,127.87
102912,2024-04-22,East,Sports,Dumbbells,2,84.29,0.2,134.86,86.09
102913,2024-10-25,West,Sports,Running Shoes,1,,0.1,81.97,59.28
102914,2024-09-18,East,Electronics,Monitor,4,436.21,0.1,1570.36,948.11
102915,2024-10-25,,Beauty,Perfume,3,63.02,0.0,189.05,119.8
102916,2024-06-04,East,Beauty,Skincare Set,2,74.42,0.05,141.4,114.7
102917,2024-11-06,East,Clothing,T-Shirt,2,73.75,0.05,140.12,111.32
102918,2024-04-02,South,Clothing,Jacket,4,46.4,0.0,185.6,130.83
102919,2024-08-28,East,Home,Desk Lamp,4,87.06,0.15,296.0,217.53
102920,2024-09-11,South,Beauty,Skincare Set,2,56.93,0.0,113.86,87.39
102921,2024-11-23,East,Home,Cookware,5,111.58,0.2,446.3,252.97
102922,2024-02-25,North,Electronics,Laptop,4,430.98,0.1,1551.55,1175.78
102923,2024-08-11,East,Sports,Running Shoes,5,97.66,0.05,463.88,261.02
102924,2025-05-12,East,Sports,Running Shoes,5,63.94,0.05,303.73,245.44
102925,2024-05-24,East,Electronics,Smartphone,1,273.66,0.1,246.29,194.63
102926,2024-06-01,East,Clothing,Jeans,3,,0.2,159.27,127.89
102927,2025-06-23,North,Clothing,Jeans,5,61.66,0.0,308.31,250.78
102928,2025-05-06,North,Home,Desk Lamp,1,114.57,0.15,97.39,66.4
102929,2024-06-23,South,Home,Cookware,4,90.41,0.15,307.4,187.7
102930,2024-09-13,West,Electronics,Headphones,1,375.28,0.15,318.99,246.99
102931,2024-11-04,West,Clothing,Jeans,1,62.07,0.0,62.07,36.19
102932,2025-06-17,West,Electronics,Headphones,1,307.09,0.2,245.67,174.73
102933,2024-03-11,South,Clothing,Jacket,5,69.36,0.2,277.43,179.16
102934,2025-01-18,North,Home,Cookware,1,86.68,0.1,78.01,52.13
102935,2024-06-08,East,Electronics,Smartphone,1,370.44,0.1,333.4,264.36
102936,2024-06-03,South,Clothing,Jacket,4,68.3,0.1,245.87,170.76
102937,2025-01-30,West,Clothing,Jacket,4,49.66,0.1,178.79,100.54
102938,2024-05-14,West,Home,Coffee Maker,1,81.68,0.1,73.51,59.29
102939,2024-01-20,West,Electronics,Headphones,1,344.17,0.1,309.76,236.55
102940,2024-01-01,South,Sports,Yoga Mat,3,68.32,0.0,204.97,114.64
102941,2025-03-08,South,Sports,Fitness Watch,3,93.12,0.0,279.37,193.56
102942,2025-03-16,West,Clothing,Jacket,2,42.88,0.1,77.18,46.81
102943,2024-03-12,West,Sports,Dumbbells,3,96.34,0.15,245.67,176.8
102944,2025-03-14,North,Home,Cookware,2,107.37,0.2,171.8,110.02
102945,2024-12-18,South,Home,Vacuum,5,72.32,0.1,325.44,259.07
102946,2025-05-06,South,Home,Vacuum,3,119.94,0.2,287.84,160.82
102947,2024-10-18,East,Electronics,Headphones,1,350.07,0.05,332.57,235.19
102948,2024-07-24,East,Home,Desk Lamp,4,,0.1,311.18,251.8
102949,2024-03-27,South,Sports,Dumbbells,3,99.3,0.0,297.9,219.54
102950,2025-01-04,South,Clothing,Jacket,2,52.3,0.15,88.91,50.43
102951,2024-09-02,West,Clothing,T-Shirt,2,48.72,0.15,82.82,51.08
102952,2024-07-23,South,Electronics,Monitor,5,300.95,0.0,1504.73,1162.32
102953,2024-12-23,South,Clothing,Jacket,2,42.93,0.0,85.86,59.59
102954,2025-03-10,North,Electronics,Laptop,3,396.44,0.0,1189.33,924.79
102955,2025-01-04,South,Clothing,Jacket,4,64.27,0.0,257.07,168.03
102956,2024-01-18,North,Home,Coffee Maker,2,104.85,0.0,209.69,151.72
102957,2024-01-19,North,Beauty,Skincare Set,3,74.33,0.15,189.54,136.88
102958,2025-05-13,East,Electronics,Laptop,2,446.31,0.0,892.61,606.81
102959,2024-04-24,West,Beauty,Hair Dryer,2,76.0,0.05,144.41,100.02
102960,2024-09-19,South,Clothing,Jacket,5,73.58,0.0,367.88,269.14
102961,2025-03-28,West,Clothing,Jacket,4,54.8,0.2,175.35,103.61
102962,2025-02-19,North,,Vacuum,5,117.57,0.0,587.83,352.75
102963,2024-10-15,South,Electronics,Smartphone,1,398.02,0.15,338.31,191.63
102964,2025-05-29,West,Sports,Dumbbells,3,74.51,0.0,223.52,130.3
102965,2024-06-20,South,Sports,Fitness Watch,5,67.4,0.1,303.29,192.53
102966,2025-05-27,North,Clothing,Sneakers,5,49.42,0.1,222.4,155.52
102967,2024-04-10,East,Sports,Dumbbells,-2,90.5,0.1,407.26,236.33
102968,2025-01-16,West,Clothing,T-Shirt,4,62.59,0.05,237.83,138.96
102969,2025-05-24,West,Sports,Yoga Mat,1,102.61,0.0,102.61,73.72
102970,2024-01-08,South,Home,Cookware,2,126.24,0.05,239.85,162.71
102971,2024-10-21,South,Clothing,T-Shirt,4,67.49,0.0,269.98,193.38
102972,2025-01-13,West,Home,Desk Lamp,3,72.98,0.05,208.0,155.26
102973,2025-03-04,East,Beauty,Hair Dryer,1,77.21,0.15,65.63,36.75
102974,2025-03-26,West,Sports,Dumbbells,2,64.98,0.05,123.46,71.31
102975,2024-03-23,West,Sports,Dumbbells,2,70.22,0.0,140.43,101.41
102976,2025-01-12,North,Sports,Yoga Mat,4,79.96,0.1,287.85,225.32
102977,2024-09-27,North,Beauty,Makeup Kit,5,59.54,0.15,253.06,189.53
102978,2024-04-16,West,Electronics,Monitor,4,345.1,0.05,1311.39,1032.64
102979,2025-04-27,West,Clothing,Jeans,3,51.61,0.05,147.09,114.36
102980,2024-09-02,South,Sports,Running Shoes,5,105.79,0.0,528.97,354.76
102981,2024-12-10,North,Electronics,Laptop,5,357.32,0.05,1697.25,1281.63
102982,2024-06-27,North,Sports,Fitness Watch,5,67.84,0.1,305.26,233.95
102983,2024-10-18,South,Electronics,Headphones,3,360.02,0.1,972.06,701.84
102984,2024-11-14,North,Beauty,Makeup Kit,2,74.42,0.0,148.84,98.58
102985,2025-06-20,North,Beauty,Makeup Kit,2,50.59,0.15,86.0,58.46
102986,2024-08-17,South,Electronics,Headphones,1,275.53,0.1,247.98,145.52
102987,2024-02-11,North,Home,Vacuum,1,89.6,0.0,89.6,61.28
102988,2024-09-10,,Home,Cookware,4,126.43,0.15,429.85,278.53
102989,2024-12-29,South,Sports,Dumbbells,2,107.07,0.0,214.15,121.08
102990,2024-12-14,South,Electronics,Monitor,4,408.64,0.0,1634.56,1092.6
102991,2025-03-07,North,Home,Cookware,3,112.66,0.0,337.98,210.57
102992,2025-05-30,South,Electronics,Smartphone,1,371.66,0.1,334.5,263.32
102993,2025-03-07,West,Sports,Yoga Mat,2,87.95,0.0,175.9,126.55
102994,2024-06-21,North,Clothing,T-Shirt,1,58.14,0.05,55.23,32.26
102995,2024-01-21,East,Beauty,Skincare Set,1,76.94,0.05,,51.81
102996,2025-06-14,West,Clothing,Jeans,5,73.44,0.1,330.48,247.29
102997,2024-03-21,North,Sports,Fitness Watch,5,71.74,0.1,322.82,260.71
102998,2024-03-24,South,Clothing,Sneakers,3,49.96,0.1,134.9,84.2
102999,2024-09-21,East,Beauty,Hair Dryer,1,55.51,0.05,52.73,33.41
103000,2025-03-28,South,Clothing,Sneakers,5,62.12,0.0,310.6,216.71
103001,2025-06-26,North,Electronics,Smartphone,3,381.32,0.0,1143.95,707.68
103002,2024-08-02,East,Beauty,Makeup Kit,3,51.81,0.0,155.44,114.91
103003,2024-07-17,East,Home,Coffee Maker,1,85.03,0.05,80.78,49.4
103004,2024-09-01,East,Home,Coffee Maker,2,108.43,0.15,184.32,147.31
103005,2024-08-20,South,Beauty,Hair Dryer,1,56.24,0.05,53.43,32.19
103006,2024-10-15,South,Electronics,Smartphone,3,432.98,0.05,1234.0,726.2
103007,2025-01-29,East,Clothing,T-Shirt,2,65.8,0.0,131.6,85.64
103008,2025-04-16,North,Home,Coffee Maker,3,96.45,0.0,289.36,195.04
103009,2024-12-21,North,Electronics,Monitor,2,267.52,0.15,454.79,302.2
103010,2025-01-05,East,Electronics,Monitor,1,361.31,0.05,343.25,253.96
103011,2024-11-18,West,Home,Coffee Maker,4,94.62,0.05,359.56,249.46
103012,2025-06-13,East,Home,Vacuum,1,103.38,0.05,98.21,72.82
103013,2024-02-23,North,Electronics,Smartphone,2,372.64,0.1,670.76,464.92
103014,2024-10-09,West,Electronics,Monitor,3,304.57,0.2,730.96,535.68
103015,2024-10-23,South,Beauty,Perfume,3,48.77,0.2,117.04,85.47
103016,2025-06-13,North,Home,Vacuum,2,82.46,0.1,148.42,106.82
103017,2025-04-22,East,Home,Desk Lamp,4,117.07,0.05,444.87,341.64
103018,2024-12-06,South,Sports,Running Shoes,2,95.72,0.1,172.3,121.96
103019,2025-03-09,East,Sports,Dumbbells,4,89.76,0.1,323.15,236.77
103020,2024-01-18,East,Beauty,Makeup Kit,3,65.76,0.2,157.81,104.07
103021,2024-04-30,North,Home,Cookware,-3,80.48,0.2,193.14,122.85
103022,2024-08-25,East,Home,Coffee Maker,2,108.67,0.15,184.74,108.45
103023,2024-04-22,East,Home,Coffee Maker,3,94.05,0.05,268.04,206.78
103024,2025-03-24,South,Clothing,Jeans,3,44.08,0.0,,98.02
103025,2024-01-01,South,Electronics,Laptop,3,,0.1,1021.26,639.5
103026,2024-04-02,West,Clothing,Jeans,3,45.71,0.1,123.41,96.45
103027,2024-12-24,North,Home,Desk Lamp,1,72.0,0.1,64.8,41.29
103028,2024-11-22,North,Clothing,T-Shirt,1,53.11,0.05,50.46,35.94
103029,2024-12-15,North,Clothing,Jacket,2,54.55,0.1,98.19,69.04
103030,2025-06-01,South,Sports,Dumbbells,4,72.82,0.05,276.71,211.41
103031,2025-04-21,South,Clothing,T-Shirt,1,70.45,0.1,63.41,38.02
103032,2025-06-10,East,Clothing,Jacket,1,61.98,0.0,61.98,42.8
103033,2024-08-26,North,Home,Desk Lamp,1,84.01,0.1,75.61,59.02
103034,2024-09-24,North,Electronics,Monitor,5,415.5,0.05,1973.61,1433.96
103035,2024-06-21,East,Clothing,Sneakers,4,57.84,0.05,219.8,123.94
103036,2025-02-25,West,Sports,Running Shoes,3,113.91,0.1,307.54,249.15
103037,2025-04-07,West,Clothing,Jacket,5,45.89,0.1,206.51,134.54
103038,2025-04-10,South,Electronics,Smartphone,1,399.39,0.0,399.39,280.76
103039,2024-12-20,West,Sports,Running Shoes,4,96.48,0.05,366.64,218.2
103040,2024-02-05,North,Sports,Fitness Watch,1,99.38,0.1,89.44,57.62
103041,2025-02-24,East,Sports,Running Shoes,5,64.82,0.0,324.11,242.14
103042,2025-03-22,North,Clothing,Jacket,1,71.78,0.05,68.19,45.98
103043,2025-06-25,East,Clothing,Jacket,3,55.07,0.0,165.22,121.63
103044,2024-08-06,West,Clothing,Jacket,1,56.3,0.05,53.49,31.98
103045,2024-07-21,North,Home,Desk Lamp,1,84.13,0.05,79.92,47.46
103046,2025-04-30,West,Electronics,Headphones,4,458.5,0.1,1650.61,929.03
103047,2025-01-01,East,Beauty,Hair Dryer,3,65.32,0.05,-123.3,108.35
103048,2024-12-01,West,Electronics,Smartphone,2,311.93,0.2,499.09,285.69
103049,2024-02-10,North,Sports,Dumbbells,4,71.99,0.1,259.15,163.21
103050,2025-05-23,West,Home,Coffee Maker,3,118.15,0.0,354.45,220.11
103051,2025-02-13,South,Electronics,Monitor,4,453.96,0.1,1634.27,1025.8
103052,2024-11-21,East,Clothing,Sneakers,2,48.8,0.1,87.83,59.37
103053,2024-12-22,North,Home,Coffee Maker,4,123.48,0.1,444.54,304.46
103054,2024-08-19,South,Clothing,Sneakers,1,64.68,0.05,61.44,34.17
103055,2024-05-12,South,Beauty,Hair Dryer,1,50.62,0.0,50.62,40.21
103056,2025-04-28,North,Home,Cookware,4,98.81,0.15,335.96,187.25
103057,2024-04-10,North,Electronics,Smartphone,3,330.49,0.1,892.31,710.5
103058,2024-10-15,South,Sports,Fitness Watch,4,88.64,0.0,354.56,200.6
103059,2025-03-23,North,Electronics,Laptop,5,374.54,0.0,1872.7,1452.92
103060,2024-09-10,South,Clothing,T-Shirt,3,69.38,0.05,197.74,157.0
103061,2024-01-14,North,Clothing,Jeans,3,43.12,0.1,116.43,81.53
103062,2025-03-20,North,Beauty,Perfume,5,62.01,0.1,279.06,198.94
103063,2024-12-03,South,Sports,Dumbbells,1,111.95,0.15,95.16,52.39
103064,2024-07-11,North,Electronics,Laptop,4,433.75,0.1,1561.49,1007.99
103065,2024-01-27,South,Beauty,Hair Dryer,2,78.28,0.0,156.56,107.09
103066,2024-07-22,West,Sports,Yoga Mat,4,84.64,0.0,338.57,190.01
103067,2024-11-20,East,Home,Vacuum,3,100.89,0.2,242.14,192.9
103068,2024-01-15,South,Home,Desk Lamp,2,103.85,0.0,207.69,120.21
103069,2024-04-13,South,Clothing,T-Shirt,3,64.14,0.0,192.42,125.23
103070,2024-05-15,North,Home,Vacuum,2,124.61,0.15,211.84,130.23
103071,2025-05-13,South,Electronics,Headphones,3,296.28,0.2,711.07,397.44
103072,2024-08-12,North,Home,Desk Lamp,1,78.5,0.2,62.8,39.65
103073,2025-01-23,West,Electronics,Monitor,2,438.18,0.0,876.36,600.17
103074,2024-08-01,East,Electronics,Smartphone,3,269.33,0.1,727.19,532.99
103075,2025-01-04,West,Clothing,Jeans,4,52.6,0.1,189.35,123.88
103076,2024-02-08,North,Home,Vacuum,5,88.84,0.15,377.57,210.13
103077,2024-02-22,South,Beauty,Hair Dryer,3,48.02,0.15,122.46,88.4
103078,2024-05-10,East,Electronics,Headphones,3,444.91,0.0,1334.72,945.51
103079,2024-12-17,East,Home,Desk Lamp,3,96.01,0.05,273.63,182.2
103080,2024-10-01,West,Electronics,Headphones,1,292.08,0.1,262.87,191.77
103081,2024-08-08,North,Electronics,Laptop,4,345.86,0.0,1383.46,1118.16
103082,2025-02-08,West,Beauty,Skincare Set,5,76.26,0.15,324.13,184.64
103083,2025-01-11,East,Clothing,Jacket,1,68.84,0.05,65.4,50.58
103084,2024-03-27,East,Home,Desk Lamp,2,76.34,0.1,137.41,81.25
103085,2025-01-23,South,Beauty,Makeup Kit,2,63.49,0.05,120.64,80.51
103086,2024-06-01,West,Home,Coffee Maker,5,102.46,0.0,512.3,369.83
103087,2024-04-11,West,Sports,Running Shoes,2,95.18,0.0,190.37,108.62
103088,2025-06-19,North,Clothing,Sneakers,3,44.41,0.1,119.91,66.34
103089,2024-07-21,South,Electronics,Headphones,1,327.2,0.0,327.2,193.06
103090,2024-03-05,South,Sports,Yoga Mat,4,85.41,0.05,324.57,228.94
103091,2025-02-05,North,Clothing,Jacket,4,62.39,0.1,224.6,155.25
103092,2025-05-19,East,Beauty,Hair Dryer,1,52.53,0.05,49.9,39.77
103093,2025-01-17,South,Home,Coffee Maker,1,97.01,0.05,92.16,62.23
103094,2025-03-26,West,Electronics,Monitor,3,405.36,0.05,1155.28,811.77
103095,2025-02-09,South,Beauty,Makeup Kit,2,59.3,0.05,112.67,70.22
103096,2024-02-08,East,Beauty,Hair Dryer,2,48.2,0.0,96.4,68.16
103097,2024-08-17,North,Home,Desk Lamp,1,110.55,0.05,105.02,72.75
103098,2024-11-26,South,Home,Coffee Maker,2,95.57,0.1,172.03,130.73
103099,2024-04-13,West,Electronics,Laptop,1,367.77,0.0,367.77,271.63
103100,2025-03-31,South,Home,Coffee Maker,5,107.6,0.0,538.0,313.41
103101,2025-03-27,North,Beauty,Makeup Kit,3,75.55,0.15,192.64,154.58
103102,2024-06-28,East,Clothing,Jacket,5,41.3,0.2,165.22,128.09
103103,2024-07-04,South,Clothing,Jeans,3,47.55,0.0,142.64,100.91
103104,2025-02-28,West,Home,Vacuum,1,83.03,0.0,83.03,60.68
103105,2024-11-01,South,Clothing,Jacket,1,54.16,0.0,54.16,31.09
103106,2024-06-28,North,Home,Cookware,5,125.89,0.15,535.03,330.55
103107,2024-03-25,West,Home,Vacuum,5,110.77,0.0,553.87,447.92
103108,2024-12-11,West,Beauty,Skincare Set,3,61.13,0.05,174.22,107.98
103109,2024-10-24,South,Home,Desk Lamp,4,126.0,0.1,453.6,314.81
103110,2024-04-09,North,Home,Coffee Maker,4,109.05,0.0,436.2,342.11
103111,2025-02-21,South,Clothing,T-Shirt,3,48.82,0.0,146.45,88.6
103112,2024-04-30,North,Beauty,Makeup Kit,4,55.1,0.0,220.39,179.28
103113,2024-05-11,East,Clothing,Jeans,5,43.81,0.1,,109.7
103114,2025-02-26,South,Sports,Dumbbells,4,98.52,0.0,394.08,299.56
103115,2024-08-10,South,Clothing,Jeans,4,69.48,0.1,250.14,149.54
103116,2024-01-02,North,Beauty,Perfume,3,65.45,0.15,166.91,102.1
103117,2025-04-15,West,Beauty,Perfume,3,59.19,0.1,159.8,88.97
103118,2024-05-12,East,Clothing,Jeans,1,45.14,0.05,42.88,27.94
103119,2025-05-09,West,Clothing,Jeans,1,52.54,0.05,49.92,31.6
103120,2025-05-31,South,Home,Coffee Maker,2,122.17,0.15,207.69,131.81
103121,2024-10-04,East,Home,Desk Lamp,2,122.13,0.1,219.84,155.47
103122,2024-07-05,South,Sports,Yoga Mat,1,95.27,0.0,95.27,61.3
103123,2024-11-24,West,Beauty,Makeup Kit,5,63.28,0.0,316.42,205.51
103124,2025-04-15,West,Electronics,Laptop,1,410.87,0.05,390.32,235.54
103125,2025-05-26,West,Clothing,Jeans,5,61.97,0.0,309.85,181.04
103126,2024-02-02,South,Beauty,Makeup Kit,3,61.66,0.1,166.49,125.58
103127,2024-09-17,West,Electronics,Smartphone,2,317.38,0.0,634.76,384.34
103128,2025-04-27,West,Sports,Running Shoes,4,70.33,0.05,267.27,171.95
103129,2024-09-29,West,Clothing,Jacket,3,41.6,0.0,-120.46,69.31
103130,2025-06-19,South,Home,Cookware,1,90.96,0.0,90.96,65.18
103131,2024-08-23,South,Sports,Yoga Mat,3,92.32,0.05,263.1,156.95
103132,2024-07-07,West,Home,Coffee Maker,3,97.47,0.05,277.79,223.0
103133,2025-01-16,North,Clothing,Jeans,5,44.23,0.2,176.92,124.6
103134,2024-09-21,North,Beauty,Skincare Set,4,64.37,0.1,231.73,140.67
103135,2025-04-23,West,Home,Desk Lamp,1,74.27,0.05,70.56,49.25
103136,2024-06-04,East,Electronics,Headphones,2,313.52,0.0,627.04,377.42
103137,2024-11-03,West,Home,Cookware,3,86.54,0.1,233.64,181.2
103138,2025-06-10,East,Electronics,Headphones,5,285.33,0.1,1283.96,756.72
103139,2024-12-22,South,Home,Vacuum,4,99.18,0.2,317.38,235.67
103140,2024-05-14,South,Beauty,Makeup Kit,1,76.37,0.0,76.37,43.26
103141,2025-01-24,,Sports,Running Shoes,1,99.41,0.0,99.41,62.5
103142,2025-02-15,West,Home,Desk Lamp,4,119.09,0.15,404.91,282.3
103143,2024-06-29,East,Beauty,Perfume,3,70.89,0.05,202.04,142.11
103144,2024-07-12,East,Beauty,Skincare Set,3,54.7,0.0,164.11,130.05
103145,2024-05-25,West,Sports,Yoga Mat,5,68.26,0.2,273.03,158.27
103146,2024-01-13,South,Beauty,Makeup Kit,4,65.83,0.2,210.64,157.36
103147,2024-12-25,West,Home,Cookware,5,122.25,0.0,611.24,474.74
103148,2024-02-25,West,Sports,Fitness Watch,4,108.68,0.0,434.7,253.81
103149,2024-04-15,North,Home,Vacuum,4,125.88,0.1,453.18,266.03
103150,2024-12-09,South,Clothing,Jacket,5,64.22,0.1,289.0,211.41
103151,2024-09-07,South,Clothing,Jeans,3,71.99,0.15,,131.22
103152,2024-07-02,South,Electronics,Laptop,5,390.18,0.15,,1308.0
103153,2024-09-02,North,Sports,Yoga Mat,2,64.33,0.0,128.66,96.64
103154,2025-04-08,South,Electronics,Laptop,1,409.56,0.1,368.6,220.55
103155,2024-07-09,South,Sports,Running Shoes,5,64.43,0.1,289.94,178.85
103156,2024-11-17,West,Clothing,Sneakers,4,46.69,0.15,158.73,115.7
103157,2024-10-30,South,Sports,Dumbbells,2,106.93,0.2,171.09,112.53
103158,2025-04-14,East,Beauty,Skincare Set,3,79.97,0.2,191.92,113.57
103159,2024-09-12,South,Home,Cookware,3,89.0,0.0,267.0,169.09
103160,2024-03-23,East,Clothing,Jeans,4,57.89,0.0,231.55,153.81
103161,2025-06-05,East,Home,Desk Lamp,3,111.76,0.0,335.28,184.45
103162,2024-08-18,West,Home,Vacuum,3,116.72,0.0,350.16,250.25
103163,2024-03-26,South,Beauty,Skincare Set,2,71.81,0.15,122.08,79.97
103164,2024-12-04,East,Sports,Fitness Watch,5,96.37,0.1,433.64,245.31
103165,2025-02-23,South,Electronics,Monitor,3,352.3,0.1,951.21,708.77
103166,2024-01-04,South,Home,Coffee Maker,5,102.72,0.0,513.61,411.5
103167,2024-05-30,South,Beauty,Skincare Set,1,52.87,0.0,52.87,30.8
103168,2024-05-24,West,Electronics,Headphones,4,438.34,0.2,1402.7,945.3
103169,2025-05-13,East,Beauty,Skincare Set,2,72.43,0.0,144.85,110.38
103170,2024-04-15,,Sports,Dumbbells,1,97.9,0.1,88.11,53.33
103171,2025-05-15,North,Electronics,Laptop,4,382.96,0.0,1531.82,904.57
103172,2024-04-16,West,Home,Coffee Maker,4,74.13,0.05,281.7,223.93
103173,2024-09-19,South,Sports,Running Shoes,4,66.86,0.1,240.69,177.78
103174,2024-03-05,East,Home,Vacuum,2,117.78,0.1,212.01,133.52
103175,2024-03-15,South,Home,Cookware,4,124.14,0.0,496.57,341.61
103176,2024-06-05,West,Clothing,Sneakers,4,45.06,0.05,171.24,126.12
103177,2024-08-22,East,Sports,Fitness Watch,2,68.25,0.1,122.85,74.73
103178,2024-12-17,West,Electronics,Smartphone,5,446.7,0.1,2010.17,1407.22
103179,2024-12-14,South,Electronics,Headphones,4,463.99,0.1,1670.36,1108.74
103180,2024-08-04,West,Beauty,Skincare Set,3,52.23,0.2,125.34,87.65
103181,2024-04-29,South,Beauty,Makeup Kit,3,73.11,0.15,186.42,135.39
103182,2024-11-12,West,Electronics,Monitor,2,467.86,0.0,935.73,542.87
103183,2024-07-25,South,Electronics,Smartphone,2,383.77,0.1,690.79,388.68
103184,2024-09-09,West,Home,Coffee Maker,3,108.69,0.2,260.87,191.48
103185,2024-09-11,West,Clothing,Jeans,2,51.51,0.05,97.88,67.8
103186,2025-05-09,South,Clothing,T-Shirt,1,58.18,0.05,55.27,31.57
103187,2024-08-21,North,Clothing,Sneakers,3,68.63,0.0,205.9,150.11
103188,2024-03-15,West,Sports,Dumbbells,2,86.75,0.0,173.49,95.47
103189,2025-01-08,South,Clothing,T-Shirt,4,63.71,0.0,254.86,185.26
103190,2024-06-08,West,Clothing,Jeans,1,69.42,0.05,65.95,38.68
103191,2025-06-21,East,Clothing,Sneakers,2,41.83,0.2,66.93,37.3
103192,2024-10-11,South,Home,Cookware,2,81.8,0.05,155.42,111.83
103193,2024-07-26,East,Electronics,Headphones,3,264.32,0.0,792.96,616.22
103194,2024-01-28,North,Clothing,Jacket,5,46.04,0.05,218.67,175.81
103195,2024-05-26,East,Clothing,Sneakers,2,60.74,0.05,115.4,84.59
103196,2024-10-31,North,Home,Coffee Maker,1,86.73,0.1,78.05,56.66
103197,2024-06-25,North,Sports,Dumbbells,5,63.95,0.05,303.76,202.2
103198,2025-02-23,South,Electronics,Headphones,5,332.98,0.0,1664.9,1038.43
103199,2025-03-25,South,Sports,Running Shoes,1,96.84,0.0,96.84,66.5
103200,2024-02-08,North,Electronics,Smartphone,3,445.43,0.05,1269.47,928.35
103201,2024-04-02,East,Electronics,Monitor,3,,0.0,885.45,580.87
103202,2025-06-21,West,Clothing,Jacket,4,59.55,0.15,202.45,146.22
103203,2025-05-18,South,Sports,Fitness Watch,3,94.24,0.2,226.19,162.95
103204,2024-09-03,North,Sports,Fitness Watch,2,86.55,0.15,147.13,116.71
103205,2025-05-02,East,Home,Coffee Maker,4,116.13,0.2,371.61,251.55
103206,2025-03-08,North,Clothing,Sneakers,2,43.95,0.05,83.5,53.83
103207,2025-02-25,East,Home,Coffee Maker,4,72.86,0.0,291.42,196.57
103208,2024-09-12,South,Electronics,Smartphone,2,362.42,0.0,724.84,568.86
103209,2025-04-08,East,Electronics,Headphones,1,311.4,0.05,295.83,237.3
103210,2024-06-27,South,Electronics,Headphones,3,428.46,0.05,1221.11,958.76
103211,2025-03-03,North,Sports,Fitness Watch,4,93.56,0.1,336.8,221.96
103212,2024-10-07,North,Clothing,Jeans,3,60.92,0.1,164.47,90.84
103213,2024-08-25,North,Beauty,Hair Dryer,3,79.9,0.1,215.73,120.28
103214,2024-07-04,South,Home,Vacuum,3,86.39,0.0,259.18,153.47
103215,2024-01-07,East,Electronics,Monitor,4,286.81,0.05,1089.86,611.9
103216,2024-09-20,North,Clothing,Sneakers,5,71.14,0.2,284.57,232.85
103217,2024-09-04,South,Electronics,Monitor,3,387.76,0.05,1105.12,839.9
103218,2024-05-24,North,Sports,Running Shoes,1,68.86,0.1,61.98,35.83
103219,2024-01-07,South,Home,Desk Lamp,3,114.02,0.05,324.97,233.01
103220,2024-09-22,North,Sports,Dumbbells,5,103.97,0.1,467.88,282.28
103221,2024-07-18,North,Sports,Fitness Watch,4,109.42,0.1,393.9,250.3
103222,2024-12-10,East,Beauty,Hair Dryer,5,75.07,0.0,375.35,215.76
103223,2024-12-12,East,Home,Desk Lamp,4,119.73,0.15,407.08,287.33
103224,2024-08-23,West,Beauty,Perfume,5,69.16,0.0,345.8,215.09
103225,2025-01-11,South,Sports,Running Shoes,4,76.58,0.0,306.33,172.7
103226,2025-02-20,North,Electronics,Laptop,1,299.48,0.0,299.48,191.15
103227,2025-05-21,West,Home,Cookware,1,120.3,0.0,120.3,73.86
103228,2025-06-06,East,Sports,Fitness Watch,1,86.36,0.15,73.4,40.6
103229,2025-05-15,North,Home,Cookware,5,103.86,0.15,441.42,246.77
103230,2024-11-30,East,Sports,Fitness Watch,1,102.96,0.0,102.96,82.87
103231,2024-02-22,North,Home,Vacuum,3,78.36,0.0,235.08,174.5
103232,2024-03-14,East,Sports,Yoga Mat,2,110.38,0.1,198.68,147.42
103233,2024-01-17,,Clothing,Sneakers,2,68.06,0.1,122.5,67.98
103234,2024-04-03,East,Electronics,Laptop,4,431.15,0.2,1379.69,933.24
103235,2025-01-19,South,Clothing,Jacket,3,53.39,0.0,160.17,109.16
103236,2024-06-27,East,Clothing,T-Shirt,2,51.38,0.05,97.62,56.65
103237,2024-10-13,North,Beauty,Makeup Kit,4,59.09,0.15,200.89,133.53
103238,2025-06-14,North,Electronics,Monitor,2,336.78,0.1,606.2,464.51
103239,2025-01-23,East,Clothing,T-Shirt,4,55.08,0.0,220.31,149.52
103240,2025-05-07,South,Beauty,Skincare Set,5,58.94,0.1,265.22,191.48
103241,2024-03-18,North,,Vacuum,2,117.01,0.0,234.02,133.42
103242,2024-10-23,South,Electronics,Headphones,1,262.85,0.0,262.85,187.18
103243,2024-11-29,West,Home,Coffee Maker,1,112.87,0.05,107.23,66.8
103244,2024-01-18,East,Electronics,Smartphone,3,334.05,0.1,901.94,511.14
103245,2024-09-07,South,Beauty,Makeup Kit,3,80.91,0.1,218.45,139.29
103246,2025-06-30,North,Electronics,Monitor,1,417.03,0.2,333.62,185.84
103247,2024-02-01,North,Sports,Yoga Mat,2,78.27,0.0,156.53,104.09
103248,2025-05-16,North,Sports,Fitness Watch,3,104.24,0.0,312.73,208.25
103249,2024-09-24,North,Electronics,Smartphone,2,342.7,0.15,582.6,441.73
103250,2025-03-10,East,Sports,Dumbbells,5,65.58,0.0,327.88,238.0
103251,2024-05-18,North,Electronics,Smartphone,1,340.0,0.05,,188.46
103252,2024-05-27,South,Electronics,Smartphone,3,316.86,0.0,950.59,625.87
103253,2024-05-29,North,Home,Vacuum,4,100.75,0.2,322.4,235.11
103254,2025-05-15,West,Electronics,Headphones,4,337.84,0.1,1216.23,690.91
103255,2025-06-10,East,Beauty,Perfume,2,76.5,0.0,153.01,106.1
103256,2024-03-10,South,Beauty,Perfume,2,62.37,0.0,124.74,92.76
103257,2024-07-30,South,Beauty,Hair Dryer,3,58.4,0.0,175.2,102.45
103258,2024-09-06,East,Beauty,Perfume,4,73.58,0.2,235.46,174.19
103259,2025-02-27,South,Clothing,T-Shirt,5,64.11,0.1,288.48,174.45
103260,2024-12-09,North,Clothing,T-Shirt,3,51.77,0.05,147.55,97.92
103261,2025-03-06,North,Electronics,Monitor,1,323.82,0.05,307.63,199.12
103262,2024-08-02,South,Sports,Fitness Watch,4,102.5,0.2,327.99,232.31
103263,2025-02-02,North,Electronics,Smartphone,4,398.09,0.1,1433.13,978.87
103264,2024-04-30,West,Beauty,Perfume,2,80.48,0.0,160.96,98.42
103265,2025-05-07,South,Home,Desk Lamp,5,89.98,0.15,382.4,261.67
103266,2025-01-10,West,Electronics,Laptop,2,382.87,0.1,689.17,496.37
103267,2025-01-22,South,Clothing,Sneakers,4,43.14,0.05,163.91,99.01
103268,2024-10-08,West,Home,Cookware,4,95.53,0.05,363.02,245.29
103269,2024-12-10,East,Beauty,Perfume,3,75.31,0.1,203.33,129.94
103270,2024-04-02,North,Sports,Dumbbells,3,98.68,0.0,296.04,164.6
103271,2024-02-27,South,Beauty,Hair Dryer,3,59.73,0.1,161.28,117.31
103272,2024-12-09,West,Clothing,Jacket,4,60.03,0.1,216.1,132.5
103273,2025-02-26,West,Electronics,Smartphone,1,400.54,0.0,400.54,292.71
103274,2024-04-01,South,Electronics,Laptop,-3,403.15,0.0,806.31,635.27
103275,2024-04-23,South,Electronics,Laptop,3,319.89,0.0,959.67,583.82
103276,2024-10-10,North,Sports,Yoga Mat,2,71.63,0.1,128.94,105.19
103277,2025-03-03,South,Sports,Yoga Mat,1,65.68,0.15,55.83,42.93
103278,2024-06-23,South,Electronics,Headphones,2,315.93,0.0,631.87,419.84
103279,2024-03-27,West,Electronics,Smartphone,2,335.4,0.2,536.64,310.58
103280,2025-03-18,East,Beauty,Skincare Set,1,60.57,0.15,51.48,35.35
103281,2025-05-14,South,Clothing,T-Shirt,1,46.62,0.05,44.29,30.5
103282,2025-03-14,South,Electronics,Laptop,4,462.46,0.2,1479.88,981.3
103283,2024-08-31,South,Home,Cookware,1,110.32,0.0,110.32,79.35
103284,2024-01-13,East,Clothing,Sneakers,1,56.14,0.05,53.34,32.3
103285,2024-10-23,West,Clothing,T-Shirt,2,50.7,0.15,86.19,67.26
103286,2024-04-14,West,Sports,Yoga Mat,1,102.05,0.0,102.05,68.95
103287,2025-06-11,South,Sports,Running Shoes,3,90.12,0.0,270.37,204.1
103288,2025-04-11,North,Home,Vacuum,4,93.89,0.05,356.79,275.52
103289,2024-12-07,West,Sports,Yoga Mat,1,107.67,0.1,96.9,61.04
103290,2024-04-28,East,Electronics,Smartphone,5,282.08,0.1,1269.37,841.61
103291,2024-07-26,North,Electronics,Headphones,5,357.78,0.05,1699.47,1227.45
103292,2024-01-07,North,Beauty,Makeup Kit,2,53.8,0.0,107.6,67.2
103293,2024-08-25,North,Clothing,Jacket,4,52.93,0.2,169.37,100.21
103294,2024-01-18,East,Clothing,Jeans,4,71.11,0.1,256.0,184.01
103295,2025-05-06,South,Beauty,Perfume,3,50.97,0.1,137.63,90.29
103296,2025-05-06,South,Beauty,Makeup Kit,4,64.27,0.05,244.23,182.19
103297,2024-12-27,East,Clothing,Jeans,3,59.52,0.1,160.7,109.43
103298,2024-11-30,West,Clothing,T-Shirt,3,48.61,0.1,131.24,88.97
103299,2024-12-24,West,Beauty,Skincare Set,1,49.95,0.0,49.95,33.83
103300,2025-03-16,East,Home,Vacuum,3,80.9,0.1,218.42,138.93
103301,2025-05-12,South,Home,Vacuum,1,90.82,0.05,86.28,54.6
103302,2024-06-16,East,Home,Cookware,5,77.24,0.05,366.89,275.7
103303,2025-03-06,West,Electronics,Smartphone,4,443.4,0.0,1773.6,1231.08
103304,2024-06-25,West,Electronics,Smartphone,4,336.01,0.0,1344.04,865.99
103305,2024-08-29,South,Beauty,Skincare Set,1,79.81,0.05,75.82,49.04
103306,2024-06-05,East,Home,Desk Lamp,2,127.81,0.15,217.27,153.4
103307,2024-01-21,North,Home,Coffee Maker,5,115.16,0.15,489.45,323.03
103308,2024-06-09,North,Beauty,Skincare Set,1,45.39,0.2,36.31,21.6
103309,2025-03-11,South,Home,Vacuum,3,77.32,0.0,231.96,158.84
103310,2025-02-13,West,Clothing,Sneakers,3,57.02,0.1,153.94,85.2
103311,2024-04-25,North,Electronics,Monitor,3,310.81,0.0,932.43,641.59
103312,2025-04-17,,Home,Coffee Maker,5,104.18,0.0,520.88,306.19
103313,2024-03-04,North,Clothing,Jacket,2,,0.0,99.56,78.78
103314,2025-06-24,South,Home,Cookware,1,103.39,0.05,98.22,56.52
103315,2025-05-08,South,Home,Cookware,2,80.15,0.0,160.31,130.15
103316,2024-03-06,North,Clothing,T-Shirt,4,72.43,0.15,246.26,176.22
103317,2024-11-08,North,Clothing,T-Shirt,5,63.13,0.05,299.85,230.74
103318,2025-05-18,South,Electronics,Headphones,4,366.13,0.15,1244.84,945.24
103319,2024-08-07,East,Clothing,Jeans,5,59.18,0.0,295.9,240.39
103320,2025-01-21,North,Home,Vacuum,5,127.49,0.2,509.97,346.04
103321,2024-12-22,West,Clothing,T-Shirt,4,68.45,0.15,232.72,178.44
103322,2024-06-08,East,Clothing,T-Shirt,4,48.61,0.05,184.71,111.2
103323,2024-11-21,West,Home,Desk Lamp,5,113.71,0.0,568.56,332.44
103324,2025-04-13,West,Beauty,Makeup Kit,2,,0.15,119.67,96.82
103325,2024-01-15,South,Home,Desk Lamp,5,120.55,0.05,572.63,465.69
103326,2025-04-14,West,Beauty,Skincare Set,2,62.27,0.0,124.53,93.32
103327,2024-11-05,West,Home,Desk Lamp,4,72.04,0.1,259.34,192.39
103328,2024-01-27,North,Home,Desk Lamp,3,90.53,0.05,258.02,152.14
103329,2024-11-08,East,Electronics,Monitor,3,325.09,0.05,926.51,617.45
103330,2024-06-18,East,Electronics,Monitor,4,303.1,0.1,1091.16,714.77
103331,2024-06-01,South,Clothing,Jeans,1,67.51,0.2,54.01,36.5
103332,2024-04-07,East,Beauty,Perfume,5,46.38,0.1,208.71,137.25
103333,2024-02-20,North,Home,Cookware,1,111.38,0.0,111.38,74.65
103334,2024-10-02,North,Electronics,Headphones,3,316.77,0.0,950.32,760.02
103335,2024-03-26,South,Beauty,Skincare Set,2,68.6,0.1,123.48,100.58
103336,2025-04-06,East,Sports,Yoga Mat,4,64.68,0.0,258.72,206.37
103337,2024-09-03,South,Home,Vacuum,4,97.69,0.1,351.69,224.15
103338,2024-03-28,West,Home,Coffee Maker,3,107.31,0.2,257.55,161.07
103339,2024-09-12,West,Beauty,Makeup Kit,4,55.94,0.05,212.56,171.98
103340,2025-04-24,North,Sports,Dumbbells,2,110.71,0.05,210.36,172.21
103341,2024-03-22,South,Electronics,Headphones,4,409.86,0.0,1639.42,1175.08
103342,2024-02-01,West,Beauty,Perfume,5,63.81,0.05,303.1,180.52
103343,2024-10-24,West,Beauty,Perfume,5,48.58,0.15,206.48,130.32
103344,2024-05-15,South,Home,Coffee Maker,3,84.85,0.0,254.56,170.25
103345,2024-10-28,North,Sports,Yoga Mat,4,114.06,0.1,410.62,324.75
103346,2025-02-13,South,Sports,Running Shoes,1,99.51,0.1,89.56,52.43
103347,2024-02-18,North,Beauty,Skincare Set,3,79.71,0.05,227.17,167.17
103348,2025-03-24,West,Beauty,Hair Dryer,2,71.59,0.0,143.18,100.61
103349,2024-01-21,North,Clothing,Sneakers,1,48.57,0.05,46.15,32.45
103350,2024-05-22,South,Home,Desk Lamp,3,75.83,0.0,-492.94,148.32
103351,2025-06-25,West,Clothing,Sneakers,1,58.88,0.0,58.88,37.33
103352,2025-04-13,East,Beauty,Hair Dryer,5,72.36,0.05,343.73,235.7
103353,2024-05-03,East,Home,Coffee Maker,4,94.15,0.0,376.61,286.58
103354,2024-06-28,East,Sports,Yoga Mat,2,109.7,0.05,208.44,150.5
103355,2024-01-31,,Clothing,T-Shirt,3,70.14,0.15,178.86,109.27
103356,2024-09-20,West,Beauty,Hair Dryer,5,66.63,0.0,333.15,215.44
103357,2024-11-15,South,Clothing,Sneakers,4,60.28,0.05,229.08,133.78
103358,2025-03-05,South,Home,Desk Lamp,3,127.99,0.0,383.98,300.42
103359,2025-03-08,South,Electronics,Smartphone,1,360.78,0.05,342.74,259.79
103360,2024-02-29,West,Beauty,Hair Dryer,-3,52.69,0.0,105.38,71.3
103361,2024-04-09,North,Beauty,Skincare Set,2,68.41,0.15,116.29,66.46
103362,2025-03-10,North,Electronics,Monitor,4,406.73,0.1,1464.21,1189.08
103363,2024-09-07,North,Clothing,T-Shirt,1,56.85,0.0,56.85,39.96
103364,2024-11-01,West,Clothing,T-Shirt,4,43.95,0.0,175.8,96.91
103365,2025-05-06,South,Beauty,Makeup Kit,2,69.39,0.05,131.85,78.0
103366,2025-04-13,East,Home,Desk Lamp,5,122.03,0.0,610.14,493.27
103367,2024-08-19,South,Electronics,Headphones,2,466.25,0.1,839.25,633.99
103368,2025-06-07,North,Clothing,Sneakers,4,59.36,0.0,237.46,149.09
103369,2025-02-02,North,Clothing,Sneakers,1,41.86,0.05,39.77,27.56
103370,2024-12-13,West,Sports,Dumbbells,2,88.63,0.1,159.54,112.11
103371,2024-09-01,West,Home,Vacuum,2,114.15,0.1,205.46,145.52
103372,2025-06-16,West,Electronics,Monitor,4,439.44,0.1,1581.99,1002.92
103373,2024-06-01,South,Home,Cookware,4,103.45,0.0,413.8,333.9
103374,2024-06-08,East,Electronics,Smartphone,5,442.96,0.0,2214.78,1805.5
103375,2024-09-12,North,Clothing,Jacket,2,72.18,0.1,129.93,78.85
103376,2025-02-18,East,Electronics,Smartphone,4,446.52,0.05,1696.78,1051.95
103377,2024-08-14,North,Electronics,Headphones,4,356.61,0.2,1141.16,810.76
103378,2025-05-14,East,Electronics,Laptop,4,449.21,0.15,1527.3,862.57
103379,2024-06-07,West,Beauty,Hair Dryer,4,80.28,0.0,321.12,231.66
103380,2024-07-04,North,Beauty,Hair Dryer,1,50.66,0.05,48.13,31.0
103381,2025-06-13,North,Home,Cookware,4,86.84,0.0,347.38,254.98
103382,2024-05-08,West,Home,Coffee Maker,3,118.24,0.0,354.73,264.52
103383,2024-06-29,West,Electronics,Smartphone,5,426.61,0.15,1813.09,1011.59
103384,2024-07-23,North,Beauty,Makeup Kit,5,66.98,0.15,284.68,181.53
103385,2024-10-25,South,Electronics,Smartphone,4,329.24,0.0,1316.96,791.12
103386,2024-01-07,North,Clothing,Sneakers,3,63.1,0.0,189.31,137.82
103387,2024-11-05,West,Clothing,Jacket,5,50.68,0.05,240.72,144.72
103388,2024-08-28,North,Home,Vacuum,2,89.09,0.2,142.54,96.76
103389,2024-06-07,South,Sports,Yoga Mat,1,91.62,0.1,82.46,52.98
103390,2024-05-08,West,Home,Desk Lamp,5,109.7,0.05,521.07,424.2
103391,2024-03-20,West,Electronics,Monitor,5,377.97,0.0,1889.83,1525.22
103392,2025-04-13,North,Electronics,Laptop,3,337.87,0.0,1013.62,712.55
103393,2024-06-02,South,Beauty,Skincare Set,5,65.0,0.0,325.02,219.18
103394,2024-12-30,South,Electronics,Headphones,3,374.27,0.0,1122.81,836.72
103395,2024-07-23,North,Clothing,Jeans,2,57.17,0.1,102.91,67.83
103396,2024-03-26,South,Clothing,Sneakers,4,64.84,0.1,233.42,163.74
103397,2024-08-24,East,Clothing,T-Shirt,3,45.06,0.1,121.66,81.34
103398,2025-04-26,East,Clothing,Sneakers,5,65.32,0.1,293.96,196.97
103399,2025-02-07,North,Home,Coffee Maker,3,120.15,0.2,288.36,209.3
103400,2024-10-31,West,Clothing,T-Shirt,3,54.38,0.1,146.82,114.31
103401,2024-10-23,West,Sports,Fitness Watch,2,108.26,0.0,216.51,167.03
103402,2025-06-16,East,Electronics,Laptop,4,383.04,0.1,1378.93,942.17
103403,2025-03-31,South,Beauty,Hair Dryer,5,66.6,0.15,283.07,164.54
103404,2025-02-07,West,Home,Vacuum,5,113.16,0.05,537.49,431.73
103405,2024-04-03,West,Electronics,Headphones,4,371.97,0.1,,854.42
103406,2024-01-11,West,Sports,Yoga Mat,5,74.05,0.0,370.23,284.05
103407,2025-04-23,North,Sports,Yoga Mat,3,93.87,0.15,239.37,140.71
103408,2025-05-27,North,Home,Vacuum,4,85.23,0.0,340.93,190.56
103409,2024-05-29,South,Sports,Dumbbells,2,84.49,0.05,160.52,90.17
103410,2024-10-11,West,Electronics,Headphones,3,368.63,0.1,995.29,741.44
103411,2024-11-13,South,Beauty,Perfume,2,80.8,0.0,161.59,107.37
103412,2024-07-20,South,Home,Vacuum,4,95.97,0.0,383.87,261.85
103413,2024-03-20,North,Electronics,Smartphone,4,416.13,0.2,1331.63,971.74
103414,2024-05-27,East,Clothing,Sneakers,2,60.47,0.15,102.81,81.66
103415,2025-01-17,East,Clothing,Jeans,5,66.49,0.05,315.82,217.37
103416,2024-05-09,North,,Vacuum,3,93.75,0.05,267.18,198.13
103417,2025-05-07,East,Home,Vacuum,2,88.19,0.1,158.74,101.78
103418,2024-03-02,South,Electronics,Laptop,4,435.79,0.0,1743.17,1117.99
103419,2024-03-24,West,Beauty,Perfume,3,64.16,0.0,192.48,154.96
103420,2024-10-12,West,Sports,Fitness Watch,2,69.6,0.05,132.24,103.4
103421,2024-12-23,South,Home,Cookware,5,88.38,0.0,441.91,351.43
103422,2024-11-23,South,Clothing,Sneakers,1,42.12,0.1,37.91,26.03
103423,2025-02-04,South,Sports,Yoga Mat,2,104.25,0.0,208.49,126.95
103424,2025-06-30,South,Clothing,Sneakers,5,72.36,0.0,361.8,265.41
103425,2024-01-12,West,Clothing,Sneakers,2,48.49,0.05,92.13,62.97
103426,2024-12-12,West,Sports,Running Shoes,4,79.95,0.05,303.82,176.93
103427,2024-01-07,East,Electronics,Smartphone,3,269.71,0.15,687.76,447.73
103428,2025-01-04,West,Sports,Dumbbells,2,83.2,0.0,166.39,95.95
103429,2025-06-15,North,Home,Coffee Maker,2,125.83,0.15,213.91,150.51
103430,2025-02-18,North,Beauty,Skincare Set,4,55.86,0.2,178.74,133.6
103431,2024-01-09,East,Home,Cookware,5,106.71,0.05,506.88,299.35
103432,2024-05-03,South,Electronics,Monitor,5,321.61,0.1,1447.23,873.65
103433,2025-02-17,West,Home,Vacuum,4,111.8,0.1,402.47,243.4
103434,2024-08-20,North,Electronics,Headphones,4,436.72,0.1,1572.21,968.33
103435,2025-04-24,South,Clothing,Jeans,5,65.15,0.0,325.77,253.06
103436,2025-01-10,North,Home,Cookware,3,93.37,0.0,280.1,175.48
103437,2024-10-16,South,Electronics,Monitor,4,418.74,0.15,1423.73,963.87
103438,2025-06-28,North,Home,Desk Lamp,4,98.6,0.15,335.25,267.15
103439,2024-10-17,North,Sports,Dumbbells,5,107.27,0.05,509.52,400.25
103440,2024-03-12,West,Clothing,Jacket,2,52.75,0.0,105.5,80.35
103441,2024-06-12,East,Home,Vacuum,1,118.3,0.0,118.3,82.62
103442,2024-04-11,East,Home,Cookware,3,109.24,0.1,294.94,182.72
103443,2024-03-28,West,Electronics,Laptop,4,281.67,0.0,1126.68,753.71
103444,2024-03-26,South,Clothing,T-Shirt,4,48.68,0.05,184.98,103.91
103445,2024-04-23,South,Electronics,Monitor,1,396.08,0.05,376.28,260.85
103446,2024-08-22,North,Electronics,Laptop,5,346.28,0.15,1471.7,1183.08
103447,2024-04-16,South,Electronics,Laptop,5,424.88,0.0,2124.39,1555.1
103448,2024-05-26,South,Sports,Dumbbells,5,74.87,0.1,336.93,259.69
103449,2024-09-02,North,Home,Vacuum,4,115.07,0.0,460.27,376.26
103450,2024-08-24,South,Clothing,Jacket,4,49.19,0.05,186.93,108.84
103451,2024-01-20,South,Sports,Fitness Watch,5,83.64,0.05,397.3,291.02
103452,2025-02-05,South,Clothing,Jacket,4,61.51,0.0,246.05,142.06
103453,2024-01-26,West,Electronics,Laptop,2,404.69,0.1,728.45,534.34
103454,2025-05-27,North,Sports,Running Shoes,3,112.08,0.2,268.99,157.55
103455,2024-02-04,West,Clothing,Jeans,2,67.48,0.05,128.21,85.11
103456,2024-11-13,West,Clothing,Sneakers,2,52.93,0.0,105.86,65.27
103457,2024-07-27,North,Electronics,Smartphone,4,432.86,0.2,1385.16,1071.66
103458,2025-01-22,North,Electronics,Smartphone,5,294.38,0.0,1471.89,866.95
103459,2025-05-17,North,Beauty,Perfume,2,77.81,0.05,147.85,91.5
103460,2024-03-05,North,Electronics,Headphones,1,334.81,0.0,334.81,229.37
103461,2024-09-13,West,Electronics,Headphones,2,369.28,0.1,664.7,538.74
103462,2025-04-07,East,Electronics,Monitor,2,458.24,0.0,916.48,742.15
103463,2025-04-09,North,Home,Vacuum,3,106.78,0.1,288.3,158.74
103464,2024-07-03,North,Sports,Yoga Mat,2,103.58,0.0,207.16,119.99
103465,2024-01-12,North,Electronics,Monitor,1,400.55,0.0,400.55,265.69
103466,2025-05-31,North,Electronics,Headphones,3,296.65,0.05,845.44,661.28
103467,2025-04-07,East,Electronics,Monitor,1,,0.1,309.85,209.88
103468,2024-10-18,North,Clothing,Jacket,2,53.43,0.0,106.86,67.55
103469,2024-02-09,West,Electronics,Headphones,2,277.87,0.15,472.38,362.56
103470,2025-02-16,East,Electronics,Headphones,4,426.4,0.1,1535.05,1095.08
103471,2024-12-31,West,Clothing,Jacket,3,54.52,0.0,163.57,105.69
103472,2024-12-06,North,Sports,Fitness Watch,2,110.58,0.05,210.11,140.0
103473,2024-04-06,East,Electronics,Laptop,5,418.84,0.05,1989.48,1555.8
103474,2025-04-20,East,Home,Vacuum,5,93.45,0.0,467.23,339.94
103475,2025-05-04,West,Clothing,Jeans,4,42.24,0.0,168.97,132.75
103476,2024-12-15,South,Electronics,Headphones,5,456.42,0.2,1825.69,1078.61
103477,2025-02-04,North,Clothing,Jacket,2,43.26,0.0,86.53,49.63
103478,2025-05-21,South,Beauty,Makeup Kit,4,59.6,0.2,190.72,156.18
103479,2024-03-25,East,,Running Shoes,5,75.11,0.05,356.76,281.93
103480,2024-04-28,North,Home,Desk Lamp,2,127.34,0.0,254.67,168.77
103481,2025-05-31,West,Home,Coffee Maker,5,121.41,0.1,546.33,437.92
103482,2024-09-26,South,Electronics,Headphones,5,319.08,0.1,1435.87,871.14
103483,2025-05-21,South,Sports,Running Shoes,2,73.48,0.2,117.57,75.52
103484,2024-07-14,East,Clothing,T-Shirt,2,43.24,0.1,77.84,62.01
103485,2024-03-24,East,Home,Desk Lamp,5,72.34,0.0,361.72,281.23
103486,2024-07-20,West,Home,Vacuum,4,78.97,0.0,315.88,234.22
103487,2025-01-04,North,Sports,Running Shoes,2,86.55,0.0,173.09,126.87
103488,2024-01-08,North,Sports,Fitness Watch,3,85.66,0.0,256.99,154.12
103489,2024-09-13,South,Sports,Running Shoes,4,98.53,0.2,315.3,205.84
103490,2024-10-09,East,Electronics,Smartphone,3,280.4,0.0,841.21,687.93
103491,2025-05-15,North,Clothing,Jacket,3,45.26,0.0,135.79,85.64
103492,2024-04-06,East,Clothing,T-Shirt,2,59.58,0.05,113.21,64.27
103493,2024-11-09,West,Sports,Yoga Mat,5,67.72,0.05,321.66,224.64
103494,2024-08-06,West,Electronics,Laptop,5,330.22,0.05,1568.54,982.45
103495,2024-10-08,West,Beauty,Skincare Set,1,78.52,0.05,74.59,58.52
103496,2024-07-05,East,Beauty,Perfume,1,52.06,0.2,41.65,27.56
103497,2024-03-26,South,Clothing,Sneakers,3,54.57,0.05,155.53,110.29
103498,2024-01-14,East,Beauty,Skincare Set,2,62.87,0.2,100.59,76.11
103499,2024-02-06,North,Beauty,Hair Dryer,4,67.53,0.05,256.63,157.55
103500,2024-08-06,South,Beauty,Makeup Kit,4,73.43,0.05,279.03,219.27
103501,2025-01-31,West,Home,Cookware,4,89.54,0.15,304.44,195.06
103502,2025-05-14,South,Clothing,Sneakers,5,59.62,0.1,268.29,211.29
103503,2025-05-23,South,Sports,Yoga Mat,1,68.53,0.05,65.1,48.36
103504,2024-06-09,West,Sports,Fitness Watch,1,80.01,0.1,72.01,54.8
103505,2024-03-19,West,Sports,Running Shoes,5,82.52,0.1,371.32,294.56
103506,2025-03-29,North,Electronics,Monitor,5,338.63,0.05,1608.51,1243.65
103507,2024-12-07,East,Sports,Dumbbells,2,96.67,0.1,174.0,135.75
103508,2024-07-21,West,Electronics,Smartphone,4,429.05,0.0,1716.19,1316.75
103509,2024-07-12,West,Electronics,Smartphone,5,395.32,0.1,1778.95,1138.28
103510,2024-08-19,South,Beauty,Perfume,4,70.36,0.15,239.21,162.63
103511,2024-08-02,East,Beauty,Perfume,1,46.9,0.05,44.56,25.27
103512,2024-10-28,South,Beauty,Perfume,4,67.84,0.0,271.35,165.49
103513,2024-11-29,East,Clothing,Jacket,3,44.99,0.05,128.22,93.86
103514,2024-09-05,West,Home,Vacuum,2,116.01,0.1,208.81,141.81
103515,2024-12-27,West,Sports,Fitness Watch,5,75.33,0.0,376.63,306.84
103516,2025-06-27,West,Home,Cookware,3,81.68,0.05,232.78,143.37
103517,2025-03-24,North,Clothing,T-Shirt,3,59.85,0.1,161.59,100.37
103518,2024-05-07,North,Sports,Yoga Mat,2,86.62,0.1,155.91,105.28
103519,2025-02-02,East,Home,Coffee Maker,2,83.77,0.0,167.54,118.25
103520,2024-08-18,South,Home,Desk Lamp,1,73.02,0.05,69.37,46.45
103521,2024-03-17,South,Beauty,Perfume,1,46.14,0.05,43.84,26.64
103522,2024-01-08,North,Beauty,Skincare Set,4,,0.0,244.13,135.48
103523,2024-07-27,East,Clothing,Jacket,2,51.96,0.0,103.91,76.5
103524,2024-09-10,West,Electronics,Headphones,5,272.14,0.15,1156.59,782.31
103525,2024-12-05,East,Home,Cookware,3,121.92,0.05,347.46,258.78
103526,2024-07-04,South,Sports,Running Shoes,1,69.24,0.1,62.31,42.95
103527,2025-06-09,South,Home,Cookware,3,87.23,0.1,235.51,170.94
103528,2025-04-07,West,Sports,Fitness Watch,2,105.31,0.0,210.62,151.51
103529,2024-05-12,North,Clothing,T-Shirt,4,64.16,0.0,256.65,181.8
103530,2025-01-25,East,Beauty,Hair Dryer,4,67.39,0.0,269.57,208.7
103531,2024-10-07,North,Clothing,Jeans,5,66.2,0.05,314.45,256.12
103532,2024-07-22,South,Electronics,Headphones,1,382.25,0.0,382.25,287.46
103533,2025-04-05,East,Sports,Yoga Mat,4,85.0,0.05,323.02,190.42
103534,2025-01-11,East,Sports,Yoga Mat,5,113.85,0.1,512.32,379.07
103535,2024-02-14,North,Beauty,Skincare Set,4,47.78,0.1,172.02,122.21
103536,2024-03-16,North,Electronics,Headphones,2,290.52,0.0,581.03,360.99
103537,2025-03-05,East,Home,Desk Lamp,4,124.29,0.05,472.29,296.07
103538,2024-01-25,West,Beauty,Perfume,1,59.02,0.15,50.17,37.21
103539,2025-01-03,East,Electronics,Laptop,3,395.21,0.05,1126.36,867.86
103540,2025-04-13,South,Beauty,Makeup Kit,1,55.59,0.1,50.03,37.07
103541,2025-03-30,North,Beauty,Skincare Set,1,60.0,0.0,60.0,47.87
103542,2024-05-05,South,Clothing,Sneakers,4,57.93,0.1,208.54,130.65
103543,2025-04-17,South,Clothing,Jacket,5,73.06,0.05,347.02,196.13
103544,2025-01-17,West,Beauty,Skincare Set,1,70.54,0.2,56.43,33.47
103545,2024-02-18,South,Clothing,T-Shirt,3,66.23,0.0,198.68,150.69
103546,2025-06-06,South,Sports,Dumbbells,1,110.2,0.1,99.18,60.96
103547,2024-07-24,South,Beauty,Hair Dryer,3,50.56,0.0,151.68,98.68
103548,2024-05-30,East,Home,Coffee Maker,3,75.44,0.1,203.7,133.9
103549,2024-10-22,West,Sports,Running Shoes,2,94.99,0.0,189.97,152.89
103550,2024-08-18,West,Electronics,Laptop,1,468.78,0.15,398.46,220.8
103551,2025-01-13,South,Electronics,Smartphone,3,264.18,0.1,713.29,414.05
103552,2025-06-17,East,Sports,Yoga Mat,5,109.37,0.0,546.84,310.01
103553,2024-09-27,West,Sports,Running Shoes,2,76.94,0.1,138.5,110.16
103554,2024-03-08,North,Electronics,Monitor,5,327.29,0.05,1554.61,1244.58
103555,2025-05-23,South,Clothing,Sneakers,2,58.45,0.1,105.21,74.94
103556,2024-12-09,South,Clothing,Sneakers,5,52.53,0.1,236.39,164.61
103557,2025-02-02,West,Electronics,Laptop,4,349.23,0.0,1396.93,804.56
103558,2024-06-13,West,Sports,Running Shoes,4,74.77,0.1,269.16,190.57
103559,2024-06-11,South,Electronics,Laptop,1,388.69,0.05,369.26,219.98
103560,2025-03-02,East,Clothing,T-Shirt,5,54.8,0.1,246.59,197.5
103561,2024-07-24,East,Home,Desk Lamp,5,120.13,0.05,570.6,330.17
103562,2025-02-12,North,Electronics,Monitor,4,441.67,0.05,1678.33,953.89
103563,2024-11-24,South,Home,Desk Lamp,1,89.56,0.2,71.65,46.75
103564,2024-12-16,South,Beauty,Hair Dryer,4,67.46,0.2,215.88,144.01
103565,2024-08-31,North,Beauty,Hair Dryer,4,72.32,0.05,274.82,200.2
103566,2025-02-23,South,Home,Vacuum,1,93.57,0.0,,70.96
103567,2024-03-11,North,Sports,Running Shoes,5,108.97,0.0,544.85,402.5
103568,2025-05-01,South,Beauty,Skincare Set,4,69.78,0.0,279.1,164.33
103569,2025-01-30,South,Home,Vacuum,5,121.32,0.15,515.61,360.38
103570,2025-03-29,South,Sports,Running Shoes,2,63.97,0.0,127.93,76.29
103571,2024-05-11,West,Sports,Fitness Watch,1,66.34,0.1,59.7,37.28
103572,2025-05-02,West,Clothing,Jeans,2,60.32,0.1,108.58,60.45
103573,2024-10-20,West,Electronics,Laptop,4,319.28,0.0,,950.78
103574,2024-08-12,South,Clothing,Jeans,5,72.38,0.1,325.7,223.32
103575,2025-01-07,East,Electronics,Headphones,2,325.7,0.05,618.84,352.86
103576,2024-03-16,South,Electronics,Smartphone,5,275.89,0.15,1172.52,711.39
103577,2024-08-10,East,Sports,Dumbbells,2,64.84,0.0,129.69,72.87
103578,2025-05-17,North,Home,Vacuum,4,111.61,0.0,446.45,337.74
103579,2024-09-12,West,Sports,Fitness Watch,1,90.48,0.0,90.48,60.09
103580,2025-02-19,East,,Hair Dryer,1,51.12,0.0,51.12,28.27
103581,2024-10-31,West,Clothing,Sneakers,5,44.96,0.05,213.58,144.24
103582,2024-08-11,West,Sports,Yoga Mat,1,83.68,0.1,75.32,46.19
103583,2025-06-27,South,Beauty,Perfume,1,77.12,0.0,77.12,45.8
103584,2024-05-22,South,Sports,Running Shoes,1,95.33,0.0,95.33,64.06
103585,2024-03-15,South,Electronics,Smartphone,4,378.0,0.0,1512.01,860.14
103586,2024-02-14,North,Beauty,Skincare Set,3,55.2,0.05,157.33,89.61
103587,2024-11-27,South,Clothing,Sneakers,5,71.02,0.05,337.34,218.0
103588,2024-05-02,East,Beauty,Hair Dryer,2,74.01,0.05,140.62,77.71
103589,2024-05-06,,Home,Vacuum,3,84.62,0.1,228.47,170.08
103590,2024-01-15,North,Home,Coffee Maker,4,115.44,0.15,392.5,320.34
103591,2024-04-19,North,Beauty,Hair Dryer,5,53.9,0.2,215.6,155.7
103592,2024-04-07,South,Clothing,T-Shirt,1,63.63,0.0,63.63,45.35
103593,2024-05-12,North,Sports,Fitness Watch,1,70.48,0.05,66.96,39.14
103594,2025-06-12,North,Electronics,Smartphone,4,381.4,0.1,1373.06,788.07
103595,2025-06-30,North,Home,Vacuum,5,113.77,0.05,540.41,302.83
103596,2024-07-30,South,Home,Coffee Maker,5,72.39,0.05,343.83,244.19
103597,2024-12-25,East,Home,Desk Lamp,1,112.3,0.2,89.84,50.48
103598,2024-06-24,North,Clothing,Jeans,1,55.22,0.1,49.7,32.34
103599,2024-11-02,South,Clothing,T-Shirt,4,69.8,0.05,265.23,176.69
103600,2024-11-23,West,Home,Desk Lamp,2,111.54,0.15,189.62,144.38
103601,2025-03-03,South,Sports,Yoga Mat,1,85.01,0.2,68.01,38.78
103602,2024-04-08,South,,Smartphone,5,413.57,0.05,1964.44,1304.61
103603,2024-02-07,North,Beauty,Makeup Kit,5,80.48,0.1,362.14,222.32
103604,2024-04-03,West,Beauty,Perfume,2,73.93,0.1,133.07,102.58
103605,2024-10-22,West,Home,Cookware,2,107.33,0.1,193.2,132.31
103606,2024-04-18,South,Beauty,Makeup Kit,4,74.66,0.1,268.77,208.99
103607,2024-03-15,North,Beauty,Perfume,2,64.66,0.05,122.86,77.11
103608,2025-06-25,South,Electronics,Monitor,4,437.67,0.05,1663.16,1095.02
103609,2025-02-22,South,Home,Vacuum,5,97.94,0.1,440.73,289.24
103610,2024-06-08,East,Beauty,Skincare Set,4,69.87,0.0,279.47,157.3
103611,2024-04-25,South,Sports,Running Shoes,5,64.49,0.1,290.21,160.11
103612,2025-01-10,East,Clothing,Sneakers,3,60.36,0.1,162.98,108.05
103613,2024-12-30,East,Electronics,Monitor,2,391.69,0.0,783.39,630.1
103614,2024-02-28,North,Clothing,Jacket,3,51.03,0.1,137.77,87.02
103615,2025-01-25,East,Electronics,Smartphone,5,359.89,0.2,1439.56,802.02
103616,2024-07-27,East,Sports,Yoga Mat,3,76.04,0.05,216.7,136.3
103617,2024-07-18,North,Home,Coffee Maker,2,82.28,0.05,156.33,93.88
103618,2024-11-12,North,Clothing,Jacket,2,63.22,0.15,107.48,61.61
103619,2025-05-24,South,Electronics,Laptop,5,464.33,0.15,1973.41,1553.33
103620,2024-01-04,South,Electronics,Monitor,4,,0.1,1539.86,991.96
103621,2025-02-24,West,Beauty,Perfume,5,61.47,0.1,276.6,184.68
103622,2024-12-06,West,Sports,Yoga Mat,1,113.49,0.05,107.82,59.91
103623,2025-03-22,North,Clothing,T-Shirt,1,73.93,0.2,59.15,42.78
103624,2025-03-01,South,Clothing,Jeans,3,61.37,0.1,165.71,108.12
103625,2024-04-20,West,Sports,Dumbbells,1,100.2,0.0,100.2,74.78
103626,2024-03-15,West,Clothing,Sneakers,3,47.51,0.0,142.54,79.23
103627,2025-01-04,South,Electronics,Smartphone,4,379.78,0.15,1291.26,937.76
103628,2024-10-18,North,Home,Coffee Maker,3,83.06,0.0,-487.09,183.19
103629,2025-01-04,East,Electronics,Monitor,2,389.39,0.1,700.9,525.67
103630,2025-04-06,West,Sports,Dumbbells,4,73.78,0.05,280.37,207.77
103631,2024-04-09,North,Beauty,Perfume,1,63.63,0.05,60.45,42.77
103632,2025-04-23,South,Beauty,Hair Dryer,5,67.11,0.0,335.57,250.16
103633,2025-01-21,West,Home,Vacuum,2,74.4,0.1,133.92,90.2
103634,2024-02-23,West,Clothing,Sneakers,2,53.15,0.0,106.31,66.09
103635,2024-10-03,East,Beauty,Hair Dryer,2,49.59,0.1,89.27,49.94
103636,2025-03-06,West,Electronics,Laptop,3,358.28,0.05,1021.09,617.27
103637,2025-02-02,South,Electronics,Smartphone,4,350.16,0.0,1400.62,1072.86
103638,2024-08-08,North,Sports,Fitness Watch,5,77.95,0.05,370.28,271.85
103639,2024-02-21,South,Sports,Fitness Watch,5,96.51,0.0,482.55,286.94
103640,2024-03-04,North,Sports,Yoga Mat,5,114.26,0.0,571.31,435.65
103641,2025-04-23,South,Electronics,Monitor,1,319.15,0.2,255.32,150.29
103642,2025-05-31,East,Electronics,Headphones,1,332.22,0.05,315.61,188.8
103643,2024-12-05,West,Beauty,Hair Dryer,4,79.88,0.0,319.54,226.73
103644,2025-05-01,South,Electronics,Monitor,1,309.65,0.0,309.65,250.65
103645,2024-06-28,East,Sports,Dumbbells,5,86.57,0.05,411.22,326.27
103646,2025-04-01,South,Clothing,Sneakers,1,55.99,0.0,55.99,32.98
103647,2024-03-01,North,Home,Vacuum,4,97.72,0.0,390.9,305.84
103648,2025-03-06,East,Electronics,Smartphone,4,366.39,0.0,1465.58,812.15
103649,2024-07-23,East,Clothing,Jacket,5,57.38,0.0,286.9,211.36
103650,2024-12-02,South,Clothing,Jacket,3,46.92,0.0,140.75,96.0
103651,2025-04-07,North,Home,Vacuum,4,118.97,0.0,475.87,306.63
103652,2024-03-31,South,Sports,Running Shoes,4,66.64,0.0,266.58,211.93
103653,2025-01-06,South,Electronics,Headphones,4,382.1,0.0,1528.41,866.55
103654,2025-05-31,South,Clothing,Jeans,3,63.02,0.1,170.15,138.52
103655,2024-03-12,East,Electronics,Smartphone,1,273.09,0.1,245.78,164.86
103656,2024-11-25,South,Sports,Running Shoes,2,72.39,0.0,144.78,80.15
103657,2024-06-26,West,Home,Vacuum,5,110.16,0.1,495.73,338.09
103658,2025-05-26,West,Beauty,Makeup Kit,4,57.34,0.1,206.41,147.49
103659,2024-10-06,North,Sports,Yoga Mat,2,107.52,0.15,182.79,134.31
103660,2025-06-25,West,Clothing,Jacket,2,43.34,0.0,86.68,57.83
103661,2024-03-24,West,Beauty,Makeup Kit,5,,0.15,275.3,210.0
103662,2025-05-21,South,Beauty,Hair Dryer,5,80.29,0.0,401.44,279.79
103663,2024-11-30,South,Electronics,Laptop,3,347.57,0.1,938.43,527.31
103664,2025-03-06,East,Home,Coffee Maker,5,77.67,0.15,330.11,209.59
103665,2024-09-21,East,Beauty,Makeup Kit,4,73.69,0.05,280.04,186.0
103666,2025-03-06,East,Home,Vacuum,4,77.26,0.0,309.03,189.5
103667,2025-05-02,East,Beauty,Perfume,1,45.78,0.0,45.78,31.92
103668,2024-06-09,South,Clothing,T-Shirt,5,50.53,0.05,240.03,145.16
103669,2025-04-01,East,Electronics,Laptop,2,433.5,0.1,780.3,437.07
103670,2024-05-10,East,Beauty,Skincare Set,3,80.07,0.05,228.19,181.42
103671,2024-03-24,North,Electronics,Monitor,5,449.55,0.1,2022.96,1174.35
103672,2024-05-21,South,Electronics,Laptop,2,333.96,0.05,634.53,435.67
103673,2024-06-08,North,Home,Desk Lamp,3,100.38,0.0,301.14,194.75
103674,2024-03-14,South,Clothing,T-Shirt,5,50.37,0.0,251.83,151.17
103675,2024-11-20,North,Clothing,Jeans,2,45.34,0.05,86.15,49.26
103676,2024-06-24,East,Electronics,Laptop,2,297.36,0.05,564.98,403.53
103677,2025-05-08,East,Sports,Dumbbells,1,101.71,0.1,91.54,55.92
103678,2024-12-01,North,Electronics,Smartphone,1,410.08,0.0,410.08,301.99
103679,2024-10-25,East,Beauty,Makeup Kit,4,64.75,0.0,259.01,148.25
103680,2025-02-13,South,Home,Coffee Maker,4,101.89,0.2,326.05,234.22
103681,2024-02-26,North,Clothing,Sneakers,2,58.57,0.0,117.14,93.08
103682,2025-02-28,South,Beauty,Hair Dryer,3,70.45,0.05,200.77,133.61
103683,2024-02-24,East,Sports,Fitness Watch,4,111.19,0.05,422.52,336.33
103684,2024-11-02,East,Sports,Dumbbells,4,87.0,0.0,347.99,253.92
103685,2024-12-15,,Clothing,T-Shirt,2,71.82,0.05,136.46,97.9
103686,2024-03-28,East,Sports,Dumbbells,3,110.05,0.1,297.14,165.65
103687,2025-04-22,East,Sports,Yoga Mat,2,85.72,0.15,145.73,82.05
103688,2024-10-20,East,Home,Vacuum,3,93.21,0.05,265.64,150.63
103689,2025-04-13,East,Beauty,Makeup Kit,1,54.07,0.0,54.07,38.68
103690,2024-01-14,West,Electronics,Smartphone,2,277.06,0.05,526.42,340.68
103691,2024-01-09,East,Clothing,Sneakers,5,73.31,0.15,,241.56
103692,2024-12-10,South,Electronics,Monitor,2,343.7,0.0,687.41,441.63
103693,2025-06-21,South,Electronics,Smartphone,4,434.93,0.05,1652.72,1229.27
103694,2024-07-31,East,Home,Cookware,3,113.97,0.0,341.92,254.29
103695,2025-03-17,South,Home,Desk Lamp,1,114.64,0.15,97.44,78.8
103696,2025-06-15,North,Clothing,Jacket,4,53.12,0.15,,112.25
103697,2025-05-08,North,Sports,Running Shoes,5,82.56,0.1,371.52,249.81
103698,2024-05-14,West,Beauty,Hair Dryer,1,70.93,0.05,67.38,52.81
103699,2025-06-18,South,Clothing,T-Shirt,3,67.31,0.0,201.93,125.01
103700,2025-01-04,West,Clothing,Sneakers,3,53.13,0.15,135.48,78.29
103701,2025-02-17,North,Beauty,Perfume,2,71.72,0.2,114.75,68.96
103702,2024-01-25,North,Home,Coffee Maker,2,95.75,0.1,172.35,140.06
103703,2024-10-31,North,Home,Cookware,2,127.09,0.1,228.76,140.76
103704,2024-07-15,West,Clothing,Sneakers,4,72.12,0.05,274.07,218.81
103705,2024-12-03,North,Sports,Running Shoes,4,81.87,0.05,311.12,230.39
103706,2025-01-05,West,Home,Cookware,1,83.63,0.1,75.27,44.93
103707,2025-01-13,South,Beauty,Perfume,5,69.38,0.0,346.88,210.39
103708,2025-03-04,West,Sports,Yoga Mat,4,95.35,0.1,343.26,221.7
103709,2024-06-15,South,Home,Coffee Maker,5,81.22,0.0,406.12,316.04
103710,2025-06-12,South,Beauty,Hair Dryer,4,45.56,0.05,173.13,130.4
103711,2024-04-10,South,Clothing,Sneakers,1,53.56,0.15,45.53,34.71
103712,2024-12-03,North,Electronics,Smartphone,4,385.6,0.1,1388.18,818.76
103713,2024-03-05,North,Sports,Fitness Watch,4,106.74,0.05,405.61,266.72
103714,2025-02-03,South,Clothing,T-Shirt,2,54.78,0.0,109.56,77.48
103715,2024-06-03,West,Beauty,Hair Dryer,2,55.67,0.0,111.34,79.92
103716,2024-03-13,East,Beauty,Makeup Kit,3,48.49,0.1,130.92,89.46
103717,2024-08-02,West,Home,Desk Lamp,3,92.83,0.05,264.57,215.58
103718,2024-08-24,North,Beauty,Skincare Set,2,75.41,0.1,135.75,86.57
103719,2024-02-01,South,Sports,Running Shoes,2,108.72,0.0,217.44,176.66
103720,2025-02-28,South,Sports,Running Shoes,2,90.64,0.1,163.15,128.64
103721,2024-12-11,West,Sports,Running Shoes,1,82.31,0.15,69.97,52.56
103722,2024-08-24,North,Sports,Yoga Mat,4,111.35,0.2,356.33,276.46
103723,2025-01-02,North,Clothing,Sneakers,1,43.24,0.1,38.92,31.31
103724,2025-04-26,South,Electronics,Monitor,1,388.33,0.0,388.33,235.02
103725,2025-05-22,South,Beauty,Makeup Kit,3,50.75,0.05,144.65,101.98
103726,2024-02-22,South,Clothing,T-Shirt,5,58.42,0.0,292.09,186.89
103727,2025-06-18,East,Home,Cookware,3,117.91,0.0,353.72,196.77
103728,2024-02-29,North,Sports,Fitness Watch,4,99.63,0.05,378.61,269.26
103729,2024-04-15,East,Beauty,Perfume,5,66.31,0.1,298.4,173.77
103730,2024-02-22,North,Home,Coffee Maker,3,110.59,0.0,331.76,202.39
103731,2024-10-21,West,Home,Vacuum,5,104.82,0.1,471.7,317.19
103732,2024-06-26,South,Clothing,Sneakers,2,60.85,0.15,103.45,71.74
103733,2024-05-02,North,Sports,Running Shoes,5,109.68,0.15,466.13,365.5
103734,2024-01-19,North,Sports,Yoga Mat,1,99.11,0.1,89.2,72.92
103735,2024-09-28,East,Home,Coffee Maker,1,72.32,0.0,72.32,58.41
103736,2025-01-20,West,Home,Desk Lamp,4,86.36,0.1,310.9,176.07
103737,2025-04-08,South,Electronics,Monitor,5,433.42,0.1,1950.4,1361.59
103738,2024-04-14,West,Clothing,Jacket,5,71.46,0.1,321.58,186.16
103739,2025-02-28,South,Home,Desk Lamp,2,101.13,0.05,192.14,117.08
103740,2024-12-02,East,Clothing,Jeans,5,53.27,0.1,239.71,164.82
103741,2024-08-27,West,Home,Desk Lamp,2,109.55,0.0,219.1,174.05
103742,2025-04-06,South,Beauty,Perfume,2,,0.0,92.73,75.47
103743,2024-11-16,East,Clothing,Jeans,1,41.89,0.1,37.71,26.93
103744,2024-03-08,East,Electronics,Monitor,2,262.69,0.15,446.57,324.34
103745,2024-06-28,East,Beauty,Makeup Kit,1,80.11,0.2,64.09,42.16
103746,2025-03-22,East,Home,Cookware,1,108.95,0.05,103.5,83.42
103747,2024-04-21,West,Clothing,Jacket,4,41.98,0.05,159.51,93.48
103748,2024-02-02,,Clothing,Sneakers,5,57.93,0.2,231.73,127.83
103749,2025-04-05,South,Beauty,Hair Dryer,1,79.48,0.0,79.48,49.74
103750,2024-12-13,East,Home,Coffee Maker,2,72.64,0.1,130.76,101.65
103751,2025-06-22,East,Sports,Fitness Watch,3,107.7,0.0,323.11,209.65
103752,2025-04-07,South,Clothing,Jacket,5,56.41,0.1,253.85,151.33
103753,2024-10-16,West,Sports,Running Shoes,5,102.17,0.0,510.83,297.15
103754,2025-01-01,East,Clothing,Sneakers,2,62.4,0.1,112.32,77.48
103755,2025-06-20,West,Clothing,Jeans,5,52.53,0.15,223.27,141.63
103756,2024-11-28,South,Electronics,Smartphone,4,331.03,0.1,1191.7,659.2
103757,2025-02-23,East,Beauty,Skincare Set,5,52.27,0.0,261.37,150.27
103758,2024-05-04,South,Home,Desk Lamp,5,75.04,0.05,356.43,256.46
103759,2024-09-28,East,Electronics,Smartphone,4,378.18,0.0,1512.74,1169.46
103760,2025-02-27,East,Electronics,Headphones,5,270.45,0.1,1217.04,722.95
103761,2024-08-30,West,Clothing,Sneakers,1,52.6,0.1,47.34,34.05
103762,2025-05-13,North,Clothing,T-Shirt,4,46.32,0.05,176.02,102.84
103763,2024-03-15,North,Clothing,T-Shirt,1,73.56,0.0,73.56,58.97
103764,2024-06-20,West,Electronics,Headphones,2,389.72,0.05,740.48,530.45
103765,2024-11-29,North,Home,Cookware,1,82.86,0.05,78.72,56.83
103766,2024-03-16,East,Home,Vacuum,1,71.7,0.1,64.53,42.43
103767,2025-04-23,West,Home,Vacuum,3,90.77,0.0,272.32,220.28
103768,2025-06-03,South,Clothing,Jeans,2,56.62,0.0,113.24,80.97
103769,2025-04-30,West,Beauty,Perfume,2,63.69,0.1,114.64,73.47
103770,2024-06-19,South,Beauty,Makeup Kit,2,60.14,0.05,114.26,80.05
103771,2025-03-19,North,,Sneakers,1,60.92,0.2,48.74,38.68
103772,2024-05-16,North,Home,Desk Lamp,5,113.2,0.1,509.38,293.38
103773,2025-02-01,South,Clothing,Sneakers,1,54.17,0.0,54.17,35.14
103774,2024-10-24,West,Clothing,Jacket,4,47.93,0.0,191.7,107.83
103775,2025-04-25,West,Beauty,Makeup Kit,3,68.07,0.1,183.8,148.39
103776,2025-04-09,South,Sports,Fitness Watch,5,94.93,0.05,450.94,280.51
103777,2024-10-13,West,Clothing,Sneakers,3,55.17,0.0,165.5,112.61
103778,2025-03-11,South,Electronics,Headphones,1,339.23,0.2,271.39,187.41
103779,2025-01-17,West,Home,Cookware,3,88.59,0.0,265.78,174.54
103780,2025-03-11,East,Electronics,Headphones,4,399.87,0.15,1359.57,1007.89
103781,2024-07-13,South,Clothing,Jacket,3,51.08,0.0,153.25,120.87
103782,2024-08-10,,Beauty,Perfume,2,73.67,0.0,147.34,107.09
103783,2024-02-11,West,Beauty,Hair Dryer,1,79.92,0.15,67.93,45.53
103784,2025-06-14,North,Electronics,Laptop,2,282.83,0.15,480.81,282.34
103785,2025-06-25,North,Clothing,T-Shirt,4,41.68,0.0,166.72,109.55
103786,2024-09-04,South,Home,Vacuum,2,116.6,0.05,221.54,137.9
103787,2025-02-18,North,Electronics,Monitor,4,440.51,0.1,1585.82,897.07
103788,2024-01-07,West,Home,Desk Lamp,1,101.25,0.0,101.25,79.95
103789,2025-06-09,East,Home,Vacuum,3,77.52,0.15,197.68,126.81
103790,2025-06-20,East,Sports,Fitness Watch,5,91.46,0.0,457.31,301.69
103791,2024-06-16,East,Beauty,Perfume,1,56.39,0.05,53.57,29.64
103792,2024-10-15,West,Home,Desk Lamp,2,87.87,0.05,166.95,124.98
103793,2024-06-14,East,Electronics,Laptop,4,310.62,0.0,1242.5,960.46
103794,2025-03-31,East,Electronics,Headphones,2,270.35,0.15,459.6,258.15
103795,2024-05-06,East,Beauty,Perfume,4,52.21,0.0,208.84,135.95
103796,2025-03-23,East,Sports,Yoga Mat,1,81.84,0.1,73.65,45.33
103797,2025-02-17,West,Electronics,Laptop,4,271.18,0.1,976.27,628.81
103798,2025-05-03,South,Beauty,Hair Dryer,4,51.7,0.05,196.48,116.46
103799,2024-09-23,East,Sports,Fitness Watch,1,74.03,0.1,66.62,41.15
103800,2024-09-11,West,Electronics,Smartphone,5,291.7,0.0,1458.48,1104.67
103801,2024-03-14,East,Clothing,Sneakers,5,54.18,0.05,257.37,199.89
103802,2024-10-08,South,Electronics,Headphones,2,414.68,0.05,787.9,450.61
103803,2025-02-15,North,Clothing,Sneakers,5,,0.05,329.82,269.1
103804,2024-10-11,West,Sports,Fitness Watch,5,88.62,0.0,443.08,312.93
103805,2025-02-27,West,Sports,Fitness Watch,2,102.96,0.2,164.74,127.7
103806,2025-02-10,East,Electronics,Headphones,5,342.28,0.0,1711.39,1230.62
103807,2025-06-26,South,Clothing,Jacket,2,63.13,0.0,126.27,84.64
103808,2025-04-30,South,Home,Desk Lamp,5,85.47,0.05,406.0,317.82
103809,2025-05-27,North,Home,Cookware,1,99.12,0.05,94.17,56.16
103810,2024-03-17,North,Clothing,Jacket,2,61.59,0.2,98.54,71.86
103811,2024-08-22,East,Home,Desk Lamp,3,83.89,0.0,251.66,155.22
103812,2024-12-28,South,Clothing,T-Shirt,1,54.32,0.1,48.89,30.7
103813,2024-03-25,North,Electronics,Monitor,3,328.93,0.0,986.8,749.23
103814,2024-02-15,East,Clothing,Jeans,3,48.09,0.05,137.06,102.88
103815,2025-02-14,South,Home,Coffee Maker,3,120.93,0.05,344.65,231.96
103816,2024-06-03,East,Clothing,Jeans,5,51.01,0.0,255.03,155.08
103817,2025-06-05,East,Electronics,Headphones,4,277.83,0.0,1111.33,899.26
103818,2024-11-21,North,Beauty,Perfume,3,68.23,0.1,184.22,116.49
103819,2024-07-27,West,Sports,Fitness Watch,3,75.19,0.1,203.02,116.2
103820,2025-01-15,West,Home,Vacuum,5,85.22,0.0,426.08,296.67
103821,2024-03-06,North,Electronics,Laptop,2,449.51,0.0,899.01,567.19
103822,2024-04-30,South,Home,Vacuum,5,97.96,0.05,465.33,369.37
103823,2024-06-19,South,Beauty,Makeup Kit,5,49.45,0.0,247.24,175.68
103824,2024-03-16,East,Electronics,Smartphone,3,374.58,0.2,899.0,589.77
103825,2024-10-30,East,Electronics,Laptop,4,467.46,0.05,1776.34,1089.07
103826,2025-04-01,North,Beauty,Perfume,5,78.47,0.05,372.74,277.35
103827,2024-05-20,South,Beauty,Makeup Kit,3,55.84,0.1,150.78,86.41
103828,2024-08-01,North,Sports,Running Shoes,4,93.89,0.0,375.57,275.66
103829,2025-06-08,North,Home,Desk Lamp,2,92.41,0.1,166.34,93.62
103830,2025-05-14,South,Beauty,Makeup Kit,5,74.19,0.2,296.76,178.5
103831,2024-06-19,West,Sports,Dumbbells,2,98.38,0.15,167.24,109.72
103832,2025-02-06,North,Sports,Yoga Mat,1,77.61,0.15,65.97,52.13
103833,2024-08-13,West,Sports,Yoga Mat,4,73.57,0.0,294.28,209.3
103834,2025-05-27,West,Electronics,Laptop,5,466.28,0.0,2331.39,1624.92
103835,2024-12-04,North,Sports,Dumbbells,4,82.95,0.05,315.22,178.64
103836,2024-08-21,East,Electronics,Smartphone,3,397.64,0.05,1133.28,878.8
103837,2024-12-13,West,Home,Desk Lamp,4,123.01,0.0,492.05,345.87
103838,2025-01-08,West,Beauty,Skincare Set,3,55.95,0.1,151.07,122.47
103839,2024-03-21,North,Electronics,Laptop,3,397.44,0.0,1192.33,752.71
103840,2024-08-17,East,Electronics,Headphones,5,341.66,0.05,1622.87,1063.32
103841,2024-01-26,North,Electronics,Headphones,3,402.53,0.0,1207.59,685.29
103842,2025-04-26,South,Home,Coffee Maker,4,95.93,0.0,383.71,310.8
103843,2024-01-12,West,Sports,Fitness Watch,4,80.94,0.2,258.99,204.79
103844,2024-10-18,South,Home,Coffee Maker,5,,0.0,620.63,467.82
103845,2025-05-20,East,Beauty,Perfume,2,62.06,0.1,111.71,91.54
103846,2025-05-30,East,Clothing,Jeans,1,64.46,0.15,54.79,31.51
103847,2025-04-07,West,Electronics,Headphones,5,334.82,0.1,1506.71,1077.21
103848,2024-05-14,West,Home,Vacuum,5,92.16,0.1,414.72,329.7
103849,2024-05-07,South,Beauty,Perfume,5,79.68,0.0,398.38,308.99
103850,2025-04-09,East,Electronics,Headphones,3,411.33,0.2,987.18,748.24
103851,2024-10-21,East,Sports,Yoga Mat,3,102.39,0.15,261.08,153.92
103852,2024-07-26,West,Electronics,Monitor,3,394.31,0.1,1064.63,871.79
103853,2025-06-23,South,Clothing,Jacket,2,66.0,0.0,131.99,72.67
103854,2024-10-10,South,Clothing,Sneakers,1,61.99,0.0,61.99,48.38
103855,2024-07-28,West,Home,Cookware,5,116.25,0.05,552.18,359.13
103856,2024-05-04,East,Home,Desk Lamp,3,101.03,0.0,303.09,231.76
103857,2024-08-03,South,Sports,Yoga Mat,5,101.02,0.1,454.57,286.47
103858,2024-08-01,North,Beauty,Perfume,4,64.91,0.05,246.67,183.76
103859,2024-07-11,North,Clothing,Jeans,2,65.39,0.0,130.78,82.81
103860,2024-07-06,South,Clothing,Jacket,5,59.76,0.05,283.84,198.2
103861,2024-07-18,East,Clothing,Jacket,3,50.65,0.1,136.76,83.59
103862,2024-06-13,North,Beauty,Hair Dryer,4,77.57,0.0,310.3,216.07
103863,2024-09-24,West,,Hair Dryer,5,49.73,0.1,223.8,175.77
103864,2024-08-19,South,Electronics,Laptop,3,386.01,0.0,1158.04,876.32
103865,2025-02-28,North,Clothing,T-Shirt,4,,0.15,178.51,146.16
103866,2024-08-19,South,Home,Coffee Maker,5,85.33,0.0,426.67,290.78
103867,2024-04-07,West,Sports,Fitness Watch,2,111.09,0.1,199.96,122.18
103868,2024-05-01,South,Home,Vacuum,3,124.11,0.2,297.85,178.64
103869,2024-08-19,East,Clothing,Jacket,1,73.9,0.0,73.9,49.52
103870,2024-11-11,North,Beauty,Perfume,1,63.91,0.05,60.71,36.04
103871,2024-05-29,West,Beauty,Perfume,5,66.39,0.0,331.93,186.58
103872,2024-04-18,East,Beauty,Skincare Set,3,59.12,0.05,168.5,119.55
103873,2024-12-04,West,Electronics,Laptop,4,362.39,0.15,1232.12,697.21
103874,2025-03-17,East,Sports,Running Shoes,3,84.76,0.0,254.27,159.73
103875,2024-07-16,West,Home,Coffee Maker,3,107.35,0.0,322.05,223.41
103876,2025-06-30,West,Beauty,Skincare Set,1,63.2,0.0,63.2,48.8
103877,2025-05-01,East,Sports,Fitness Watch,1,70.26,0.15,59.72,35.68
103878,2024-07-06,East,Home,Coffee Maker,5,80.65,0.1,362.94,235.52
103879,2025-04-22,South,Electronics,Laptop,3,277.66,0.1,749.7,522.62
103880,2024-11-22,East,Beauty,Skincare Set,3,63.07,0.0,189.2,115.43
103881,2024-03-09,North,Beauty,Skincare Set,1,53.43,0.1,48.08,31.8
103882,2025-03-19,West,Electronics,Smartphone,5,364.32,0.15,1548.36,998.96
103883,2024-03-16,North,Sports,Dumbbells,2,79.59,0.05,151.22,102.23
103884,2025-01-26,North,Clothing,Sneakers,1,67.57,0.2,54.06,36.51
103885,2024-06-21,North,Sports,Dumbbells,4,107.44,0.05,408.28,293.45
103886,2025-01-25,East,Clothing,Sneakers,5,43.11,0.1,193.98,135.8
103887,2025-06-23,North,Beauty,Skincare Set,3,76.96,0.1,207.8,150.38
103888,2024-03-11,South,Clothing,T-Shirt,4,52.4,0.1,188.64,149.88
103889,2024-11-07,South,Clothing,Sneakers,2,57.27,0.0,114.53,86.13
103890,2025-06-04,East,Beauty,Hair Dryer,5,48.87,0.0,244.37,161.57
103891,2024-11-14,North,Sports,Dumbbells,2,66.58,0.0,133.16,105.87
103892,2024-02-07,South,Electronics,Headphones,4,436.36,0.1,1570.91,1067.96
103893,2024-05-30,North,Sports,Running Shoes,1,83.95,0.1,75.56,45.31
103894,2024-10-12,North,Sports,Yoga Mat,5,71.69,0.0,358.46,248.2
103895,2024-08-07,North,Clothing,Jacket,5,67.13,0.0,335.63,188.27
103896,2024-05-10,South,Clothing,Sneakers,3,60.63,0.1,163.71,134.16
103897,2024-01-24,South,Clothing,Jacket,2,66.77,0.15,113.5,76.71
103898,2024-11-15,,Electronics,Smartphone,4,362.63,0.05,1378.01,920.37
103899,2024-11-02,North,Beauty,Perfume,1,59.43,0.1,53.48,33.11
103900,2025-05-05,South,Beauty,Perfume,1,73.49,0.0,73.49,48.89
103901,2024-09-19,South,Electronics,Laptop,3,379.8,0.05,1082.43,787.01
103902,2024-02-29,North,Clothing,Jeans,3,,0.2,,111.61
103903,2025-03-22,East,Clothing,T-Shirt,5,51.13,0.0,255.66,191.78
103904,2024-08-30,North,Home,Cookware,3,99.5,0.0,298.49,188.88
103905,2025-01-13,East,Electronics,Smartphone,5,347.75,0.05,1651.82,1101.3
103906,2024-06-07,West,Clothing,Jeans,2,53.35,0.15,90.69,65.51
103907,2025-01-31,South,Home,Cookware,5,126.27,0.05,599.79,368.75
103908,2025-04-03,North,Home,Vacuum,4,113.28,0.15,385.14,232.77
103909,2024-11-02,West,Electronics,Smartphone,2,327.21,0.15,556.26,420.7
103910,2024-07-11,South,Clothing,T-Shirt,1,71.48,0.05,67.91,37.8
103911,2024-08-18,North,Electronics,Smartphone,2,427.06,0.1,-166.85,624.03
103912,2024-06-22,South,Sports,Yoga Mat,2,67.63,0.1,121.73,99.76
103913,2025-03-31,East,Electronics,Monitor,2,464.13,0.15,789.01,628.89
103914,2025-03-29,East,Home,Desk Lamp,2,113.22,0.2,181.15,112.25
103915,2024-01-26,South,Sports,Yoga Mat,5,108.21,0.0,541.03,403.97
103916,2024-08-21,South,Clothing,Jacket,3,74.18,0.1,200.29,135.69
103917,2024-11-04,North,Home,Vacuum,3,97.25,0.0,291.75,168.36
103918,2025-01-22,South,,Coffee Maker,2,118.71,0.05,225.55,136.8
103919,2024-09-13,South,Home,Coffee Maker,1,92.56,0.05,87.93,50.44
103920,2025-02-16,South,Beauty,Perfume,1,67.37,0.05,64.0,43.26
103921,2025-02-19,West,Beauty,Skincare Set,3,81.0,0.05,230.84,170.97
103922,2024-04-02,North,Sports,Running Shoes,4,111.53,0.15,379.21,293.48
103923,2025-06-21,North,Electronics,Monitor,3,339.7,0.05,968.14,578.03
103924,2024-07-21,East,Sports,Running Shoes,5,79.55,0.0,397.76,266.08
103925,2024-02-15,North,Electronics,Headphones,4,451.51,0.1,1625.45,1298.82
103926,2025-05-05,,Home,Coffee Maker,1,123.16,0.1,110.85,72.37
103927,2025-05-14,North,Electronics,Headphones,1,322.9,0.1,290.61,236.61
103928,2024-03-04,East,Electronics,Headphones,1,284.89,0.0,284.89,179.77
103929,2024-02-23,North,Home,Desk Lamp,2,85.5,0.0,170.99,112.74
103930,2025-05-23,North,Home,Vacuum,5,97.26,0.1,437.65,254.59
103931,2024-12-06,North,Electronics,Monitor,3,279.12,0.0,837.37,461.63
103932,2025-04-01,South,Clothing,Jeans,4,67.07,0.0,268.27,151.71
103933,2024-10-08,East,Clothing,Jeans,3,66.14,0.2,158.73,99.56
103934,2025-01-31,South,Sports,Dumbbells,2,84.4,0.0,168.8,101.5
103935,2024-09-26,North,Electronics,Laptop,4,372.87,0.05,1416.89,782.92
103936,2024-10-27,West,Home,Coffee Maker,3,108.58,0.0,325.73,208.16
103937,2024-03-14,East,Beauty,Perfume,5,46.06,0.0,230.32,142.18
103938,2025-03-28,West,Electronics,Smartphone,1,320.57,0.1,288.52,186.11
103939,2024-04-04,North,Home,Cookware,5,96.72,0.0,483.61,321.51
103940,2024-09-16,North,Electronics,Laptop,4,266.33,0.0,1065.33,783.71
103941,2025-05-12,North,Electronics,Headphones,2,278.53,0.05,529.21,400.97
103942,2024-08-05,East,Beauty,Skincare Set,5,78.39,0.05,372.37,245.02
103943,2025-04-03,South,Clothing,Jacket,2,73.87,0.0,147.74,102.27
103944,2025-01-03,North,Home,Cookware,2,110.14,0.15,187.24,149.11
103945,2024-07-15,South,Clothing,Jacket,1,66.87,0.05,63.53,41.68
103946,2025-03-12,South,Sports,Dumbbells,4,74.83,0.0,299.3,168.02
103947,2025-06-20,East,Beauty,Hair Dryer,5,73.57,0.05,349.47,280.35
103948,2024-07-17,North,Home,Cookware,5,76.59,0.05,363.8,237.12
103949,2025-05-21,South,Home,Vacuum,3,,0.0,314.07,205.93
103950,2025-06-14,South,Clothing,Jeans,4,52.72,0.05,200.33,137.36
103951,2024-05-25,North,Home,Cookware,3,122.62,0.05,349.47,270.29
103952,2024-01-11,North,Electronics,Smartphone,4,440.32,0.0,1761.26,1164.41
103953,2024-12-31,South,Sports,Dumbbells,5,88.59,0.0,442.96,311.8
103954,2024-02-10,North,Clothing,Jacket,2,56.2,0.05,106.77,87.48
103955,2024-08-18,East,Sports,Dumbbells,5,93.35,0.1,420.09,318.32
103956,2024-05-21,East,Beauty,Hair Dryer,3,67.26,0.05,191.69,130.63
103957,2025-04-08,West,Clothing,T-Shirt,2,47.26,0.1,85.06,57.47
103958,2024-05-29,South,Clothing,Sneakers,2,44.94,0.05,85.39,50.37
103959,2025-01-11,West,Beauty,Skincare Set,1,67.53,0.15,57.4,45.73
103960,2025-01-16,East,Home,Desk Lamp,4,88.99,0.05,338.15,248.1
103961,2025-04-29,West,Electronics,Smartphone,5,389.57,0.05,1850.46,1391.67
103962,2025-05-26,West,Sports,Fitness Watch,2,91.2,0.1,164.16,101.67
103963,2024-03-16,West,Electronics,Headphones,2,299.53,0.0,599.06,376.69
103964,2024-10-18,South,Home,Vacuum,5,98.07,0.15,416.8,299.01
103965,2025-04-22,South,Sports,Fitness Watch,1,108.16,0.05,102.75,62.91
103966,2025-02-03,North,Sports,Fitness Watch,1,66.25,0.0,66.25,47.32
103967,2025-01-22,South,Clothing,Sneakers,1,66.83,0.0,66.83,49.34
103968,2024-03-07,South,Electronics,Laptop,4,324.37,0.05,1232.61,801.97
103969,2024-09-21,South,Sports,Running Shoes,4,103.35,0.1,372.06,212.97
103970,2025-02-01,South,Sports,Dumbbells,4,83.29,0.15,283.17,161.99
103971,2024-10-09,South,Beauty,Skincare Set,5,65.36,0.0,326.78,239.46
103972,2024-11-01,South,Beauty,Skincare Set,4,55.43,0.05,210.62,138.88
103973,2025-04-01,South,Sports,Yoga Mat,1,109.58,0.05,104.1,78.36
103974,2024-04-02,North,Clothing,Sneakers,4,44.87,0.15,152.57,88.33
103975,2025-01-15,North,Home,Coffee Maker,5,97.08,0.1,436.87,332.42
103976,2024-12-07,,Home,Desk Lamp,2,101.99,0.2,,112.0
103977,2025-04-06,South,Home,Cookware,2,87.37,0.1,157.26,105.48
103978,2024-03-30,North,Electronics,Laptop,2,344.72,0.2,551.55,316.95
103979,2024-07-23,West,Clothing,Jeans,4,72.65,0.05,276.08,160.44
103980,2024-11-22,South,Home,Cookware,3,100.49,0.1,271.33,160.24
103981,2025-03-17,East,Beauty,Perfume,3,74.37,0.1,200.79,162.92
103982,2025-03-17,North,Sports,Dumbbells,4,109.66,0.05,416.69,267.63
103983,2024-04-28,North,Home,Coffee Maker,5,99.05,0.1,445.71,252.63
103984,2024-12-14,East,Beauty,Skincare Set,4,74.39,0.0,297.54,241.63
103985,2024-09-11,East,Beauty,Skincare Set,1,46.65,0.0,46.65,37.13
103986,2024-04-21,West,,Laptop,4,462.03,0.2,1478.5,1098.53
103987,2025-06-17,West,Home,Vacuum,3,96.6,0.0,289.81,200.5
103988,2024-08-12,East,Clothing,Jeans,2,48.32,0.0,96.64,75.13
103989,2024-09-03,West,Beauty,Perfume,3,48.51,0.05,138.25,78.11
103990,2025-04-28,North,Home,Coffee Maker,3,92.89,0.1,250.8,153.03
103991,2024-10-16,West,Electronics,Monitor,1,374.12,0.0,374.12,292.05
103992,2024-08-14,North,Electronics,Smartphone,2,438.99,0.05,834.08,492.85
103993,2024-04-11,South,Home,Cookware,4,107.85,0.05,409.84,293.23
103994,2025-03-30,North,Sports,Yoga Mat,1,77.8,0.1,70.02,50.0
103995,2024-11-01,West,Electronics,Monitor,1,465.51,0.05,442.24,289.35
103996,2025-03-05,North,Sports,Dumbbells,1,87.55,0.2,70.04,44.45
103997,2024-10-03,East,Electronics,Laptop,2,436.44,0.2,698.31,408.84
103998,2025-01-13,North,Beauty,Makeup Kit,3,76.4,0.2,183.37,106.93
103999,2025-06-16,North,Home,Coffee Maker,4,71.69,0.2,229.4,161.92
104000,2025-04-09,West,Electronics,Smartphone,5,299.82,0.0,1499.12,941.02
104001,2024-02-04,,Clothing,Sneakers,2,60.01,0.0,120.01,67.72
104002,2024-06-13,South,Home,Coffee Maker,2,94.81,0.1,170.65,127.46
104003,2024-12-28,South,Clothing,Jeans,5,43.59,0.15,185.27,125.91
104004,2024-12-10,North,Electronics,Monitor,5,336.66,0.1,1514.95,1047.57
104005,2024-05-05,South,Sports,Dumbbells,5,83.99,0.0,419.95,239.67
104006,2025-05-09,North,Clothing,Jacket,3,66.11,0.1,178.49,142.02
104007,2024-03-13,West,Beauty,Perfume,5,47.32,0.0,236.58,188.61
104008,2025-04-26,East,Beauty,Perfume,3,75.42,0.1,203.63,128.88
104009,2025-06-12,North,Sports,Running Shoes,3,113.05,0.05,322.19,211.76
104010,2025-06-04,West,Electronics,Laptop,3,423.94,0.2,1017.45,633.64
104011,2025-02-03,West,Sports,Fitness Watch,2,71.4,0.0,142.79,89.82
104012,2024-08-30,West,Clothing,Jacket,3,68.6,0.05,195.52,147.53
104013,2025-04-12,West,Clothing,Sneakers,1,72.44,0.1,65.19,39.2
104014,2024-03-22,North,Sports,Fitness Watch,2,64.53,0.0,129.06,86.11
104015,2024-07-07,East,Electronics,Headphones,5,318.59,0.1,1433.66,910.2
104016,2024-11-28,East,Electronics,Headphones,4,277.87,0.1,1000.34,679.1
104017,2025-05-09,East,Home,Desk Lamp,2,119.82,0.05,227.66,175.1
104018,2024-06-21,West,Sports,Dumbbells,3,109.87,0.2,263.68,172.19
104019,2024-04-05,North,Electronics,Laptop,4,349.38,0.0,1397.53,1084.33
104020,2024-09-26,West,Sports,Yoga Mat,5,69.72,0.0,348.61,270.12
104021,2024-09-15,East,Beauty,Skincare Set,3,77.62,0.1,209.57,129.3
104022,2024-10-10,South,Beauty,Skincare Set,5,80.79,0.1,363.57,209.99
104023,2025-05-30,East,Sports,Dumbbells,5,106.57,0.1,479.56,264.37
104024,2024-03-16,West,Clothing,Jacket,2,60.5,0.0,120.99,76.32
104025,2025-04-25,South,Clothing,Jacket,3,71.29,0.0,213.87,175.3
104026,2025-01-21,South,Electronics,Smartphone,5,452.81,0.05,2150.86,1534.18
104027,2025-02-03,North,Clothing,T-Shirt,4,65.72,0.0,262.88,155.86
104028,2024-09-15,West,Clothing,Sneakers,4,66.01,0.0,264.03,191.31
104029,2025-02-11,East,Home,Desk Lamp,2,71.28,0.0,142.56,86.83
104030,2024-04-05,South,Electronics,Laptop,4,444.55,0.15,1511.46,1207.13
104031,2025-05-05,East,Electronics,Laptop,5,277.84,0.0,1389.22,1060.58
104032,2024-10-06,South,Home,Coffee Maker,3,104.72,0.05,298.46,185.94
104033,2024-09-30,North,Sports,Dumbbells,3,67.48,0.15,172.07,122.18
104034,2024-02-22,East,Beauty,Skincare Set,4,71.05,0.15,241.57,143.12
104035,2025-01-09,South,Electronics,Headphones,2,319.93,0.05,607.86,383.96
104036,2025-02-16,East,Electronics,Monitor,2,396.09,0.2,633.74,411.58
104037,2024-12-03,East,Electronics,Laptop,5,347.71,0.0,1738.54,1295.65
104038,2025-01-10,West,Sports,Yoga Mat,3,92.16,0.1,248.83,173.12
104039,2024-12-19,South,Beauty,Hair Dryer,1,62.77,0.05,59.63,33.79
104040,2024-11-26,West,Home,Coffee Maker,3,111.89,0.0,335.66,217.12
104041,2024-04-09,South,Beauty,Makeup Kit,5,69.65,0.2,278.6,163.22
104042,2024-02-07,South,Electronics,Headphones,4,458.88,0.05,1743.74,1059.9
104043,2025-02-16,South,Sports,Fitness Watch,2,102.84,0.1,185.12,132.87
104044,2024-12-15,South,Home,Cookware,2,91.12,0.05,173.13,100.97
104045,2025-01-11,West,Beauty,Hair Dryer,5,49.0,0.15,208.25,152.29
104046,2025-04-14,West,Home,Cookware,3,116.65,0.1,314.97,237.67
104047,2024-02-18,West,Sports,Running Shoes,3,87.94,0.2,211.06,129.15
104048,2024-04-20,North,Clothing,Jeans,4,66.43,0.05,252.44,202.24
104049,2025-02-12,South,Home,Vacuum,1,83.07,0.1,74.77,53.58
104050,2025-06-17,South,Sports,Yoga Mat,5,83.33,0.05,395.8,232.58
104051,2025-06-12,North,Home,Cookware,2,98.63,0.05,187.4,116.06
104052,2024-03-06,West,Electronics,Smartphone,1,383.69,0.0,383.69,307.58
104053,2025-04-22,South,Electronics,Headphones,2,349.51,0.1,629.12,362.34
104054,2025-04-05,West,Sports,Running Shoes,4,100.58,0.05,382.19,259.24
104055,2024-07-23,South,Clothing,Jacket,5,48.95,0.0,244.76,193.93
104056,2024-07-18,North,Home,Desk Lamp,2,121.4,0.05,230.66,139.72
104057,2024-02-05,South,Beauty,Hair Dryer,4,66.19,0.05,251.51,199.32
104058,2025-06-05,West,Beauty,Hair Dryer,2,56.35,0.1,101.43,65.21
104059,2024-11-13,North,Electronics,Laptop,1,405.76,0.0,405.76,236.2
104060,2025-05-21,East,Clothing,Sneakers,2,69.64,0.1,125.35,79.62
104061,2024-05-09,South,Sports,Yoga Mat,1,77.23,0.05,73.37,54.23
104062,2025-06-24,West,Sports,Running Shoes,3,69.59,0.0,208.76,162.47
104063,2024-02-18,West,Beauty,Skincare Set,4,71.29,0.05,270.89,164.21
104064,2024-08-10,North,Beauty,Hair Dryer,2,66.85,0.0,133.71,79.73
104065,2024-01-11,West,Sports,Fitness Watch,4,80.59,0.0,,182.23
104066,2024-11-06,North,Clothing,Jacket,1,52.73,0.0,52.73,41.92
104067,2024-07-13,South,Clothing,Sneakers,3,62.29,0.05,177.52,140.07
104068,2024-06-26,West,Sports,Dumbbells,1,76.64,0.1,68.98,49.27
104069,2024-03-02,East,Clothing,Sneakers,3,49.28,0.05,140.44,78.78
104070,2025-03-16,South,Beauty,Skincare Set,5,61.59,0.0,307.93,190.25
104071,2024-07-16,South,Clothing,Sneakers,4,56.63,0.0,226.53,165.46
104072,2024-11-25,North,Electronics,Monitor,1,314.24,0.1,282.81,171.32
104073,2025-04-21,South,Beauty,Hair Dryer,2,76.98,0.0,153.97,99.42
104074,2024-06-05,West,Clothing,T-Shirt,1,53.58,0.1,48.22,28.84
104075,2024-03-20,North,Electronics,Headphones,5,451.49,0.0,2257.46,1614.27
104076,2025-03-05,West,Electronics,Laptop,3,418.67,0.1,1130.4,926.86
104077,2025-04-24,West,Beauty,Skincare Set,1,71.19,0.05,67.63,40.83
104078,2024-09-06,West,Clothing,Jeans,2,68.03,0.2,108.84,79.16
104079,2024-08-24,West,Home,Vacuum,2,81.85,0.05,155.51,123.24
104080,2024-04-14,North,Beauty,Hair Dryer,3,45.84,0.1,123.77,79.36
104081,2025-02-18,West,Electronics,Laptop,1,304.28,0.1,,155.15
104082,2025-04-25,East,Clothing,T-Shirt,4,70.59,0.2,225.89,178.24
104083,2024-02-25,West,Sports,Fitness Watch,3,81.87,0.1,221.05,149.0
104084,2024-02-04,East,Sports,Running Shoes,2,105.49,0.2,168.78,95.1
104085,2024-06-13,North,Sports,Yoga Mat,1,88.46,0.1,79.61,63.73
104086,2025-03-16,North,Sports,Dumbbells,1,111.82,0.0,111.82,87.98
104087,2024-12-24,South,Clothing,Sneakers,4,58.36,0.2,186.74,130.53
104088,2025-05-29,West,Beauty,Perfume,3,45.8,0.05,130.53,72.47
104089,2024-04-07,East,Clothing,Sneakers,3,42.93,0.15,109.47,61.71
104090,2024-02-18,North,Home,Coffee Maker,5,78.32,0.05,372.02,293.87
104091,2024-08-28,North,Electronics,Smartphone,5,394.12,0.1,1773.52,1367.4
104092,2024-06-16,East,Clothing,Jacket,2,61.21,0.0,122.41,69.27
104093,2024-08-20,East,Home,Desk Lamp,5,117.11,0.0,585.57,352.36
104094,2025-01-22,South,Home,Coffee Maker,2,88.01,0.05,167.21,119.65
104095,2024-03-08,East,Electronics,Headphones,5,418.98,0.05,1990.17,1339.01
104096,2025-02-15,West,Clothing,Jeans,2,70.13,0.1,126.24,93.74
104097,2024-11-05,East,Clothing,T-Shirt,2,47.95,0.0,95.9,74.99
104098,2024-02-17,East,Sports,Fitness Watch,4,107.68,0.1,387.65,287.24
104099,2024-10-20,West,Clothing,Sneakers,1,69.34,0.05,65.88,43.56
104100,2024-02-11,West,Clothing,Jeans,1,54.75,0.1,49.27,32.75
104101,2024-09-21,West,Electronics,Monitor,4,419.24,0.0,1676.98,1028.07
104102,2024-10-27,North,Beauty,Skincare Set,2,78.55,0.1,141.4,114.7
104103,2024-04-03,East,Clothing,T-Shirt,5,73.86,0.15,313.9,186.28
104104,2024-07-30,East,Clothing,T-Shirt,2,59.03,0.1,106.25,60.17
104105,2025-01-22,South,Sports,Yoga Mat,3,83.84,0.1,226.37,141.56
104106,2024-12-06,South,Home,Coffee Maker,2,113.97,0.05,216.54,153.87
104107,2025-06-18,North,Sports,Running Shoes,1,105.1,0.1,94.59,64.28
104108,2024-08-06,,Sports,Dumbbells,1,103.27,0.15,-448.56,55.56
104109,2024-08-01,South,Electronics,Smartphone,2,378.92,0.0,757.84,501.29
104110,2024-06-11,South,Home,Desk Lamp,2,109.5,0.0,219.0,131.63
104111,2025-01-29,South,Beauty,Perfume,3,79.09,0.05,225.4,138.74
104112,2025-02-10,South,Clothing,Jacket,5,49.66,0.1,223.48,136.87
104113,2025-02-11,West,Home,Cookware,4,74.46,0.15,253.15,200.86
104114,2024-02-02,South,Beauty,Perfume,5,64.91,0.15,275.86,222.93
104115,2024-12-14,West,Sports,Fitness Watch,3,95.52,0.1,257.9,186.13
104116,2025-06-25,South,Sports,Running Shoes,3,85.95,0.15,219.16,162.09
104117,2025-03-25,East,Home,Cookware,2,86.03,0.1,154.85,115.17
104118,2024-10-12,East,Electronics,Monitor,5,283.11,0.1,1274.02,836.44
104119,2024-12-22,South,Clothing,Sneakers,2,52.76,0.1,94.98,64.15
104120,2024-10-28,West,Electronics,Headphones,3,434.47,0.1,1173.07,860.77
104121,2025-04-26,South,Clothing,T-Shirt,4,47.49,0.05,180.48,132.97
104122,2024-07-13,North,Home,Coffee Maker,4,87.99,0.1,316.75,189.43
104123,2024-11-16,West,Home,Coffee Maker,1,89.6,0.05,85.12,60.13
104124,2024-12-05,West,Home,Coffee Maker,2,71.38,0.15,121.34,95.22
104125,2024-12-31,North,Electronics,Headphones,3,334.47,0.0,1003.41,648.01
104126,2024-04-09,West,Sports,Running Shoes,3,111.43,0.1,300.86,203.62
104127,2024-02-16,East,Sports,Running Shoes,2,65.96,0.2,105.54,61.19
104128,2024-09-24,East,Electronics,Headphones,5,454.86,0.1,2046.87,1308.41
104129,2024-12-16,North,Electronics,Laptop,4,375.81,0.1,1352.93,759.11
104130,2024-08-05,West,Sports,Dumbbells,1,77.37,0.05,73.5,43.17
104131,2025-01-31,North,Clothing,Jeans,1,57.88,0.2,46.31,28.4
104132,2024-11-26,North,Home,Desk Lamp,4,100.05,0.1,360.17,257.83
104133,2024-07-12,East,Clothing,Sneakers,2,63.83,0.1,114.9,64.7
104134,2024-09-02,West,Beauty,Makeup Kit,1,65.9,0.05,62.6,40.91
104135,2024-06-20,North,Electronics,Laptop,2,348.07,0.05,661.33,386.37
104136,2024-02-10,South,Electronics,Laptop,5,430.15,0.15,1828.12,1213.61
104137,2024-03-01,West,Sports,Fitness Watch,1,100.26,0.05,95.25,67.14
104138,2024-12-07,North,Clothing,Sneakers,2,70.5,0.05,133.95,77.6
104139,2025-03-21,East,Beauty,Makeup Kit,5,66.28,0.2,265.12,165.99
104140,2025-01-14,South,Beauty,Hair Dryer,5,80.31,0.1,361.42,213.88
104141,2024-09-21,North,Beauty,Makeup Kit,1,63.63,0.1,57.27,33.54
104142,2025-05-17,West,Electronics,Smartphone,4,344.56,0.1,1240.42,952.93
104143,2025-04-22,East,Sports,Dumbbells,1,64.35,0.0,64.35,51.19
104144,2025-01-14,East,Home,Vacuum,1,101.54,0.0,101.54,82.67
104145,2025-03-05,South,Electronics,Smartphone,3,269.92,0.05,769.28,538.83
104146,2025-05-06,West,Home,Desk Lamp,1,99.01,0.2,79.21,48.89
104147,2024-11-16,East,Sports,Running Shoes,1,105.61,0.1,95.05,76.47
104148,2024-03-31,East,Electronics,Smartphone,5,349.74,0.15,1486.39,1160.51
104149,2024-11-20,South,Clothing,Jacket,2,59.37,0.05,112.8,75.75
104150,2025-01-27,East,Home,Vacuum,2,108.02,0.2,172.83,100.14
104151,2024-11-17,North,Beauty,Perfume,1,49.11,0.1,44.2,28.5
104152,2025-04-03,West,Beauty,Makeup Kit,3,,0.2,110.09,71.6
104153,2024-12-23,West,Electronics,Headphones,1,318.15,0.05,302.24,189.24
104154,2024-10-03,East,Beauty,Hair Dryer,4,48.72,0.05,185.15,151.53
104155,2024-12-02,West,Home,Desk Lamp,3,77.4,0.05,220.59,133.09
104156,2024-08-30,South,Home,Desk Lamp,5,105.82,0.05,502.64,305.41
104157,2024-11-09,West,Sports,Dumbbells,5,114.28,0.15,485.69,311.71
104158,2024-03-09,East,Sports,Dumbbells,1,81.71,0.0,81.71,55.51
104159,2025-06-20,East,Beauty,Skincare Set,5,76.11,0.0,380.54,281.09
104160,2024-11-10,West,Clothing,Sneakers,5,41.51,0.05,197.15,108.49
104161,2024-07-13,South,Beauty,Hair Dryer,2,46.49,0.2,74.38,42.07
104162,2025-01-30,South,Clothing,Jacket,5,58.84,0.15,250.06,203.1
104163,2024-05-25,South,Beauty,Skincare Set,5,51.1,0.1,229.95,165.13
104164,2024-05-03,South,Beauty,Perfume,3,65.68,0.15,167.49,121.46
104165,2025-02-28,West,Clothing,Jacket,3,51.61,0.05,147.09,113.05
104166,2024-12-22,North,Beauty,Skincare Set,3,66.61,0.15,169.85,120.82
104167,2024-04-12,South,Clothing,Jeans,4,43.69,0.1,157.27,122.23
104168,2025-03-23,North,Sports,Running Shoes,3,67.26,0.0,201.77,113.44
104169,2025-05-01,West,Clothing,Jacket,1,42.57,0.05,40.44,30.92
104170,2024-08-10,North,Sports,Yoga Mat,3,103.05,0.15,262.77,205.03
104171,2024-02-23,North,Sports,Yoga Mat,2,89.6,0.0,179.19,121.96
104172,2025-02-15,North,Home,Coffee Maker,4,114.25,0.1,411.29,302.55
104173,2024-09-02,North,Clothing,Jeans,1,72.64,0.2,58.12,44.95
104174,2024-05-08,East,Clothing,Sneakers,1,66.74,0.1,60.07,41.85
104175,2024-11-05,North,Home,Vacuum,1,103.19,0.0,103.19,67.93
104176,2025-02-12,East,Electronics,Smartphone,2,344.03,0.0,688.06,559.99
104177,2025-02-05,South,Electronics,Headphones,1,436.73,0.1,393.06,222.0
104178,2025-06-22,South,Electronics,Headphones,3,415.88,0.15,1060.5,745.93
104179,2024-04-01,North,Home,Cookware,2,123.75,0.15,210.38,160.41
104180,2024-08-19,East,Electronics,Laptop,5,302.74,0.1,1362.35,792.98
104181,2025-01-21,East,Home,Vacuum,5,120.07,0.05,570.32,341.07
104182,2024-01-07,West,Sports,Dumbbells,5,110.03,0.0,550.17,314.45
104183,2024-10-16,West,Electronics,Smartphone,1,403.01,0.1,362.71,272.87
104184,2025-03-01,North,Beauty,Perfume,3,48.16,0.15,122.8,93.44
104185,2025-02-21,South,Clothing,Jeans,4,65.43,0.15,222.46,126.02
104186,2025-02-24,East,Electronics,Headphones,2,329.8,0.05,626.62,354.15
104187,2025-02-17,South,Electronics,Smartphone,3,350.37,0.05,998.55,789.59
104188,2024-09-13,North,Sports,Running Shoes,2,105.17,0.1,189.3,148.55
104189,2025-04-03,East,Electronics,Monitor,5,298.39,0.1,,893.32
104190,2024-05-03,South,Sports,Running Shoes,2,88.03,0.1,158.45,127.68
104191,2025-03-14,North,Sports,Fitness Watch,2,112.63,0.05,214.01,127.47
104192,2024-09-05,West,Electronics,Smartphone,2,421.84,0.0,843.67,531.02
104193,2024-12-03,North,Sports,Running Shoes,2,76.86,0.0,153.71,114.2
104194,2024-11-05,South,Sports,Fitness Watch,5,94.88,0.1,426.97,283.62
104195,2024-03-14,East,Beauty,Skincare Set,4,48.62,0.05,184.76,144.99
104196,2024-01-09,South,Clothing,Sneakers,5,41.78,0.2,167.13,124.75
104197,2024-08-20,South,Electronics,Monitor,3,275.8,0.0,827.4,510.97
104198,2024-08-08,South,Clothing,Sneakers,4,54.22,0.0,216.86,132.84
104199,2025-06-18,West,,Dumbbells,4,76.6,0.1,275.77,194.04
104200,2024-08-29,West,Electronics,Smartphone,5,389.26,0.0,1946.28,1268.18
104201,2024-11-26,North,Clothing,Sneakers,4,69.63,0.05,264.59,208.17
104202,2024-06-21,East,Beauty,Skincare Set,2,,0.05,130.09,84.9
104203,2024-10-18,West,Home,Coffee Maker,3,100.85,0.0,302.56,169.01
104204,2024-05-15,East,Clothing,Jeans,1,73.49,0.2,58.8,47.66
104205,2024-10-11,East,Sports,Yoga Mat,2,70.09,0.0,140.19,89.69
104206,2025-06-20,West,Home,Cookware,5,105.48,0.15,448.29,266.21
104207,2024-10-05,North,Clothing,Jeans,4,63.44,0.0,253.77,181.86
104208,2025-04-15,East,Beauty,Perfume,5,79.71,0.0,398.53,230.03
104209,2024-05-18,West,Sports,Fitness Watch,5,101.99,0.15,433.46,248.03
104210,2024-03-20,East,Clothing,Sneakers,5,57.07,0.0,285.37,203.43
104211,2025-01-27,North,Clothing,Sneakers,1,51.35,0.0,51.35,41.72
104212,2025-03-11,East,Electronics,Smartphone,4,401.45,0.0,1605.79,1315.36
104213,2024-11-02,,Beauty,Makeup Kit,3,56.89,0.05,162.13,130.29
104214,2024-05-24,North,Home,Vacuum,1,109.98,0.1,98.99,76.69
104215,2024-02-01,East,Beauty,Makeup Kit,2,56.99,0.05,108.28,74.07
104216,2025-05-04,,Electronics,Laptop,1,355.64,0.1,320.07,232.44
104217,2025-01-29,East,Electronics,Monitor,5,437.54,0.0,2187.7,1267.54
104218,2024-06-21,North,Clothing,Jacket,3,54.76,0.0,164.29,109.55
104219,2024-09-07,East,Sports,Running Shoes,4,71.74,0.05,272.6,152.08
104220,2024-11-09,West,Electronics,Laptop,1,355.75,0.1,320.17,229.86
104221,2025-01-09,South,Sports,Dumbbells,3,94.64,0.0,283.93,219.46
104222,2024-06-19,North,Beauty,Hair Dryer,3,51.8,0.0,155.4,94.52
104223,2024-09-26,North,Clothing,Sneakers,5,52.51,0.1,236.3,163.8
104224,2024-03-09,South,Home,Coffee Maker,4,97.54,0.05,370.65,218.96
104225,2025-03-27,North,Home,Desk Lamp,4,74.86,0.15,254.53,201.65
104226,2024-02-24,North,Electronics,Monitor,1,425.35,0.2,340.28,202.24
104227,2024-11-10,South,Home,Coffee Maker,4,78.29,0.15,266.17,184.84
104228,2024-08-03,West,Electronics,Headphones,4,332.36,0.15,1130.01,625.81
104229,2024-07-20,North,Beauty,Perfume,2,75.19,0.0,150.37,98.93
104230,2025-04-24,East,Home,Vacuum,2,79.21,0.05,150.5,96.51
104231,2024-08-30,West,Home,Coffee Maker,1,95.25,0.1,85.73,62.72
104232,2024-01-03,West,Electronics,Smartphone,5,264.4,0.0,1321.98,809.68
104233,2024-09-03,North,Beauty,Perfume,4,76.89,0.05,292.17,225.46
104234,2024-07-18,South,Sports,Fitness Watch,5,109.62,0.2,438.47,251.79
104235,2025-01-31,East,Home,Cookware,4,112.93,0.05,429.15,325.75
104236,2024-07-19,East,Home,Coffee Maker,5,79.49,0.05,377.59,247.83
104237,2025-02-05,East,Sports,Running Shoes,3,104.47,0.0,313.42,185.41
104238,2024-02-01,North,Clothing,Jeans,4,50.19,0.1,180.69,140.09
104239,2024-03-12,East,Home,Cookware,3,127.94,0.15,326.24,242.46
104240,2024-12-27,South,Sports,Dumbbells,5,88.33,0.0,441.64,244.53
104241,2024-01-29,South,Clothing,T-Shirt,5,52.7,0.0,263.48,178.44
104242,2024-02-09,East,Sports,Yoga Mat,1,111.75,0.0,111.75,76.38
104243,2024-10-04,East,Clothing,Jacket,3,68.24,0.05,194.48,146.27
104244,2024-12-06,West,Clothing,T-Shirt,4,45.67,0.05,173.53,101.84
104245,2024-05-08,North,Beauty,Hair Dryer,4,45.26,0.05,171.99,118.47
104246,2025-02-04,North,Clothing,T-Shirt,5,59.55,0.0,297.73,217.56
104247,2024-09-08,West,Electronics,Smartphone,4,361.34,0.1,1300.83,804.07
104248,2024-03-09,South,Beauty,Perfume,5,45.41,0.1,204.35,153.84
104249,2025-02-01,South,Beauty,Hair Dryer,1,45.41,0.05,43.14,32.84
104250,2024-01-19,North,Beauty,Makeup Kit,1,53.54,0.05,50.87,32.76
104251,2025-06-05,North,Electronics,Headphones,1,432.48,0.15,367.61,226.68
104252,2025-01-18,South,Clothing,T-Shirt,4,59.58,0.1,214.48,146.83
104253,2024-01-31,East,Electronics,Monitor,3,305.05,0.05,869.39,701.63
104254,2024-11-13,North,Electronics,Smartphone,1,383.67,0.05,364.49,203.37
104255,2024-07-29,West,Clothing,Sneakers,5,64.33,0.1,289.49,221.47
104256,2025-06-01,North,Clothing,Jeans,4,65.61,0.05,-301.87,181.1
104257,2025-02-08,South,Home,Desk Lamp,2,72.64,0.15,123.49,91.33
104258,2024-09-26,West,Beauty,Makeup Kit,3,50.16,0.15,127.9,100.37
104259,2024-11-28,West,Clothing,Jacket,5,57.63,0.05,273.74,218.97
104260,2025-03-29,North,Clothing,Jacket,2,56.06,0.1,100.91,67.06
104261,2025-04-27,East,Electronics,Headphones,2,430.43,0.0,860.85,511.36
104262,2024-03-03,North,Sports,Yoga Mat,1,114.46,0.15,97.29,59.98
104263,2024-11-07,East,Beauty,Perfume,1,50.5,0.2,40.4,31.61
104264,2024-02-18,South,Clothing,Jeans,3,62.99,0.2,151.18,107.15
104265,2024-01-14,South,Beauty,Makeup Kit,4,54.92,0.1,197.7,113.61
104266,2024-04-28,West,Electronics,Smartphone,3,448.17,0.0,1344.51,916.73
104267,2024-09-27,West,Clothing,T-Shirt,5,62.04,0.05,294.7,227.41
104268,2025-04-07,South,Clothing,Jacket,5,48.45,0.0,242.27,158.17
104269,2024-11-16,West,Electronics,Laptop,1,334.26,0.05,317.55,250.28
104270,2024-09-30,West,Electronics,Laptop,2,419.26,0.1,754.66,462.19
104271,2024-03-04,North,Electronics,Smartphone,1,380.99,0.05,361.94,228.66
104272,2024-08-28,East,Beauty,Skincare Set,5,76.22,0.2,304.89,194.14
104273,2024-04-09,North,Electronics,Headphones,4,341.85,0.0,1367.4,855.91
104274,2024-01-29,South,Clothing,Jacket,3,42.82,0.1,115.61,69.8
104275,2024-01-04,North,Home,Desk Lamp,5,115.56,0.0,577.81,386.1
104276,2025-03-06,West,Sports,Running Shoes,4,104.32,0.0,417.28,314.26
104277,2025-05-17,East,Beauty,Hair Dryer,1,71.12,0.0,71.12,55.75
104278,2024-11-07,South,Clothing,Jacket,2,64.83,0.0,129.66,92.55
104279,2024-06-04,North,Clothing,Jacket,5,52.04,0.2,208.15,137.93
104280,2024-10-10,North,Sports,Dumbbells,2,64.25,0.1,115.65,86.2
104281,2024-09-15,South,Electronics,Smartphone,1,302.02,0.15,256.72,143.67
104282,2024-07-22,South,Home,Cookware,2,82.95,0.1,149.3,118.99
104283,2024-06-05,North,Sports,Running Shoes,3,95.67,0.0,287.02,171.15
104284,2025-06-24,North,Home,Cookware,1,82.16,0.15,69.84,53.05
104285,2025-03-27,South,Electronics,Monitor,3,422.55,0.05,1204.25,985.66
104286,2025-05-11,North,Electronics,Monitor,5,308.1,0.0,1540.48,923.12
104287,2024-03-22,East,Sports,Dumbbells,2,82.81,0.1,149.06,89.13
104288,2024-07-16,North,Electronics,Smartphone,4,399.36,0.0,1597.43,1015.62
104289,2024-05-17,East,Beauty,Makeup Kit,3,77.82,0.0,233.46,164.66
104290,2024-12-12,North,Home,Cookware,3,113.08,0.15,288.36,203.59
104291,2025-02-19,South,Electronics,Headphones,2,339.46,0.1,611.03,357.31
104292,2024-03-30,South,Clothing,Sneakers,4,44.98,0.0,179.91,109.36
104293,2025-06-25,East,Sports,Fitness Watch,1,94.23,0.15,80.1,47.46
104294,2024-07-21,East,Clothing,Jacket,3,60.07,0.0,180.21,124.17
104295,2024-04-14,East,Sports,Yoga Mat,1,96.06,0.05,91.26,63.5
104296,2024-09-02,East,Clothing,T-Shirt,2,55.67,0.1,100.21,66.69
104297,2025-01-10,North,Sports,Running Shoes,5,85.42,0.15,363.03,220.15
104298,2025-01-19,West,Home,Desk Lamp,5,83.5,0.15,354.9,247.29
104299,2025-01-26,South,Sports,Running Shoes,1,107.62,0.05,102.24,74.95
104300,2025-05-03,North,Sports,Fitness Watch,3,105.68,0.0,317.04,190.72
104301,2024-05-25,West,Sports,Yoga Mat,2,67.59,0.0,135.18,78.24
104302,2024-11-27,North,Electronics,Smartphone,4,380.86,0.0,1523.43,1059.54
104303,2024-03-06,East,Sports,Yoga Mat,2,104.03,0.1,187.25,134.08
104304,2024-01-30,South,Clothing,Jacket,4,63.39,0.05,240.9,185.66
104305,2024-03-13,North,Beauty,Perfume,3,67.06,0.2,160.96,124.83
104306,2025-05-22,West,Sports,Yoga Mat,2,105.36,0.0,210.71,139.06
104307,2024-01-17,North,Electronics,Smartphone,1,397.19,0.15,337.61,260.06
104308,2024-08-12,South,Home,Vacuum,1,92.98,0.0,92.98,62.03
104309,2025-06-01,South,Clothing,Jacket,4,56.22,0.0,224.89,161.25
104310,2024-12-15,South,Home,Cookware,1,89.3,0.05,84.84,49.23
104311,2025-03-12,North,Beauty,Perfume,2,72.12,0.0,144.24,117.81
104312,2025-06-22,North,Electronics,Headphones,3,335.51,0.2,805.22,586.66
104313,2024-09-22,North,Beauty,Perfume,3,48.83,0.15,124.51,99.48
104314,2025-03-20,West,Beauty,Skincare Set,5,55.07,0.0,275.37,182.5
104315,2025-05-25,East,Sports,Dumbbells,4,80.51,0.0,322.05,199.63
104316,2024-02-06,East,Home,Coffee Maker,5,76.8,0.1,345.62,264.99
104317,2025-02-27,West,Beauty,Perfume,4,66.78,0.0,267.1,175.72
104318,2024-07-24,East,Electronics,Headphones,3,386.05,0.0,1158.14,881.12
104319,2025-06-29,South,Clothing,Jacket,1,43.66,0.05,41.48,33.08
104320,2024-06-29,South,Beauty,Perfume,4,49.12,0.05,186.65,140.64
104321,2024-05-25,East,Electronics,Laptop,4,432.62,0.1,1557.42,882.94
104322,2024-12-20,West,Sports,Dumbbells,3,88.54,0.05,252.34,175.47
104323,2024-02-08,North,Sports,Fitness Watch,4,70.18,0.15,238.6,171.31
104324,2024-01-12,West,Beauty,Hair Dryer,1,59.82,0.05,56.83,33.55
104325,2024-01-03,South,Clothing,T-Shirt,1,68.81,0.05,65.37,40.05
104326,2024-12-22,East,Electronics,Monitor,3,263.68,0.15,672.39,466.9
104327,2024-03-07,West,Clothing,T-Shirt,1,46.25,0.05,43.94,30.43
104328,2024-01-04,East,Electronics,Smartphone,2,413.64,0.0,,653.81
104329,2024-09-23,North,Beauty,Skincare Set,1,59.49,0.05,56.52,32.54
104330,2024-12-04,West,Sports,Yoga Mat,2,106.65,0.0,213.3,149.77
104331,2024-07-13,East,Beauty,Perfume,1,51.83,0.0,51.83,33.4
104332,2024-06-21,West,Home,Coffee Maker,1,116.29,0.1,104.66,69.13
104333,2024-07-27,North,Clothing,T-Shirt,3,49.24,0.15,125.56,72.67
104334,2024-11-18,North,Electronics,Monitor,5,405.5,0.0,2027.48,1316.74
104335,2025-01-02,North,Sports,Dumbbells,5,99.53,0.05,472.74,295.59
104336,2024-11-26,West,Electronics,Laptop,1,391.23,0.0,391.23,303.88
104337,2024-05-14,North,Electronics,Laptop,1,358.11,0.15,304.4,225.9
104338,2024-04-23,East,Electronics,Monitor,3,297.57,0.0,892.72,545.51
104339,2024-07-05,South,Sports,Yoga Mat,4,103.75,0.1,373.49,264.36
104340,2024-12-20,West,Electronics,Monitor,4,291.14,0.05,1106.35,783.92
104341,2025-03-17,South,Beauty,Skincare Set,2,69.45,0.0,138.9,78.67
104342,2024-11-25,East,Sports,Fitness Watch,4,108.73,0.15,369.67,248.96
104343,2024-02-29,North,Beauty,Skincare Set,2,74.22,0.0,148.43,103.9
104344,2025-03-13,West,Home,Vacuum,1,99.14,0.15,84.27,65.16
104345,2024-05-31,North,Electronics,Laptop,2,459.91,0.1,827.84,652.06
104346,2024-03-19,East,Home,Cookware,1,93.97,0.05,89.27,60.59
104347,2025-02-11,South,Clothing,Jacket,4,62.64,0.0,250.55,195.01
104348,2025-02-03,East,Home,Desk Lamp,4,90.0,0.2,288.01,205.5
104349,2025-04-30,East,Sports,Fitness Watch,3,95.21,0.0,285.63,176.37
104350,2024-11-28,West,Electronics,Monitor,4,458.69,0.05,1743.02,1374.63
104351,2024-09-21,East,Electronics,Smartphone,4,415.78,0.05,1579.97,1256.61
104352,2025-01-16,North,Beauty,Perfume,1,66.76,0.05,63.42,42.92
104353,2025-01-19,North,Sports,Running Shoes,1,81.32,0.2,65.05,44.1
104354,2025-04-22,South,Home,Desk Lamp,4,86.08,0.1,309.9,173.89
104355,2024-07-17,East,Clothing,Jeans,2,71.31,0.0,142.62,114.29
104356,2024-09-04,West,Clothing,Jeans,2,49.39,0.05,93.85,55.79
104357,2024-11-23,South,Electronics,Monitor,1,354.33,0.05,336.61,197.73
104358,2024-09-11,North,Clothing,Sneakers,3,43.86,0.1,118.42,84.26
104359,2025-02-25,South,Electronics,Monitor,2,310.02,0.1,558.04,445.31
104360,2025-05-02,South,Home,Vacuum,5,94.42,0.1,424.87,326.21
104361,2025-06-17,North,Sports,Running Shoes,4,93.23,0.1,335.63,207.61
104362,2024-10-12,South,Home,Vacuum,5,99.1,0.0,495.48,284.1
104363,2024-02-13,South,Sports,Running Shoes,1,104.39,0.0,104.39,75.33
104364,2024-10-18,West,Beauty,Hair Dryer,3,54.85,0.05,156.32,100.55
104365,2024-05-30,North,Clothing,Sneakers,2,72.26,0.0,144.52,79.63
104366,2024-06-13,East,Electronics,Laptop,3,402.14,0.0,1206.43,870.25
104367,2024-07-17,West,Clothing,T-Shirt,3,43.87,0.0,131.62,99.39
104368,2025-06-16,West,Clothing,T-Shirt,1,58.18,0.15,49.45,35.38
104369,2024-07-18,South,Sports,Dumbbells,5,82.42,0.2,329.69,230.07
104370,2024-08-25,,Sports,Running Shoes,2,94.96,0.15,161.43,105.45
104371,2024-07-20,North,Sports,Yoga Mat,1,93.28,0.15,79.29,44.78
104372,2024-03-15,East,Electronics,Monitor,1,442.44,0.0,442.44,284.28
104373,2024-10-31,East,Electronics,Laptop,5,313.97,0.05,1491.37,1135.55
104374,2024-10-09,East,Beauty,Makeup Kit,1,64.71,0.0,64.71,47.47
104375,2024-08-21,North,Electronics,Smartphone,2,354.42,0.2,567.07,452.15
104376,2024-08-14,South,Home,Vacuum,5,96.16,0.05,456.75,349.41
104377,2025-05-14,East,Electronics,Smartphone,2,302.09,0.05,573.97,467.84
104378,2025-04-01,West,Beauty,Hair Dryer,4,70.05,0.0,280.21,211.06
104379,2024-06-07,South,Home,Desk Lamp,3,74.93,0.0,224.8,175.37
104380,2024-12-02,North,Sports,Dumbbells,2,106.12,0.2,169.8,101.23
104381,2024-04-09,North,Electronics,Smartphone,3,456.09,0.0,1368.27,1117.31
104382,2024-09-03,East,Electronics,Smartphone,3,390.72,0.15,996.33,598.47
104383,2024-08-17,North,Electronics,Smartphone,5,326.47,0.05,1550.71,1045.79
104384,2024-03-24,North,Clothing,T-Shirt,5,65.99,0.1,296.94,167.23
104385,2025-05-19,South,Sports,Running Shoes,4,97.58,0.05,370.8,217.94
104386,2024-11-30,East,,Sneakers,1,44.21,0.1,39.79,23.29
104387,2024-02-02,East,Electronics,Headphones,4,365.42,0.2,1169.33,954.05
104388,2025-01-10,West,Home,Vacuum,5,104.21,0.15,442.87,347.74
104389,2025-04-14,South,Sports,Yoga Mat,1,98.26,0.15,83.52,68.39
104390,2025-03-11,West,Home,Vacuum,3,85.44,0.2,205.05,135.51
104391,2024-06-03,South,Home,Vacuum,3,83.37,0.0,250.11,142.98
104392,2025-02-09,South,Home,Coffee Maker,1,92.94,0.05,88.29,60.42
104393,2024-03-10,South,Beauty,Skincare Set,3,54.6,0.0,163.8,131.3
104394,2024-01-04,West,Electronics,Headphones,3,450.04,0.05,1282.6,709.32
104395,2024-09-26,East,Clothing,Jacket,5,45.98,0.0,229.88,168.61
104396,2024-05-16,North,Sports,Yoga Mat,5,77.67,0.0,388.33,236.19
104397,2025-02-14,East,Clothing,Jeans,1,41.75,0.1,37.58,24.23
104398,2024-03-29,West,Sports,Dumbbells,1,107.96,0.2,86.37,52.49
104399,2024-11-04,East,Electronics,Laptop,1,377.97,0.0,377.97,241.74
104400,2025-03-05,West,Clothing,T-Shirt,1,43.74,0.0,43.74,33.8
104401,2024-02-24,East,Sports,Yoga Mat,2,84.11,0.1,151.4,100.99
104402,2025-05-17,West,,T-Shirt,2,50.25,0.2,80.4,47.9
104403,2025-03-21,North,Sports,Dumbbells,5,80.45,0.1,362.0,244.38
104404,2024-10-28,East,Electronics,Smartphone,2,321.9,0.15,547.22,376.26
104405,2024-01-19,North,Clothing,Jacket,2,53.67,0.05,101.97,76.97
104406,2024-12-19,East,Electronics,Laptop,1,303.29,0.05,288.12,191.69
104407,2024-05-24,West,Electronics,Monitor,3,421.69,0.05,1201.82,828.74
104408,2024-03-10,South,Home,Cookware,3,102.04,0.0,306.11,205.68
104409,2024-04-21,South,Home,Coffee Maker,4,128.01,0.15,435.24,302.36
104410,2024-04-27,South,Beauty,Perfume,5,50.36,0.1,226.61,137.11
104411,2024-07-31,South,Sports,Yoga Mat,3,64.41,0.05,,117.9
104412,2024-03-12,North,Clothing,T-Shirt,2,64.01,0.1,115.23,81.16
104413,2025-05-31,West,Clothing,Sneakers,4,41.62,0.1,149.83,115.04
104414,2024-11-27,South,Clothing,Sneakers,3,51.82,0.05,147.68,85.63
104415,2024-12-22,East,Clothing,T-Shirt,3,49.26,0.05,140.39,98.95
104416,2025-03-23,South,Clothing,Sneakers,5,52.69,0.0,263.44,162.6
104417,2024-04-16,North,Sports,Running Shoes,5,106.85,0.05,507.55,373.39
104418,2024-04-02,West,Home,Vacuum,1,92.2,0.15,78.37,53.46
104419,2024-09-12,North,Electronics,Smartphone,5,304.39,0.05,1445.86,1129.22
104420,2024-10-12,East,Electronics,Monitor,2,322.77,0.05,613.26,386.58
104421,2024-11-16,West,Sports,Running Shoes,1,74.02,0.1,66.62,43.2
104422,2024-05-08,West,Clothing,T-Shirt,5,42.35,0.0,211.75,127.71
104423,2024-08-27,North,Sports,Fitness Watch,3,77.98,0.1,210.56,127.08
104424,2024-02-15,East,Beauty,Hair Dryer,5,48.33,0.0,241.63,167.54
104425,2025-03-27,West,Clothing,T-Shirt,4,67.28,0.05,255.66,179.68
104426,2025-03-04,West,Sports,Dumbbells,2,99.99,0.15,169.98,134.4
104427,2024-06-07,,Beauty,Perfume,2,62.05,0.1,111.68,77.34
104428,2024-03-29,East,Clothing,Sneakers,1,57.29,0.1,51.56,41.86
104429,2024-08-17,North,Sports,Fitness Watch,2,80.18,0.0,160.35,128.08
104430,2024-02-15,South,Clothing,Jeans,4,56.27,0.05,213.83,164.61
104431,2024-11-11,North,,Jacket,3,71.9,0.2,172.56,103.66
104432,2024-03-12,East,Home,Cookware,2,76.25,0.05,144.88,91.69
104433,2024-04-15,South,Clothing,Jacket,4,50.49,0.0,201.96,164.53
104434,2024-11-21,West,Beauty,Perfume,4,49.2,0.0,196.79,120.38
104435,2024-10-01,South,Electronics,Monitor,5,293.93,0.05,1396.19,843.89
104436,2025-04-27,West,Sports,Running Shoes,1,65.64,0.05,62.36,45.61
104437,2025-04-30,West,Beauty,Skincare Set,4,51.92,0.0,207.68,143.07
104438,2025-05-10,South,Beauty,Makeup Kit,2,78.86,0.1,141.94,91.3
104439,2025-05-05,South,Clothing,Sneakers,5,59.7,0.2,238.81,192.34
104440,2025-01-16,East,Beauty,Makeup Kit,5,66.67,0.1,300.01,195.21
104441,2024-11-05,West,Home,Cookware,3,93.6,0.2,224.63,152.17
104442,2024-10-17,North,Electronics,Smartphone,1,436.74,0.0,436.74,269.9
104443,2025-03-10,South,Sports,Running Shoes,4,112.51,0.1,405.04,249.25
104444,2025-06-30,South,Beauty,Perfume,4,79.64,0.05,302.63,201.22
104445,2024-05-11,East,Electronics,Smartphone,1,310.96,0.2,248.76,174.36
104446,2024-08-24,East,Home,Vacuum,1,122.16,0.1,109.95,81.83
104447,2025-06-12,West,Clothing,Jeans,1,44.96,0.05,42.71,30.91
104448,2024-08-19,West,Clothing,T-Shirt,5,59.71,0.0,298.53,217.63
104449,2024-03-30,South,Sports,Yoga Mat,2,113.91,0.0,227.81,148.56
104450,2024-04-06,West,Clothing,Jeans,4,48.29,0.2,154.53,123.88
104451,2025-02-27,South,Beauty,Makeup Kit,5,45.83,0.1,206.23,136.29
104452,2024-10-22,North,Electronics,Laptop,2,281.17,0.0,562.35,350.49
104453,2025-03-30,South,Home,Desk Lamp,5,104.66,0.05,497.14,335.33
104454,2024-02-15,West,Home,Vacuum,5,119.49,0.1,537.71,358.17
104455,2024-08-24,West,Sports,Dumbbells,5,109.84,0.0,549.2,423.49
104456,2024-06-11,West,Beauty,Skincare Set,1,50.55,0.05,48.02,26.57
104457,2024-12-15,North,Sports,Running Shoes,5,94.09,0.05,446.94,306.33
104458,2024-06-10,West,Sports,Yoga Mat,1,107.57,0.0,107.57,59.2
104459,2024-01-30,East,Home,Cookware,4,91.94,0.05,,275.42
104460,2024-08-08,South,Electronics,Laptop,4,357.94,0.2,1145.4,881.58
104461,2025-03-06,East,Clothing,Sneakers,4,53.53,0.0,214.12,123.72
104462,2025-01-01,East,Clothing,T-Shirt,3,42.53,0.15,108.45,72.8
104463,2024-01-19,South,Home,Cookware,5,82.83,0.15,352.02,268.48
104464,2024-03-29,East,Home,Coffee Maker,1,100.88,0.1,90.79,57.35
104465,2024-08-28,North,Beauty,Skincare Set,3,77.8,0.2,186.72,127.59
104466,2024-11-19,East,Electronics,Monitor,4,309.51,0.05,1176.13,889.94
104467,2024-03-23,West,Home,Vacuum,1,100.17,0.1,90.15,61.35
104468,2024-03-28,North,Clothing,Jeans,2,64.56,0.15,109.75,70.67
104469,2024-08-09,East,Beauty,Skincare Set,5,53.85,0.0,269.27,164.85
104470,2024-06-19,South,Sports,Dumbbells,2,97.81,0.1,176.06,130.23
104471,2024-10-10,South,Electronics,Monitor,4,328.04,0.1,1180.95,948.19
104472,2025-04-14,West,Clothing,T-Shirt,2,64.93,0.05,123.37,92.29
104473,2024-08-18,West,Clothing,Sneakers,2,45.34,0.1,81.61,53.96
104474,2025-06-17,South,Beauty,Makeup Kit,3,69.44,0.05,197.91,146.62
104475,2024-01-13,East,Clothing,Sneakers,1,46.91,0.0,46.91,29.79
104476,2024-12-15,North,Clothing,Sneakers,2,69.11,0.0,138.22,92.93
104477,2025-04-15,East,Sports,Yoga Mat,1,99.56,0.0,99.56,60.7
104478,2024-04-14,North,Sports,Fitness Watch,4,100.28,0.1,361.0,251.28
104479,2024-08-12,North,Clothing,Sneakers,3,50.04,0.1,135.1,89.33
104480,2025-06-08,East,Clothing,T-Shirt,3,73.82,0.1,199.31,145.72
104481,2024-09-12,East,Sports,Yoga Mat,3,65.05,0.1,175.64,105.57
104482,2024-05-16,West,Beauty,Skincare Set,2,45.91,0.05,87.23,62.88
104483,2024-01-11,West,Sports,Running Shoes,2,84.66,0.1,152.39,116.25
104484,2024-11-05,North,Beauty,Makeup Kit,5,50.98,0.0,254.89,170.94
104485,2024-07-25,East,Home,Coffee Maker,3,76.63,0.1,206.89,114.57
104486,2024-05-09,South,Beauty,Perfume,1,49.51,0.1,44.56,31.11
104487,2024-02-19,North,Electronics,Headphones,2,315.4,0.0,630.8,348.69
104488,2025-04-23,South,Electronics,Monitor,2,281.63,0.2,450.6,255.06
104489,2024-10-09,West,Beauty,Perfume,2,71.34,0.2,114.14,93.0
104490,2025-01-04,South,Sports,Running Shoes,5,98.06,0.05,465.78,332.81
104491,2024-05-17,North,Clothing,Jacket,5,65.42,0.15,278.04,218.04
104492,2024-03-11,North,Sports,Fitness Watch,5,80.06,0.05,380.29,235.22
104493,2024-01-11,South,Home,Cookware,4,117.92,0.1,424.5,334.73
104494,2024-11-03,West,Beauty,Makeup Kit,1,80.0,0.15,68.0,47.95
104495,2025-05-10,South,Electronics,Smartphone,2,294.53,0.1,530.16,297.58
104496,2025-05-08,South,Electronics,Laptop,2,361.21,0.1,650.18,467.07
104497,2025-06-09,,Beauty,Makeup Kit,4,75.21,0.15,255.7,175.76
104498,2025-02-22,East,Clothing,Jeans,2,58.07,0.05,110.33,71.34
104499,2025-01-16,North,Beauty,Skincare Set,3,62.02,0.1,167.46,99.87
104500,2024-07-10,West,Electronics,Monitor,5,273.61,0.0,1368.07,893.01
104501,2024-05-04,West,Clothing,T-Shirt,3,73.09,0.0,219.28,135.87
104502,2024-04-01,South,Home,Coffee Maker,1,116.37,0.0,116.37,86.65
104503,2025-05-02,North,Home,Coffee Maker,3,118.96,0.0,356.87,216.47
104504,2024-08-02,North,Clothing,T-Shirt,1,65.77,0.1,59.19,43.42
104505,2024-08-17,South,Sports,Running Shoes,4,82.4,0.2,263.68,188.5
104506,2024-08-17,West,Electronics,Headphones,3,277.61,0.0,832.82,476.15
104507,2025-05-21,East,Sports,Running Shoes,2,99.79,0.05,189.6,115.59
104508,2024-08-19,West,Sports,Running Shoes,3,109.65,0.15,279.62,184.89
104509,2024-11-13,West,Clothing,Jacket,2,42.66,0.0,85.32,47.77
104510,2024-01-06,North,Beauty,Makeup Kit,2,53.64,0.2,85.82,60.59
104511,2024-01-13,West,Home,Coffee Maker,5,103.36,0.05,490.94,339.09
104512,2024-10-08,South,Home,Vacuum,1,119.74,0.15,101.78,76.24
104513,2024-12-11,,Home,Coffee Maker,4,123.81,0.0,495.24,341.82
104514,2024-06-24,West,Electronics,Laptop,1,464.03,0.0,464.03,336.71
104515,2025-03-29,East,Home,Vacuum,4,102.28,0.0,409.12,270.24
104516,2024-10-17,,Home,Cookware,1,76.43,0.0,76.43,51.13
104517,2024-04-07,East,Sports,Dumbbells,4,87.52,0.1,315.07,219.08
104518,2024-12-13,South,Clothing,Sneakers,3,44.36,0.0,133.09,79.04
104519,2025-04-07,South,Clothing,Jeans,3,69.9,0.15,178.23,128.99
104520,2025-06-18,East,Home,Cookware,3,71.35,0.2,171.24,137.28
104521,2025-05-11,South,Home,Desk Lamp,4,85.36,0.1,307.28,238.15
104522,2024-12-20,South,Electronics,Headphones,1,464.86,0.1,418.38,288.23
104523,2025-06-07,East,Clothing,Jeans,2,55.85,0.0,111.7,70.49
104524,2024-02-26,West,Sports,Dumbbells,4,97.18,0.0,,213.95
104525,2024-06-26,South,Clothing,Jeans,2,45.63,0.2,73.02,47.51
104526,2024-02-12,East,Clothing,Jeans,1,61.86,0.15,52.58,41.9
104527,2024-01-26,West,Beauty,Perfume,2,63.2,0.1,113.76,81.34
104528,2024-07-27,West,Beauty,Makeup Kit,4,76.66,0.05,291.31,221.52
104529,2024-06-27,West,Home,Cookware,5,81.12,0.1,365.06,215.33
104530,2024-10-12,East,Clothing,Jeans,2,60.89,0.0,121.78,87.06
104531,2024-01-23,West,Sports,Fitness Watch,4,106.94,0.05,406.36,289.05
104532,2024-04-19,,Electronics,Smartphone,5,324.44,0.1,1460.0,1157.81
104533,2024-01-09,South,Sports,Running Shoes,5,64.45,0.1,290.01,180.6
104534,2024-08-17,North,Electronics,Laptop,4,371.12,0.05,1410.26,782.32
104535,2024-03-18,North,Home,Cookware,1,82.79,0.0,82.79,47.37
104536,2025-04-15,East,Clothing,T-Shirt,4,62.37,0.05,236.99,155.9
104537,2024-10-16,,Sports,Dumbbells,5,83.87,0.1,377.41,240.77
104538,2024-04-25,South,Clothing,Jeans,3,72.03,0.05,205.29,146.25
104539,2024-10-07,South,Electronics,Headphones,4,304.01,0.1,1094.45,756.33
104540,2024-07-30,South,Clothing,T-Shirt,3,51.39,0.05,146.47,84.34
104541,2024-09-28,,Home,Coffee Maker,1,99.27,0.2,79.41,57.01
104542,2024-12-02,North,Home,Cookware,4,127.13,0.0,508.52,380.82
104543,2024-04-10,North,Clothing,Jeans,2,50.92,0.0,101.83,59.04
104544,2025-01-09,West,Electronics,Smartphone,2,351.28,0.0,702.56,510.11
104545,2024-01-08,North,Electronics,Headphones,1,446.42,0.15,379.46,306.83
104546,2025-01-29,West,Electronics,Laptop,1,402.35,0.2,321.88,190.93
104547,2024-06-06,West,Clothing,Sneakers,3,62.65,0.05,178.55,134.43
104548,2025-05-08,,Sports,Fitness Watch,5,67.44,0.1,303.49,213.38
104549,2024-07-29,South,Clothing,T-Shirt,3,65.15,0.05,185.67,127.29
104550,2025-04-05,East,Sports,Fitness Watch,5,,0.05,447.05,284.26
104551,2024-04-23,North,Clothing,Jacket,2,49.45,0.0,98.91,63.52
104552,2024-06-30,North,Clothing,T-Shirt,2,50.66,0.1,91.19,66.01
104553,2025-06-17,North,Beauty,Perfume,1,56.22,0.15,47.78,26.94
104554,2025-03-08,West,Clothing,Sneakers,4,50.91,0.1,183.27,128.89
104555,2025-01-26,South,Clothing,T-Shirt,5,46.57,0.2,186.29,127.9
104556,2024-04-23,North,Electronics,Laptop,2,351.91,0.05,668.63,401.12
104557,2025-03-11,South,Sports,Fitness Watch,5,91.84,0.15,390.31,266.34
104558,2025-01-18,South,Beauty,Makeup Kit,5,69.05,0.05,328.01,232.64
104559,2024-08-30,West,Electronics,Laptop,1,339.06,0.1,305.15,226.14
104560,2025-06-01,South,Home,Coffee Maker,5,90.28,0.1,406.27,227.67
104561,2024-02-23,East,Electronics,Laptop,4,463.74,0.1,1669.46,1076.43
104562,2024-11-02,East,Beauty,Skincare Set,3,75.89,0.1,204.89,158.02
104563,2025-04-14,East,Electronics,Smartphone,5,446.32,0.1,2008.45,1332.17
104564,2024-12-23,South,Clothing,Jacket,5,48.24,0.05,229.13,182.31
104565,2024-08-29,North,Electronics,Headphones,3,335.62,0.15,855.84,657.37
104566,2025-01-09,South,Home,Desk Lamp,4,92.49,0.05,351.45,233.49
104567,2024-02-14,South,Clothing,Jacket,5,53.76,0.05,255.36,206.02
104568,2025-01-13,East,Home,Vacuum,2,76.41,0.0,152.82,117.88
104569,2024-12-01,West,Home,Coffee Maker,3,98.79,0.0,296.37,234.33
104570,2025-01-12,East,Electronics,Headphones,5,385.09,0.05,,1145.2
104571,2024-06-20,South,Sports,Dumbbells,2,91.13,0.1,164.03,117.2
104572,2025-04-01,North,Sports,Yoga Mat,2,91.74,0.1,165.13,109.31
104573,2024-05-04,South,Electronics,Laptop,3,280.89,0.15,716.28,566.94
104574,2024-10-29,North,Clothing,Sneakers,5,62.97,0.05,299.09,178.15
104575,2025-03-27,North,Electronics,Smartphone,1,316.65,0.15,269.16,218.89
104576,2025-01-14,North,Beauty,Perfume,1,76.38,0.0,76.38,50.8
104577,2024-11-04,West,Electronics,Monitor,4,332.64,0.1,1197.49,823.27
104578,2024-04-11,West,Sports,Fitness Watch,2,92.66,0.1,166.79,128.92
104579,2025-03-07,South,Clothing,T-Shirt,5,52.37,0.05,248.75,146.73
104580,2024-04-09,South,Electronics,Monitor,2,412.6,0.2,660.17,470.76
104581,2025-04-01,East,Sports,Dumbbells,5,77.16,0.0,385.82,242.04
104582,2025-01-10,West,Sports,Yoga Mat,1,109.21,0.15,92.83,52.16
104583,2024-09-30,West,Clothing,Jacket,1,46.89,0.1,42.2,32.46
104584,2025-02-07,East,Beauty,Skincare Set,3,68.41,0.15,174.45,118.86
104585,2024-05-20,South,Beauty,Hair Dryer,1,76.26,0.05,72.45,59.36
104586,2024-07-14,East,Electronics,Smartphone,5,,0.05,1841.23,1073.16
104587,2024-04-07,East,Electronics,Monitor,4,471.52,0.2,1508.86,1113.84
104588,2025-04-03,North,Electronics,Laptop,1,444.75,0.05,422.51,276.33
104589,2024-04-04,North,Electronics,Laptop,1,454.16,0.15,386.04,264.97
104590,2024-10-22,North,Beauty,Perfume,1,70.07,0.0,70.07,44.96
104591,2024-10-06,West,Clothing,T-Shirt,5,51.43,0.0,257.17,206.46
104592,2024-10-18,East,Clothing,Jeans,1,45.16,0.1,40.64,23.73
104593,2024-08-03,East,Home,Vacuum,3,101.06,0.05,,162.78
104594,2024-05-11,North,Beauty,Skincare Set,5,66.83,0.1,300.75,172.32
104595,2025-04-23,East,Clothing,Jeans,5,45.29,0.15,192.46,144.8
104596,2024-08-19,West,Electronics,Laptop,2,452.66,0.15,769.52,573.35
104597,2024-03-04,South,Beauty,Perfume,3,71.48,0.0,214.43,139.39
104598,2025-01-22,East,Home,Cookware,4,94.31,0.0,377.24,277.81
104599,2024-08-31,West,Clothing,Jacket,5,49.95,0.05,237.27,143.65
104600,2024-06-22,North,Sports,Fitness Watch,2,96.57,0.05,183.49,125.18
104601,2025-03-24,South,Sports,Yoga Mat,1,97.34,0.0,97.34,71.85
104602,2025-02-22,South,Clothing,T-Shirt,2,70.28,0.05,133.54,93.95
104603,2025-01-31,West,Home,Desk Lamp,4,81.62,0.0,326.49,237.81
104604,2025-01-21,East,Electronics,Laptop,3,443.27,0.05,1263.31,897.43
104605,2024-12-14,East,Clothing,Jacket,2,71.26,0.1,128.28,75.86
104606,2024-11-02,East,Sports,Running Shoes,3,102.4,0.05,291.83,200.48
104607,2024-08-18,South,Sports,Running Shoes,3,84.6,0.1,228.42,168.52
104608,2024-06-13,East,Home,Vacuum,2,113.94,0.1,205.09,139.67
104609,2024-06-03,North,Clothing,Jeans,2,59.32,0.0,118.63,75.28
104610,2025-03-19,West,Clothing,Sneakers,4,67.84,0.1,244.21,187.24
104611,2025-01-01,North,Sports,Running Shoes,2,88.24,0.1,158.82,97.88
104612,2024-10-09,North,Home,Vacuum,4,84.35,0.1,303.67,223.7
104613,2024-04-15,East,Electronics,Laptop,2,469.14,0.05,891.38,722.3
104614,2025-02-15,West,Clothing,T-Shirt,3,43.31,0.0,129.92,78.16
104615,2025-06-26,South,Electronics,Headphones,3,280.01,0.05,798.02,608.23
104616,2024-07-01,East,,Hair Dryer,2,77.1,0.0,154.19,91.29
104617,2024-07-31,South,Beauty,Makeup Kit,3,62.22,0.05,177.31,116.74
104618,2024-05-19,West,Electronics,Monitor,2,460.41,0.05,874.78,543.17
104619,2025-04-04,North,Electronics,Smartphone,4,291.54,0.0,1166.17,795.55
104620,2025-04-06,North,Sports,Dumbbells,2,86.24,0.2,137.98,109.42
104621,2025-06-28,East,Sports,Running Shoes,2,81.11,0.0,162.22,124.86
104622,2025-04-18,North,Beauty,Perfume,2,51.44,0.2,82.3,60.83
104623,2024-03-04,East,Clothing,Jeans,2,73.91,0.0,147.83,97.37
104624,2024-05-22,West,Electronics,Smartphone,2,292.85,0.0,585.7,477.01
104625,2024-11-25,East,Electronics,Headphones,5,364.78,0.0,1823.92,1082.11
104626,2024-07-25,East,Electronics,Headphones,3,409.65,0.1,1106.05,657.21
104627,2024-01-02,West,Electronics,Laptop,4,280.84,0.1,1011.04,650.79
104628,2024-05-04,South,Home,Cookware,1,128.11,0.0,128.11,87.64
104629,2024-07-09,North,Home,Desk Lamp,5,91.93,0.0,459.67,295.16
104630,2024-08-20,South,Clothing,T-Shirt,2,62.37,0.1,112.27,77.77
104631,2024-10-17,South,Electronics,Smartphone,1,399.96,0.1,359.96,223.51
104632,2024-06-14,West,Electronics,Monitor,4,281.21,0.0,1124.83,892.69
104633,2025-02-02,East,Clothing,Jeans,5,57.1,0.1,256.95,204.7
104634,2024-07-29,East,Electronics,Smartphone,1,416.55,0.15,354.07,260.27
104635,2024-05-26,West,Electronics,Headphones,5,430.14,0.1,1935.61,1229.73
104636,2024-10-03,East,Electronics,Laptop,3,295.25,0.0,885.75,685.72
104637,2025-02-25,West,Clothing,T-Shirt,1,,0.0,66.12,43.21
104638,2024-08-22,West,Home,Vacuum,4,88.76,0.15,301.77,197.26
104639,2024-03-14,West,Electronics,Monitor,4,469.65,0.0,1878.62,1267.28
104640,2024-05-15,West,Sports,Dumbbells,2,109.46,0.05,207.98,157.1
104641,2024-07-11,South,Sports,Running Shoes,4,71.04,0.1,255.76,174.79
104642,2024-12-01,East,Home,Vacuum,4,114.91,0.0,459.63,347.83
104643,2024-12-13,North,Electronics,Headphones,2,381.1,0.2,609.76,393.87
104644,2024-06-11,West,Home,Desk Lamp,2,113.36,0.05,215.38,118.66
104645,2024-03-03,South,Sports,Yoga Mat,5,107.37,0.1,483.15,334.67
104646,2025-02-27,West,Sports,Running Shoes,4,71.41,0.05,271.35,183.23
104647,2024-10-08,East,Sports,Fitness Watch,3,76.09,0.0,228.27,127.77
104648,2024-06-15,East,Home,Cookware,4,99.26,0.05,377.18,264.97
104649,2024-12-22,North,Home,Desk Lamp,3,100.47,0.05,286.34,167.35
104650,2024-06-19,North,Sports,Yoga Mat,1,109.59,0.15,93.15,58.33
104651,2025-06-08,West,Clothing,Jacket,5,72.59,0.2,290.35,233.65
104652,2024-01-01,East,Clothing,Jacket,2,69.78,0.0,139.55,92.54
104653,2024-02-27,South,Beauty,Skincare Set,2,,0.0,115.84,66.17
104654,2025-01-15,East,Clothing,Jacket,5,49.78,0.0,248.89,175.59
104655,2024-05-04,North,Clothing,Jeans,3,58.23,0.0,174.68,132.76
104656,2024-06-17,North,Clothing,Sneakers,1,52.73,0.0,,42.19
104657,2024-08-22,East,Electronics,Monitor,5,469.21,0.0,2346.03,1559.14
104658,2024-07-18,West,Home,Cookware,3,118.2,0.0,354.61,286.64
104659,2024-04-05,West,Sports,Yoga Mat,5,68.29,0.1,307.29,226.99
104660,2024-03-28,West,Sports,Fitness Watch,5,101.1,0.1,454.95,280.7
104661,2024-07-13,South,Beauty,Perfume,4,73.11,0.05,277.8,199.7
104662,2024-04-06,West,Electronics,Headphones,1,408.19,0.15,346.96,272.29
104663,2024-11-30,North,Clothing,Jacket,3,54.57,0.05,155.53,120.28
104664,2024-10-02,East,Home,Coffee Maker,4,125.01,0.05,475.02,339.97
104665,2024-07-31,East,Electronics,Monitor,3,262.65,0.05,748.54,514.76
104666,2024-08-11,West,Electronics,Monitor,3,351.39,0.1,948.74,635.9
104667,2024-03-09,North,Sports,Fitness Watch,5,100.65,0.05,478.09,263.8
104668,2025-04-16,North,Home,Vacuum,5,75.64,0.05,359.27,252.88
104669,2024-04-01,,Sports,Dumbbells,1,108.89,0.0,108.89,88.53
104670,2024-02-23,West,Electronics,Monitor,1,398.71,0.0,398.71,224.2
104671,2025-05-24,North,Home,Cookware,2,83.24,0.1,,101.12
104672,2024-11-02,,Home,Desk Lamp,1,87.05,0.05,82.7,56.36
104673,2024-10-27,East,Home,Desk Lamp,5,113.53,0.0,567.65,411.35
104674,2024-10-19,South,Home,Desk Lamp,2,120.64,0.2,193.02,110.8
104675,2024-04-20,East,Beauty,Perfume,3,79.87,0.2,191.7,129.17
104676,2025-05-09,North,Sports,Dumbbells,1,92.61,0.05,87.98,62.58
104677,2025-01-28,West,Electronics,Monitor,4,331.12,0.15,1125.81,916.96
104678,2024-04-13,South,Home,Vacuum,3,119.24,0.2,286.18,223.24
104679,2024-05-25,North,Clothing,Jacket,2,45.32,0.0,90.63,53.92
104680,2024-02-29,North,Sports,Fitness Watch,1,90.23,0.1,81.2,62.4
104681,2024-05-06,South,Electronics,Headphones,5,,0.05,1631.79,1228.61
104682,2024-02-01,East,Beauty,Hair Dryer,1,74.26,0.05,70.54,57.52
104683,2024-07-15,East,Home,Cookware,4,84.97,0.05,322.87,183.64
104684,2025-05-12,South,Clothing,Jeans,4,50.57,0.15,171.94,137.53
104685,2024-02-05,South,Electronics,Headphones,1,388.0,0.15,329.8,226.92
104686,2024-02-29,East,Clothing,Sneakers,1,62.98,0.0,62.98,38.8
104687,2024-12-23,East,Home,Vacuum,3,123.64,0.1,333.84,221.03
104688,2024-02-29,West,Home,Cookware,2,99.17,0.1,178.51,111.58
104689,2025-02-18,South,Beauty,Perfume,2,61.32,0.05,116.52,83.49
104690,2024-03-03,North,Sports,Yoga Mat,4,105.08,0.0,420.32,242.6
104691,2024-12-30,South,Beauty,Skincare Set,1,47.57,0.05,45.2,30.84
104692,2024-12-23,West,Home,Vacuum,4,125.09,0.1,450.32,342.1
104693,2024-11-02,West,Clothing,Sneakers,3,68.74,0.1,185.61,110.81
104694,2024-05-27,South,Sports,Dumbbells,2,76.71,0.0,153.42,86.87
104695,2025-03-28,South,Beauty,Skincare Set,3,62.39,0.0,187.18,113.1
104696,2025-02-24,East,Sports,Running Shoes,3,82.83,0.05,236.05,168.93
104697,2024-11-09,West,Sports,Dumbbells,5,106.9,0.0,-54.26,398.25
104698,2025-06-06,West,Sports,Fitness Watch,4,78.85,0.05,299.61,172.05
104699,2024-04-03,East,Home,Desk Lamp,4,89.62,0.0,358.49,238.44
104700,2024-11-07,South,Clothing,Sneakers,5,54.57,0.0,272.86,221.32
104701,2025-06-26,South,Sports,Yoga Mat,1,97.19,0.2,77.75,60.8
104702,2024-11-14,West,Electronics,Smartphone,1,293.99,0.1,264.59,199.77
104703,2025-06-21,North,Sports,Running Shoes,4,67.74,0.1,243.85,172.7
104704,2024-07-01,West,Sports,Yoga Mat,1,93.65,0.0,93.65,61.95
104705,2024-05-01,East,Clothing,Jacket,2,51.29,0.0,102.58,74.13
104706,2025-05-12,West,Electronics,Monitor,2,416.72,0.0,833.45,649.85
104707,2025-05-14,West,Electronics,Headphones,2,354.61,0.0,709.22,419.54
104708,2025-02-12,West,Sports,Yoga Mat,2,75.71,0.15,128.7,86.91
104709,2025-03-14,North,Home,Vacuum,1,92.76,0.1,83.48,68.17
104710,2024-03-04,West,Beauty,Makeup Kit,5,53.91,0.05,256.1,190.93
104711,2024-05-15,South,Clothing,Sneakers,2,60.72,0.05,115.38,69.55
104712,2024-11-27,North,Home,Cookware,4,115.0,0.1,413.99,285.51
104713,2024-06-30,East,Electronics,Laptop,5,363.77,0.1,1636.98,918.26
104714,2024-10-11,West,Electronics,Laptop,4,428.62,0.05,1628.74,1329.05
104715,2025-05-27,East,Clothing,Jacket,2,64.93,0.2,103.88,75.13
104716,2024-10-06,North,Electronics,Laptop,1,268.61,0.0,268.61,175.21
104717,2025-04-02,West,Clothing,Sneakers,3,41.4,0.0,124.19,91.46
104718,2024-02-20,North,Home,Cookware,4,124.0,0.1,446.4,270.94
104719,2025-04-14,West,Clothing,Jeans,3,47.14,0.2,113.15,83.53
104720,2024-12-10,North,Beauty,Skincare Set,2,74.44,0.2,119.11,75.46
104721,2024-07-14,North,Beauty,Hair Dryer,5,72.79,0.15,309.35,214.34
104722,2024-04-24,West,Electronics,Laptop,3,413.7,0.05,1179.05,903.67
104723,2024-05-28,South,Sports,Dumbbells,5,107.87,0.1,485.39,373.23
104724,2024-03-23,North,Sports,Yoga Mat,1,92.33,0.0,92.33,73.72
104725,2024-03-31,South,Home,Vacuum,2,79.94,0.0,159.87,111.63
104726,2024-08-28,South,Electronics,Headphones,2,278.98,0.1,502.17,337.44
104727,2025-06-05,West,Sports,Yoga Mat,5,99.88,0.0,499.42,309.95
104728,2024-04-17,North,Electronics,Laptop,3,437.82,0.05,1247.8,779.05
104729,2025-02-02,North,Sports,Yoga Mat,4,109.66,0.1,394.79,304.96
104730,2025-01-29,East,Beauty,Makeup Kit,1,61.32,0.0,61.32,42.46
104731,2025-02-14,East,Beauty,Hair Dryer,1,53.38,0.2,42.7,26.08
104732,2024-09-12,East,Electronics,Laptop,2,437.72,0.0,875.45,638.6
104733,2024-02-04,West,Home,Vacuum,4,71.45,0.0,285.8,178.72
104734,2024-01-11,East,Electronics,Smartphone,2,413.82,0.0,827.64,614.47
104735,2024-10-23,South,Electronics,Smartphone,4,376.41,0.1,1355.07,814.64
104736,2024-12-26,East,Beauty,Hair Dryer,4,73.89,0.2,236.46,146.02
104737,2024-01-14,East,Electronics,Monitor,2,404.72,0.1,728.49,455.71
104738,2024-07-30,North,Home,Desk Lamp,1,124.94,0.0,124.94,90.92
104739,2024-06-28,South,Electronics,Smartphone,5,311.09,0.0,1555.46,925.04
104740,2024-04-05,East,,Yoga Mat,4,93.32,0.15,317.27,234.55
104741,2024-02-07,West,Electronics,Headphones,1,290.16,0.0,290.16,174.95
104742,2024-11-30,West,Clothing,Jacket,1,57.35,0.1,51.61,38.66
104743,2024-08-13,South,Beauty,Perfume,2,69.51,0.0,139.02,111.88
104744,2024-03-30,West,,Makeup Kit,2,68.35,0.0,136.7,89.39
104745,2024-06-24,North,Clothing,Sneakers,1,64.41,0.2,51.53,32.11
104746,2025-06-15,East,Electronics,Smartphone,5,340.25,0.0,1701.25,945.24
104747,2024-06-19,West,Home,Desk Lamp,4,103.23,0.15,351.0,280.59
104748,2024-12-26,West,Home,Desk Lamp,3,126.74,0.1,342.2,280.14
104749,2024-02-09,South,Beauty,Makeup Kit,4,62.92,0.0,251.67,190.67
104750,2025-01-18,East,Clothing,Jeans,1,48.75,0.1,43.87,25.4
104751,2025-04-03,East,Clothing,T-Shirt,5,52.23,0.1,235.04,146.13
104752,2024-09-20,West,Home,Cookware,3,78.01,0.05,222.33,128.36
104753,2025-06-02,East,Beauty,Skincare Set,4,51.0,0.0,204.01,130.9
104754,2024-04-04,South,Sports,Fitness Watch,3,80.62,0.0,241.87,163.01
104755,2024-08-04,North,Beauty,Skincare Set,1,65.03,0.1,58.53,40.36
104756,2025-05-28,East,Sports,Dumbbells,3,92.04,0.1,248.51,166.51
104757,2024-10-25,South,Electronics,Smartphone,1,427.53,0.0,427.53,296.42
104758,2024-01-23,North,Sports,Fitness Watch,2,79.05,0.15,134.38,85.97
104759,2024-04-01,South,Electronics,Monitor,2,281.15,0.0,562.31,436.61
104760,2024-11-16,South,Home,Desk Lamp,3,93.14,0.15,,132.58
104761,2024-12-16,North,Home,Vacuum,1,97.39,0.15,82.79,60.12
104762,2024-05-24,North,Home,Coffee Maker,2,83.57,0.1,150.43,86.82
104763,2024-11-04,West,Sports,Running Shoes,4,81.52,0.0,326.09,197.77
104764,2024-12-04,East,Clothing,Jacket,2,73.23,0.0,146.46,95.68
104765,2024-07-18,,Clothing,Jacket,3,62.44,0.0,187.32,135.37
104766,2024-03-22,North,Home,Desk Lamp,1,123.34,0.0,123.34,98.66
104767,2025-01-04,East,Electronics,Smartphone,2,368.04,0.05,699.28,499.18
104768,2024-04-02,North,Sports,Fitness Watch,1,82.08,0.0,82.08,47.24
104769,2024-07-08,South,Sports,Yoga Mat,3,105.62,0.05,301.01,170.21
104770,2024-02-07,East,,Yoga Mat,3,104.64,0.1,282.53,229.96
104771,2024-08-19,East,Beauty,Makeup Kit,4,50.0,0.0,199.99,159.76
104772,2024-01-05,East,Beauty,Makeup Kit,3,70.1,0.1,189.28,133.17
104773,2024-07-21,South,Clothing,Sneakers,5,63.35,0.15,269.23,203.23
104774,2025-06-13,West,Electronics,Monitor,5,302.03,0.05,1434.64,883.08
104775,2025-04-26,East,Clothing,Sneakers,1,58.24,0.0,58.24,36.94
104776,2024-09-25,West,Home,Desk Lamp,3,93.83,0.15,239.28,145.18
104777,2024-12-01,East,Sports,Fitness Watch,1,102.77,0.05,97.63,63.77
104778,2025-04-15,East,Clothing,Jeans,1,47.0,0.05,44.65,29.79
104779,2025-04-19,East,Clothing,Jeans,5,41.63,0.05,197.75,157.31
104780,2024-08-11,East,Electronics,Laptop,1,327.17,0.05,310.81,232.3
104781,2024-10-12,West,,Jeans,3,47.83,0.0,143.48,103.3
104782,2024-04-25,West,Beauty,Makeup Kit,3,68.31,0.15,174.18,109.03
104783,2024-05-19,North,Electronics,Headphones,5,388.78,0.1,1749.49,1264.72
104784,2025-02-04,East,Electronics,Headphones,1,374.46,0.1,337.01,236.78
104785,2024-05-19,North,Beauty,Makeup Kit,2,62.88,0.1,113.18,92.66
104786,2025-04-25,North,Electronics,Monitor,1,301.31,0.1,271.18,157.33
104787,2025-01-16,East,Electronics,Smartphone,2,467.61,0.0,935.22,754.97
104788,2025-06-06,South,Clothing,Jeans,1,64.72,0.15,55.01,31.63
104789,2025-04-13,North,Electronics,Headphones,1,354.79,0.0,354.79,207.72
104790,2025-01-27,,Clothing,Jacket,2,57.26,0.1,103.08,68.69
104791,2024-06-27,South,Beauty,Hair Dryer,3,67.71,0.1,182.81,103.05
104792,2024-07-22,South,Electronics,Smartphone,4,345.71,0.0,1382.85,812.33
104793,2025-04-27,South,Clothing,Jacket,4,68.54,0.15,,173.38
104794,2024-09-16,East,Electronics,Monitor,1,404.7,0.15,343.99,280.17
104795,2024-09-17,East,Electronics,Laptop,2,388.38,0.2,621.41,458.22
104796,2024-04-29,West,Clothing,Jacket,3,42.99,0.2,103.17,68.06
104797,2025-06-18,South,Home,Vacuum,5,104.66,0.0,523.29,421.32
104798,2025-05-10,South,Sports,Dumbbells,1,81.0,0.15,68.85,45.06
104799,2024-08-09,South,Sports,Dumbbells,4,67.62,0.2,216.37,120.3
104800,2025-06-18,North,Sports,Running Shoes,5,84.46,0.2,337.85,249.39
104801,2024-09-05,East,Home,Cookware,3,91.95,0.2,220.68,173.42
104802,2025-04-25,South,Electronics,Headphones,3,262.59,0.1,708.99,478.6
104803,2025-02-11,South,Beauty,Skincare Set,5,80.14,0.2,320.58,209.14
104804,2024-05-19,North,Beauty,Skincare Set,1,78.7,0.1,70.83,56.55
104805,2024-01-26,North,Sports,Fitness Watch,1,104.89,0.1,94.4,60.3
104806,2025-04-16,North,Sports,Fitness Watch,1,93.68,0.0,93.68,64.18
104807,2025-05-26,North,Beauty,Makeup Kit,1,74.36,0.15,63.21,42.44
104808,2025-06-24,West,Clothing,Sneakers,4,53.7,0.0,214.81,130.25
104809,2024-05-04,East,Home,Vacuum,4,72.39,0.0,289.57,229.53
104810,2024-07-21,East,Electronics,Smartphone,2,438.26,0.1,788.87,543.7
104811,2025-02-21,West,Clothing,Sneakers,4,55.56,0.0,222.22,124.36
104812,2024-04-05,South,Sports,Dumbbells,1,94.3,0.05,89.58,59.04
104813,2024-04-12,West,Sports,Fitness Watch,4,113.14,0.05,429.92,257.66
104814,2024-11-28,East,Electronics,Monitor,4,306.72,0.1,1104.19,702.97
104815,2024-09-17,South,Clothing,Sneakers,1,56.04,0.05,53.24,40.38
104816,2024-11-11,West,Beauty,Skincare Set,2,62.7,0.0,125.41,82.11
104817,2024-05-17,South,Beauty,Makeup Kit,3,58.53,0.2,140.46,101.03
104818,2024-01-09,West,Beauty,Hair Dryer,4,56.94,0.0,227.78,182.29
104819,2025-02-18,North,Home,Vacuum,3,97.11,0.05,276.77,178.01
104820,2025-05-01,East,Home,Cookware,4,125.37,0.05,476.41,320.95
104821,2025-06-21,South,Beauty,Skincare Set,3,75.32,0.05,214.67,127.68
104822,2024-09-25,South,Home,Desk Lamp,3,98.49,0.1,265.91,197.55
104823,2024-12-19,West,Clothing,Sneakers,5,63.17,0.0,-203.16,175.22
104824,2025-03-30,East,Sports,Running Shoes,4,69.73,0.0,278.9,202.49
104825,2024-03-19,South,Electronics,Monitor,1,436.75,0.0,436.75,247.69
104826,2024-09-04,,Electronics,Headphones,3,421.93,0.15,1075.91,596.61
104827,2024-02-22,South,Clothing,T-Shirt,5,53.92,0.05,256.14,177.06
104828,2024-01-02,South,Electronics,Smartphone,5,318.0,0.05,1510.51,1214.64
104829,2025-03-05,East,Clothing,Jeans,4,49.35,0.15,167.79,123.56
104830,2025-01-01,West,Beauty,Hair Dryer,5,53.61,0.05,254.66,140.94
104831,2024-01-11,East,Clothing,Sneakers,3,73.09,0.1,197.35,158.61
104832,2024-10-19,West,Beauty,Makeup Kit,1,66.11,0.1,59.5,40.64
104833,2024-02-06,South,Electronics,Laptop,3,393.64,0.15,,655.82
104834,2024-05-07,East,Beauty,Skincare Set,4,69.13,0.0,276.51,203.98
104835,2024-01-29,East,Sports,Yoga Mat,1,93.02,0.15,-383.97,60.24
104836,2024-05-23,East,Electronics,Laptop,4,439.92,0.0,1759.68,1293.67
104837,2024-11-17,West,Home,Desk Lamp,4,86.44,0.1,311.19,197.13
104838,2024-01-09,West,Home,Cookware,3,84.85,0.0,254.54,150.38
104839,2024-09-23,West,Clothing,T-Shirt,5,45.39,0.05,215.59,123.7
104840,2024-02-10,North,Home,Coffee Maker,1,107.13,0.05,101.77,81.19
104841,2024-05-17,South,Electronics,Monitor,1,352.73,0.1,317.46,251.65
104842,2024-06-11,North,Clothing,Jeans,4,61.52,0.1,221.47,155.0
104843,2024-01-21,South,Clothing,Jeans,5,50.08,0.2,200.32,119.08
104844,2025-04-01,South,Sports,Running Shoes,2,92.63,0.1,166.74,105.27
104845,2024-04-28,South,Electronics,Headphones,2,269.29,0.1,484.72,285.11
104846,2024-06-12,East,Beauty,Makeup Kit,4,53.95,0.15,183.44,120.85
104847,2025-06-22,East,Clothing,Sneakers,3,52.66,0.0,157.99,92.11
104848,2025-02-05,West,Sports,Running Shoes,5,89.69,0.15,381.19,240.5
104849,2024-08-18,East,Clothing,T-Shirt,1,49.04,0.0,49.04,37.34
104850,2025-04-11,East,Home,Desk Lamp,3,117.15,0.05,333.88,235.47
104851,2025-02-19,East,Clothing,Jeans,3,60.55,0.05,172.57,104.94
104852,2025-01-26,South,Electronics,Headphones,2,406.01,0.2,649.62,490.93
104853,2025-05-20,West,Beauty,Perfume,3,46.86,0.0,140.57,112.16
104854,2025-02-02,North,Clothing,Jeans,5,66.11,0.05,314.02,181.33
104855,2025-03-11,North,Clothing,T-Shirt,1,52.95,0.1,47.66,37.26
104856,2025-05-21,North,Beauty,Perfume,3,71.47,0.05,203.68,114.74
104857,2025-05-25,West,Beauty,Skincare Set,5,49.83,0.0,249.15,165.34
104858,2025-04-22,South,Beauty,Skincare Set,3,56.26,0.1,151.9,123.6
104859,2024-12-24,North,Sports,Dumbbells,2,78.0,0.1,140.4,97.28
104860,2025-01-22,West,Electronics,Smartphone,5,344.76,0.0,1723.79,1369.33
104861,2024-05-13,West,Beauty,Makeup Kit,2,52.91,0.0,-181.05,67.31
104862,2025-02-28,West,Sports,Running Shoes,4,72.72,0.0,290.88,217.46
104863,2024-04-11,North,Sports,Running Shoes,1,81.32,0.0,81.32,62.83
104864,2024-08-03,East,Electronics,Laptop,5,452.81,0.0,2264.07,1546.57
104865,2024-07-22,West,Beauty,Hair Dryer,1,71.21,0.2,56.97,45.31
104866,2024-06-19,West,,Makeup Kit,1,76.41,0.0,76.41,60.95
104867,2024-06-14,West,Sports,Fitness Watch,5,112.91,0.1,508.11,351.63
104868,2024-01-17,West,Home,Cookware,1,110.65,0.05,105.12,65.15
104869,2025-05-25,West,Clothing,Jacket,4,63.45,0.05,241.11,194.58
104870,2025-02-09,West,Beauty,Perfume,5,54.25,0.05,257.68,195.6
104871,2025-04-05,East,Beauty,Makeup Kit,5,64.15,0.1,288.65,178.4
104872,2024-11-26,East,Electronics,Headphones,4,333.68,0.1,1201.24,661.46
104873,2024-08-16,East,Clothing,Sneakers,5,65.77,0.1,295.94,232.43
104874,2024-02-01,West,Home,Vacuum,4,111.89,0.0,447.55,253.91
104875,2024-05-27,South,Electronics,Monitor,5,269.44,0.1,1212.49,893.15
104876,2024-09-14,East,Electronics,Headphones,5,383.01,0.0,1915.07,1443.52
104877,2024-09-23,North,Sports,Fitness Watch,3,72.95,0.05,207.9,121.35
104878,2024-01-02,North,Beauty,Makeup Kit,1,45.89,0.1,41.3,30.93
104879,2024-09-09,East,Clothing,T-Shirt,2,57.84,0.05,109.89,72.69
104880,2024-01-08,South,Electronics,Smartphone,5,353.03,0.0,1765.13,976.01
104881,2024-01-26,North,Clothing,T-Shirt,2,64.6,0.15,109.82,74.18
104882,2025-03-01,West,Home,Coffee Maker,4,106.31,0.1,382.72,260.89
104883,2024-12-30,East,Clothing,T-Shirt,2,42.23,0.0,84.45,66.58
104884,2025-04-17,East,Electronics,Laptop,2,286.08,0.1,514.94,380.15
104885,2024-10-02,East,Sports,Fitness Watch,1,80.21,0.1,72.19,43.03
104886,2024-11-23,East,Beauty,Perfume,2,62.27,0.0,124.54,68.56
104887,2025-02-07,South,Home,Cookware,3,125.8,0.1,339.66,259.5
104888,2025-06-20,West,Clothing,T-Shirt,1,43.03,0.0,43.03,26.67
104889,2024-07-06,West,Home,Vacuum,2,71.99,0.05,136.78,82.03
104890,2025-05-31,North,Clothing,Jeans,2,65.76,0.1,118.38,80.88
104891,2024-12-27,West,Home,Cookware,1,125.95,0.15,107.06,60.48
104892,2024-11-10,North,Electronics,Monitor,2,294.14,0.0,588.28,448.65
104893,2025-02-06,East,Sports,Fitness Watch,3,76.48,0.0,229.43,173.38
104894,2024-02-25,East,Home,Desk Lamp,4,83.22,0.1,,169.03
104895,2024-08-07,South,Beauty,Skincare Set,4,59.58,0.0,238.32,149.45
104896,2024-05-03,South,Electronics,Headphones,3,312.45,0.0,937.35,681.75
104897,2024-10-15,South,Clothing,Sneakers,4,70.82,0.05,269.11,190.44
104898,2025-03-28,South,Beauty,Skincare Set,3,56.88,0.1,153.59,115.95
104899,2024-07-28,East,Beauty,Hair Dryer,4,71.15,0.15,241.91,179.36
104900,2025-01-08,South,Clothing,Sneakers,4,65.94,0.0,263.77,177.13
104901,2024-11-14,West,Clothing,Jeans,1,71.68,0.15,60.93,46.96
104902,2024-03-09,West,Electronics,Laptop,3,302.81,0.0,908.43,720.01
104903,2024-02-21,East,Electronics,Smartphone,3,304.47,0.05,867.75,687.84
104904,2024-01-30,West,Clothing,Jeans,2,48.78,0.05,92.68,58.41
104905,2024-03-02,West,Beauty,Makeup Kit,5,59.46,0.0,297.32,185.36
104906,2024-09-16,South,Sports,Yoga Mat,4,97.68,0.1,351.66,250.23
104907,2024-09-18,West,Beauty,Hair Dryer,1,75.45,0.05,71.68,44.14
104908,2024-06-17,South,Home,Desk Lamp,2,91.41,0.2,146.26,116.21
104909,2024-09-18,West,Sports,Fitness Watch,3,96.17,0.1,259.65,156.47
104910,2024-07-30,South,Sports,Running Shoes,3,67.55,0.0,202.64,159.38
104911,2025-01-25,West,Sports,Yoga Mat,3,68.02,0.0,204.07,132.02
104912,2024-05-01,North,Home,Coffee Maker,2,105.37,0.2,168.6,92.81
104913,2024-02-23,East,Home,Cookware,1,94.48,0.1,85.03,68.74
104914,2024-10-30,East,Sports,Fitness Watch,2,94.78,0.1,170.6,130.28
104915,2025-03-26,North,Sports,Fitness Watch,1,92.98,0.1,83.68,46.8
104916,2024-01-08,South,Clothing,Jacket,1,66.1,0.05,62.8,50.25
104917,2024-10-23,,Electronics,Monitor,2,433.85,0.0,867.71,606.28
104918,2024-12-17,West,Sports,Dumbbells,2,83.8,0.05,159.22,98.59
104919,2024-03-05,,Home,Cookware,4,104.83,0.2,335.47,257.03
104920,2024-10-20,North,Beauty,Hair Dryer,2,77.55,0.1,139.58,86.61
104921,2024-09-22,North,Home,Cookware,1,91.42,0.1,82.28,60.13
104922,2025-05-04,East,Clothing,Jeans,1,,0.1,44.29,35.82
104923,2024-06-07,East,Home,Coffee Maker,5,76.61,0.05,363.89,273.38
104924,2024-08-19,North,Home,Coffee Maker,1,95.56,0.05,90.78,69.71
104925,2024-08-30,North,Home,Cookware,5,125.4,0.0,627.0,496.81
104926,2024-09-25,East,Home,Coffee Maker,5,112.3,0.1,505.36,363.37
104927,2024-03-17,West,Sports,Yoga Mat,5,68.34,0.0,341.71,210.35
104928,2025-06-02,East,Clothing,T-Shirt,5,59.38,0.15,252.37,183.01
104929,2025-01-25,East,Sports,Yoga Mat,3,85.6,0.05,243.97,140.17
104930,2025-01-10,South,Clothing,Jeans,5,68.88,0.05,327.16,186.69
104931,2024-02-08,,Electronics,Laptop,5,469.21,0.0,2346.07,1769.6
104932,2024-07-02,North,Home,Vacuum,4,73.4,0.0,293.59,172.17
104933,2025-04-16,East,Electronics,Monitor,3,298.32,0.0,894.96,533.52
104934,2024-02-18,South,Clothing,Jeans,1,67.1,0.05,63.75,48.2
104935,2024-04-29,North,Home,Desk Lamp,4,90.06,0.0,360.23,291.25
104936,2025-02-12,South,Electronics,Monitor,4,349.73,0.2,1119.14,836.2
104937,2024-03-14,South,Beauty,Perfume,5,69.45,0.05,329.87,238.45
104938,2024-05-17,West,Clothing,Sneakers,2,72.92,0.0,145.83,84.08
104939,2024-05-09,West,Electronics,Headphones,2,456.67,0.05,867.67,623.19
104940,2024-03-24,North,Home,Desk Lamp,2,76.01,0.1,136.82,108.55
104941,2024-09-06,East,Home,Cookware,2,76.42,0.0,152.84,87.96
104942,2024-10-06,South,Electronics,Laptop,3,416.39,0.05,1186.72,750.81
104943,2025-02-24,West,Home,Coffee Maker,3,113.61,0.0,340.83,227.6
104944,2024-01-23,West,Home,Cookware,3,116.02,0.05,330.66,221.72
104945,2025-02-22,North,Clothing,T-Shirt,4,72.24,0.1,260.06,212.82
104946,2025-03-23,East,Clothing,Jacket,1,72.45,0.2,57.96,42.78
104947,2025-04-22,East,Beauty,Makeup Kit,2,52.12,0.05,99.03,75.97
104948,2024-08-18,West,Clothing,Jacket,4,68.99,0.0,275.96,166.72
104949,2025-02-10,West,Beauty,Makeup Kit,1,69.75,0.05,66.26,39.02
104950,2025-03-29,North,Beauty,Makeup Kit,5,77.85,0.15,330.88,193.4
104951,2024-08-09,West,Clothing,Jacket,5,55.32,0.1,248.95,138.0
104952,2024-08-24,South,Clothing,Jacket,3,44.59,0.1,120.4,67.97
104953,2024-03-01,West,Beauty,Perfume,3,72.19,0.1,194.9,127.25
104954,2024-08-20,North,Electronics,Laptop,4,274.52,0.15,933.36,558.04
104955,2025-01-08,South,Beauty,Hair Dryer,1,71.56,0.15,60.83,33.74
104956,2025-05-05,East,Electronics,Smartphone,4,325.38,0.0,1301.5,847.84
104957,2024-01-31,West,Clothing,Sneakers,2,63.78,0.15,108.43,64.97
104958,2025-06-12,West,Home,Vacuum,4,124.49,0.05,473.07,307.49
104959,2024-09-09,West,Sports,Dumbbells,4,76.74,0.2,245.57,199.85
104960,2024-06-02,North,Home,Vacuum,3,121.47,0.0,364.41,263.86
104961,2024-11-13,East,Beauty,Hair Dryer,2,69.82,0.0,139.65,94.33
104962,2024-01-17,East,Clothing,Sneakers,5,42.25,0.15,179.57,132.95
104963,2024-04-16,South,Clothing,Sneakers,3,47.94,0.1,129.44,84.84
104964,2024-11-11,East,Sports,Dumbbells,4,83.19,0.05,316.11,187.1
104965,2025-02-18,North,Clothing,Jeans,2,44.08,0.05,83.74,54.9
104966,2024-01-26,North,Beauty,Makeup Kit,1,72.17,0.05,68.56,43.88
104967,2024-05-20,East,Sports,Running Shoes,4,100.3,0.1,361.07,278.41
104968,2024-03-25,West,Beauty,Skincare Set,4,49.41,0.1,177.88,132.28
104969,2024-05-16,South,Beauty,Hair Dryer,3,56.81,0.1,153.4,92.05
104970,2024-10-02,West,Home,Vacuum,2,125.99,0.0,251.98,169.77
104971,2025-02-01,North,Electronics,Monitor,2,414.61,0.05,787.76,572.52
104972,2025-03-31,North,Electronics,Laptop,2,426.4,0.1,767.52,581.13
104973,2024-08-15,West,Home,Desk Lamp,3,121.75,0.1,328.72,240.64
104974,2025-06-22,South,Electronics,Headphones,1,420.86,0.1,378.77,257.34
104975,2025-06-10,South,Clothing,Jacket,3,53.15,0.1,143.49,95.61
104976,2024-10-26,East,Clothing,Jacket,5,46.49,0.1,209.22,141.84
104977,2024-05-07,South,Home,Coffee Maker,2,120.73,0.05,229.38,149.85
104978,2024-11-14,West,Clothing,T-Shirt,4,58.87,0.0,235.47,140.33
104979,2024-07-24,North,Clothing,Sneakers,1,59.8,0.0,59.8,36.23
104980,2024-02-21,East,Beauty,Perfume,2,77.53,0.05,147.31,107.36
104981,2024-09-21,East,Clothing,Jacket,1,42.0,0.0,42.0,23.51
104982,2025-05-11,North,Clothing,Sneakers,1,61.21,0.05,58.15,45.35
104983,2025-05-24,West,Electronics,Laptop,3,335.91,0.05,957.33,665.56
104984,2024-04-08,North,Beauty,Makeup Kit,5,78.93,0.1,355.19,218.05
104985,2024-01-16,West,Clothing,T-Shirt,4,54.77,0.05,208.13,132.25
104986,2024-12-22,West,Sports,Running Shoes,2,99.95,0.1,179.91,128.86
104987,2024-12-07,South,Electronics,Laptop,1,443.66,0.1,399.29,276.86
104988,2024-08-04,West,Sports,Fitness Watch,3,72.46,0.05,206.5,117.96
104989,2025-06-08,North,Home,Vacuum,4,80.06,0.05,304.23,241.65
104990,2024-05-10,West,Home,Vacuum,2,118.18,0.0,236.36,169.24
104991,2024-11-14,West,Sports,Yoga Mat,4,80.24,0.0,320.96,199.02
104992,2024-02-01,East,Electronics,Laptop,1,304.2,0.15,258.57,192.69
104993,2024-11-01,West,Sports,Running Shoes,2,87.19,0.2,139.51,97.86
104994,2024-03-21,South,Home,Coffee Maker,2,75.24,0.15,127.91,100.99
104995,2025-02-02,,Beauty,Makeup Kit,3,64.96,0.05,185.13,108.03
104996,2025-04-27,North,Electronics,Laptop,4,354.99,0.05,1348.95,982.45
104997,2024-02-03,West,Home,Cookware,3,85.0,0.0,254.99,172.92
104998,2024-11-25,South,Clothing,Jeans,5,50.35,0.15,213.98,122.33
104999,2025-05-21,North,Sports,Fitness Watch,3,79.87,0.0,239.61,145.42
105000,2024-01-05,East,Clothing,Jeans,2,63.27,0.1,113.89,83.66
105001,2025-05-14,West,Clothing,Jacket,3,57.65,0.0,172.94,114.92
105002,2024-08-31,South,Sports,Fitness Watch,5,76.17,0.15,323.74,231.4
105003,2024-01-05,North,Electronics,Monitor,1,301.36,0.0,301.36,225.15
105004,2024-11-05,East,Sports,Yoga Mat,3,111.46,0.2,267.49,213.0
105005,2025-03-09,East,Beauty,Makeup Kit,2,53.15,0.0,106.31,79.31
105006,2024-09-09,North,Clothing,T-Shirt,3,70.28,0.15,179.2,141.05
105007,2024-11-09,North,Beauty,Skincare Set,4,45.06,0.15,153.22,95.92
105008,2024-07-23,North,Electronics,Headphones,2,311.68,0.05,592.2,367.62
105009,2025-04-14,North,Beauty,Hair Dryer,2,72.7,0.2,116.33,93.18
105010,2024-06-27,North,Electronics,Smartphone,1,371.52,0.0,371.52,217.74
105011,2025-03-16,East,Sports,Dumbbells,4,69.96,0.0,279.83,154.8
105012,2025-06-24,East,Beauty,Skincare Set,2,65.07,0.0,130.14,103.21
105013,2025-05-15,,Clothing,Jeans,1,52.84,0.1,47.55,38.35
105014,2025-05-07,East,Electronics,Headphones,1,273.09,0.15,232.13,156.04
105015,2024-05-06,South,Home,Coffee Maker,4,119.6,0.15,406.65,253.73
105016,2024-09-24,North,Electronics,Laptop,5,405.96,0.1,1826.84,1057.61
105017,2025-01-28,South,,Headphones,2,265.44,0.1,477.8,302.8
105018,2024-03-10,West,Electronics,Smartphone,5,291.79,0.05,1385.99,867.93
105019,2024-04-06,North,Electronics,Smartphone,3,470.62,0.0,1411.87,944.49
105020,2025-03-06,East,Electronics,Laptop,1,469.45,0.1,422.5,288.82
105021,2024-04-26,North,Beauty,Hair Dryer,4,50.05,0.05,,141.76
105022,2024-10-14,North,Beauty,Hair Dryer,5,66.25,0.05,,246.46
105023,2024-11-01,West,Electronics,Monitor,4,357.5,0.05,1358.5,893.65
105024,2024-05-27,South,Electronics,Laptop,5,345.46,0.05,1640.92,1255.32
105025,2024-10-01,West,Electronics,Smartphone,5,294.51,0.1,1325.32,946.85
105026,2025-04-08,West,Sports,Fitness Watch,4,81.2,0.05,308.57,251.32
105027,2025-03-10,South,Home,Cookware,4,110.22,0.0,440.89,317.3
105028,2024-08-22,North,Clothing,T-Shirt,1,42.04,0.1,37.84,22.6
105029,2025-03-15,East,Home,Vacuum,3,100.82,0.0,302.47,181.14
105030,2025-04-14,North,Sports,Fitness Watch,5,68.73,0.0,343.66,203.16
105031,2024-08-31,East,Sports,Fitness Watch,2,113.67,0.05,215.98,120.32
105032,2025-04-18,South,Clothing,Jeans,2,55.89,0.0,111.79,68.99
105033,2024-06-15,North,Beauty,Hair Dryer,5,58.61,0.0,293.03,172.31
105034,2024-06-30,North,Home,Vacuum,1,95.12,0.1,85.61,59.33
105035,2024-06-02,North,Electronics,Headphones,5,268.67,0.1,1209.02,934.63
105036,2025-05-11,East,Electronics,Monitor,2,435.27,0.15,739.96,499.83
105037,2024-05-10,East,Beauty,Perfume,3,58.79,0.1,158.72,108.85
105038,2024-06-02,South,Clothing,Jacket,5,56.42,0.05,268.02,202.58
105039,2024-01-16,,Home,Desk Lamp,5,89.43,0.15,380.08,302.54
105040,2024-09-28,East,Clothing,T-Shirt,2,69.59,0.05,132.22,82.29
105041,2024-01-04,South,Home,Vacuum,3,117.15,0.1,316.32,178.46
105042,2024-02-15,West,Clothing,T-Shirt,3,56.68,0.15,144.52,111.88
105043,2025-04-11,West,Clothing,T-Shirt,5,66.23,0.05,314.61,240.48
105044,2025-04-13,South,Electronics,Laptop,4,468.81,0.0,1875.23,1313.59
105045,2024-03-17,East,Sports,Dumbbells,5,77.84,0.0,389.21,269.02
105046,2024-10-23,West,Clothing,Jacket,4,53.18,0.05,202.08,163.58
105047,2024-07-23,West,Home,Coffee Maker,2,108.66,0.0,217.32,125.25
105048,2024-11-29,West,Beauty,Hair Dryer,5,59.29,0.0,296.46,216.77
105049,2024-07-30,North,Clothing,Jeans,1,71.0,0.0,71.0,41.72
105050,2024-06-20,East,Beauty,Makeup Kit,5,63.36,0.05,300.98,166.03
105051,2024-09-19,West,Clothing,Jacket,-3,43.14,0.05,40.98,31.81
105052,2024-12-26,East,Electronics,Smartphone,3,459.21,0.2,1102.11,718.14
105053,2024-01-04,South,Clothing,Jeans,4,48.73,0.0,194.91,127.9
105054,2024-09-23,North,Electronics,Laptop,1,285.41,0.1,256.87,150.03
105055,2025-02-26,West,Home,Coffee Maker,5,107.62,0.05,511.2,406.65
105056,2025-03-25,East,Sports,Yoga Mat,5,111.24,0.05,528.37,348.57
105057,2024-04-27,West,Home,Coffee Maker,2,77.88,0.1,140.19,93.36
105058,2024-07-04,West,Clothing,Sneakers,4,66.75,0.0,266.98,218.31
105059,2024-09-09,East,Home,Desk Lamp,3,79.95,0.0,239.84,151.19
105060,2024-07-15,East,Home,Vacuum,3,100.05,0.05,285.14,172.03
105061,2024-09-05,West,Clothing,Jacket,1,46.81,0.1,42.13,24.7
105062,2024-07-27,South,Sports,Yoga Mat,2,93.28,0.05,177.24,102.14
105063,2024-08-17,South,Home,Desk Lamp,4,126.76,0.05,481.68,392.46
105064,2024-04-25,North,Electronics,Headphones,2,357.16,0.05,678.61,473.28
105065,2025-05-02,North,Home,Coffee Maker,4,77.69,0.0,310.78,236.04
105066,2024-03-23,East,Home,Cookware,3,118.7,0.0,356.1,196.3
105067,2025-05-16,North,Clothing,Jeans,2,45.82,0.05,87.06,59.17
105068,2025-04-12,North,Clothing,T-Shirt,1,41.74,0.05,39.65,30.98
105069,2024-04-13,South,Beauty,Makeup Kit,4,62.73,0.0,250.93,182.67
105070,2024-06-24,North,Clothing,T-Shirt,4,44.93,0.1,161.75,128.19
105071,2024-11-04,North,Home,Vacuum,5,114.79,0.15,487.84,381.03
105072,2024-01-07,North,Sports,Yoga Mat,2,91.3,0.0,182.6,101.46
105073,2024-02-04,South,Home,Desk Lamp,3,79.65,0.05,226.99,134.29
105074,2024-01-23,West,Electronics,Smartphone,1,467.22,0.2,373.78,243.18
105075,2024-11-17,West,Electronics,Headphones,1,442.14,0.05,420.03,325.09
105076,2024-07-16,East,Electronics,Smartphone,2,311.77,0.1,561.18,343.49
105077,2024-04-27,North,Electronics,Laptop,1,469.7,0.05,446.22,336.58
105078,2025-02-14,West,Clothing,T-Shirt,1,45.16,0.0,45.16,32.0
105079,2024-01-11,West,Electronics,Monitor,4,292.64,0.1,1053.5,821.54
105080,2024-06-23,East,Clothing,T-Shirt,1,45.83,0.2,36.67,21.28
105081,2024-11-29,North,Clothing,T-Shirt,4,65.64,0.05,249.44,147.88
105082,2024-12-25,East,Beauty,Hair Dryer,1,47.78,0.1,43.0,32.72
105083,2024-07-23,West,Beauty,Skincare Set,2,69.66,0.05,132.36,90.05
105084,2024-10-05,East,Sports,Running Shoes,5,96.84,0.0,484.18,375.2
105085,2024-07-23,East,Home,Desk Lamp,4,122.38,0.1,440.57,251.07
105086,2024-01-21,South,Home,Desk Lamp,2,106.16,0.2,169.86,110.61
105087,2025-03-08,East,Electronics,Laptop,1,433.46,0.05,411.79,324.71
105088,2024-01-21,North,Electronics,Headphones,4,288.79,0.0,1155.16,796.06
105089,2025-01-10,South,Beauty,Hair Dryer,5,51.76,0.05,245.85,159.94
105090,2024-04-29,East,Home,Cookware,3,113.01,0.1,305.11,244.13
105091,2025-01-10,North,Clothing,Jeans,3,41.46,0.0,124.39,75.04
105092,2025-03-21,South,Clothing,Jeans,1,71.35,0.1,64.22,37.77
105093,2024-03-10,South,Home,Desk Lamp,5,119.16,0.0,595.78,375.95
105094,2024-09-27,South,Sports,Dumbbells,5,105.6,0.2,422.42,261.42
105095,2024-02-14,South,Clothing,Sneakers,1,63.72,0.0,63.72,38.57
105096,2024-03-31,West,Clothing,Jacket,1,62.4,0.15,53.04,39.03
105097,2024-01-16,East,Clothing,Jacket,4,45.03,0.15,153.09,108.58
105098,2024-02-18,West,Electronics,Monitor,1,265.75,0.15,225.89,144.77
105099,2024-08-18,West,Beauty,Perfume,2,58.68,0.15,99.76,58.98
105100,2024-07-14,South,Beauty,Hair Dryer,3,52.55,0.1,141.89,82.87
105101,2024-03-29,South,Electronics,Smartphone,1,286.94,0.15,243.9,143.5
105102,2025-03-23,South,Sports,Dumbbells,1,94.33,0.0,94.33,53.85
105103,2025-04-14,South,Electronics,Headphones,4,426.67,0.05,1621.35,910.75
105104,2025-04-21,South,Electronics,Monitor,1,328.61,0.15,279.32,164.07
105105,2025-05-15,East,Sports,Running Shoes,4,99.06,0.0,396.26,229.42
105106,2024-06-06,South,Clothing,T-Shirt,4,68.83,0.05,261.55,210.75
105107,2024-03-24,South,Sports,Running Shoes,4,106.79,0.0,427.15,260.11
105108,2024-12-09,South,Clothing,Jacket,4,44.76,0.1,161.14,91.86
105109,2025-02-28,North,,Hair Dryer,2,70.77,0.1,127.39,98.92
105110,2024-02-15,North,Beauty,Perfume,2,77.53,0.05,147.31,113.28
105111,2024-11-26,North,Home,Cookware,5,77.28,0.0,386.4,296.78
105112,2025-05-24,North,Electronics,Monitor,3,285.26,0.0,855.78,647.45
105113,2024-10-19,East,Electronics,Monitor,3,375.5,0.05,1070.18,708.63
105114,2024-01-15,East,Electronics,Smartphone,4,425.98,0.0,1703.91,1031.67
105115,2024-02-27,South,Clothing,Sneakers,1,72.09,0.0,72.09,50.88
105116,2025-04-29,South,Electronics,Smartphone,2,459.0,0.05,872.1,584.14
105117,2024-09-11,North,Home,Vacuum,2,74.79,0.05,142.1,103.43
105118,2024-11-09,South,Clothing,Jacket,1,44.44,0.15,-494.27,29.9
105119,2024-04-12,West,Clothing,Jacket,2,73.52,0.2,117.63,76.03
105120,2025-03-06,East,Electronics,Laptop,1,403.46,0.05,383.29,224.77
105121,2024-06-11,South,Sports,Yoga Mat,3,69.55,0.05,198.22,147.64
105122,2025-05-16,North,Clothing,T-Shirt,4,42.88,0.1,154.38,96.43
105123,2024-01-31,South,Electronics,Laptop,2,452.43,0.0,904.87,581.68
105124,2024-06-19,West,Home,Desk Lamp,3,98.25,0.0,294.76,216.68
105125,2024-05-12,South,Sports,Dumbbells,4,76.03,0.05,288.9,226.8
105126,2025-03-28,North,Sports,Yoga Mat,4,84.87,0.2,271.59,216.58
105127,2024-10-11,North,Clothing,Jeans,1,67.09,0.1,60.38,48.5
105128,2024-10-13,East,Home,Cookware,1,97.14,0.0,97.14,68.76
105129,2024-10-22,West,Electronics,Monitor,2,394.26,0.0,788.52,463.31
105130,2024-02-22,North,Clothing,Jacket,3,52.15,0.05,148.63,89.84
105131,2025-04-30,North,Home,Coffee Maker,3,103.72,0.1,280.06,201.23
105132,2025-06-30,West,Sports,Running Shoes,2,92.81,0.0,185.63,111.54
105133,2024-11-02,West,Clothing,Jacket,3,72.8,0.0,218.4,162.82
105134,2024-10-08,West,Beauty,Skincare Set,2,45.18,0.0,90.36,64.73
105135,2025-05-22,East,Beauty,Hair Dryer,5,,0.2,188.71,115.26
105136,2025-04-09,South,Home,Cookware,2,102.38,0.05,194.53,107.93
105137,2024-09-09,East,Electronics,Headphones,5,416.42,0.15,1769.8,1128.17
105138,2024-01-22,South,Electronics,Monitor,3,450.31,0.1,1215.83,803.27
105139,2024-02-16,East,Sports,Dumbbells,5,108.58,0.05,515.77,384.54
105140,2025-04-23,West,Electronics,Monitor,3,412.9,0.0,1238.71,941.62
105141,2024-11-16,West,Beauty,Makeup Kit,2,61.49,0.1,110.69,65.95
105142,2024-05-10,West,Beauty,Skincare Set,4,56.31,0.05,213.99,174.87
105143,2024-05-03,West,Clothing,Jeans,2,53.11,0.05,100.92,72.19
105144,2025-04-17,West,Beauty,Makeup Kit,1,57.86,0.0,57.86,39.87
105145,2024-12-06,South,Sports,Yoga Mat,1,80.13,0.1,72.12,50.38
105146,2025-06-15,South,Clothing,Jeans,1,44.86,0.0,44.86,30.99
105147,2024-11-07,South,Home,Cookware,1,101.13,0.0,101.13,68.51
105148,2024-07-28,North,Sports,Dumbbells,4,71.01,0.05,269.84,161.97
105149,2024-05-27,West,Electronics,Laptop,3,,0.2,643.16,518.52
105150,2024-06-04,East,Electronics,Monitor,1,277.01,0.0,277.01,157.59
105151,2024-11-15,North,Clothing,Jacket,3,71.64,0.0,214.93,148.42
105152,2025-05-18,West,Home,Cookware,5,119.62,0.15,508.41,413.43
105153,2025-03-25,North,Beauty,Skincare Set,4,77.05,0.2,246.55,187.48
105154,2024-08-10,North,Electronics,Smartphone,3,362.48,0.05,1033.06,800.74
105155,2024-10-21,North,Home,Desk Lamp,3,72.43,0.0,217.3,140.75
105156,2024-06-11,East,Clothing,Sneakers,1,48.16,0.1,43.34,27.87
105157,2024-03-04,West,Clothing,Jacket,2,61.02,0.0,122.04,76.64
105158,2024-05-24,South,Sports,Dumbbells,3,93.38,0.1,252.12,149.73
105159,2024-09-27,East,Electronics,Smartphone,4,293.43,0.2,938.99,610.04
105160,2024-04-12,East,Clothing,Sneakers,1,46.96,0.05,44.61,29.09
105161,2024-12-24,North,Clothing,Sneakers,3,46.65,0.1,125.97,69.37
105162,2024-11-01,East,Electronics,Laptop,2,411.29,0.0,822.58,555.91
105163,2024-08-02,North,Sports,Dumbbells,4,80.85,0.05,307.21,202.53
105164,2024-10-11,East,Home,Cookware,2,79.22,0.1,142.59,83.7
105165,2025-06-11,South,Electronics,Smartphone,5,439.54,0.1,1977.91,1107.16
105166,2024-11-27,East,Home,Vacuum,2,97.34,0.05,184.95,148.78
105167,2024-09-15,North,Beauty,Skincare Set,3,49.17,0.0,147.51,109.79
105168,2024-07-13,East,Beauty,Hair Dryer,3,80.97,0.0,242.91,138.74
105169,2024-04-04,South,Clothing,Jacket,5,70.04,0.0,350.18,228.98
105170,2025-05-10,North,Beauty,Makeup Kit,4,80.97,0.2,259.09,182.97
105171,2025-03-30,West,Home,Cookware,4,83.19,0.15,282.84,211.82
105172,2024-10-22,South,Clothing,Jeans,1,65.8,0.0,65.8,48.61
105173,2025-05-26,West,Beauty,Hair Dryer,4,79.62,0.1,286.62,227.45
105174,2024-12-25,East,Beauty,Skincare Set,1,69.13,0.0,69.13,38.67
105175,2024-10-03,East,Electronics,Laptop,3,262.9,0.05,749.26,526.02
105176,2025-04-04,East,Clothing,Jacket,2,43.73,0.05,83.08,52.99
105177,2024-06-04,North,Clothing,Jeans,3,53.01,0.05,151.07,98.05
105178,2024-09-03,West,Beauty,Skincare Set,2,74.06,0.05,140.71,86.81
105179,2025-06-12,East,Home,Cookware,1,82.04,0.05,77.93,49.7
105180,2024-01-26,South,Beauty,Makeup Kit,1,50.62,0.0,50.62,41.19
105181,2024-08-27,South,Clothing,T-Shirt,3,60.63,0.1,163.71,108.67
105182,2024-02-16,East,Sports,Fitness Watch,5,104.9,0.05,498.28,391.11
105183,2024-07-11,South,Clothing,Jeans,4,68.68,0.0,274.72,206.7
105184,2024-05-13,North,Home,Desk Lamp,3,126.22,0.0,378.65,269.0
105185,2024-07-15,North,Sports,Dumbbells,2,70.07,0.15,119.11,85.72
105186,2024-06-15,South,Beauty,Makeup Kit,3,48.57,0.0,145.7,88.19
105187,2024-06-06,West,Sports,Fitness Watch,5,68.16,0.05,323.75,191.78
105188,2024-11-05,East,Beauty,Makeup Kit,1,47.1,0.0,47.1,30.91
105189,2024-12-01,North,Beauty,Hair Dryer,5,79.4,0.1,357.31,203.54
105190,2024-10-14,West,Home,Vacuum,1,85.13,0.1,76.62,58.09
105191,2024-07-15,East,Beauty,Skincare Set,5,64.36,0.15,273.55,194.76
105192,2025-05-22,South,Home,Coffee Maker,2,107.48,0.1,193.46,123.58
105193,2024-08-25,South,Clothing,Jeans,3,70.88,0.0,212.64,167.16
105194,2024-01-09,South,Home,Cookware,3,75.52,0.0,226.55,160.54
105195,2024-10-29,East,Clothing,Sneakers,4,68.01,0.0,,172.22
105196,2025-01-20,North,Clothing,T-Shirt,3,48.61,0.0,145.83,107.29
105197,2024-01-13,West,Sports,Running Shoes,4,98.87,0.1,355.92,261.7
105198,2024-04-05,North,Sports,Fitness Watch,1,,0.1,94.97,68.46
105199,2024-07-20,South,Clothing,T-Shirt,2,61.14,0.05,116.17,69.51
105200,2024-04-14,North,Sports,Yoga Mat,5,103.76,0.15,440.99,284.62
105201,2025-03-11,South,Beauty,Skincare Set,1,55.05,0.2,44.04,33.18
105202,2025-01-08,North,Electronics,Headphones,3,408.06,0.05,1162.98,640.48
105203,2024-11-17,West,Beauty,Hair Dryer,2,73.51,0.15,124.97,86.12
105204,2024-05-26,North,Home,Desk Lamp,5,108.31,0.05,514.47,318.89
105205,2024-09-14,North,Clothing,Jeans,1,42.55,0.05,40.42,29.21
105206,2024-10-26,South,Home,Desk Lamp,4,87.25,0.1,314.09,214.01
105207,2024-08-11,West,Sports,Running Shoes,5,94.43,0.1,424.92,297.32
105208,2025-03-31,North,Home,Coffee Maker,5,77.49,0.0,387.43,230.03
105209,2024-02-08,North,Clothing,Sneakers,1,58.53,0.05,55.6,37.25
105210,2025-01-12,North,,T-Shirt,5,44.63,0.15,189.68,137.71
105211,2024-10-05,West,Beauty,Skincare Set,4,48.23,0.2,154.34,124.46
105212,2025-02-18,South,Clothing,Jeans,1,60.03,0.2,48.03,31.19
105213,2024-09-11,East,Home,Vacuum,4,103.85,0.05,394.62,295.57
105214,2024-12-11,East,Electronics,Monitor,5,402.43,0.05,1911.54,1259.21
105215,2024-02-22,South,Clothing,Sneakers,5,63.78,0.2,255.12,177.39
105216,2024-02-29,South,Home,Desk Lamp,3,111.77,0.05,318.55,230.78
105217,2024-11-23,North,Beauty,Skincare Set,3,64.89,0.05,184.93,145.76
105218,2024-05-27,West,Clothing,Sneakers,4,48.07,0.1,173.05,137.05
105219,2024-11-17,East,Electronics,Monitor,5,383.18,0.05,1820.11,1028.12
105220,2025-06-26,North,Beauty,Makeup Kit,5,63.19,0.05,300.18,183.81
105221,2024-05-30,East,Beauty,Perfume,5,60.38,0.15,256.61,151.8
105222,2024-07-23,North,Beauty,Hair Dryer,4,52.92,0.1,190.5,125.1
105223,2024-01-24,North,Sports,Fitness Watch,3,75.36,0.15,192.18,108.08
105224,2025-04-07,East,Home,Vacuum,3,95.63,0.2,229.52,185.73
105225,2024-07-10,East,Beauty,Skincare Set,-2,73.72,0.0,294.87,193.85
105226,2025-06-01,West,Sports,Fitness Watch,5,82.47,0.0,412.36,283.39
105227,2025-02-28,North,Clothing,Sneakers,5,62.36,0.1,280.63,162.92
105228,2024-12-01,South,Clothing,T-Shirt,2,44.57,0.1,80.23,52.95
105229,2024-10-13,South,Home,Vacuum,5,126.29,0.0,631.46,360.82
105230,2025-05-21,South,Home,Coffee Maker,3,75.6,0.1,204.13,123.23
105231,2025-02-21,West,Beauty,Perfume,1,75.05,0.05,71.29,44.32
105232,2025-03-22,East,Clothing,Sneakers,1,41.33,0.0,41.33,27.18
105233,2024-04-14,East,Sports,Yoga Mat,3,97.12,0.0,291.36,189.53
105234,2024-06-23,North,Electronics,Smartphone,2,307.03,0.1,552.66,310.01
105235,2024-05-04,North,Clothing,T-Shirt,5,50.96,0.0,254.8,160.11
105236,2024-12-11,East,Home,Coffee Maker,5,109.62,0.1,493.29,343.82
105237,2024-03-09,West,Home,Coffee Maker,5,111.63,0.0,558.13,444.91
105238,2024-05-20,West,Sports,Dumbbells,5,78.34,0.15,332.94,197.65
105239,2024-11-17,West,Home,Cookware,4,72.21,0.1,259.94,179.95
105240,2024-05-24,East,Sports,Running Shoes,2,74.76,0.05,142.04,115.89
105241,2025-02-10,North,Sports,Running Shoes,2,85.92,0.05,163.24,112.06
105242,2024-01-18,South,Clothing,Jeans,1,55.84,0.1,50.25,29.29
105243,2024-03-24,West,Clothing,Jacket,5,54.28,0.15,230.67,181.24
105244,2024-11-12,North,Clothing,T-Shirt,4,61.24,0.05,232.71,179.48
105245,2024-04-19,West,Electronics,Headphones,3,419.53,0.0,1258.6,963.69
105246,2024-01-08,South,Beauty,Hair Dryer,5,67.43,0.05,320.3,177.16
105247,2025-06-18,West,Home,Vacuum,5,104.85,0.0,524.26,383.95
105248,2024-11-10,East,Clothing,Jacket,3,47.56,0.05,135.54,92.81
105249,2025-03-25,South,Sports,Yoga Mat,5,73.07,0.05,347.07,212.5
105250,2024-12-08,North,Beauty,Perfume,3,63.28,0.0,189.83,141.55
105251,2024-04-13,West,Sports,Yoga Mat,1,68.48,0.1,61.63,34.07
105252,2025-04-27,East,Beauty,Perfume,2,71.11,0.1,127.99,102.43
105253,2024-03-31,South,Clothing,Sneakers,4,55.42,0.15,188.41,151.81
105254,2024-08-15,South,Beauty,Hair Dryer,1,70.97,0.0,70.97,55.29
105255,2025-05-28,East,Home,Vacuum,4,90.85,0.1,327.08,220.62
105256,2024-01-31,North,Beauty,Hair Dryer,1,78.89,0.15,67.06,38.94
105257,2024-11-08,South,Home,Vacuum,5,128.23,0.05,609.1,401.21
105258,2025-04-20,West,Beauty,Perfume,5,57.28,0.05,272.08,176.0
105259,2024-10-02,East,Sports,Running Shoes,4,106.64,0.0,426.56,253.7
105260,2024-05-19,South,Beauty,Perfume,3,55.94,0.15,142.64,97.25
105261,2024-07-16,South,Beauty,Makeup Kit,2,72.85,0.1,131.14,87.09
105262,2024-05-15,East,Electronics,Smartphone,5,,0.0,2049.51,1556.34
105263,2024-11-19,West,Sports,Yoga Mat,4,71.84,0.05,273.01,209.43
105264,2024-03-22,South,Clothing,Sneakers,3,65.03,0.15,165.82,121.48
105265,2024-05-12,West,Sports,Fitness Watch,2,100.68,0.1,181.22,133.44
105266,2024-07-05,West,Clothing,Jacket,2,55.35,0.05,105.17,78.48
105267,2024-07-17,East,Home,Desk Lamp,2,112.55,0.15,191.34,107.36
105268,2025-02-18,East,Clothing,Jeans,1,73.79,0.05,70.1,40.12
105269,2024-12-17,North,Electronics,Headphones,2,273.42,0.0,546.84,318.45
105270,2024-06-19,North,Clothing,Jacket,5,63.92,0.05,303.62,167.71
105271,2024-07-27,North,Clothing,Jeans,3,45.55,0.1,122.97,72.95
105272,2025-03-06,North,Clothing,Jacket,5,46.38,0.1,208.7,118.01
105273,2024-08-12,South,Home,Desk Lamp,4,108.21,0.0,432.84,272.65
105274,2025-01-24,East,Electronics,Smartphone,2,269.5,0.1,485.09,280.42
105275,2025-01-10,North,Sports,Dumbbells,1,75.26,0.0,75.26,50.38
105276,2024-01-11,East,Electronics,Smartphone,1,284.05,0.05,269.85,172.86
105277,2024-08-17,North,Sports,Running Shoes,5,68.23,0.0,341.14,250.21
105278,2024-01-13,East,Home,Desk Lamp,4,77.15,0.15,262.32,167.24
105279,2024-02-26,South,Electronics,Monitor,2,345.37,0.1,621.67,386.5
105280,2024-01-23,East,Home,Desk Lamp,4,72.64,0.0,290.57,204.0
105281,2024-08-08,East,Electronics,Headphones,2,441.08,0.05,838.05,536.79
105282,2025-05-30,East,Beauty,Perfume,5,53.97,0.0,269.87,162.07
105283,2025-06-23,South,Home,Cookware,5,95.1,0.05,451.7,248.64
105284,2024-04-20,West,Home,Desk Lamp,3,76.74,0.15,195.69,115.66
105285,2024-06-19,,Electronics,Headphones,1,310.17,0.0,310.17,240.48
105286,2024-02-16,North,Sports,Running Shoes,2,85.7,0.2,137.13,80.26
105287,2024-11-29,South,Clothing,T-Shirt,5,56.04,0.05,266.21,177.12
105288,2025-05-30,North,Beauty,Skincare Set,1,64.02,0.0,64.02,43.34
105289,2025-02-13,North,,Perfume,3,48.93,0.05,139.44,90.38
105290,2025-06-02,West,Sports,Yoga Mat,3,89.3,0.1,241.1,176.12
105291,2024-03-09,East,Clothing,Jeans,5,58.44,0.0,292.2,208.53
105292,2024-03-15,West,Clothing,Jeans,1,44.59,0.2,35.67,20.32
105293,2024-08-02,East,Beauty,Makeup Kit,5,45.28,0.05,215.07,158.1
105294,2024-04-07,North,Clothing,Sneakers,1,69.61,0.15,59.17,36.33
105295,2024-10-25,East,Sports,Dumbbells,5,95.11,0.0,475.54,316.46
105296,2025-03-12,East,Home,Coffee Maker,2,119.58,0.1,215.25,161.37
105297,2025-04-01,South,Sports,Fitness Watch,5,72.37,0.05,343.74,281.27
105298,2024-01-05,North,Sports,Fitness Watch,3,77.27,0.1,208.62,146.11
105299,2025-04-01,North,Clothing,Sneakers,2,57.67,0.0,115.35,88.67
105300,2024-08-14,North,Beauty,Makeup Kit,5,66.88,0.05,317.69,183.74
105301,2025-01-28,South,Beauty,Skincare Set,1,53.83,0.1,48.45,39.55
105302,2024-09-21,South,Electronics,Smartphone,4,396.39,0.1,1427.01,857.35
105303,2025-06-23,South,Beauty,Perfume,3,68.44,0.15,174.53,114.95
105304,2024-09-20,South,Home,Desk Lamp,1,110.82,0.2,88.66,60.68
105305,2024-08-05,East,Clothing,Sneakers,4,65.99,0.15,224.38,143.07
105306,2024-04-28,West,Clothing,Jeans,4,68.39,0.2,218.84,178.01
105307,2024-04-19,West,Clothing,T-Shirt,2,44.84,0.0,89.68,67.72
105308,2024-08-24,North,Electronics,Headphones,4,452.7,0.0,1810.81,1184.94
105309,2025-04-20,North,Sports,Fitness Watch,3,92.93,0.0,278.8,196.94
105310,2024-09-08,South,Sports,Dumbbells,5,103.39,0.15,439.4,294.88
105311,2024-06-06,North,Home,Cookware,5,104.29,0.0,521.45,318.38
105312,2024-10-09,North,Beauty,Perfume,2,75.69,0.05,143.82,79.56
105313,2024-08-31,East,,Skincare Set,5,52.48,0.15,223.02,165.43
105314,2024-09-03,North,Home,Cookware,3,89.52,0.15,228.27,166.43
105315,2024-07-26,East,Home,Cookware,3,81.42,0.2,195.41,142.31
105316,2024-12-20,North,Clothing,Jacket,1,55.77,0.1,50.19,39.31
105317,2025-06-23,South,Electronics,Monitor,2,433.79,0.0,867.57,525.34
105318,2024-09-26,North,Clothing,Jeans,4,61.6,0.1,221.77,135.28
105319,2024-01-15,East,Sports,Running Shoes,4,96.92,0.15,329.54,256.94
105320,2024-07-29,West,Clothing,Sneakers,2,49.47,0.05,93.99,66.21
105321,2025-06-23,East,Beauty,Skincare Set,5,50.19,0.05,238.42,137.56
105322,2025-05-05,South,Sports,Running Shoes,5,65.54,0.1,294.94,167.7
105323,2025-03-02,North,Clothing,T-Shirt,2,64.62,0.1,116.32,68.39
105324,2024-03-02,West,Home,Cookware,3,86.96,0.0,260.89,190.31
105325,2024-06-13,East,Clothing,T-Shirt,1,55.52,0.0,55.52,31.48
105326,2024-11-11,South,Electronics,Headphones,1,313.8,0.15,266.73,167.02
105327,2025-06-29,East,Sports,Fitness Watch,1,76.86,0.1,69.18,47.17
105328,2024-02-06,East,Beauty,Hair Dryer,2,54.17,0.05,102.93,83.87
105329,2024-09-13,North,Clothing,Jacket,5,49.08,0.15,208.59,118.89
105330,2024-02-25,South,Beauty,Hair Dryer,1,62.33,0.0,62.33,38.68
105331,2024-08-10,East,Sports,Yoga Mat,3,107.77,0.15,274.81,216.43
105332,2025-03-02,West,Home,Vacuum,4,96.95,0.0,387.79,312.06
105333,2024-10-30,South,Home,Cookware,1,111.87,0.1,100.68,80.26
105334,2024-08-26,,Sports,Yoga Mat,4,72.28,0.1,260.2,156.51
105335,2024-03-04,West,Electronics,Smartphone,4,469.01,0.05,1782.24,1318.72
105336,2024-04-19,North,Home,Vacuum,5,85.26,0.0,426.29,276.17
105337,2024-09-26,East,Beauty,Perfume,4,55.95,0.1,201.44,154.18
105338,2024-01-18,West,Sports,Yoga Mat,2,90.62,0.05,172.17,136.14
105339,2024-09-11,North,Sports,Running Shoes,1,94.47,0.2,75.58,44.95
105340,2025-04-09,South,Electronics,Smartphone,1,315.93,0.2,252.75,174.21
105341,2024-07-16,East,Clothing,Sneakers,2,50.65,0.1,91.17,53.87
105342,2024-03-03,North,Beauty,Makeup Kit,4,66.71,0.1,240.16,194.31
105343,2024-12-07,North,Electronics,Laptop,2,355.05,0.05,674.59,488.29
105344,2024-02-27,East,Sports,Yoga Mat,2,91.3,0.0,182.6,124.08
105345,2024-08-26,West,Sports,Yoga Mat,4,99.79,0.1,359.24,239.11
105346,2024-06-02,North,Electronics,Monitor,3,359.52,0.0,1078.57,683.04
105347,2024-08-18,East,Clothing,T-Shirt,5,63.71,0.15,270.75,158.13
105348,2024-07-27,North,Beauty,Skincare Set,5,69.86,0.2,279.43,167.34
105349,2025-02-13,West,Home,Cookware,2,105.06,0.15,178.61,122.72
105350,2024-09-26,North,Sports,Yoga Mat,4,68.41,0.05,259.97,201.57
105351,2024-02-26,East,Beauty,Hair Dryer,5,77.43,0.05,367.77,283.59
105352,2024-07-05,North,Sports,Fitness Watch,3,95.51,0.15,243.55,159.88
105353,2025-03-08,East,Clothing,Sneakers,5,70.02,0.1,315.09,202.17
105354,2025-04-19,North,Electronics,Monitor,1,429.79,0.0,429.79,341.43
105355,2025-04-02,South,Home,Desk Lamp,5,105.24,0.0,526.21,321.01
105356,2025-05-15,East,Sports,Fitness Watch,3,98.17,0.15,250.33,144.97
105357,2025-06-19,North,Sports,Running Shoes,3,108.93,0.1,294.12,180.42
105358,2024-01-08,North,Electronics,Smartphone,5,455.05,0.1,2047.72,1258.8
105359,2024-09-02,South,Home,Cookware,5,110.59,0.0,552.93,453.37
105360,2024-10-01,East,Beauty,Perfume,3,55.68,0.1,150.35,114.52
105361,2024-06-17,West,Clothing,Jacket,2,63.86,0.15,108.56,63.72
105362,2025-06-28,North,Clothing,Jeans,1,52.21,0.2,41.77,24.54
105363,2024-04-05,West,Clothing,Sneakers,4,66.98,0.1,241.13,147.12
105364,2024-06-07,South,Beauty,Hair Dryer,1,56.82,0.0,56.82,39.33
105365,2024-08-30,West,Clothing,Jeans,4,73.74,0.0,294.94,221.65
105366,2024-07-03,,Clothing,Jeans,4,67.47,0.1,242.89,147.91
105367,2024-02-24,East,Home,Desk Lamp,5,123.12,0.1,554.03,362.85
105368,2025-01-21,West,Clothing,Sneakers,1,58.32,0.1,52.48,29.32
105369,2024-01-03,South,Home,Cookware,1,108.82,0.05,103.38,76.29
105370,2024-01-06,North,Beauty,Makeup Kit,1,70.62,0.1,63.56,48.28
105371,2025-06-30,North,Home,Desk Lamp,3,97.64,0.0,292.93,223.1
105372,2024-08-11,West,Electronics,Smartphone,2,430.21,0.0,860.43,680.92
105373,2025-03-19,East,Beauty,Makeup Kit,2,66.42,0.1,119.56,76.21
105374,2024-12-13,West,Clothing,Jacket,1,69.59,0.05,66.11,46.44
105375,2024-09-08,East,Clothing,T-Shirt,2,66.6,0.0,133.2,98.0
105376,2024-11-15,South,Clothing,T-Shirt,3,54.22,0.1,146.39,105.58
105377,2024-12-15,East,Electronics,Smartphone,2,319.71,0.05,607.45,471.32
105378,2025-06-05,South,Clothing,Jacket,5,45.92,0.1,206.62,142.69
105379,2025-02-11,South,Sports,Yoga Mat,1,100.33,0.05,95.31,75.52
105380,2024-06-03,South,Clothing,Jeans,2,41.52,0.0,83.04,66.53
105381,2025-03-20,East,Electronics,Laptop,4,268.86,0.15,914.12,506.89
105382,2025-01-14,South,Home,Desk Lamp,4,,0.15,434.24,334.25
105383,2025-02-28,West,Home,Cookware,4,113.48,0.05,431.21,305.44
105384,2025-06-05,North,Electronics,Monitor,3,452.6,0.0,1357.79,1042.61
105385,2024-07-20,South,Sports,Yoga Mat,1,108.11,0.1,97.3,59.0
105386,2024-05-01,North,Sports,Yoga Mat,3,82.17,0.1,221.86,154.01
105387,2024-10-10,South,Clothing,Sneakers,5,70.59,0.0,352.95,227.45
105388,2024-03-05,South,Clothing,Jacket,1,66.24,0.0,66.24,37.46
105389,2024-07-10,North,Home,Coffee Maker,3,80.94,0.2,194.25,149.96
105390,2024-07-03,West,Electronics,Smartphone,3,318.33,0.2,763.99,595.55
105391,2024-04-05,South,Beauty,Skincare Set,3,56.89,0.15,145.08,105.24
105392,2024-10-29,North,Clothing,Jeans,3,57.62,0.05,164.22,106.77
105393,2024-05-20,South,Clothing,T-Shirt,5,47.93,0.0,239.65,191.89
105394,2024-09-18,West,Home,Coffee Maker,1,78.9,0.0,78.9,58.61
105395,2024-05-10,East,Home,Coffee Maker,3,123.01,0.1,332.13,195.96
105396,2025-01-06,North,Beauty,Makeup Kit,1,70.82,0.1,63.74,42.69
105397,2024-03-30,East,,T-Shirt,4,73.4,0.15,249.55,199.22
105398,2024-03-08,East,Clothing,Jeans,5,49.41,0.1,222.35,130.4
105399,2025-01-06,North,Home,Desk Lamp,2,116.86,0.0,233.71,157.17
105400,2025-04-12,East,Home,Cookware,5,93.85,0.1,422.31,330.18
105401,2025-03-11,East,Home,Vacuum,3,104.35,0.2,250.45,143.35
105402,2024-08-10,East,Clothing,Sneakers,4,67.22,0.05,255.42,181.74
105403,2025-06-15,West,Electronics,Smartphone,2,457.94,0.0,915.88,694.26
105404,2025-02-20,South,Home,Vacuum,2,106.95,0.05,203.21,154.84
105405,2024-04-18,North,Clothing,Sneakers,3,42.19,0.05,120.24,74.06
105406,2024-07-11,East,Sports,Running Shoes,3,109.83,0.1,296.55,217.92
105407,2024-01-25,East,Electronics,Smartphone,4,425.72,0.0,1702.9,1252.2
105408,2025-01-25,South,Electronics,Monitor,5,357.91,0.2,1431.65,908.46
105409,2024-11-14,South,Clothing,Jacket,4,56.7,0.2,181.44,124.9
105410,2024-07-07,East,Sports,Running Shoes,2,74.45,0.1,134.01,109.21
105411,2024-02-25,South,,Sneakers,3,49.38,0.05,140.72,94.05
105412,2025-05-26,East,Clothing,Sneakers,4,66.58,0.2,213.06,145.97
105413,2024-04-08,East,Electronics,Monitor,5,339.96,0.0,1699.81,1106.62
105414,2024-07-19,South,Home,Vacuum,1,93.9,0.1,84.51,54.5
105415,2024-12-29,East,Sports,Yoga Mat,2,79.53,0.0,159.05,90.05
105416,2024-06-11,South,,Cookware,5,78.17,0.1,351.75,240.9
105417,2024-03-18,West,Home,Vacuum,2,90.44,0.0,180.87,119.59
105418,2024-04-25,West,Clothing,T-Shirt,5,47.49,0.15,201.83,165.25
105419,2024-10-10,North,Sports,Dumbbells,1,90.4,0.05,85.88,51.87
105420,2024-01-28,South,Clothing,Jacket,5,58.37,0.0,291.87,178.99
105421,2024-02-04,West,Home,Cookware,2,124.11,0.15,210.98,139.25
105422,2025-05-08,South,Clothing,Sneakers,4,49.63,0.15,168.76,102.43
105423,2024-07-09,East,Home,Cookware,1,84.16,0.05,79.95,44.55
105424,2024-07-11,South,Sports,Fitness Watch,4,73.45,0.05,279.11,205.62
105425,2024-05-14,North,Sports,Fitness Watch,1,89.45,0.0,89.45,61.13
105426,2024-01-15,North,Electronics,Smartphone,5,367.68,0.0,1838.42,1141.33
105427,2024-06-03,East,Beauty,Skincare Set,1,45.39,0.15,38.58,30.39
105428,2025-04-16,North,Clothing,Jacket,3,64.83,0.1,175.03,110.05
105429,2024-12-24,East,Sports,Fitness Watch,1,86.59,0.05,82.26,61.44
105430,2024-05-29,North,Home,Cookware,4,77.28,0.0,309.14,176.45
105431,2024-04-22,East,Electronics,Monitor,2,376.56,0.2,602.5,362.38
105432,2024-05-26,East,Electronics,Laptop,4,446.48,0.1,1607.33,939.41
105433,2024-05-13,West,Clothing,Sneakers,2,55.63,0.0,111.26,75.07
105434,2025-04-09,South,Electronics,Laptop,2,466.38,0.15,792.85,577.95
105435,2025-02-19,North,Electronics,Laptop,5,277.15,0.0,1385.75,1062.66
105436,2024-10-01,South,Home,Coffee Maker,3,115.95,0.15,295.67,173.19
105437,2024-07-22,East,Electronics,Monitor,1,374.29,0.15,318.14,214.1
105438,2025-01-11,West,Home,Cookware,3,107.04,0.1,289.01,164.77
105439,2024-07-29,North,Electronics,Headphones,5,403.33,0.0,2016.67,1436.78
105440,2024-06-11,South,Home,Cookware,1,75.57,0.05,71.79,49.36
105441,2025-05-06,North,Sports,Fitness Watch,4,78.79,0.0,315.15,191.75
105442,2024-09-17,West,Clothing,T-Shirt,5,42.29,0.15,179.71,113.69
105443,2025-02-07,East,Sports,Running Shoes,5,106.1,0.15,450.93,353.49
105444,2024-03-14,South,Electronics,Headphones,4,386.07,0.1,1389.84,1065.09
105445,2024-01-24,West,Clothing,Jeans,3,60.47,0.0,181.42,141.9
105446,2024-05-21,South,Beauty,Hair Dryer,4,64.64,0.05,245.64,171.36
105447,2025-05-26,North,Electronics,Smartphone,4,265.9,0.0,1063.59,870.54
105448,2024-06-27,South,Sports,Dumbbells,4,78.07,0.1,281.05,224.46
105449,2024-08-15,West,Clothing,T-Shirt,4,57.37,0.05,217.99,130.36
105450,2024-12-29,West,Clothing,Jeans,2,46.29,0.0,92.58,58.17
105451,2025-02-21,South,Home,Vacuum,1,89.78,0.05,85.3,58.42
105452,2025-05-01,South,Electronics,Monitor,1,404.59,0.1,364.13,272.06
105453,2025-01-23,East,Clothing,T-Shirt,3,48.47,0.0,145.4,91.96
105454,2024-04-10,East,Beauty,Makeup Kit,4,68.3,0.1,245.89,179.19
105455,2024-04-18,North,Clothing,Jeans,5,44.12,0.05,209.58,118.95
105456,2024-06-06,North,Sports,Yoga Mat,2,74.49,0.1,134.08,94.77
105457,2024-09-22,South,Sports,Dumbbells,5,71.93,0.0,359.65,273.64
105458,2025-03-05,North,Clothing,Jeans,1,44.0,0.2,35.2,21.71
105459,2025-06-24,South,Clothing,T-Shirt,1,47.6,0.05,45.22,33.46
105460,2025-05-21,West,Clothing,Jeans,1,48.7,0.05,46.26,26.18
105461,2025-03-02,South,Home,Vacuum,5,112.41,0.05,533.96,363.64
105462,2024-06-17,West,Clothing,Sneakers,2,60.23,0.1,108.42,67.51
105463,2024-02-23,South,Electronics,Laptop,5,338.64,0.05,1608.55,1219.45
105464,2025-02-03,South,Clothing,Jeans,4,55.26,0.05,210.0,121.95
105465,2025-06-25,East,Sports,Yoga Mat,4,113.51,0.05,431.33,289.66
105466,2025-02-06,West,Sports,Fitness Watch,4,76.34,0.0,305.37,186.62
105467,2024-09-30,West,Electronics,Monitor,1,359.11,0.0,359.11,227.22
105468,2025-05-22,East,Home,Vacuum,2,103.06,0.2,164.9,124.1
105469,2025-04-10,West,Electronics,Monitor,2,290.45,0.1,522.81,350.7
105470,2025-02-14,West,Clothing,Jeans,1,55.98,0.05,53.18,30.96
105471,2024-02-25,North,Sports,Yoga Mat,4,70.7,0.0,282.82,188.88
105472,2024-06-28,West,Electronics,Smartphone,5,298.44,0.15,1268.36,920.7
105473,2024-06-15,East,Home,Vacuum,5,93.15,0.2,372.62,212.27
105474,2024-04-09,West,Electronics,Monitor,1,279.43,0.0,279.43,162.54
105475,2024-08-22,South,Sports,Running Shoes,4,71.69,0.0,286.76,194.13
105476,2025-01-29,East,Sports,Running Shoes,5,87.93,0.15,373.72,275.09
105477,2024-03-19,North,Electronics,Monitor,5,399.5,0.0,1997.51,1524.29
105478,2024-04-19,West,Home,Desk Lamp,1,78.86,0.1,70.98,53.89
105479,2024-08-13,North,Electronics,Headphones,4,392.36,0.05,1490.96,1010.9
105480,2024-01-01,South,Sports,Fitness Watch,2,72.89,0.1,131.2,89.06
105481,2025-05-17,West,Home,Coffee Maker,5,128.0,0.0,640.02,459.76
105482,2024-02-20,West,Home,Coffee Maker,1,110.54,0.2,88.43,61.0
105483,2025-06-23,East,Electronics,Monitor,5,342.85,0.05,1628.53,1094.18
105484,2024-05-15,East,Clothing,Jacket,5,64.51,0.15,274.16,199.0
105485,2024-08-22,North,Clothing,T-Shirt,5,54.28,0.05,257.83,204.71
105486,2025-06-23,West,Electronics,Smartphone,5,312.79,0.1,1407.54,1145.37
105487,2024-07-22,South,Clothing,Jeans,3,71.9,0.05,204.92,132.46
105488,2025-06-01,East,Beauty,Skincare Set,2,72.96,0.05,138.63,99.33
105489,2025-03-11,West,Sports,Running Shoes,4,89.08,0.1,320.68,226.23
105490,2025-03-23,,Clothing,Jeans,2,66.92,0.1,120.46,68.17
105491,2024-12-28,East,Electronics,Laptop,4,438.48,0.05,1666.23,1073.29
105492,2024-04-06,East,Electronics,Monitor,2,285.93,0.2,457.48,304.95
105493,2025-03-15,East,Home,Vacuum,2,89.7,0.1,161.47,130.48
105494,2024-04-20,South,Clothing,Jeans,4,54.83,0.0,219.33,126.16
105495,2024-06-16,North,Electronics,Smartphone,4,338.28,0.1,1217.79,723.09
105496,2024-11-29,North,Clothing,Sneakers,1,51.03,0.0,51.03,33.51
105497,2025-02-02,West,Sports,Running Shoes,4,105.28,0.05,400.08,271.11
105498,2024-10-28,West,Sports,Fitness Watch,2,106.07,0.1,190.93,135.57
105499,2024-11-03,West,Electronics,Headphones,1,467.23,0.0,467.23,298.7
105500,2025-06-29,West,Sports,Dumbbells,3,66.1,0.0,198.3,116.55
105501,2024-05-09,South,Beauty,Perfume,4,56.27,0.0,225.08,173.63
105502,2024-11-30,North,Sports,Yoga Mat,4,79.92,0.1,287.7,226.25
105503,2024-03-11,South,Home,Desk Lamp,4,102.11,0.15,347.16,199.77
105504,2024-09-01,North,Sports,Dumbbells,2,64.15,0.15,109.05,86.99
105505,2024-08-29,East,Electronics,Headphones,2,418.74,0.2,669.98,412.08
105506,2025-04-08,North,Beauty,Makeup Kit,3,73.35,0.1,198.04,150.46
105507,2024-01-19,West,Home,Desk Lamp,2,72.37,0.0,,100.21
105508,2025-06-04,East,Clothing,Sneakers,3,68.74,0.05,195.91,120.98
105509,2024-05-24,East,Clothing,T-Shirt,4,63.78,0.15,216.86,140.8
105510,2025-03-08,South,Clothing,Jacket,3,52.57,0.0,157.72,109.72
105511,2025-01-22,East,Home,Vacuum,5,73.71,0.15,313.26,254.76
105512,2024-02-11,South,Home,Desk Lamp,2,101.5,0.2,162.4,128.61
105513,2024-11-29,West,Sports,Yoga Mat,5,81.64,0.05,387.8,310.8
105514,2025-05-12,North,Sports,Fitness Watch,4,98.49,0.1,354.58,229.2
105515,2025-06-14,West,Home,Cookware,5,85.16,0.0,425.82,341.77
105516,2024-05-16,South,Beauty,Hair Dryer,5,64.38,0.05,305.79,217.1
105517,2025-04-05,South,Electronics,Headphones,3,410.43,0.1,1108.16,612.88
105518,2025-06-22,West,Clothing,Jacket,2,58.36,0.2,93.38,75.06
105519,2025-05-16,West,Electronics,Monitor,1,438.09,0.0,438.09,334.04
105520,2025-03-23,South,Clothing,Sneakers,1,71.73,0.1,64.56,47.45
105521,2024-02-10,West,Beauty,Perfume,2,61.25,0.05,116.38,83.43
105522,2025-02-21,West,Sports,Yoga Mat,3,93.37,0.0,280.12,173.38
105523,2024-08-17,West,Beauty,Makeup Kit,2,47.07,0.1,84.72,66.45
105524,2024-06-03,East,Electronics,Laptop,3,397.16,0.0,1191.47,784.45
105525,2025-03-29,East,Sports,Dumbbells,1,90.14,0.15,76.62,51.6
105526,2025-02-06,West,Sports,Fitness Watch,1,74.76,0.0,74.76,57.6
105527,2024-01-02,North,Electronics,Smartphone,1,433.63,0.0,433.63,299.31
105528,2024-12-04,North,Sports,Yoga Mat,2,64.05,0.1,115.29,78.06
105529,2024-07-01,North,Clothing,T-Shirt,5,54.17,0.0,270.87,202.31
105530,2024-02-29,North,Home,Coffee Maker,2,75.12,0.1,135.22,80.57
105531,2024-07-02,South,Clothing,Jeans,1,66.08,0.2,52.86,37.93
105532,2024-04-02,West,Electronics,Smartphone,3,406.02,0.05,1157.15,721.44
105533,2024-12-27,West,Home,Coffee Maker,1,87.07,0.05,82.71,49.02
105534,2024-12-21,North,Clothing,Jeans,5,50.06,0.0,250.29,142.41
105535,2024-06-15,East,Home,Desk Lamp,4,80.1,0.15,272.33,209.3
105536,2024-12-28,North,Beauty,Hair Dryer,1,64.33,0.1,57.9,33.75
105537,2024-10-27,West,Electronics,Smartphone,3,364.01,0.2,873.61,594.57
105538,2025-04-26,South,Clothing,Sneakers,3,66.35,0.1,179.16,114.23
105539,2024-10-29,East,Beauty,Makeup Kit,2,47.26,0.1,85.07,65.87
105540,2024-04-02,East,Electronics,Laptop,4,315.24,0.0,1260.96,728.91
105541,2024-01-16,West,Sports,Dumbbells,3,77.2,0.1,208.45,138.51
105542,2024-02-10,South,Clothing,T-Shirt,3,71.16,0.1,192.13,110.03
105543,2025-04-05,East,Electronics,Monitor,5,289.47,0.0,1447.34,1151.32
105544,2025-04-09,East,Home,Coffee Maker,2,92.21,0.05,175.19,99.88
105545,2025-05-27,West,Electronics,Smartphone,1,268.55,0.0,268.55,193.31
105546,2025-01-29,West,Home,Vacuum,4,118.97,0.15,404.5,232.9
105547,2025-04-13,South,Sports,Dumbbells,4,109.49,0.1,394.17,262.73
105548,2024-06-26,North,Sports,Dumbbells,2,71.75,0.15,121.97,67.22
105549,2024-01-31,West,Electronics,Headphones,3,417.42,0.0,1252.27,957.56
105550,2024-09-07,West,Clothing,Jacket,1,60.54,0.0,60.54,33.56
105551,2024-04-04,South,Beauty,Makeup Kit,3,55.39,0.05,157.86,116.77
105552,2025-02-19,West,Clothing,T-Shirt,5,60.77,0.0,303.84,180.02
105553,2024-08-03,East,Clothing,Jacket,5,64.13,0.0,320.66,242.23
105554,2025-05-13,East,Home,Desk Lamp,5,85.59,0.0,427.95,327.5
105555,2024-12-23,South,Beauty,Skincare Set,4,56.34,0.0,225.37,168.4
105556,2024-01-25,East,Electronics,Monitor,5,299.32,0.1,1346.94,1038.66
105557,2024-02-16,East,Clothing,Sneakers,3,42.3,0.05,120.55,81.86
105558,2024-05-09,North,Clothing,Sneakers,5,44.15,0.1,198.65,120.99
105559,2025-06-08,North,Electronics,Monitor,4,472.04,0.15,1604.93,1068.43
105560,2024-04-16,West,Clothing,T-Shirt,3,68.95,0.0,206.85,139.03
105561,2024-06-20,East,Home,Vacuum,5,91.66,0.1,412.45,300.33
105562,2024-04-23,West,Sports,Fitness Watch,5,92.34,0.0,461.69,303.0
105563,2024-02-18,West,Sports,Dumbbells,5,75.45,0.05,358.39,236.39
105564,2024-08-26,South,Home,Desk Lamp,5,85.57,0.05,406.46,299.43
105565,2024-12-21,North,Beauty,Skincare Set,2,64.42,0.1,115.95,81.89
105566,2024-09-26,East,Clothing,T-Shirt,5,63.39,0.0,316.96,216.12
105567,2024-07-13,North,Clothing,Sneakers,3,55.86,0.1,150.83,87.83
105568,2025-02-24,West,Clothing,Jacket,5,63.18,0.1,284.32,213.18
105569,2024-04-14,West,Clothing,T-Shirt,4,59.17,0.2,189.33,128.8
105570,2024-12-14,West,Electronics,Headphones,3,465.6,0.05,1326.95,950.19
105571,2025-01-05,South,Home,Desk Lamp,4,76.79,0.05,291.79,230.71
105572,2024-05-29,East,Sports,Dumbbells,3,71.3,0.2,171.13,97.88
105573,2024-02-22,East,Clothing,T-Shirt,5,54.08,0.1,243.36,190.64
105574,2025-04-12,South,Home,Desk Lamp,3,92.52,0.0,277.56,219.94
105575,2024-09-07,South,Home,Coffee Maker,1,110.9,0.0,110.9,90.49
105576,2025-04-11,North,Electronics,Headphones,3,406.06,0.05,1157.26,638.98
105577,2025-06-19,East,Sports,Yoga Mat,2,99.17,0.1,178.5,99.72
105578,2024-11-23,West,Electronics,Monitor,3,368.55,0.0,1105.65,631.87
105579,2024-10-08,North,Sports,Yoga Mat,2,64.85,0.0,,88.06
105580,2025-01-29,South,Sports,Dumbbells,5,108.59,0.05,515.82,352.75
105581,2025-01-31,North,Beauty,Skincare Set,5,80.87,0.2,323.47,238.12
105582,2024-03-20,North,Home,Cookware,1,75.43,0.2,60.34,47.11
105583,2024-09-24,East,Electronics,Headphones,5,455.28,0.15,1934.93,1107.6
105584,2024-04-16,South,Clothing,Sneakers,5,53.42,0.0,267.11,159.5
105585,2024-09-25,East,Sports,Yoga Mat,5,82.5,0.05,391.87,215.53
105586,2024-04-13,South,Home,Desk Lamp,3,97.18,0.0,291.54,164.19
105587,2024-09-05,East,Beauty,Skincare Set,3,65.46,0.0,196.37,160.8
105588,2025-06-17,West,Sports,Dumbbells,5,114.09,0.0,570.43,337.61
105589,2024-10-11,West,Electronics,Laptop,2,274.78,0.2,439.64,287.81
105590,2025-02-13,North,Electronics,Smartphone,4,303.88,0.0,1215.51,966.07
105591,2024-10-12,West,Electronics,Headphones,1,414.71,0.1,373.24,222.94
105592,2025-04-09,West,Clothing,T-Shirt,5,64.25,0.0,321.26,211.9
105593,2025-01-22,West,Clothing,Sneakers,2,59.51,0.1,107.11,81.04
105594,2024-10-09,West,Beauty,Makeup Kit,2,66.2,0.1,119.17,81.76
105595,2024-08-06,South,Electronics,Headphones,3,386.09,0.1,1042.43,588.37
105596,2024-02-29,South,Clothing,Jeans,2,73.41,0.1,132.13,74.3
105597,2025-04-19,South,Sports,Yoga Mat,2,77.01,0.15,130.92,79.18
105598,2025-04-21,East,Sports,Running Shoes,3,68.02,0.1,183.66,141.95
105599,2024-02-29,West,Sports,Dumbbells,4,100.7,0.05,382.67,231.48
105600,2024-09-05,West,Sports,Yoga Mat,2,113.75,0.05,216.12,175.47
105601,2024-01-22,North,Electronics,Smartphone,3,281.93,0.1,761.2,423.2
105602,2024-01-05,South,Home,Coffee Maker,1,84.34,0.2,67.47,49.49
105603,2024-11-19,East,Home,Coffee Maker,3,81.99,0.05,233.66,162.43
105604,2024-01-22,South,Clothing,Jeans,3,57.75,0.1,155.92,117.49
105605,2025-04-16,West,Electronics,Smartphone,5,336.78,0.0,1683.89,1068.93
105606,2024-11-17,South,Sports,Dumbbells,5,73.04,0.0,365.21,267.46
105607,2025-05-06,West,Electronics,Laptop,1,348.39,0.1,313.55,182.4
105608,2024-07-05,West,Home,Coffee Maker,5,80.06,0.05,380.27,258.93
105609,2024-08-07,North,Home,Desk Lamp,5,120.87,0.15,513.7,306.57
105610,2024-12-23,North,Beauty,Hair Dryer,1,80.89,0.0,80.89,61.19
105611,2025-01-14,North,Clothing,T-Shirt,3,44.24,0.1,119.46,92.08
105612,2024-10-17,East,Electronics,Smartphone,2,404.67,0.05,768.87,576.96
105613,2024-10-29,East,Sports,Running Shoes,5,73.33,0.1,330.0,209.72
105614,2025-06-12,West,Clothing,T-Shirt,5,47.92,0.1,215.65,123.82
105615,2025-02-24,East,Sports,Yoga Mat,4,89.21,0.1,321.15,184.73
105616,2024-06-17,East,Home,Cookware,1,121.25,0.15,103.06,65.71
105617,2024-02-16,East,Sports,Yoga Mat,2,66.22,0.0,132.43,102.71
105618,2024-02-28,North,Sports,Yoga Mat,3,112.19,0.0,336.57,225.44
105619,2024-09-12,North,Home,Desk Lamp,3,92.51,0.0,277.54,180.9
105620,2024-07-15,North,Home,Vacuum,1,108.7,0.2,86.96,56.17
105621,2024-05-12,North,Sports,Running Shoes,4,65.96,0.1,237.45,193.31
105622,2024-01-07,East,,Fitness Watch,2,96.25,0.05,182.88,102.68
105623,2025-02-09,West,Home,Vacuum,1,,0.05,80.2,63.31
105624,2024-06-30,East,Clothing,Jacket,4,51.17,0.05,194.46,128.35
105625,2024-12-27,West,Beauty,Makeup Kit,4,60.9,0.1,219.26,124.01
105626,2024-06-01,North,Home,Coffee Maker,1,106.4,0.0,106.4,76.02
105627,2025-04-06,East,Sports,Running Shoes,1,96.58,0.1,86.92,59.5
105628,2024-08-25,East,Beauty,Skincare Set,2,74.17,0.2,118.68,93.34
105629,2024-02-21,South,Home,Coffee Maker,5,77.73,0.0,388.64,315.61
105630,2024-04-06,South,Clothing,T-Shirt,1,52.31,0.0,52.31,30.1
105631,2024-07-15,North,Electronics,Laptop,2,402.3,0.0,804.6,568.56
105632,2025-05-28,South,Sports,Running Shoes,1,82.92,0.15,70.48,48.6
105633,2024-06-22,West,Clothing,T-Shirt,3,71.21,0.0,213.64,117.94
105634,2024-04-07,North,Electronics,Headphones,1,463.13,0.1,416.81,337.33
105635,2024-04-03,West,Home,Vacuum,2,122.39,0.15,208.06,156.79
105636,2024-06-18,East,Clothing,Sneakers,1,67.42,0.05,64.05,44.43
105637,2024-04-09,,Electronics,Monitor,3,405.42,0.0,1216.25,779.6
105638,2024-10-24,,Beauty,Hair Dryer,1,69.21,0.0,69.21,52.98
105639,2024-12-22,West,Clothing,Jacket,2,43.9,0.0,87.8,48.57
105640,2025-01-04,East,Electronics,Headphones,1,302.51,0.1,272.26,165.38
105641,2024-04-30,West,Electronics,Smartphone,3,456.48,0.15,1164.03,942.3
105642,2024-06-24,North,Home,Desk Lamp,1,102.25,0.1,92.03,75.0
105643,2024-06-14,East,Electronics,Headphones,5,410.67,0.1,1848.01,1226.22
105644,2025-03-26,North,Electronics,Headphones,5,338.81,0.1,1524.64,1181.96
105645,2025-05-30,South,Beauty,Skincare Set,3,46.98,0.15,119.79,82.41
105646,2025-01-24,West,Beauty,Perfume,4,53.12,0.1,191.21,145.42
105647,2024-03-03,South,Clothing,Jacket,2,58.03,0.0,116.05,87.36
105648,2025-03-31,East,Clothing,Jeans,3,45.14,0.1,-13.32,77.96
105649,2025-04-15,East,Electronics,Smartphone,2,457.56,0.0,915.11,633.22
105650,2025-06-19,East,Beauty,Makeup Kit,1,47.07,0.0,47.07,37.98
105651,2024-02-22,North,Electronics,Headphones,4,355.59,0.15,1209.0,777.14
105652,2025-02-19,East,Home,Vacuum,4,106.58,0.0,426.32,249.84
105653,2024-05-23,East,Home,Cookware,4,125.76,0.05,477.87,333.58
105654,2025-06-19,South,Beauty,Makeup Kit,4,73.91,0.15,251.28,146.12
105655,2025-02-23,North,Electronics,Headphones,2,287.33,0.05,545.94,377.74
105656,2024-06-01,South,Clothing,Jeans,3,59.89,0.0,179.66,117.68
105657,2025-04-29,North,Beauty,Hair Dryer,5,69.72,0.05,331.16,264.82
105658,2024-09-07,East,Electronics,Headphones,4,268.46,0.05,1020.15,766.25
105659,2024-07-23,South,Home,Cookware,4,124.34,0.1,447.62,303.08
105660,2024-06-08,South,Clothing,Jeans,4,60.04,0.05,228.15,154.73
105661,2024-09-19,East,Home,Vacuum,4,104.72,0.15,356.06,269.15
105662,2024-02-29,East,Beauty,Makeup Kit,2,74.81,0.05,142.14,78.95
105663,2025-06-26,North,Clothing,T-Shirt,2,63.22,0.0,126.43,72.26
105664,2024-05-20,East,Electronics,Smartphone,5,430.05,0.05,2042.72,1198.77
105665,2024-10-14,South,Clothing,Sneakers,5,49.86,0.05,236.81,143.73
105666,2024-11-08,South,Clothing,Jeans,1,72.08,0.1,64.87,47.17
105667,2024-01-04,South,Home,Cookware,5,126.39,0.15,537.15,316.61
105668,2024-05-06,East,Home,Cookware,2,96.65,0.05,183.64,139.72
105669,2025-05-04,North,Sports,Yoga Mat,3,74.42,0.05,212.1,146.17
105670,2024-12-24,South,Clothing,Sneakers,1,59.25,0.1,53.33,37.88
105671,2024-10-26,East,Electronics,Smartphone,1,459.1,0.0,459.1,311.48
105672,2024-01-25,North,Home,Vacuum,3,119.31,0.0,357.94,241.46
105673,2025-01-03,West,Clothing,Sneakers,5,72.87,0.0,364.35,244.32
105674,2024-02-10,North,Clothing,Jeans,3,41.64,0.05,118.68,94.51
105675,2024-03-04,North,Sports,Fitness Watch,4,84.73,0.0,338.92,276.18
105676,2025-04-30,West,Beauty,Makeup Kit,4,55.43,0.0,221.73,162.74
105677,2024-01-08,West,Home,Desk Lamp,5,86.82,0.05,412.38,292.76
105678,2024-01-29,South,Clothing,Jeans,2,49.35,0.05,93.76,64.25
105679,2024-03-06,North,Beauty,Perfume,5,57.31,0.05,272.21,176.86
105680,2024-09-08,East,Clothing,Sneakers,3,63.75,0.1,172.13,122.58
105681,2025-01-01,South,Clothing,Jeans,1,66.85,0.0,66.85,47.18
105682,2024-08-14,West,Beauty,Skincare Set,2,51.46,0.0,102.92,67.43
105683,2024-06-16,South,Electronics,Smartphone,4,400.46,0.2,1281.48,982.56
105684,2024-01-11,West,Home,Vacuum,4,109.53,0.1,394.32,305.01
105685,2024-01-27,East,Clothing,Sneakers,3,72.55,0.0,217.66,160.93
105686,2024-07-20,,Clothing,Sneakers,4,51.16,0.05,194.39,110.76
105687,2024-07-17,West,Beauty,Skincare Set,2,73.06,0.1,131.5,86.56
105688,2024-12-25,South,Clothing,Jacket,2,50.86,0.15,86.47,64.07
105689,2024-01-20,South,Home,Cookware,4,76.89,0.05,292.18,198.21
105690,2024-09-01,East,Clothing,Sneakers,5,46.29,0.0,231.47,171.34
105691,2024-11-07,North,Home,Cookware,3,76.48,0.15,195.03,132.61
105692,2025-05-26,West,Home,Vacuum,5,86.63,0.15,368.19,262.12
105693,2024-03-09,South,Sports,Yoga Mat,3,101.31,0.1,273.54,174.13
105694,2024-09-18,East,Clothing,Jeans,1,62.92,0.1,56.63,38.7
105695,2025-03-23,,Electronics,Headphones,3,462.85,0.0,1388.54,953.93
105696,2024-05-06,South,Beauty,Skincare Set,2,50.76,0.0,101.52,64.85
105697,2025-06-05,North,Beauty,Perfume,1,45.86,0.1,41.27,24.58
105698,2024-04-13,East,Clothing,Sneakers,4,42.29,0.05,160.71,116.58
105699,2025-04-29,North,Beauty,Perfume,4,69.35,0.0,277.4,183.56
105700,2025-05-18,South,Home,Cookware,5,82.44,0.05,391.58,239.27
105701,2025-01-24,North,Electronics,Monitor,4,294.48,0.1,1060.11,643.2
105702,2024-06-29,East,Beauty,Hair Dryer,1,72.48,0.1,65.23,42.16
105703,2024-12-25,East,Electronics,Laptop,5,393.99,0.0,1969.93,1194.33
105704,2025-03-18,East,Clothing,Sneakers,2,59.96,0.0,119.93,97.67
105705,2025-02-11,South,Beauty,Perfume,2,74.52,0.2,119.23,82.83
105706,2024-07-20,East,Beauty,Hair Dryer,3,80.35,0.05,228.99,137.71
105707,2024-11-04,East,Home,Vacuum,1,85.65,0.1,77.09,49.69
105708,2024-04-21,West,Clothing,T-Shirt,1,66.48,0.0,66.48,51.68
105709,2024-03-09,South,Sports,Dumbbells,5,108.59,0.0,542.93,385.6
105710,2024-08-17,South,Electronics,Headphones,5,295.5,0.05,1403.63,875.64
105711,2025-05-27,East,Clothing,Jacket,5,67.7,0.05,321.59,189.98
105712,2024-07-11,East,Home,Cookware,2,76.51,0.0,153.03,101.67
105713,2024-11-10,East,Electronics,Monitor,3,276.09,0.15,704.04,542.39
105714,2024-06-13,South,Electronics,Headphones,4,393.06,0.0,1572.24,1255.41
105715,2025-02-05,North,Sports,Running Shoes,5,79.58,0.15,338.2,191.5
105716,2025-02-06,West,Home,Vacuum,2,82.4,0.0,164.8,134.09
105717,2024-02-27,North,Sports,Fitness Watch,1,97.21,0.0,97.21,54.58
105718,2024-01-30,North,Sports,Running Shoes,4,80.75,0.15,274.56,161.23
105719,2025-04-03,East,Electronics,Monitor,4,297.81,0.05,1131.66,887.94
105720,2024-03-31,South,Clothing,Jacket,4,55.34,0.05,210.28,160.16
105721,2024-05-22,West,Clothing,Jeans,5,67.42,0.1,303.38,239.66
105722,2024-06-02,East,Home,Desk Lamp,4,100.24,0.15,340.81,218.53
105723,2024-03-20,,Sports,Fitness Watch,5,70.4,0.05,334.42,261.34
105724,2024-06-02,West,Beauty,Skincare Set,2,67.72,0.1,121.9,78.53
105725,2024-10-17,East,Beauty,Hair Dryer,3,47.34,0.2,113.63,81.52
105726,2025-01-24,West,Electronics,Headphones,2,284.51,0.2,455.21,250.56
105727,2024-07-26,West,Beauty,Hair Dryer,2,51.81,0.05,98.44,65.03
105728,2024-02-25,North,Electronics,Monitor,5,342.1,0.0,1710.51,992.68
105729,2024-11-27,North,Clothing,Jacket,4,53.99,0.05,205.14,119.31
105730,2024-08-31,East,Electronics,Monitor,1,376.47,0.1,338.83,227.77
105731,2025-05-07,East,Beauty,Makeup Kit,4,74.63,0.0,298.54,181.68
105732,2024-05-03,North,Clothing,Jeans,2,69.0,0.1,124.2,76.43
105733,2024-09-29,North,Clothing,Jeans,4,54.87,0.1,197.55,156.6
105734,2024-03-27,East,Sports,Fitness Watch,5,81.67,0.1,367.52,261.83
105735,2025-06-29,South,Home,Vacuum,1,84.11,0.15,71.49,57.89
105736,2024-04-20,South,Beauty,Skincare Set,1,70.78,0.0,70.78,49.13
105737,2024-05-19,East,Clothing,Jeans,2,71.05,0.1,127.9,103.69
105738,2024-05-03,West,Clothing,T-Shirt,4,70.77,0.1,254.78,164.76
105739,2024-04-27,North,Beauty,Perfume,5,54.9,0.15,233.33,159.46
105740,2024-08-30,North,Clothing,T-Shirt,2,65.56,0.1,118.01,94.87
105741,2024-11-06,West,Home,Coffee Maker,2,78.65,0.05,149.43,106.84
105742,2024-06-08,South,Electronics,Smartphone,3,443.39,0.15,1130.65,777.99
105743,2024-08-18,West,Clothing,Sneakers,2,42.9,0.05,81.52,45.71
105744,2025-05-17,West,Clothing,Jacket,1,47.39,0.15,40.28,28.23
105745,2025-06-02,South,Beauty,Skincare Set,2,49.59,0.1,89.26,72.27
105746,2024-04-16,North,Electronics,Laptop,3,397.18,0.05,,722.99
105747,2025-04-21,East,Sports,Fitness Watch,4,102.55,0.1,369.18,266.08
105748,2024-05-24,West,Sports,Yoga Mat,1,99.13,0.05,94.18,64.49
105749,2024-06-27,North,Electronics,Monitor,4,277.99,0.0,1111.97,771.74
105750,2025-04-23,South,Electronics,Smartphone,4,428.18,0.0,1712.71,1214.91
105751,2024-07-01,East,Home,Desk Lamp,1,102.82,0.1,92.53,71.55
105752,2024-03-04,West,Clothing,Jacket,1,68.12,0.15,57.91,37.8
105753,2024-04-28,West,Electronics,Smartphone,3,264.6,0.0,793.79,578.77
105754,2025-04-09,West,Electronics,Monitor,3,423.03,0.0,1269.08,746.78
105755,2025-04-30,North,Home,Cookware,1,121.12,0.1,109.01,62.39
105756,2024-09-13,West,Beauty,Hair Dryer,4,61.41,0.0,245.64,140.92
105757,2025-05-30,West,Home,Coffee Maker,4,92.46,0.0,369.86,253.13
105758,2025-03-03,North,Home,Vacuum,5,92.07,0.0,460.35,358.41
105759,2024-05-31,North,Sports,Dumbbells,2,100.0,0.05,190.01,148.14
105760,2025-04-23,South,Home,Cookware,3,128.08,0.0,384.23,227.03
105761,2024-07-30,North,Beauty,Makeup Kit,5,64.31,0.1,289.39,187.18
105762,2025-06-04,East,Beauty,Makeup Kit,4,57.2,0.05,217.35,137.28
105763,2024-09-15,East,Home,Desk Lamp,4,106.94,0.05,406.37,254.44
105764,2025-05-08,North,Electronics,Monitor,3,416.46,0.0,1249.37,921.53
105765,2024-03-11,East,Electronics,Monitor,5,427.24,0.0,2136.21,1507.88
105766,2025-05-23,West,Home,Vacuum,1,110.95,0.2,88.76,53.73
105767,2025-05-31,West,Clothing,Jacket,2,71.79,0.0,143.58,112.41
105768,2024-01-20,West,Clothing,Jeans,4,66.2,0.2,211.84,132.37
105769,2024-07-24,East,Electronics,Monitor,3,425.89,0.1,1149.91,740.48
105770,2024-11-27,North,Clothing,Sneakers,2,59.91,0.0,119.83,90.41
105771,2025-03-19,East,Home,Desk Lamp,3,75.55,0.2,181.32,119.85
105772,2025-01-14,East,Electronics,Smartphone,2,349.54,0.1,629.18,475.28
105773,2024-07-28,East,Electronics,Monitor,1,373.89,0.0,373.89,285.75
105774,2025-06-20,West,Electronics,Headphones,3,325.63,0.0,976.88,556.05
105775,2024-12-12,West,Electronics,Smartphone,1,450.46,0.1,405.41,278.12
105776,2024-12-31,North,Home,Coffee Maker,4,83.95,0.0,335.8,226.16
105777,2025-06-10,West,Clothing,Jeans,1,42.62,0.0,42.62,31.89
105778,2025-04-02,South,Clothing,Jacket,4,73.96,0.1,266.27,183.3
105779,2025-04-23,North,Clothing,Sneakers,4,57.5,0.0,229.99,130.12
105780,2025-01-03,East,Sports,Running Shoes,5,108.68,0.0,543.41,392.93
105781,2025-01-21,South,Beauty,Perfume,3,71.36,0.1,192.66,132.64
105782,2025-01-18,East,Home,Cookware,1,115.14,0.0,115.14,73.12
105783,2025-05-06,East,Home,Vacuum,4,81.66,0.05,310.29,245.92
105784,2024-03-01,East,Sports,Running Shoes,2,77.57,0.1,139.63,101.68
105785,2024-12-26,East,Beauty,Hair Dryer,4,67.48,0.2,215.93,136.84
105786,2024-01-05,South,Beauty,Makeup Kit,-2,49.63,0.05,47.15,36.42
105787,2024-04-20,North,Home,Coffee Maker,3,86.48,0.1,233.49,185.47
105788,2025-02-23,South,Electronics,Headphones,1,318.86,0.0,318.86,223.06
105789,2025-03-11,West,Sports,Dumbbells,2,96.86,0.05,184.03,126.66
105790,2024-01-12,West,Sports,Fitness Watch,1,68.87,0.1,61.98,49.61
105791,2024-08-19,East,Clothing,Jacket,1,41.86,0.0,41.86,26.16
105792,2024-09-15,North,Clothing,Jeans,1,68.0,0.2,54.4,41.11
105793,2024-05-27,South,Sports,Yoga Mat,4,79.53,0.0,318.13,189.17
105794,2025-02-13,East,Beauty,Skincare Set,3,72.55,0.1,195.88,157.53
105795,2024-12-19,North,Electronics,Headphones,4,369.29,0.0,1477.14,997.61
105796,2024-06-08,East,Sports,Running Shoes,3,76.11,0.05,216.9,139.14
105797,2024-03-29,West,,Monitor,4,360.13,0.0,1440.53,1107.46
105798,2024-12-20,East,Home,Desk Lamp,3,106.05,0.1,286.34,192.85
105799,2024-09-11,West,Electronics,Laptop,5,349.74,0.0,1748.69,1273.52
105800,2024-08-05,West,Clothing,T-Shirt,1,52.9,0.0,52.9,40.73
105801,2024-12-06,West,Sports,Dumbbells,3,102.39,0.0,307.18,226.69
105802,2024-07-14,East,Home,Vacuum,3,87.43,0.0,262.3,168.79
105803,2024-10-01,West,Clothing,Jeans,2,48.31,0.1,86.96,64.66
105804,2025-01-05,West,Home,Vacuum,5,79.42,0.0,397.08,244.8
105805,2024-05-26,North,Home,Cookware,4,108.97,0.2,348.71,278.41
105806,2025-04-24,East,Sports,Yoga Mat,1,114.06,0.15,96.95,70.39
105807,2024-05-07,West,Home,Desk Lamp,4,81.89,0.1,294.8,179.74
105808,2024-06-11,South,Electronics,Headphones,3,398.83,0.0,1196.48,677.4
105809,2024-06-03,South,Beauty,Makeup Kit,2,74.84,0.05,142.2,103.12
105810,2024-12-12,North,Clothing,T-Shirt,5,51.04,0.1,229.66,144.5
105811,2024-10-26,South,Home,Coffee Maker,3,114.02,0.0,342.05,256.8
105812,2024-01-19,West,Beauty,Hair Dryer,5,50.79,0.1,228.55,142.17
105813,2024-08-08,East,Electronics,Monitor,4,301.42,0.0,1205.68,906.9
105814,2025-03-15,East,Clothing,Sneakers,5,61.39,0.0,306.95,177.44
105815,2024-10-16,West,Electronics,Monitor,5,399.84,0.05,1899.26,1179.77
105816,2024-03-11,North,Sports,Running Shoes,5,92.87,0.15,394.72,283.26
105817,2024-06-15,South,Home,Desk Lamp,4,114.41,0.05,434.74,284.43
105818,2024-10-29,South,Electronics,Headphones,1,313.0,0.2,250.4,151.17
105819,2025-04-09,North,Clothing,Jacket,5,53.21,0.15,226.16,128.49
105820,2025-04-11,West,Electronics,Smartphone,5,377.9,0.0,1889.51,1093.27
105821,2024-11-19,North,Electronics,Headphones,4,353.09,0.05,1341.72,803.12
105822,2025-02-13,East,Home,Desk Lamp,2,118.9,0.05,225.91,147.47
105823,2024-10-02,South,Electronics,Headphones,3,305.12,0.15,778.06,445.81
105824,2024-09-25,South,Sports,Dumbbells,4,86.89,0.0,347.58,242.0
105825,2024-10-29,,,T-Shirt,2,51.09,0.15,86.85,63.25
105826,2025-06-04,West,Electronics,Monitor,2,333.83,0.1,600.9,421.63
105827,2024-02-22,North,Sports,Dumbbells,5,110.13,0.0,550.67,435.02
105828,2025-02-14,North,Beauty,Skincare Set,2,66.3,0.0,132.6,94.29
105829,2024-02-03,East,Electronics,Smartphone,2,383.37,0.0,766.74,559.18
105830,2024-12-01,South,Home,Vacuum,2,103.82,0.15,176.49,107.07
105831,2025-04-14,South,Beauty,Makeup Kit,5,78.24,0.0,,284.39
105832,2025-03-13,North,Home,Desk Lamp,3,,0.0,-142.4,143.69
105833,2025-02-27,North,Electronics,Smartphone,2,290.85,0.2,465.37,376.9
105834,2024-03-21,South,Beauty,Perfume,2,72.67,0.1,130.8,104.1
105835,2024-05-09,South,Clothing,Jeans,1,67.63,0.1,60.87,40.71
105836,2025-02-11,West,Home,Vacuum,2,107.67,0.1,193.8,128.48
105837,2025-04-05,South,Electronics,Laptop,5,450.55,0.1,2027.49,1291.04
105838,2024-03-09,East,Sports,Yoga Mat,5,109.42,0.0,547.11,344.15
105839,2025-04-18,West,Clothing,Jacket,5,55.64,0.05,264.3,206.07
105840,2024-01-22,West,Clothing,Sneakers,5,43.63,0.05,207.23,133.42
105841,2024-05-23,East,Clothing,Jacket,1,47.8,0.15,40.63,29.93
105842,2025-04-24,North,Electronics,Smartphone,3,295.77,0.1,798.58,505.25
105843,2024-07-12,West,Beauty,Hair Dryer,2,56.68,0.0,113.35,84.7
105844,2024-02-26,South,Beauty,Skincare Set,5,78.03,0.1,351.15,276.89
105845,2025-05-16,,Electronics,Smartphone,5,469.47,0.05,2229.97,1692.56
105846,2025-03-13,North,Electronics,Laptop,1,454.51,0.1,409.06,307.85
105847,2024-08-05,North,Sports,Running Shoes,1,83.96,0.0,83.96,67.04
105848,2024-03-15,North,Electronics,Smartphone,2,275.73,0.1,496.31,342.25
105849,2025-06-07,South,Clothing,Jacket,1,69.35,0.1,62.42,41.89
105850,2024-05-12,South,Beauty,Skincare Set,4,61.2,0.0,244.79,148.04
105851,2024-03-07,East,Electronics,Headphones,4,466.49,0.1,1679.37,1349.4
105852,2025-03-23,North,Home,Desk Lamp,3,98.59,0.1,-481.33,150.28
105853,2025-06-04,South,Sports,Fitness Watch,1,94.0,0.0,94.0,73.58
105854,2024-01-19,North,Electronics,Laptop,5,314.98,0.0,1574.91,1240.98
105855,2024-05-26,West,Electronics,Monitor,5,280.59,0.05,1332.78,949.83
105856,2024-11-29,East,Home,Cookware,4,103.04,0.0,412.17,289.71
105857,2024-09-17,North,Electronics,Headphones,4,443.85,0.1,1597.86,1133.73
105858,2025-03-10,South,Electronics,Smartphone,2,288.45,0.05,548.05,307.84
105859,2024-09-28,North,Clothing,Jeans,2,46.82,0.0,93.64,72.39
105860,2024-10-01,East,Sports,Yoga Mat,4,105.62,0.1,380.23,239.97
105861,2024-01-14,North,Clothing,T-Shirt,1,66.1,0.2,52.88,33.01
105862,2024-09-09,South,Sports,Fitness Watch,5,73.29,0.0,366.43,271.25
105863,2025-05-20,West,Electronics,Headphones,3,443.11,0.2,1063.46,856.19
105864,2024-10-18,South,Sports,Fitness Watch,1,80.82,0.15,68.7,38.86
105865,2024-09-09,East,Beauty,Makeup Kit,3,45.66,0.0,136.98,80.85
105866,2025-04-15,East,Electronics,Monitor,4,342.24,0.05,1300.5,1048.12
105867,2024-07-07,North,Home,Vacuum,4,74.03,0.1,266.52,180.12
105868,2025-06-01,West,Home,Coffee Maker,3,118.09,0.0,354.27,269.95
105869,2024-04-18,North,Clothing,T-Shirt,2,70.4,0.05,133.76,78.38
105870,2025-01-01,East,Clothing,T-Shirt,1,60.59,0.2,48.47,32.2
105871,2025-04-01,East,Electronics,Smartphone,1,343.54,0.05,326.37,181.87
105872,2024-08-19,West,Electronics,Smartphone,1,326.58,0.1,293.92,184.01
105873,2025-06-23,South,Sports,Dumbbells,1,,0.05,99.53,80.14
105874,2024-04-03,West,Electronics,Smartphone,4,267.13,0.0,1068.53,836.96
105875,2025-03-14,North,Clothing,Jacket,4,54.83,0.2,175.46,125.14
105876,2025-02-24,East,Clothing,T-Shirt,3,51.26,0.0,153.79,107.08
105877,2024-03-25,West,Beauty,Makeup Kit,1,56.66,0.0,56.66,37.26
105878,2025-06-07,South,Electronics,Monitor,3,374.54,0.0,1123.63,733.21
105879,2024-05-21,South,Sports,Dumbbells,1,65.7,0.0,65.7,45.34
105880,2025-01-10,South,Clothing,Sneakers,1,,0.1,66.26,52.96
105881,2024-12-15,East,Beauty,Skincare Set,4,48.2,0.1,173.54,116.73
105882,2025-03-22,South,Clothing,Jacket,3,71.97,0.1,194.31,151.64
105883,2024-01-27,East,Sports,Fitness Watch,1,109.42,0.05,103.95,57.33
105884,2024-01-07,North,Electronics,Monitor,2,336.72,0.05,639.76,471.79
105885,2024-06-21,North,Beauty,Makeup Kit,3,46.19,0.05,131.65,92.34
105886,2025-05-12,East,Home,Cookware,2,126.04,0.0,252.08,157.86
105887,2025-02-11,North,Clothing,T-Shirt,5,43.0,0.2,171.98,129.34
105888,2025-06-01,North,Sports,Running Shoes,2,102.92,0.2,164.67,108.14
105889,2024-03-09,West,Electronics,Headphones,4,325.5,0.15,1106.71,830.14
105890,2025-06-17,South,Home,Cookware,3,116.13,0.2,278.71,163.38
105891,2024-12-30,North,Home,Vacuum,3,87.12,0.0,261.37,179.78
105892,2025-06-08,North,Clothing,Jeans,5,70.69,0.0,353.45,284.17
105893,2025-04-01,East,Sports,Running Shoes,1,68.79,0.0,68.79,52.76
105894,2025-05-13,North,Clothing,Jeans,2,68.68,0.1,123.62,97.5
105895,2025-03-09,East,Electronics,Smartphone,5,325.92,0.2,1303.7,815.46
105896,2024-11-04,North,Beauty,Makeup Kit,4,55.83,0.05,212.15,167.23
105897,2024-10-11,North,Sports,Dumbbells,4,93.75,0.1,337.49,261.93
105898,2025-06-19,West,Home,Coffee Maker,1,89.62,0.0,89.62,52.22
105899,2024-08-22,South,Clothing,T-Shirt,5,66.89,0.1,301.02,198.1
105900,2024-08-06,North,Electronics,Monitor,3,428.31,0.05,1220.68,755.75
105901,2024-10-07,West,Clothing,Sneakers,1,71.98,0.1,64.78,49.11
105902,2025-01-26,West,Clothing,Sneakers,2,55.18,0.1,99.33,58.99
105903,2025-04-15,South,Clothing,T-Shirt,1,72.74,0.05,69.1,50.63
105904,2025-03-21,West,Clothing,Sneakers,3,54.47,0.0,163.41,106.17
105905,2024-07-01,East,Sports,Dumbbells,5,97.01,0.15,412.28,316.22
105906,2024-02-10,South,Sports,Fitness Watch,2,114.47,0.1,206.05,159.78
105907,2025-04-08,West,Electronics,Headphones,4,412.48,0.0,1649.92,1276.6
105908,2025-06-23,South,Electronics,Headphones,2,390.31,0.15,663.53,394.84
105909,2024-11-16,North,Home,Cookware,3,120.61,0.05,343.75,200.13
105910,2025-01-27,East,Home,Vacuum,2,72.37,0.15,123.03,72.9
105911,2024-09-20,North,Home,Cookware,3,123.2,0.15,314.16,201.09
105912,2025-06-03,North,Home,Vacuum,5,72.94,0.1,328.23,242.67
105913,2024-03-25,North,Home,Desk Lamp,1,86.23,0.1,77.6,51.04
105914,2024-01-30,East,Electronics,Laptop,1,281.38,0.05,267.31,195.62
105915,2024-06-12,East,Sports,Dumbbells,5,102.49,0.1,-496.04,337.28
105916,2024-08-25,West,Home,Desk Lamp,5,95.26,0.0,476.31,307.45
105917,2025-01-10,East,Beauty,Hair Dryer,3,57.16,0.0,171.47,130.45
105918,2025-03-08,South,Clothing,T-Shirt,3,66.78,0.1,180.3,120.13
105919,2025-03-20,West,Electronics,Laptop,4,379.06,0.05,1440.44,885.93
105920,2024-08-21,West,Clothing,Jeans,1,59.57,0.05,56.59,45.79
105921,2025-04-21,North,Clothing,Jacket,3,56.14,0.0,168.42,93.26
105922,2024-06-29,South,Beauty,Hair Dryer,2,54.27,0.05,103.11,75.43
105923,2025-01-07,East,Beauty,Perfume,5,50.74,0.2,202.97,122.98
105924,2024-08-20,West,Home,Coffee Maker,2,103.58,0.05,196.79,138.69
105925,2024-01-05,South,Electronics,Laptop,3,373.79,0.1,1009.24,669.97
105926,2024-08-15,West,Sports,Fitness Watch,2,82.38,0.0,164.75,111.29
105927,2024-10-12,North,Electronics,Smartphone,2,458.61,0.0,917.21,579.8
105928,2025-05-05,West,Clothing,Jacket,4,47.57,0.0,190.3,142.31
105929,2025-05-27,North,Electronics,Headphones,5,463.74,0.05,2202.75,1803.42
105930,2025-04-03,North,Sports,Dumbbells,3,111.19,0.1,300.21,170.3
105931,2024-01-06,North,Electronics,Smartphone,2,289.67,0.05,550.37,328.14
105932,2024-03-03,South,Clothing,Jacket,3,54.3,0.0,162.89,106.54
105933,2024-10-10,West,Electronics,Smartphone,2,265.89,0.1,478.61,334.39
105934,2024-02-19,East,Home,Vacuum,2,101.34,0.1,182.41,140.28
105935,2025-04-30,West,Electronics,Laptop,4,341.34,0.1,1228.84,788.52
105936,2024-05-29,West,Beauty,Perfume,3,60.98,0.0,182.94,102.62
105937,2024-09-11,West,Clothing,Jeans,2,68.29,0.15,116.09,82.61
105938,2024-03-29,West,Home,Desk Lamp,5,109.83,0.1,494.24,310.91
105939,2024-09-04,West,Home,Coffee Maker,4,102.34,0.1,368.43,252.48
105940,2024-05-26,East,Beauty,Skincare Set,1,70.21,0.0,70.21,49.33
105941,2024-12-07,North,Clothing,Sneakers,1,62.95,0.1,56.66,46.26
105942,2025-05-23,West,Sports,Running Shoes,5,92.21,0.1,414.96,230.66
105943,2025-06-25,North,Sports,Dumbbells,3,85.51,0.1,230.88,177.0
105944,2024-06-07,West,Sports,Yoga Mat,2,76.7,0.0,153.4,114.21
105945,2025-01-04,South,Clothing,Jeans,2,72.66,0.05,138.06,77.72
105946,2024-04-09,North,Beauty,Makeup Kit,5,63.78,0.1,287.01,159.38
105947,2025-06-23,East,Beauty,Makeup Kit,5,66.83,0.1,300.73,204.2
105948,2025-05-18,West,Sports,Fitness Watch,1,86.38,0.1,77.74,61.37
105949,2025-06-09,West,Beauty,Hair Dryer,5,45.78,0.0,228.89,159.87
105950,2024-01-22,North,Home,Cookware,3,71.85,0.1,194.0,157.85
105951,2025-03-15,East,Home,Coffee Maker,3,111.47,0.1,300.96,214.5
105952,2024-09-25,South,Electronics,Monitor,3,381.26,0.15,972.2,744.56
105953,2024-10-17,North,Clothing,Jacket,4,71.47,0.0,285.9,193.64
105954,2024-09-12,East,Beauty,Skincare Set,5,65.89,0.0,329.44,205.8
105955,2025-02-26,South,Electronics,Headphones,2,457.48,0.2,731.96,455.61
105956,2024-05-08,East,Clothing,T-Shirt,2,73.03,0.1,131.45,88.97
105957,2025-06-14,North,Sports,Running Shoes,3,92.76,0.2,222.63,135.16
105958,2024-01-11,West,Clothing,Jeans,-3,63.31,0.05,120.29,90.46
105959,2024-06-21,East,Electronics,Smartphone,3,403.72,0.1,1090.04,856.63
105960,2024-06-04,West,Home,Cookware,4,107.65,0.1,387.55,231.76
105961,2025-04-09,South,Electronics,Laptop,3,332.34,0.1,897.33,616.52
105962,2025-05-15,West,Home,Coffee Maker,2,107.95,0.0,215.9,147.33
105963,2024-02-16,South,Electronics,Headphones,1,329.7,0.05,313.21,189.22
105964,2024-11-23,South,Electronics,Smartphone,3,416.92,0.05,1188.22,918.16
105965,2024-05-13,West,Sports,Dumbbells,4,74.38,0.0,297.54,179.08
105966,2024-10-02,East,Electronics,Headphones,2,423.26,0.0,846.52,542.28
105967,2024-06-24,West,Home,Cookware,5,72.18,0.15,306.78,187.95
105968,2024-12-08,West,Beauty,Skincare Set,4,46.0,0.2,147.2,84.93
105969,2024-04-28,West,Clothing,Jeans,3,67.71,0.05,192.97,141.96
105970,2025-06-13,South,Beauty,Makeup Kit,2,50.86,0.05,96.63,68.5
105971,2024-07-27,South,Home,Coffee Maker,1,78.47,0.1,70.62,41.64
105972,2024-08-07,North,Home,Desk Lamp,5,125.04,0.2,500.16,303.41
105973,2024-04-16,West,Clothing,Sneakers,3,55.42,0.0,166.26,102.35
105974,2024-06-14,,Sports,Fitness Watch,5,114.67,0.05,544.66,351.1
105975,2025-05-25,West,Beauty,Perfume,3,59.86,0.2,143.67,83.69
105976,2024-08-31,East,Sports,Running Shoes,2,67.29,0.0,134.59,95.52
105977,2024-08-16,West,,Skincare Set,1,66.76,0.05,63.42,50.98
105978,2025-02-28,North,Clothing,Jeans,5,61.55,0.0,307.77,186.09
105979,2024-06-24,North,Clothing,Jeans,5,55.5,0.0,277.5,190.58
105980,2025-02-12,West,Clothing,Sneakers,5,51.41,0.0,257.06,187.44
105981,2025-06-28,East,Sports,Dumbbells,4,87.65,0.2,280.48,194.21
105982,2024-11-16,South,Electronics,Headphones,3,283.78,0.05,808.77,488.42
105983,2024-12-21,West,Sports,Running Shoes,3,113.29,0.05,322.88,261.92
105984,2024-04-24,West,Sports,Fitness Watch,1,106.15,0.0,106.15,71.65
105985,2024-04-07,North,Home,Cookware,5,125.78,0.0,628.9,510.58
105986,2025-05-20,South,Sports,Fitness Watch,5,64.35,0.1,289.59,228.27
105987,2024-02-27,North,Electronics,Smartphone,4,359.02,0.05,1364.26,1083.06
105988,2024-01-10,North,Home,Desk Lamp,3,78.8,0.1,212.77,128.82
105989,2025-03-28,West,Electronics,Laptop,2,335.36,0.2,536.58,379.88
105990,2024-02-17,North,Beauty,Perfume,1,71.33,0.05,67.76,45.36
105991,2025-05-28,North,Electronics,Smartphone,1,402.44,0.0,402.44,286.61
105992,2024-10-12,East,Electronics,Monitor,2,400.55,0.2,640.88,474.91
105993,2024-09-26,North,Clothing,Jeans,3,48.37,0.2,116.1,74.93
105994,2024-07-11,North,Clothing,Jeans,4,70.94,0.2,227.02,129.12
105995,2024-10-10,West,Clothing,T-Shirt,4,50.12,0.05,190.47,117.01
105996,2024-12-31,South,Sports,Running Shoes,3,,0.0,308.99,203.54
105997,2024-06-19,South,Home,Coffee Maker,3,107.07,0.05,305.16,184.68
105998,2024-05-20,North,Electronics,Smartphone,5,267.59,0.0,1337.94,821.11
105999,2024-01-03,East,Electronics,Headphones,1,345.7,0.0,345.7,209.39
106000,2024-09-14,West,Clothing,Jeans,5,66.84,0.05,317.48,197.9
100001,2024-06-02,West,Electronics,Smartphone,4,274.16,0.1,986.99,554.85
100002,2025-05-29,South,Sports,Dumbbells,4,106.15,0.0,424.6,312.22
100003,2024-05-20,East,Beauty,Skincare Set,2,68.36,0.05,129.88,90.0
100004,2024-01-16,East,Home,Cookware,5,90.31,0.0,451.55,357.2
100005,2024-05-11,South,Home,Cookware,1,90.89,0.1,81.8,64.64
100006,2025-06-18,East,Clothing,Sneakers,4,59.87,0.0,239.49,139.78
100007,2025-05-01,West,Clothing,Sneakers,3,64.0,0.15,163.21,125.54
100008,2024-11-01,West,Electronics,Smartphone,3,350.14,0.2,840.34,528.03
100009,2024-07-22,South,Sports,Dumbbells,1,99.4,0.05,94.43,63.87
100010,2024-12-14,East,Home,Cookware,1,119.88,0.1,107.89,87.79
100011,2024-04-26,East,Clothing,T-Shirt,1,51.13,0.05,48.57,31.58
100012,2024-08-16,East,Clothing,T-Shirt,5,67.99,0.15,288.96,197.56
100013,2024-02-09,East,Sports,Running Shoes,2,79.83,0.2,127.73,72.85
100014,2025-01-09,South,Sports,Dumbbells,3,107.41,0.05,306.12,186.89
100015,2025-01-11,South,Beauty,Perfume,1,74.33,0.1,66.89,49.94
100016,2025-05-29,North,Clothing,Sneakers,4,61.58,0.15,209.38,150.06
100017,2024-06-17,South,Beauty,Perfume,3,80.27,0.0,240.8,138.44
100018,2024-05-18,East,Home,Vacuum,1,113.94,0.0,113.94,93.15
100019,2025-01-25,South,Home,Coffee Maker,1,71.8,0.15,61.03,34.46
100020,2024-09-12,East,Electronics,Laptop,4,294.39,0.2,942.04,738.49
100021,2025-06-19,North,Beauty,Makeup Kit,4,72.53,0.05,275.61,190.79
100022,2024-03-09,West,Home,Desk Lamp,3,112.57,0.05,320.82,237.57
100023,2025-04-13,West,Sports,Dumbbells,3,83.18,0.05,237.05,165.64
100024,2025-05-09,East,Electronics,Monitor,4,376.1,0.1,1353.97,991.03
100025,2025-06-28,South,Beauty,Skincare Set,4,74.42,0.15,253.04,150.07
100026,2024-02-08,East,Home,Coffee Maker,2,83.71,0.0,167.42,93.53
100027,2024-06-06,South,Electronics,Headphones,4,383.99,0.05,1459.18,828.16
100028,2024-12-16,East,Beauty,Perfume,1,73.61,0.0,73.61,58.88
100029,2025-02-07,West,Home,Desk Lamp,4,86.41,0.05,328.36,253.97
100030,2024-04-28,East,Home,Cookware,4,85.64,0.0,342.56,235.62
100031,2024-06-21,East,Electronics,Monitor,4,394.79,0.05,1500.2,898.87
100032,2025-04-14,West,Clothing,Sneakers,5,50.09,0.0,,161.2
100033,2024-04-20,North,Clothing,T-Shirt,5,72.9,0.05,346.29,225.59
100034,2024-12-30,East,Sports,Yoga Mat,2,71.02,0.0,142.04,83.73
100035,2025-06-16,North,Home,Cookware,5,95.89,0.15,407.55,247.04
100036,2025-05-28,East,Clothing,Sneakers,5,64.51,0.0,322.55,262.68
100037,2024-05-13,South,Beauty,Perfume,5,61.74,0.1,277.84,224.95
100038,2025-02-12,South,Home,Cookware,1,72.08,0.0,72.08,39.85
100039,2025-02-09,North,Clothing,Jacket,3,63.18,0.15,161.11,114.64
100040,2025-05-21,West,Home,Coffee Maker,4,122.96,0.05,467.23,374.59
100041,2024-02-12,North,Sports,Fitness Watch,1,102.85,0.05,97.7,69.91
100042,2025-04-20,East,Home,Desk Lamp,5,107.68,0.05,511.47,353.41
100043,2025-05-13,,Home,Desk Lamp,2,123.39,0.0,246.79,198.74
100044,2025-03-21,North,Sports,Yoga Mat,4,72.27,0.0,289.09,188.39
100045,2024-05-21,East,Electronics,Headphones,3,333.14,0.0,999.43,776.07
100046,2024-04-23,South,Beauty,Hair Dryer,5,55.84,0.2,223.36,148.64
100047,2024-05-16,North,Beauty,Perfume,3,57.39,0.0,172.16,121.7
100048,2024-12-16,North,Electronics,Headphones,3,401.52,0.05,1144.33,763.46
100049,2024-05-24,East,Sports,Fitness Watch,5,78.6,0.0,392.98,258.97
100050,2025-06-06,North,Beauty,Skincare Set,5,77.26,0.05,366.98,211.94
100051,2024-08-19,West,Sports,Running Shoes,3,73.71,0.0,221.12,179.67
100052,2025-03-27,West,Home,Desk Lamp,4,92.45,0.0,369.79,266.47
100053,2025-06-23,East,Home,Vacuum,2,119.24,0.15,202.72,117.06
100054,2024-12-23,West,Beauty,Hair Dryer,4,48.2,0.15,163.89,116.17
100055,2025-02-20,North,Beauty,Makeup Kit,3,79.55,0.0,238.64,144.45
100056,2024-10-18,North,Sports,Yoga Mat,3,84.3,0.05,240.25,194.46
100057,2024-09-13,West,Beauty,Makeup Kit,2,63.97,0.0,127.95,98.86
100058,2024-12-26,North,Home,Desk Lamp,5,115.59,0.0,577.97,356.86
100059,2025-03-07,North,Electronics,Smartphone,4,325.59,0.05,1237.24,965.19
100060,2024-10-19,,Clothing,Jeans,1,57.94,0.1,52.14,36.19
100061,2024-04-16,West,Beauty,Perfume,3,73.46,0.15,187.33,111.89
100062,2025-05-12,North,Home,Coffee Maker,2,110.55,0.05,210.04,170.47
100063,2024-09-09,South,Beauty,Makeup Kit,4,72.18,0.0,288.74,179.62
100064,2025-04-17,West,Electronics,Smartphone,1,305.33,0.05,290.07,218.46
100065,2024-04-17,South,Clothing,T-Shirt,5,55.46,0.2,221.84,126.78
100066,2024-12-24,North,Clothing,Jeans,4,53.39,0.0,213.55,121.83
100067,2025-01-10,West,Electronics,Laptop,1,381.88,0.05,362.79,223.03
100068,2024-09-24,North,Home,Coffee Maker,5,94.95,0.1,427.26,311.94
100069,2024-01-25,North,Sports,Fitness Watch,1,95.87,0.15,81.49,53.75
100070,2024-02-13,East,Home,Coffee Maker,4,72.3,0.15,245.84,138.36
100071,2024-06-30,East,Beauty,Makeup Kit,4,69.59,0.1,250.54,200.63
100072,2024-07-13,West,Home,Coffee Maker,1,92.77,0.05,88.13,72.03
100073,2025-02-11,West,Sports,Yoga Mat,3,110.65,0.1,298.76,235.1
100074,2025-06-14,West,Clothing,Sneakers,5,70.51,0.05,334.93,221.24
100075,2024-03-07,North,Clothing,Jacket,1,58.12,0.05,55.21,45.22
100076,2025-04-03,West,Sports,Running Shoes,3,109.11,0.1,294.61,206.66
100077,2025-04-20,South,,Headphones,2,391.6,0.0,783.2,530.7
100078,2025-01-10,East,Clothing,Jacket,3,51.84,0.1,139.96,110.76
100079,2025-01-27,North,Electronics,Laptop,3,348.87,0.05,994.28,802.16
100080,2024-12-12,East,Home,Cookware,4,104.25,0.0,417.0,341.08
100081,2025-02-16,West,Home,Coffee Maker,1,128.16,0.05,121.75,68.99
100082,2025-06-19,West,Sports,Fitness Watch,4,67.35,0.15,229.0,156.0
100083,2025-06-13,South,Beauty,Hair Dryer,1,70.45,0.0,70.45,40.79
100084,2024-05-04,West,Electronics,Headphones,-2,355.41,0.15,906.29,618.3
100085,2024-10-30,North,Electronics,Laptop,1,413.84,0.05,393.15,320.58
100086,2024-05-03,North,Sports,Fitness Watch,1,114.16,0.1,102.74,70.7
100087,2024-11-19,East,Beauty,Makeup Kit,5,63.16,0.0,315.81,213.97
100088,2025-01-17,East,,Fitness Watch,5,,0.15,442.24,352.49
100089,2025-05-28,West,Beauty,Perfume,5,47.65,0.0,238.23,162.68
100090,2025-03-07,East,Clothing,T-Shirt,1,70.51,0.05,66.99,52.52
100091,2024-02-28,North,Clothing,Sneakers,3,46.82,0.05,133.43,93.24
100092,2025-04-16,West,Electronics,Monitor,3,364.14,0.0,1092.41,821.15
100093,2024-04-06,East,Clothing,Jeans,5,68.9,0.0,344.5,214.61
100094,2024-10-23,North,Clothing,Sneakers,2,41.48,0.05,78.81,50.71
100095,2025-04-18,South,Sports,Fitness Watch,5,110.51,0.1,497.29,395.51
100096,2024-02-24,East,Sports,Fitness Watch,3,113.51,0.0,340.52,266.12
100097,2024-03-17,East,Beauty,Skincare Set,1,48.61,0.1,43.75,31.97
100098,2024-08-26,West,Clothing,Jacket,1,55.6,0.05,52.82,37.57
100099,2025-05-26,,Electronics,Monitor,2,397.56,0.15,675.85,380.83
100100,2024-11-20,North,Beauty,Skincare Set,4,58.31,0.0,233.24,179.25
100101,2024-11-13,West,Clothing,T-Shirt,3,48.3,0.05,137.67,91.54
100102,2024-10-30,North,Electronics,Smartphone,4,377.91,0.1,1360.46,955.31
100103,2024-07-20,South,Sports,Fitness Watch,4,83.63,0.0,334.5,212.82
100104,2025-01-10,South,Home,Coffee Maker,1,83.33,0.05,79.17,58.49
100105,2024-04-26,East,Sports,Yoga Mat,1,108.09,0.0,108.09,68.26
100106,2024-03-29,West,Electronics,Headphones,1,437.62,0.2,350.1,199.85
100107,2025-06-01,South,,Fitness Watch,4,79.86,0.15,271.54,198.32
100108,2025-03-02,West,Clothing,Jacket,1,41.47,0.0,41.47,31.93
100109,2024-12-03,South,Sports,Yoga Mat,3,90.12,0.1,243.32,180.82
100110,2024-11-14,South,Home,Cookware,4,89.62,0.05,340.57,213.27
100111,2024-02-18,East,Sports,Dumbbells,3,110.45,0.15,281.65,193.85
100112,2025-04-27,West,Home,Vacuum,5,111.99,0.0,559.95,438.08
100113,2024-02-20,North,Sports,Fitness Watch,4,89.82,0.05,341.31,198.39
100114,2024-12-22,West,Electronics,Laptop,4,433.25,0.1,1559.7,1264.21
100115,2024-04-13,West,Home,Vacuum,1,76.11,0.0,76.11,52.28
100116,2024-02-18,South,Electronics,Monitor,5,463.53,0.05,,1554.78
100117,2024-08-17,East,Electronics,Monitor,4,423.85,0.05,1610.61,974.53
100118,2024-03-20,West,Beauty,Skincare Set,4,57.46,0.0,229.83,137.57
100119,2024-12-23,West,Electronics,Smartphone,1,391.21,0.0,391.21,240.14
100120,2024-08-26,North,Beauty,Skincare Set,2,46.51,0.15,79.07,58.85
