Lead_ID,Channel,Age,Monthly_Income,Website_Visits,Ad_Clicks,Ad_Spend,Previous_Purchases,Device,Converted
300001,Social Media,27,11145.1,4,2,327.84,4,Mobile,0
300002,Email,54,13787.6,13,6,159.8,2,Desktop,0
300003,Social Media,53,11333.17,15,5,96.61,0,Mobile,0
300004,Referral,54,3492.53,6,2,323.26,3,Desktop,0
300005,Email,-5,11726.26,13,2,107.22,2,Mobile,0
300006,Social Media,41,16511.38,3,3,514.65,2,Mobile,1
300007,Search,46,4477.92,10,2,324.34,3,Mobile,0
300008,Referral,43,10535.41,2,2,211.79,2,Mobile,0
300009,Social Media,60,6451.4,14,2,145.23,1,Mobile,0
300010,Display,47,8113.55,4,4,67.29,4,Desktop,1
300011,Social Media,36,10122.47,7,5,260.0,1,Desktop,0
300012,Referral,22,10321.37,11,6,356.97,2,Mobile,0
300013,Search,25,2000.0,10,3,197.91,1,Mobile,0
300014,Display,54,10843.81,4,2,106.86,5,Mobile,0
300015,Display,22,11757.81,13,4,417.27,3,Mobile,0
300016,Social Media,42,8439.62,2,2,56.41,6,Desktop,0
300017,Display,38,12816.88,14,3,82.12,0,Mobile,0
300018,Referral,54,5261.13,15,3,150.1,4,Mobile,1
300019,Search,52,9939.04,13,4,174.56,0,Desktop,0
300020,Display,63,12042.44,6,1,152.19,4,Desktop,1
300021,Search,34,6875.0,10,2,133.78,6,Desktop,0
300022,Email,45,5830.09,5,3,74.79,1,Mobile,0
300023,Referral,40,5136.44,11,1,419.01,5,Mobile,0
300024,Referral,64,9144.51,7,1,317.38,1,Desktop,0
300025,Search,22,12089.05,3,3,28.83,3,,1
300026,Search,52,10907.95,14,2,61.58,4,Mobile,0
300027,Search,55,8367.29,8,2,211.47,2,Mobile,0
300028,Email,39,6861.93,4,0,67.88,2,Desktop,0
300029,Referral,20,10964.87,8,3,325.8,3,Mobile,0
300030,Email,54,5449.34,14,1,21.04,3,Mobile,0
300031,Email,60,5759.25,8,4,50.67,1,Mobile,0
300032,Referral,0,9332.71,4,3,233.63,4,Mobile,0
300033,Social Media,39,4953.15,13,1,116.28,3,Mobile,0
300034,Email,43,8381.65,3,3,60.97,1,Tablet,0
300035,Email,31,10652.51,5,4,187.55,2,Mobile,0
300036,Social Media,65,6684.78,2,2,128.16,1,Desktop,0
300037,Display,54,10470.71,8,4,409.69,1,Mobile,0
300038,Display,41,13338.15,6,3,352.5,5,Desktop,1
300039,Email,21,11599.17,6,2,221.49,1,Mobile,0
300040,Social Media,65,11564.03,12,0,131.12,4,Mobile,0
300041,Email,37,9358.83,9,1,7.9,6,Desktop,0
300042,Search,44,8441.12,12,4,308.3,4,Mobile,0
300043,Email,29,5436.98,2,2,48.79,3,Tablet,0
300044,Referral,58,12823.51,13,3,215.1,6,Desktop,0
300045,Search,23,13156.63,6,3,222.88,5,Desktop,0
300046,Display,41,9882.12,11,3,160.52,3,Desktop,0
300047,Social Media,36,10715.05,1,1,179.15,0,Tablet,0
300048,Referral,20,13022.27,10,4,200.51,6,,0
300049,Email,30,7741.15,6,4,169.21,0,Mobile,0
300050,Email,35,9609.77,12,5,115.37,4,Mobile,0
300051,Search,59,12014.22,3,3,272.95,5,,1
300052,Referral,23,8256.88,6,2,96.85,0,Mobile,0
300053,Email,36,10491.36,13,1,280.89,6,Mobile,0
300054,Referral,40,4207.53,3,2,135.87,4,Mobile,0
300055,Email,50,9247.51,13,1,114.28,1,Mobile,0
300056,Referral,49,13937.27,3,1,332.37,2,Desktop,0
300057,Social Media,35,12280.74,12,2,75.67,4,Mobile,0
300058,Referral,54,8220.83,3,3,103.13,4,Tablet,0
300059,Email,54,7358.31,9,4,701.07,0,Mobile,1
300060,Display,18,12312.6,7,3,206.83,1,Mobile,1
300061,Display,59,9287.51,1,1,107.66,1,Desktop,0
300062,Referral,62,9275.87,7,1,175.98,5,,0
300063,Display,25,18076.51,10,2,237.07,0,Desktop,0
300064,Search,18,14118.28,14,3,238.09,4,Mobile,1
300065,Referral,38,13907.98,7,3,86.15,5,Mobile,0
300066,Search,22,8602.12,8,3,103.15,5,Mobile,0
300067,Referral,65,9921.79,3,3,109.2,3,Desktop,1
300068,Email,55,4164.79,2,2,359.82,4,Mobile,0
300069,Email,54,14207.84,8,4,380.29,5,Mobile,0
300070,Referral,43,8963.52,11,7,144.32,0,Mobile,0
300071,Social Media,44,2742.34,13,5,174.64,5,Tablet,0
300072,Social Media,34,8960.68,12,4,57.4,4,Desktop,0
300073,Email,29,5179.24,15,2,117.07,1,Mobile,1
300074,Email,39,7344.42,4,4,220.31,1,Tablet,0
300075,Referral,56,10206.38,15,2,650.07,1,Desktop,0
300076,Referral,18,5894.12,1,1,175.01,2,Mobile,0
300077,Email,18,8120.23,6,4,79.89,2,Mobile,0
300078,Search,42,7170.77,15,4,97.68,6,Mobile,0
300079,Display,62,8774.49,8,1,204.02,5,Mobile,0
300080,Display,63,4284.9,13,5,151.75,6,Desktop,1
300081,Email,55,7572.04,2,2,67.21,4,Desktop,0
300082,Email,26,7950.24,8,3,235.27,6,Desktop,1
300083,Email,59,6965.13,15,4,116.42,6,Tablet,0
300084,Referral,27,9135.79,10,1,196.04,6,Mobile,0
300085,Email,32,6408.05,12,6,15.69,4,Tablet,0
300086,Email,51,3589.1,14,1,29.46,0,Desktop,0
300087,Referral,26,10093.16,2,2,313.81,2,Mobile,0
300088,Referral,51,5900.68,15,2,165.27,6,Mobile,0
300089,Email,41,8210.26,15,2,137.18,2,Mobile,0
300090,Display,32,7429.59,4,4,102.4,2,Tablet,0
300091,Display,56,10052.0,9,3,419.63,0,Desktop,1
300092,Referral,46,2000.0,4,3,333.55,6,Mobile,0
300093,Social Media,40,5471.37,11,7,123.87,0,Mobile,0
300094,Referral,52,12110.51,14,4,407.53,4,Desktop,1
300095,Referral,25,11017.78,6,6,111.19,2,Desktop,0
300096,Email,50,10394.4,15,4,233.26,5,Tablet,0
300097,Social Media,61,7283.56,10,5,228.6,2,Mobile,0
300098,Referral,56,6435.2,3,3,183.27,4,Mobile,0
300099,Display,38,6016.45,4,2,107.72,1,Tablet,1
300100,Search,35,6490.82,8,7,151.3,5,Tablet,1
300101,Search,23,8779.98,7,4,442.66,0,Desktop,0
300102,,36,8830.48,6,4,152.29,0,Mobile,0
300103,Email,27,8148.07,14,5,170.75,5,Mobile,0
300104,Email,32,12713.97,9,3,175.7,2,Mobile,0
300105,,47,11313.62,13,1,236.3,4,Mobile,0
300106,Referral,31,2000.0,11,3,145.22,1,Mobile,0
300107,Social Media,43,9105.64,14,1,99.31,1,Desktop,0
300108,Email,21,9234.33,6,1,278.33,4,Desktop,1
300109,Search,29,12511.92,1,1,104.54,4,Desktop,0
300110,Referral,56,5342.23,8,6,159.43,1,Mobile,0
300111,Email,56,9387.03,11,1,373.71,1,Mobile,0
300112,Display,54,8824.75,3,3,81.86,3,Mobile,0
300113,Referral,48,12218.73,7,5,80.24,4,Mobile,0
300114,Referral,21,7611.62,2,2,88.42,0,Tablet,0
300115,Display,48,7364.29,15,5,154.65,2,Tablet,0
300116,Email,40,6470.63,10,5,405.18,1,Desktop,0
300117,Display,33,9423.63,14,3,67.38,3,Mobile,0
300118,Search,27,10861.1,2,2,369.91,3,Mobile,1
300119,Referral,64,8551.91,13,3,95.76,5,Mobile,0
300120,Social Media,55,11056.86,12,2,288.24,3,Mobile,0
300121,Social Media,35,6074.43,7,6,79.38,6,Mobile,1
300122,Social Media,30,6009.35,4,3,389.41,6,,0
300123,Referral,18,11291.07,5,0,206.08,2,Mobile,0
300124,Social Media,22,11703.76,3,3,99.57,6,Desktop,0
300125,Social Media,20,5323.81,1,1,156.15,3,Desktop,0
300126,Search,27,11771.31,7,3,243.11,5,Mobile,1
300127,Search,21,6754.45,8,6,221.43,0,Mobile,0
300128,Email,47,9261.45,4,0,239.38,3,Desktop,0
300129,Referral,31,10125.73,1,1,125.97,5,Desktop,0
300130,Email,57,9766.76,1,1,52.11,5,Mobile,0
300131,Referral,32,7296.7,11,3,381.07,0,Mobile,0
300132,Email,29,11074.53,6,3,142.17,0,Desktop,0
300133,Email,24,7140.74,13,4,227.99,4,Tablet,0
300134,Search,54,8403.32,9,5,244.58,2,Mobile,0
300135,Referral,40,,12,4,119.43,2,Mobile,0
300136,Search,25,8688.1,15,2,118.3,4,Mobile,0
300137,Search,49,4737.07,12,1,32.89,0,Desktop,0
300138,Email,37,7608.57,9,2,225.97,6,Mobile,0
300139,Social Media,34,7891.03,5,5,236.97,1,Mobile,0
300140,Display,42,9079.15,11,2,151.4,6,Tablet,0
300141,Social Media,47,5183.71,14,3,475.26,3,Desktop,0
300142,Referral,44,9114.81,13,2,209.82,3,Mobile,0
300143,Display,42,7947.19,7,1,62.97,4,Tablet,0
300144,Email,19,15808.85,3,3,96.87,1,Mobile,0
300145,Social Media,55,8343.94,1,1,340.66,3,Desktop,0
300146,Referral,23,10640.66,12,4,20.36,2,Desktop,1
300147,Display,22,5089.87,11,0,538.79,0,Mobile,0
300148,Email,24,7910.43,2,2,236.82,0,Desktop,0
300149,Display,55,10707.65,14,6,129.14,4,Mobile,0
300150,Referral,47,15979.3,10,4,59.86,3,Mobile,1
300151,Email,59,10651.04,5,5,125.38,6,Desktop,0
300152,Email,35,12062.33,12,6,183.8,3,Desktop,1
300153,Social Media,27,9086.37,14,3,23.61,1,Desktop,0
300154,Referral,64,12918.28,15,1,93.69,5,Mobile,0
300155,Search,24,8246.8,14,2,417.56,1,Mobile,1
300156,Email,64,8771.74,12,1,754.2,4,Mobile,0
300157,Email,61,5525.21,3,2,229.45,6,Desktop,1
300158,Email,60,9875.35,10,3,53.13,4,Mobile,0
300159,Search,61,9653.81,10,2,410.68,2,Desktop,0
300160,Referral,44,8201.73,3,3,319.79,5,Mobile,0
300161,Email,57,5073.08,7,5,142.68,0,Tablet,0
300162,,21,12688.5,7,2,139.49,0,Desktop,1
300163,Email,48,12872.05,3,3,90.52,2,Mobile,1
300164,Display,46,3728.07,3,3,401.62,4,Tablet,0
300165,Display,40,7933.75,8,3,390.88,1,Mobile,0
300166,Search,46,12170.22,2,2,65.26,5,Mobile,0
300167,Referral,56,5408.3,11,1,220.37,0,Mobile,0
300168,Display,54,9232.51,1,1,127.03,2,Mobile,0
300169,Search,55,11822.16,11,6,421.39,5,Mobile,0
300170,Display,21,13230.87,15,1,351.68,6,Desktop,0
300171,Social Media,49,9208.58,6,3,288.83,2,Mobile,0
300172,Social Media,21,11523.78,8,2,127.18,1,Desktop,0
300173,Social Media,31,6717.4,4,2,188.19,3,Mobile,1
300174,Referral,19,12301.5,3,2,260.83,3,Desktop,0
300175,Email,44,8178.76,9,3,96.7,6,Mobile,0
300176,Display,28,10009.65,11,4,184.9,3,Mobile,0
300177,Email,18,8748.14,6,4,166.38,2,Mobile,0
300178,Social Media,19,13419.87,4,1,77.4,0,Desktop,0
300179,Referral,40,11939.34,1,1,349.67,1,Mobile,1
300180,Email,54,7763.24,13,4,92.66,5,Desktop,0
300181,Email,45,8151.79,10,2,424.42,3,Mobile,0
300182,Search,54,10947.12,3,2,83.81,0,Mobile,0
300183,Social Media,40,12925.42,5,4,214.41,6,Tablet,0
300184,Referral,37,14296.33,5,1,388.63,2,Mobile,0
300185,Search,19,2024.72,12,5,175.33,1,Mobile,0
300186,Email,25,6359.3,7,5,352.4,4,Desktop,0
300187,Social Media,18,14582.85,13,2,249.19,6,Mobile,0
300188,Referral,19,9169.18,14,4,207.43,5,Mobile,0
300189,Email,44,11358.57,5,2,233.92,1,Mobile,0
300190,Social Media,24,4390.91,13,1,406.46,6,Tablet,0
300191,Display,29,11057.77,8,5,102.15,1,Mobile,0
300192,Email,20,6305.76,13,3,105.09,6,Desktop,0
300193,Display,49,,9,2,187.69,0,Desktop,1
300194,Email,28,5844.01,9,5,277.47,6,Mobile,1
300195,Social Media,37,8573.77,4,4,73.64,4,,1
300196,Social Media,41,9395.2,12,6,427.27,1,Mobile,1
300197,Social Media,64,7408.15,14,4,72.23,4,Desktop,0
300198,Referral,36,4204.68,8,2,289.77,0,Mobile,0
300199,Referral,53,7688.52,11,1,294.14,3,Mobile,0
300200,Email,64,8804.59,10,4,403.76,4,Mobile,0
300201,Search,60,11925.34,7,3,168.75,6,Desktop,1
300202,Social Media,21,13173.79,14,0,484.04,0,Tablet,1
300203,Email,19,8626.01,15,4,380.06,1,Tablet,1
300204,Search,26,7835.5,9,5,72.9,3,Mobile,0
300205,Social Media,40,5394.91,11,5,22.35,0,Mobile,0
300206,Email,55,9523.16,4,3,138.35,5,Mobile,0
300207,Email,54,13162.23,12,3,258.74,4,Desktop,0
300208,Email,23,6776.3,7,1,44.66,2,Desktop,0
300209,Email,64,11490.2,8,5,276.93,5,Tablet,0
300210,Search,57,15477.97,7,2,68.84,1,Desktop,0
300211,Social Media,23,8760.58,2,2,187.65,0,Mobile,0
300212,Referral,31,10389.09,4,4,438.43,0,Desktop,0
300213,Social Media,40,5522.24,4,0,144.41,3,Tablet,0
300214,Display,20,7601.2,9,4,20.27,3,Mobile,1
300215,Referral,32,6032.2,14,1,278.28,4,,0
300216,Social Media,44,10733.27,8,3,324.05,4,Mobile,1
300217,Search,22,10464.7,13,1,125.99,6,Mobile,0
300218,Referral,42,10342.28,1,1,541.24,4,Mobile,0
300219,Search,38,9541.59,2,2,138.77,4,Mobile,0
300220,Search,34,9331.02,8,3,82.33,2,Mobile,0
300221,Referral,19,10827.87,1,1,258.2,5,Mobile,0
300222,Referral,39,14379.14,15,3,118.07,3,Tablet,0
300223,Search,34,12939.52,1,1,383.83,1,Tablet,0
300224,Search,44,14879.89,6,1,397.79,4,Desktop,0
300225,Referral,21,6327.45,2,2,462.75,0,Desktop,0
300226,Social Media,42,8030.76,11,1,248.75,2,Mobile,0
300227,Social Media,51,5990.75,11,4,103.34,5,Tablet,0
300228,Social Media,54,9101.77,9,1,47.27,5,Desktop,0
300229,Social Media,39,2000.0,3,2,215.15,1,Desktop,0
300230,Email,56,6138.47,10,5,122.64,3,Mobile,0
300231,Referral,64,9290.34,7,0,192.18,5,Mobile,1
300232,Search,44,7091.64,13,4,95.42,5,Tablet,0
300233,Display,61,8303.79,6,2,638.97,6,Desktop,0
300234,Social Media,65,11517.75,2,1,61.34,0,Mobile,0
300235,Social Media,39,13840.94,8,5,379.74,2,Tablet,0
300236,Search,27,3087.72,5,3,177.68,6,Desktop,0
300237,Email,28,6744.75,2,2,257.21,4,Mobile,0
300238,Search,65,6390.73,2,2,41.03,1,Mobile,1
300239,Social Media,28,10437.66,7,1,348.43,4,Mobile,0
300240,Email,40,11240.4,3,3,232.03,3,Mobile,0
300241,Email,43,9386.04,2,2,80.66,2,Mobile,0
300242,Search,25,10055.05,12,0,288.38,6,Desktop,0
300243,Referral,55,2268.1,5,5,195.41,4,Mobile,1
300244,Email,60,10735.97,9,1,82.39,0,Mobile,1
300245,Search,62,2174.3,14,3,124.4,3,Mobile,1
300246,Search,48,7702.83,15,2,216.85,3,Desktop,0
300247,Referral,62,8901.93,2,2,158.86,6,Tablet,0
300248,Email,63,6196.12,1,1,82.9,0,Desktop,1
300249,Social Media,27,10427.04,2,2,286.15,2,Mobile,0
300250,Email,32,5171.54,15,1,304.42,3,Mobile,0
300251,Search,52,10252.05,6,0,224.01,2,Mobile,0
300252,Search,46,6728.27,4,3,167.95,4,Mobile,0
300253,Search,65,2834.97,6,2,154.59,6,Mobile,0
300254,Social Media,20,9072.76,11,1,157.67,1,Desktop,0
300255,Search,39,10251.96,5,3,242.33,6,Mobile,0
300256,Social Media,62,13449.9,6,3,128.23,2,Desktop,1
300257,Social Media,65,13838.69,13,5,320.78,3,Mobile,0
300258,Referral,44,10620.51,9,2,92.77,6,Mobile,0
300259,Social Media,56,5715.32,15,4,483.42,5,Mobile,0
300260,Social Media,42,5445.19,1,1,194.31,0,Mobile,0
300261,Referral,28,9822.76,2,1,176.33,0,Desktop,0
300262,Search,47,9977.1,15,1,105.71,4,Desktop,0
300263,Social Media,27,14169.52,10,3,79.31,0,Desktop,0
300264,Email,31,13748.04,5,2,364.1,6,Mobile,1
300265,Social Media,30,8056.96,2,2,154.54,1,Mobile,0
300266,Search,47,7589.1,3,1,219.86,1,Mobile,0
300267,Referral,50,6936.08,5,1,244.36,5,Desktop,0
300268,Email,21,11843.2,14,2,326.89,6,Mobile,0
300269,Social Media,22,10434.22,2,2,174.3,4,Desktop,0
300270,Search,43,9549.45,4,3,274.94,4,Mobile,0
300271,Search,24,3104.17,10,2,174.58,0,Desktop,0
300272,Social Media,37,8367.25,5,2,120.81,4,Mobile,0
300273,Social Media,40,10985.27,9,3,142.9,1,Mobile,0
300274,Email,27,4377.0,10,3,270.22,1,Mobile,0
300275,Email,44,4695.19,8,3,57.17,2,Mobile,0
300276,Email,28,6697.76,1,1,282.48,6,Desktop,0
300277,Search,28,7118.1,8,3,247.91,0,Desktop,0
300278,Display,52,3615.0,12,1,106.04,1,Mobile,0
300279,Social Media,42,7701.96,15,2,389.66,6,Mobile,1
300280,Social Media,19,8642.98,14,3,106.7,2,Mobile,0
300281,Social Media,39,10655.1,3,3,219.01,0,Mobile,0
300282,Referral,37,8643.06,6,0,135.59,1,Desktop,0
300283,Social Media,60,15020.06,5,1,99.36,6,Tablet,0
300284,Email,31,10365.29,4,4,60.93,4,Tablet,1
300285,Search,48,14867.94,6,2,194.82,2,Desktop,1
300286,Search,40,9050.78,11,1,104.85,5,Desktop,0
300287,Social Media,30,7287.49,1,1,104.24,1,Mobile,0
300288,Display,57,8720.46,10,3,198.5,6,Mobile,0
300289,Social Media,29,9570.83,6,2,75.9,3,Desktop,0
300290,Email,27,2880.06,5,1,85.07,3,Mobile,0
300291,,30,5959.69,7,2,280.77,4,Mobile,0
300292,Search,61,13736.74,11,2,277.45,2,Desktop,0
300293,Social Media,44,6700.43,14,4,123.38,4,Mobile,0
300294,Display,60,9577.66,2,2,173.58,0,Mobile,0
300295,Referral,23,7798.09,14,6,108.06,6,Mobile,0
300296,Referral,19,12243.9,3,2,188.55,1,Mobile,1
300297,Referral,29,5193.25,12,2,63.48,3,Mobile,1
300298,Social Media,52,12584.92,1,1,224.09,4,Mobile,0
300299,Social Media,21,10764.11,2,2,151.63,2,Desktop,1
300300,Social Media,40,3447.78,2,2,116.0,3,Mobile,0
300301,Social Media,54,14088.43,1,1,141.68,1,Mobile,0
300302,Referral,55,4859.99,3,3,42.02,1,Mobile,1
300303,Email,20,6416.41,12,6,82.08,2,Desktop,0
300304,Email,20,6512.65,8,5,139.82,4,Desktop,1
300305,Search,57,8211.89,8,0,52.59,1,Mobile,0
300306,Email,34,6123.93,15,3,55.64,5,Desktop,0
300307,Social Media,57,6472.47,15,1,76.61,2,Desktop,0
300308,Search,33,7533.39,10,6,89.32,0,Mobile,0
300309,Search,38,6382.75,15,3,340.82,6,Mobile,1
300310,Social Media,53,6554.44,4,3,129.33,5,Desktop,0
300311,Social Media,27,7164.35,4,2,148.66,2,Mobile,0
300312,Referral,33,12537.43,5,2,144.71,6,Mobile,0
300313,Referral,54,4805.18,6,5,170.0,2,Mobile,0
300314,Email,59,9959.33,7,2,248.33,1,Mobile,1
300315,Search,33,9937.92,7,4,101.75,4,Mobile,1
300316,Social Media,32,5435.18,5,5,217.2,1,Desktop,0
300317,,21,9027.61,2,2,262.02,0,Desktop,1
300318,Social Media,63,11141.63,7,2,110.58,1,Mobile,0
300319,Search,61,11178.22,8,6,273.66,4,Mobile,1
300320,Email,23,2329.28,10,6,166.95,3,Mobile,0
300321,Email,63,8686.53,7,4,389.41,1,Mobile,0
300322,Display,64,14517.21,1,1,145.03,5,Desktop,0
300323,Email,45,7563.25,14,3,136.17,2,Desktop,0
300324,Search,48,12192.55,8,2,408.46,4,Desktop,0
300325,Email,53,6500.55,5,4,55.41,1,Mobile,0
300326,Search,61,10714.39,10,3,124.46,4,Mobile,0
300327,Social Media,46,14848.44,3,3,559.05,3,Mobile,1
300328,Social Media,60,9329.09,4,1,455.75,3,Mobile,0
300329,Search,55,4914.31,14,1,73.72,5,Mobile,0
300330,Social Media,27,6326.24,10,5,254.88,2,Desktop,0
300331,Email,61,7290.92,12,2,162.31,6,Desktop,0
300332,Referral,28,8871.3,8,4,102.15,6,Desktop,1
300333,Search,27,3501.46,5,2,215.22,3,Mobile,0
300334,Referral,48,9697.96,3,3,226.91,5,Tablet,0
300335,Search,51,8693.72,9,2,114.94,6,Mobile,0
300336,Display,37,9480.21,12,4,14.73,2,Mobile,1
300337,Display,52,8211.3,14,6,78.03,1,Mobile,0
300338,Social Media,53,10367.71,6,4,132.29,4,Tablet,0
300339,Search,52,13592.88,2,2,77.29,3,Mobile,0
300340,Social Media,41,13188.77,3,2,94.25,0,Desktop,0
300341,Social Media,28,2162.53,9,2,149.22,2,Desktop,0
300342,Referral,37,5004.18,11,1,216.1,5,Mobile,0
300343,Referral,20,11175.4,1,1,206.75,6,Mobile,0
300344,Search,26,6997.82,8,4,150.45,4,Mobile,0
300345,Email,63,9183.56,10,3,305.59,4,Mobile,0
300346,Social Media,27,10845.47,7,3,137.4,4,Mobile,0
300347,Search,43,9084.11,14,5,382.01,5,Mobile,0
300348,Email,45,3696.52,6,1,890.44,3,Mobile,0
300349,Email,59,12447.4,9,4,293.14,2,Mobile,0
300350,Referral,45,6086.21,11,2,152.63,5,Desktop,0
300351,Social Media,63,6295.23,12,2,209.96,2,Mobile,0
300352,Referral,24,13552.95,3,3,130.09,4,Mobile,0
300353,Search,61,4657.06,12,2,63.78,4,Mobile,0
300354,Search,59,7974.06,2,2,164.26,0,Desktop,0
300355,Social Media,30,6525.67,2,2,57.19,6,Desktop,1
300356,Display,19,4709.76,1,1,305.94,0,Tablet,0
300357,Email,31,3941.79,8,0,64.12,4,Desktop,0
300358,Social Media,61,10351.38,3,3,163.15,2,Mobile,0
300359,Search,29,6268.02,10,4,184.28,2,Desktop,1
300360,Email,25,11102.43,15,4,186.26,0,Mobile,0
300361,Email,58,8824.45,7,3,56.62,0,Mobile,0
300362,Social Media,47,10910.86,7,3,25.2,2,Mobile,0
300363,Search,46,12509.32,13,4,223.05,4,Mobile,0
300364,Referral,44,11164.05,8,2,72.15,4,Mobile,1
300365,Social Media,49,9698.58,5,3,114.97,0,Tablet,0
300366,Search,49,4731.06,14,6,36.29,2,Mobile,0
300367,Email,59,7447.37,1,1,212.13,0,Mobile,0
300368,Email,63,10413.27,13,1,406.61,6,Tablet,0
300369,Email,62,4082.18,2,1,306.34,0,Mobile,0
300370,Email,42,4815.92,12,3,260.06,6,Tablet,0
300371,Email,61,11730.14,11,0,21.41,0,Desktop,0
300372,Search,57,6767.29,3,3,100.09,3,Mobile,0
300373,Search,50,8136.04,13,5,178.37,1,Mobile,0
300374,Display,26,10148.74,15,4,475.87,6,Mobile,0
300375,Email,31,8942.32,14,3,138.89,0,Mobile,0
300376,Search,53,9195.81,5,2,117.11,3,Mobile,0
300377,Search,39,7517.82,10,1,375.95,1,Desktop,0
300378,Referral,33,6439.34,11,4,50.0,6,Mobile,0
300379,Referral,41,12498.51,8,6,251.84,2,Desktop,0
300380,Email,35,2601.24,1,1,661.92,5,Mobile,0
300381,Referral,46,6652.94,5,5,155.78,6,Mobile,0
300382,Search,45,9191.74,7,2,27.25,0,Mobile,0
300383,Display,38,5614.55,3,1,67.11,6,Mobile,0
300384,Social Media,19,9977.25,14,3,410.88,4,Mobile,0
300385,Social Media,62,4856.46,8,3,70.8,3,Mobile,0
300386,Email,40,4047.69,10,6,155.26,5,Mobile,0
300387,Social Media,39,14533.64,1,1,472.24,5,Mobile,0
300388,Social Media,43,10195.87,13,6,23.11,3,Mobile,0
300389,Social Media,45,7605.3,15,7,161.71,6,Desktop,0
300390,Search,63,6476.17,2,2,98.73,3,Mobile,1
300391,Social Media,26,8868.58,12,4,223.41,5,Mobile,0
300392,Search,19,13138.0,14,2,211.25,4,Tablet,0
300393,Social Media,62,8915.09,5,3,366.01,1,Mobile,0
300394,Display,38,9910.38,7,4,262.88,0,Mobile,1
300395,Email,60,9174.85,15,2,520.91,3,Desktop,0
300396,Email,18,9984.59,14,5,336.72,5,Mobile,1
300397,Display,33,9848.54,11,1,158.38,5,Desktop,0
300398,Email,64,4603.68,15,1,161.95,0,Mobile,0
300399,Email,32,15011.09,1,1,219.68,4,Mobile,0
300400,Display,60,9627.74,1,1,295.27,1,Mobile,0
300401,,23,5753.0,12,6,162.14,4,Desktop,0
300402,,53,10089.64,4,0,191.59,3,Desktop,0
300403,Search,38,14987.21,10,2,540.64,5,Desktop,1
300404,Referral,40,4423.06,4,1,372.45,4,Mobile,1
300405,Social Media,32,6839.1,11,4,209.65,6,Desktop,0
300406,Search,56,9081.45,2,2,228.86,0,Mobile,0
300407,Referral,36,7806.67,1,1,120.12,3,Mobile,0
300408,Social Media,42,9251.92,10,1,131.93,0,Desktop,0
300409,Search,48,12254.11,10,3,252.16,6,Desktop,0
300410,Referral,46,5150.72,2,2,91.53,4,Mobile,0
300411,Referral,64,8882.03,2,2,133.68,1,Mobile,0
300412,Search,57,14338.5,12,1,496.53,1,Tablet,0
300413,Social Media,30,9154.82,3,3,187.45,6,Mobile,0
300414,Search,42,3044.92,8,3,335.82,3,Mobile,1
300415,Social Media,63,13527.44,3,3,96.03,5,Tablet,0
300416,Referral,51,4739.05,13,2,78.3,2,Mobile,0
300417,Email,59,3173.97,2,2,200.71,4,Desktop,1
300418,Social Media,30,4364.3,14,4,108.93,5,,0
300419,Search,48,5999.49,13,3,153.63,3,Desktop,0
300420,Referral,35,12050.47,4,4,217.14,4,Mobile,0
300421,Referral,48,2677.23,4,3,356.28,0,Mobile,0
300422,Search,28,11112.31,15,4,82.74,2,Tablet,0
300423,Social Media,20,7025.82,7,4,70.23,3,Mobile,0
300424,Email,35,11023.64,7,2,40.08,4,Mobile,0
300425,Social Media,49,11092.21,9,2,222.88,4,Mobile,0
300426,Social Media,37,,14,2,397.8,0,Desktop,0
300427,Social Media,51,6140.62,12,2,164.02,0,Mobile,0
300428,Referral,56,8207.63,5,3,195.36,2,Mobile,0
300429,Email,63,11048.33,2,2,155.14,6,Mobile,0
300430,Referral,40,2518.78,9,4,72.49,0,Mobile,0
300431,Email,43,11458.3,6,4,160.77,4,Mobile,0
300432,Search,42,8314.81,7,2,152.65,5,Desktop,1
300433,Social Media,61,4966.34,11,4,261.24,0,Mobile,0
300434,Search,57,5031.5,5,2,99.48,4,Mobile,0
300435,Referral,59,7474.82,1,1,256.9,4,Tablet,0
300436,Social Media,29,10300.43,1,1,139.94,1,Mobile,0
300437,Referral,18,6822.73,8,0,200.88,1,Mobile,0
300438,Referral,-5,9774.53,9,4,139.27,0,Mobile,0
300439,Search,46,10944.27,6,6,278.34,2,Mobile,0
300440,Social Media,57,5785.01,2,0,80.26,3,Tablet,0
300441,Social Media,55,6100.24,14,3,42.8,5,Mobile,0
300442,Search,22,7498.79,8,1,164.01,5,Mobile,1
300443,Email,25,4425.41,11,3,186.27,4,Desktop,0
300444,Display,54,6111.05,10,2,241.28,1,Mobile,0
300445,Email,37,8630.68,11,5,119.65,2,Mobile,1
300446,Email,34,11294.62,4,4,526.9,2,Tablet,0
300447,Social Media,20,5402.04,14,5,70.99,2,Mobile,0
300448,Email,42,11336.29,6,2,88.04,1,Tablet,0
300449,Referral,45,12820.15,1,1,242.54,1,Desktop,1
300450,Email,47,7555.76,11,3,93.11,3,Mobile,0
300451,Display,61,6675.92,9,1,289.91,6,Desktop,1
300452,Referral,43,10821.12,7,2,235.57,1,Mobile,0
300453,Email,20,9525.85,9,2,490.29,5,Mobile,1
300454,Social Media,35,13420.03,7,6,124.33,4,Desktop,0
300455,Social Media,37,7458.96,5,1,161.5,4,Mobile,0
300456,Display,26,11181.77,12,3,366.74,0,Mobile,0
300457,Search,32,7840.1,13,3,129.32,3,Desktop,0
300458,Email,24,5023.26,11,2,113.84,0,Desktop,0
300459,Social Media,32,3380.14,8,5,368.55,0,Desktop,1
300460,Social Media,49,14309.77,13,2,187.93,5,Mobile,0
300461,Email,37,11830.17,12,4,105.9,2,Mobile,1
300462,Email,43,5068.11,11,1,180.06,6,Mobile,0
300463,Search,19,6785.07,4,4,263.56,0,Mobile,0
300464,Search,36,6872.35,12,6,98.62,6,Mobile,0
300465,Referral,23,7324.74,6,3,383.12,0,Mobile,0
300466,Email,32,11051.14,9,5,202.48,0,Mobile,0
300467,Referral,30,9148.79,1,1,223.08,1,Mobile,0
300468,Referral,-5,6727.17,6,4,255.47,3,Desktop,0
300469,Referral,29,13299.5,15,4,279.24,3,Mobile,1
300470,Search,21,10499.93,12,3,157.59,1,Desktop,0
300471,Social Media,26,6708.87,2,1,158.63,3,,1
300472,Referral,55,6321.29,7,2,7.9,1,Mobile,0
300473,Referral,55,8722.79,8,1,68.82,0,Mobile,0
300474,Search,61,6717.48,11,0,44.82,6,Mobile,0
300475,Social Media,41,12400.76,2,2,99.22,5,Desktop,0
300476,Social Media,40,8329.01,9,1,234.26,1,Mobile,0
300477,Referral,28,12063.76,13,2,219.93,1,Mobile,0
300478,Referral,44,2293.17,14,3,345.32,2,Mobile,0
300479,Social Media,48,5973.95,12,2,301.92,3,Desktop,0
300480,Referral,34,9411.57,14,3,50.88,3,Mobile,0
300481,,30,8571.01,1,0,68.4,0,Mobile,0
300482,Social Media,54,8838.79,13,1,125.99,6,Mobile,0
300483,Search,39,4691.38,2,2,75.32,2,Desktop,0
300484,Email,31,7649.19,15,4,410.79,1,Desktop,0
300485,Email,62,13625.43,11,4,207.32,5,Desktop,1
300486,Display,27,8497.73,15,1,130.35,1,Mobile,0
300487,Email,29,2000.0,2,1,186.96,4,Mobile,0
300488,Social Media,56,7399.4,4,1,112.23,4,Desktop,0
300489,Search,55,12155.93,9,7,282.68,1,Tablet,0
300490,Search,24,7986.36,11,2,116.16,6,Desktop,0
300491,Social Media,24,5501.65,11,1,38.76,0,Mobile,0
300492,Email,18,4686.62,5,1,252.39,0,Desktop,0
300493,Search,46,10170.46,9,4,293.78,1,Mobile,0
300494,Search,26,11695.85,7,6,189.09,0,Mobile,1
300495,Social Media,30,2000.0,15,3,176.91,1,Mobile,0
300496,Email,21,5320.92,13,2,164.85,5,Mobile,0
300497,Search,21,5959.23,5,1,89.19,2,Mobile,0
300498,Social Media,27,10766.61,3,3,178.17,2,Desktop,1
300499,Display,26,11921.48,11,2,190.97,6,Tablet,0
300500,Email,65,3038.6,1,1,253.52,5,Desktop,0
300501,Email,26,6964.06,6,6,169.51,4,Desktop,0
300502,Referral,64,12283.24,4,2,102.25,0,Mobile,0
300503,Social Media,52,7580.58,2,1,328.82,2,Mobile,0
300504,Search,21,4528.67,2,2,167.2,4,Mobile,0
300505,Referral,52,11504.66,8,4,373.25,1,Mobile,1
300506,Social Media,45,6808.78,10,4,107.81,0,Mobile,0
300507,Referral,57,10872.65,5,0,251.43,6,Desktop,0
300508,Social Media,49,10688.91,1,1,332.03,4,Desktop,0
300509,Social Media,64,7616.37,5,1,260.96,6,Desktop,0
300510,Referral,60,6809.21,2,2,143.01,5,Tablet,0
300511,Social Media,52,5551.87,6,1,116.63,2,Tablet,0
300512,Email,35,11844.29,11,2,301.42,5,Tablet,1
300513,Search,38,6148.87,1,1,193.21,4,Mobile,0
300514,Search,51,9725.66,11,8,233.93,5,Mobile,0
300515,Email,65,7003.07,14,5,152.54,0,Desktop,0
300516,Search,26,11933.4,9,3,75.23,3,Mobile,1
300517,Email,57,12256.88,8,1,544.82,0,Desktop,0
300518,Social Media,32,2639.36,2,2,318.93,6,Desktop,0
300519,Search,38,7308.84,4,2,60.59,2,Desktop,0
300520,Referral,52,4783.43,15,1,210.53,0,Mobile,0
300521,Email,50,5299.49,10,3,182.68,6,Mobile,0
300522,Social Media,26,6895.02,11,4,151.04,4,Mobile,0
300523,Display,57,10964.93,1,1,335.64,1,Mobile,0
300524,Social Media,25,4055.76,9,1,154.5,5,Mobile,0
300525,Email,22,8504.72,12,1,238.24,3,Desktop,0
300526,Social Media,51,7117.36,5,2,142.22,2,Mobile,0
300527,Referral,31,10457.56,12,5,134.55,4,Tablet,0
300528,Social Media,51,6389.36,1,1,176.8,2,Mobile,0
300529,Email,26,15005.41,7,1,100.33,3,Mobile,0
300530,Referral,30,10955.18,7,2,322.79,4,Mobile,0
300531,Social Media,31,10405.43,11,8,310.56,3,Desktop,0
300532,Email,44,8532.39,6,3,130.51,0,Desktop,1
300533,Email,30,13800.06,8,2,234.85,1,Desktop,0
300534,Search,20,8228.62,14,0,163.55,3,Mobile,0
300535,Email,31,8855.79,1,1,91.7,2,Mobile,0
300536,Referral,27,9512.98,9,2,126.35,3,Desktop,0
300537,Search,44,11670.89,3,2,42.81,5,Tablet,0
300538,Referral,120,6874.4,1,1,184.86,4,Mobile,0
300539,Search,47,9784.36,5,1,99.59,0,Desktop,1
300540,Search,35,7766.06,11,7,282.25,4,Desktop,1
300541,Referral,40,10475.38,2,2,680.42,5,Desktop,0
300542,Email,25,4493.76,12,5,110.23,5,Mobile,1
300543,Social Media,63,3486.94,8,2,189.6,3,Desktop,0
300544,Email,43,10600.96,5,4,528.72,0,Mobile,0
300545,Email,18,9434.66,14,3,113.86,4,Mobile,0
300546,Social Media,24,8427.79,6,2,382.18,3,Desktop,0
300547,Social Media,41,4890.94,7,3,70.8,1,Mobile,0
300548,Social Media,38,8046.69,15,2,184.09,2,Desktop,0
300549,Social Media,26,12118.76,3,3,547.34,0,Mobile,0
300550,Email,42,13364.74,6,1,293.46,2,Mobile,0
300551,Display,20,9430.95,8,5,304.51,2,Mobile,0
300552,Search,39,12643.5,6,6,123.03,1,Desktop,0
300553,Social Media,20,6635.47,9,1,690.77,4,Desktop,0
300554,Social Media,40,10341.72,11,4,454.22,6,Mobile,0
300555,Display,21,7148.65,9,2,297.41,0,Mobile,0
300556,Social Media,24,7217.16,9,6,264.71,4,Desktop,0
300557,Referral,20,9439.93,6,0,341.78,5,Mobile,0
300558,Email,32,5249.45,7,3,44.35,2,Desktop,0
300559,Email,62,2000.0,7,1,97.58,6,Tablet,1
300560,Email,27,4840.52,7,4,392.27,1,Mobile,0
300561,Search,40,10588.87,10,4,231.27,5,Mobile,0
300562,Email,60,8239.16,4,2,86.9,0,Mobile,0
300563,Social Media,21,11549.42,3,3,95.33,0,Mobile,0
300564,Email,28,9756.38,4,2,349.13,1,Mobile,0
300565,Referral,56,9713.78,10,3,253.89,6,Tablet,0
300566,Referral,63,,15,1,143.32,4,Desktop,0
300567,Display,63,13872.17,3,3,61.76,6,Desktop,1
300568,Referral,38,7960.48,6,3,135.43,0,Mobile,0
300569,Referral,43,12755.74,13,4,104.92,6,Desktop,0
300570,Referral,33,9509.85,9,1,246.38,0,Mobile,0
300571,Email,35,8919.39,12,3,198.48,1,Mobile,0
300572,Referral,29,3495.28,14,2,341.32,4,Desktop,0
300573,Referral,26,10331.61,9,6,115.58,4,Desktop,0
300574,Social Media,61,10357.91,9,3,180.1,0,Desktop,0
300575,Referral,54,6562.54,4,2,123.25,2,Desktop,0
300576,Search,42,12005.58,10,2,141.89,0,Desktop,0
300577,Social Media,18,6303.68,7,0,218.23,3,Desktop,0
300578,Social Media,42,2308.83,1,1,173.92,6,Mobile,1
300579,Display,56,16141.92,8,3,113.68,3,Desktop,0
300580,Search,45,4532.0,1,1,101.15,5,Desktop,0
300581,Social Media,29,7297.95,13,3,361.33,0,Mobile,1
300582,Social Media,49,6310.01,8,1,83.67,6,Desktop,0
300583,Social Media,51,10995.71,1,1,300.95,4,Mobile,0
300584,Social Media,34,8901.1,11,3,304.04,0,Desktop,0
300585,Search,45,12259.88,4,0,63.35,5,Tablet,0
300586,Email,52,9141.5,7,3,222.74,2,Mobile,0
300587,Social Media,28,7810.9,3,3,401.7,2,Desktop,0
300588,Social Media,44,10931.52,13,5,262.18,0,Desktop,0
300589,Social Media,42,3670.61,9,3,133.99,1,Desktop,0
300590,Social Media,59,10350.72,7,2,328.0,5,Mobile,0
300591,Email,43,7528.97,4,4,151.12,2,Mobile,1
300592,Email,44,9838.37,11,1,98.75,1,Mobile,0
300593,Search,29,12530.8,12,3,138.51,5,Desktop,0
300594,Display,27,9506.15,3,3,352.57,3,Tablet,1
300595,Referral,42,4749.25,13,5,195.56,0,Tablet,0
300596,Referral,39,5741.56,6,5,157.5,2,Mobile,0
300597,Email,50,12000.91,4,2,134.1,3,Desktop,0
300598,Email,19,10979.06,3,3,449.12,1,Desktop,0
300599,Social Media,59,3208.85,2,1,146.16,1,Mobile,0
300600,Social Media,36,10198.9,6,4,221.48,3,Mobile,0
300601,Email,63,,14,4,32.52,0,Mobile,0
300602,Email,43,7937.81,13,5,23.15,4,Mobile,1
300603,Email,47,9392.36,9,3,114.63,4,Tablet,0
300604,Referral,35,6789.85,4,3,344.77,3,Desktop,0
300605,Email,65,11932.53,9,1,631.42,2,Tablet,0
300606,Email,36,9949.63,5,2,230.32,2,Desktop,0
300607,Search,40,9800.97,5,4,188.91,4,Desktop,0
300608,Social Media,21,10814.76,4,2,88.39,3,Tablet,0
300609,Social Media,61,7432.22,6,3,95.13,1,Tablet,0
300610,Display,33,2000.0,3,3,190.77,2,Mobile,0
300611,Display,21,4836.5,14,0,256.08,6,Desktop,0
300612,Social Media,54,9933.08,14,3,105.27,3,Mobile,0
300613,Email,26,7214.95,10,5,198.02,4,Tablet,1
300614,Search,18,9695.25,12,1,335.98,5,Mobile,0
300615,Referral,41,10299.05,11,2,91.29,6,Mobile,0
300616,Referral,46,8426.79,13,0,88.52,5,Desktop,0
300617,Email,54,7293.86,1,1,178.44,5,Mobile,1
300618,Search,61,9984.65,4,1,63.0,2,Desktop,0
300619,Referral,64,6592.84,4,4,104.9,1,Desktop,0
300620,Referral,64,10380.45,14,1,301.08,3,Mobile,0
300621,Social Media,65,7352.62,14,1,75.12,4,Mobile,0
300622,Email,28,2007.94,8,3,176.84,0,Mobile,0
300623,Search,54,8509.47,15,6,205.97,3,Desktop,1
300624,Search,62,6669.57,2,2,193.36,6,Mobile,0
300625,Referral,53,14690.92,10,4,445.33,4,Mobile,0
300626,Search,52,10473.5,13,2,-153.33,4,Desktop,0
300627,Referral,32,10007.16,9,2,132.89,6,Desktop,0
300628,Social Media,24,8230.0,7,1,261.27,4,Mobile,1
300629,Social Media,37,8869.57,2,2,295.5,2,Mobile,0
300630,Referral,41,5786.24,4,2,121.0,2,Desktop,0
300631,Display,35,4510.98,7,1,233.33,1,Mobile,0
300632,Referral,38,15129.68,6,5,176.52,4,Mobile,1
300633,Email,18,12195.94,6,6,166.16,6,Desktop,1
300634,Search,38,5346.8,2,2,196.47,5,Mobile,0
300635,Social Media,27,6413.7,2,2,354.29,4,Desktop,0
300636,Referral,26,4396.15,8,3,494.67,3,Mobile,0
300637,Email,51,5367.73,11,3,230.98,5,Mobile,0
300638,Referral,33,10053.96,6,3,175.47,4,Desktop,0
300639,Social Media,48,9259.33,14,7,182.09,1,Mobile,0
300640,Social Media,45,9923.64,4,4,159.11,3,Mobile,1
300641,Email,47,8175.49,9,0,105.8,5,Tablet,0
300642,Email,58,11909.14,4,4,295.73,3,Mobile,0
300643,Search,38,10240.36,5,4,381.39,2,Mobile,0
300644,Email,56,9021.94,15,1,118.38,2,Desktop,1
300645,Display,60,7555.41,7,2,129.45,3,Mobile,0
300646,Social Media,54,12935.31,3,3,36.0,3,Mobile,1
300647,Email,44,9238.35,7,1,331.05,2,Mobile,0
300648,Search,52,11413.83,3,2,253.92,1,Mobile,1
300649,Email,59,,15,0,218.85,1,Mobile,0
300650,Social Media,18,6685.06,14,2,65.08,5,Mobile,0
300651,Social Media,19,6012.04,9,1,280.95,2,Desktop,1
300652,Search,31,8895.46,10,6,29.38,6,Desktop,0
300653,Referral,26,3204.37,14,5,193.08,2,Mobile,0
300654,Referral,41,7988.59,7,3,553.5,4,Mobile,1
300655,Social Media,26,9165.55,10,3,197.48,2,Mobile,0
300656,Display,26,9316.36,3,1,97.86,4,Mobile,0
300657,Email,46,7389.65,2,2,119.09,1,Tablet,1
300658,Email,19,12014.43,1,0,205.35,3,Mobile,0
300659,Email,19,,10,5,173.65,3,Tablet,0
300660,Search,52,12720.44,8,1,181.1,4,Mobile,0
300661,Email,36,4464.89,13,5,285.13,4,Mobile,0
300662,Referral,45,9107.22,12,2,238.25,4,Mobile,0
300663,Social Media,44,12075.72,9,4,126.07,6,Mobile,0
300664,Search,57,8885.19,8,2,199.53,4,Mobile,0
300665,Social Media,46,8343.0,8,1,83.31,1,Mobile,0
300666,Referral,55,14003.32,13,0,77.29,6,Mobile,0
300667,Display,56,10732.48,10,1,498.4,1,Desktop,0
300668,Search,62,10478.37,10,2,131.39,2,Desktop,1
300669,Email,56,7227.87,6,2,185.91,6,Mobile,1
300670,Social Media,51,6536.39,3,3,241.42,5,Desktop,0
300671,Email,35,5730.8,5,3,128.86,6,Mobile,1
300672,Email,56,12917.27,14,5,87.14,1,Mobile,0
300673,Search,50,10412.06,11,4,19.2,6,Tablet,0
300674,Referral,29,13969.8,6,4,71.48,4,Desktop,0
300675,Search,56,6632.31,4,4,118.54,2,Mobile,0
300676,Email,19,5690.7,8,2,164.75,1,Desktop,0
300677,Referral,60,4531.4,12,2,270.88,3,Desktop,0
300678,Referral,48,9696.96,8,3,151.28,6,Mobile,0
300679,Email,20,12188.65,8,5,81.22,6,Mobile,1
300680,Display,23,7726.91,3,3,491.78,2,Mobile,0
300681,Social Media,26,9861.18,6,4,99.85,5,Desktop,0
300682,Display,47,10560.48,5,5,217.18,2,Mobile,0
300683,Social Media,53,2000.0,14,5,118.41,4,Mobile,1
300684,Referral,42,,7,6,116.72,3,Mobile,0
300685,Email,20,5931.94,9,5,109.75,5,Desktop,0
300686,Social Media,21,9392.48,13,4,63.41,0,Desktop,0
300687,Social Media,31,9044.08,5,5,262.38,4,Desktop,1
300688,Display,41,6582.4,6,4,489.27,2,Desktop,0
300689,Search,47,9131.69,3,3,175.94,3,Mobile,0
300690,Search,33,9167.56,15,3,156.9,6,Mobile,0
300691,Social Media,41,10373.24,5,4,80.28,4,Desktop,0
300692,Social Media,37,8261.34,1,1,291.56,1,Mobile,0
300693,Referral,55,11967.09,4,3,192.07,1,Mobile,0
300694,Social Media,51,8546.13,14,5,239.65,0,Mobile,0
300695,Social Media,44,10140.83,12,4,-75.02,1,Desktop,1
300696,Search,45,7989.17,15,2,53.13,3,Mobile,0
300697,Referral,42,7261.55,15,1,108.58,6,Desktop,0
300698,Display,22,11955.56,11,4,207.18,4,Desktop,1
300699,Social Media,60,12476.0,11,2,201.07,2,Desktop,0
300700,Email,51,9504.71,1,1,227.15,2,Tablet,0
300701,Referral,54,,3,3,4.67,0,Desktop,0
300702,Search,26,14037.58,8,1,130.73,0,Desktop,0
300703,Email,59,7978.82,1,1,355.98,5,Desktop,0
300704,Referral,39,12406.33,10,2,112.32,0,Mobile,1
300705,Social Media,38,8636.42,1,1,155.43,6,Desktop,1
300706,Social Media,47,14288.09,5,3,138.32,0,Mobile,0
300707,Social Media,51,9578.97,14,6,496.06,4,Desktop,0
300708,Display,24,6635.6,4,4,222.46,6,Desktop,0
300709,Search,62,10965.6,1,1,164.03,5,Desktop,0
300710,Search,49,10972.32,14,3,252.89,6,Mobile,0
300711,Referral,45,8768.56,4,4,48.7,1,Desktop,1
300712,Social Media,42,2061.21,12,5,134.56,4,Desktop,0
300713,Email,49,14087.73,10,2,252.08,6,Desktop,0
300714,Search,26,2615.78,4,4,256.35,1,Desktop,0
300715,Referral,64,12986.04,3,3,214.66,4,Mobile,0
300716,Search,47,5297.1,15,7,123.73,6,Desktop,1
300717,Display,41,8841.15,1,1,56.63,6,Tablet,0
300718,Search,18,7106.96,5,5,209.88,2,Desktop,1
300719,Social Media,56,5921.6,11,4,166.74,1,Desktop,0
300720,Display,20,5464.25,11,1,202.5,2,Mobile,0
300721,Search,63,10439.37,4,4,225.46,3,Mobile,0
300722,Referral,48,11226.94,6,3,118.73,1,Desktop,1
300723,Search,52,7861.75,6,0,45.25,3,Desktop,0
300724,Search,36,9423.68,1,1,231.65,1,Tablet,0
300725,Display,18,7918.23,11,1,131.28,5,Tablet,0
300726,Search,59,11851.73,8,0,260.0,3,Desktop,1
300727,Display,25,6675.84,14,5,117.29,2,Mobile,0
300728,Search,34,7359.13,11,2,54.25,1,Desktop,0
300729,Referral,49,6007.78,4,4,48.62,2,Desktop,1
300730,Referral,19,5568.09,7,6,223.86,5,Desktop,1
300731,Social Media,18,4575.01,5,4,461.85,6,Mobile,0
300732,Email,48,12064.66,1,1,415.27,3,Mobile,0
300733,Referral,52,9084.87,10,0,73.76,4,Mobile,0
300734,Social Media,58,7767.49,8,4,119.5,1,Desktop,0
300735,Referral,53,7981.87,2,2,112.75,4,Mobile,0
300736,Display,52,3532.25,12,1,150.2,6,Mobile,0
300737,Social Media,62,8844.26,12,0,385.28,1,Mobile,0
300738,Search,44,10326.48,15,8,214.99,1,Desktop,0
300739,Search,51,5266.24,10,3,51.81,5,Tablet,0
300740,Social Media,60,14890.89,7,4,132.6,5,Desktop,0
300741,Email,37,7166.34,2,2,64.08,6,Desktop,1
300742,Email,19,4996.75,3,3,153.41,6,Mobile,0
300743,Display,60,7984.67,14,3,98.64,4,Desktop,0
300744,Social Media,18,10578.17,5,2,354.0,0,Desktop,0
300745,Email,61,9389.18,15,0,114.56,5,Mobile,0
300746,Search,42,5216.8,10,1,69.17,2,Mobile,0
300747,Referral,40,6896.88,8,4,443.52,5,Mobile,0
300748,Search,52,3381.19,3,0,102.27,2,Mobile,0
300749,Search,42,8846.46,7,1,545.04,3,Mobile,0
300750,Referral,40,12438.53,1,1,251.08,3,Tablet,0
300751,Social Media,33,12643.48,7,3,256.39,0,Mobile,0
300752,Email,32,10502.2,10,2,48.12,1,Mobile,0
300753,Social Media,44,9839.91,10,2,137.93,1,Mobile,0
300754,Social Media,32,13059.94,13,2,117.47,2,Mobile,0
300755,Search,48,10875.25,10,6,519.55,4,Desktop,0
300756,,22,5952.79,2,2,147.98,2,Desktop,0
300757,Referral,63,6206.91,2,2,296.37,1,Mobile,0
300758,Social Media,22,12066.56,14,2,90.14,1,Mobile,0
300759,Referral,36,11642.96,14,2,210.36,3,Desktop,0
300760,Display,50,10065.7,8,4,167.16,6,Mobile,1
300761,Social Media,22,7275.07,9,5,398.07,5,Mobile,0
300762,Social Media,25,7805.19,11,0,104.13,0,Mobile,0
300763,Social Media,41,10576.94,4,1,37.46,3,Mobile,1
300764,Email,65,9729.8,1,1,185.21,2,Mobile,0
300765,Display,52,10423.26,1,1,209.72,2,Mobile,0
300766,Display,43,4392.38,9,5,194.12,0,Mobile,0
300767,Referral,25,4779.6,10,0,151.61,5,Mobile,0
300768,Social Media,52,,2,2,194.88,1,Mobile,0
300769,Social Media,55,8335.63,3,3,185.06,3,,0
300770,Display,46,5654.3,14,3,89.16,2,Tablet,0
300771,Email,57,9426.07,11,3,102.58,0,Mobile,0
300772,Search,34,10431.47,4,3,75.41,1,Desktop,0
300773,Referral,27,3409.32,13,2,217.67,0,Desktop,0
300774,Search,49,9552.04,10,8,233.6,1,Mobile,0
300775,Display,52,12883.99,3,2,290.12,0,Mobile,0
300776,Referral,24,4482.22,15,8,134.9,5,Mobile,0
300777,Search,65,7034.14,1,1,319.41,0,Mobile,0
300778,Display,46,13610.51,10,5,138.65,2,Mobile,0
300779,Email,62,8292.13,10,4,340.52,6,Mobile,0
300780,,31,8759.46,8,4,293.95,1,Mobile,0
300781,Referral,31,9817.88,3,3,180.37,0,Mobile,0
300782,Referral,28,7824.17,10,4,165.0,5,Desktop,0
300783,Referral,48,2000.0,10,3,83.41,1,Desktop,0
300784,Email,40,7592.39,14,4,67.33,5,Mobile,0
300785,Social Media,28,6636.82,3,2,377.14,1,Mobile,0
300786,Search,31,10638.37,2,0,118.67,2,Mobile,0
300787,Display,56,4335.76,10,2,390.52,5,Mobile,1
300788,Email,24,7130.11,13,3,39.82,5,Mobile,0
300789,Social Media,45,7483.99,1,1,330.47,4,Desktop,0
300790,Social Media,46,4835.12,5,4,356.07,1,Mobile,0
300791,Search,35,6906.2,6,2,152.15,1,Mobile,0
300792,Referral,42,10803.79,15,4,112.35,0,Mobile,0
300793,Referral,61,10083.6,4,4,63.56,1,Desktop,0
300794,Search,41,9209.63,6,3,518.69,4,Mobile,0
300795,Search,38,12027.42,9,2,358.53,0,Desktop,0
300796,Social Media,25,6401.77,12,2,298.06,2,Desktop,0
300797,Social Media,63,10634.57,8,4,206.04,3,Desktop,1
300798,Social Media,41,4384.61,15,3,170.52,6,Mobile,0
300799,Display,32,7820.03,7,3,179.83,1,Mobile,1
300800,Email,23,8368.59,14,2,320.65,3,Desktop,0
300801,Referral,25,10967.39,4,0,32.79,2,Mobile,0
300802,Social Media,20,7122.53,1,1,52.27,4,Mobile,0
300803,Social Media,35,5750.1,15,0,858.04,2,Mobile,0
300804,Display,60,6038.77,13,6,355.13,3,Mobile,0
300805,Social Media,47,10044.98,10,6,31.04,6,Mobile,1
300806,Email,31,3466.16,14,3,239.49,1,Desktop,0
300807,Referral,28,11708.62,8,2,317.07,5,Mobile,0
300808,Social Media,27,11797.63,6,3,88.06,5,Desktop,0
300809,Display,56,5649.83,1,1,208.3,0,Mobile,0
300810,Email,23,16213.86,10,2,154.65,4,Mobile,0
300811,Search,20,7231.34,12,0,227.87,6,Desktop,0
300812,Referral,39,13705.55,1,1,200.65,0,Mobile,0
300813,Search,22,14973.27,13,1,372.67,6,Mobile,0
300814,Social Media,56,10041.03,8,2,117.42,1,Desktop,1
300815,Email,46,8280.04,11,0,395.33,3,Tablet,0
300816,Referral,60,9449.39,11,4,290.38,0,Desktop,1
300817,Email,27,14995.92,13,0,182.06,6,Mobile,0
300818,Display,23,4838.68,8,4,399.44,2,Desktop,0
300819,Email,44,7157.0,8,4,218.32,5,Mobile,0
300820,Referral,59,3287.71,4,4,91.11,3,Mobile,0
300821,Social Media,47,12348.55,8,4,88.06,0,Tablet,1
300822,Search,54,18451.09,7,1,156.34,5,Mobile,0
300823,Referral,57,9163.9,1,1,131.45,0,Desktop,0
300824,Display,31,3516.53,2,2,217.57,4,Desktop,0
300825,Social Media,18,8324.26,1,1,164.98,5,Mobile,0
300826,Social Media,59,2792.64,9,5,81.92,0,Desktop,1
300827,Referral,26,6375.49,11,4,251.15,5,Mobile,1
300828,Social Media,42,7976.39,13,3,134.55,4,Desktop,0
300829,Social Media,22,8552.75,10,7,235.91,2,Desktop,0
300830,Referral,46,9295.9,5,3,129.27,2,Mobile,1
300831,Social Media,35,8700.0,14,2,208.15,1,Desktop,0
300832,Search,44,4674.77,6,3,128.65,3,Desktop,0
300833,Referral,48,6922.73,4,2,361.43,1,Mobile,0
300834,Search,44,3286.2,3,3,109.79,6,Mobile,1
300835,Social Media,23,10541.8,11,3,60.36,4,Desktop,0
300836,Search,51,8318.76,8,3,108.48,5,Mobile,0
300837,Referral,20,5166.98,11,4,526.1,6,Desktop,1
300838,Email,27,7077.63,12,0,102.89,0,Mobile,0
300839,Email,57,5511.76,11,2,46.19,5,Desktop,0
300840,Social Media,54,3623.26,1,0,59.54,4,Mobile,0
300841,Social Media,46,7251.96,5,4,368.55,2,Mobile,0
300842,Referral,60,6477.58,6,6,188.43,3,Desktop,0
300843,Display,57,9139.2,5,0,133.49,6,Mobile,0
300844,Referral,19,8437.42,10,2,253.21,4,Mobile,0
300845,Search,19,5464.76,1,1,90.14,5,Desktop,0
300846,Referral,19,14919.98,6,3,22.22,3,Tablet,0
300847,Email,56,3696.44,15,2,18.92,4,Mobile,0
300848,Email,41,6262.7,2,2,120.76,2,Mobile,0
300849,Email,49,16974.23,5,5,299.48,5,Mobile,0
300850,Display,22,7246.67,13,0,232.4,6,Desktop,0
300851,Search,34,9805.79,1,1,177.38,3,Mobile,0
300852,Email,64,10658.72,15,3,129.16,3,Mobile,0
300853,Social Media,61,12896.32,11,4,212.05,5,Mobile,0
300854,Email,30,9085.76,1,1,94.27,2,Mobile,0
300855,Social Media,46,15429.24,13,2,127.52,0,Mobile,0
300856,Email,56,13392.81,7,3,271.77,6,Mobile,0
300857,Social Media,62,7085.08,15,1,110.97,3,Desktop,0
300858,Search,57,6326.23,9,3,84.16,5,Mobile,0
300859,Email,44,7054.93,3,2,101.44,3,Desktop,1
300860,Social Media,29,6696.84,15,3,159.96,4,Desktop,1
300861,Social Media,50,12163.92,6,2,260.95,5,Tablet,0
300862,Social Media,25,9271.85,12,3,86.43,0,Tablet,0
300863,Referral,56,5674.19,14,1,147.36,0,Mobile,0
300864,Referral,25,12950.05,15,2,290.81,0,Mobile,0
300865,Email,29,7503.28,9,3,250.3,3,Desktop,1
300866,Email,61,9762.44,13,0,158.54,6,Desktop,1
300867,Social Media,27,13460.25,2,2,203.63,0,Mobile,0
300868,Email,54,10480.1,10,0,123.3,0,Desktop,0
300869,Display,23,13196.04,4,2,151.73,0,Mobile,0
300870,Email,63,8641.89,12,5,103.09,1,Mobile,0
300871,Email,23,3889.83,2,2,245.72,6,Mobile,0
300872,Social Media,24,9253.33,13,3,97.49,6,Desktop,0
300873,Social Media,24,7655.13,8,1,131.62,5,Mobile,0
300874,Search,51,6263.46,13,2,359.32,1,Desktop,0
300875,Social Media,50,9044.22,9,6,119.03,4,Desktop,1
300876,Social Media,62,4975.42,2,2,132.21,0,Mobile,0
300877,Social Media,44,7021.51,1,1,100.59,3,Mobile,0
300878,Social Media,21,8062.4,13,2,175.67,0,,0
300879,Search,54,4407.88,1,1,51.82,1,Desktop,0
300880,Search,34,10110.25,15,4,116.55,6,Mobile,0
300881,Search,59,5575.14,11,3,233.26,0,Mobile,0
300882,Email,44,13080.66,1,1,129.34,1,Desktop,0
300883,Social Media,56,7256.92,4,4,225.88,1,Desktop,0
300884,Social Media,19,8701.15,2,2,180.3,3,Desktop,1
300885,Display,28,10914.59,1,1,100.81,5,Desktop,0
300886,Social Media,35,8523.34,15,4,828.37,4,Desktop,0
300887,Search,33,11450.62,8,4,456.81,6,,0
300888,,44,15440.94,1,1,74.27,3,Mobile,0
300889,Social Media,61,9494.71,8,3,295.59,0,Desktop,0
300890,Referral,46,10987.28,11,4,428.43,4,Desktop,1
300891,,39,10412.59,8,2,30.57,2,Mobile,0
300892,Referral,41,11136.9,4,4,247.87,5,Desktop,0
300893,Display,39,15847.84,10,4,280.23,2,Mobile,1
300894,Email,39,8790.8,4,0,130.88,4,Mobile,0
300895,Display,42,10505.32,6,5,153.89,5,Desktop,1
300896,Display,63,6995.37,13,3,290.9,1,Desktop,0
300897,Referral,25,10674.56,2,2,178.84,5,Desktop,0
300898,Search,41,11002.88,14,1,288.16,0,Desktop,0
300899,Search,120,8773.35,13,0,353.73,5,Tablet,0
300900,Referral,52,5117.86,5,0,204.23,2,Desktop,1
300901,Search,51,8501.65,11,7,173.99,4,Desktop,1
300902,Search,34,9211.72,9,3,64.26,3,Mobile,0
300903,Referral,44,8965.82,7,5,192.41,5,Mobile,0
300904,Display,43,9962.36,11,1,377.71,6,Mobile,0
300905,Referral,19,3446.55,4,4,424.24,3,Desktop,0
300906,Display,57,10066.26,3,3,88.5,4,Mobile,0
300907,Email,55,7648.12,3,3,202.99,4,Mobile,1
300908,Email,24,12164.69,12,5,146.75,2,Desktop,0
300909,Social Media,41,4978.61,1,0,210.65,1,Mobile,0
300910,Email,45,2791.27,2,1,284.54,0,Mobile,0
300911,Social Media,23,9619.36,13,1,8.01,3,Mobile,0
300912,Search,65,4518.78,13,3,327.57,1,Mobile,0
300913,Display,30,9655.57,14,3,119.25,1,Mobile,1
300914,Search,46,7824.49,5,4,530.14,1,Mobile,0
300915,Referral,48,8858.13,5,2,91.32,3,Mobile,0
300916,Referral,50,4266.53,9,3,211.33,6,Mobile,0
300917,Referral,34,2000.0,14,2,335.11,5,Mobile,0
300918,Display,48,11579.57,13,4,141.95,6,Desktop,0
300919,Social Media,47,15099.66,11,7,86.53,2,Mobile,0
300920,Social Media,18,10073.22,6,2,350.8,2,Mobile,0
300921,Search,38,9693.56,13,5,274.32,1,Tablet,0
300922,Email,41,9933.26,13,0,403.36,4,Mobile,1
300923,Social Media,47,10940.38,11,5,118.08,6,Desktop,1
300924,Email,46,5862.08,5,5,261.76,5,Mobile,0
300925,Social Media,58,10319.76,11,3,169.5,6,Desktop,0
300926,Social Media,24,3120.78,5,2,167.97,4,Mobile,0
300927,Referral,19,10172.06,5,1,334.94,5,Tablet,1
300928,Search,21,9293.07,9,4,238.33,1,Tablet,0
300929,Social Media,47,11111.84,6,3,222.94,4,Mobile,1
300930,Social Media,26,9422.12,12,3,164.83,0,Mobile,0
300931,Referral,63,11260.99,1,1,114.37,6,Desktop,0
300932,Display,25,11530.6,10,4,63.21,3,Mobile,0
300933,Email,43,7757.76,8,2,142.54,3,Mobile,0
300934,Search,41,12068.98,5,5,307.82,6,Mobile,1
300935,Referral,42,6830.69,2,2,129.66,3,Desktop,0
300936,Social Media,39,9333.64,15,5,86.76,0,Mobile,0
300937,Search,52,2000.0,6,1,216.21,5,Desktop,0
300938,Display,62,9049.89,3,1,88.35,4,Mobile,0
300939,Search,18,8967.93,7,2,43.3,1,Desktop,0
300940,Email,50,9717.09,3,3,73.13,1,Mobile,0
300941,Social Media,50,4979.63,11,9,129.83,1,Desktop,0
300942,Social Media,33,11668.56,11,1,186.25,0,Desktop,0
300943,Email,61,7531.16,4,3,394.82,0,Desktop,1
300944,Email,52,4750.39,5,1,413.94,1,Desktop,0
300945,Email,41,2000.0,13,3,495.2,0,Mobile,0
300946,Social Media,32,,1,1,453.91,1,Desktop,0
300947,Social Media,28,8149.34,10,3,248.88,3,Mobile,0
300948,Search,35,2000.0,12,5,408.74,5,Desktop,0
300949,Search,57,11512.17,12,0,300.31,4,Mobile,0
300950,Display,62,6702.04,4,2,679.15,6,Desktop,1
300951,Search,36,9284.73,9,4,168.66,1,Tablet,0
300952,Search,20,6241.64,8,2,452.9,4,Desktop,1
300953,Display,34,9347.78,12,1,142.94,3,Desktop,0
300954,Email,44,6515.03,14,4,43.23,2,Mobile,0
300955,Social Media,53,2928.13,3,1,278.11,5,Mobile,0
300956,Email,29,10237.16,10,6,257.81,4,Mobile,0
300957,Email,45,5315.58,3,3,257.58,6,Mobile,0
300958,Referral,30,5887.69,8,4,328.74,6,Mobile,1
300959,Social Media,22,9031.01,14,7,271.25,1,Desktop,1
300960,Email,53,7112.79,13,4,216.42,4,Mobile,0
300961,Social Media,57,9477.89,5,4,361.53,2,Desktop,0
300962,Display,24,9717.36,11,1,218.85,1,Desktop,0
300963,Social Media,31,8920.47,7,1,231.58,2,Mobile,0
300964,Display,43,7001.05,2,2,516.99,6,Desktop,0
300965,Email,47,10590.61,10,6,125.09,0,Mobile,1
300966,Search,40,9873.0,6,0,93.13,5,Desktop,0
300967,Referral,58,2000.0,15,1,154.56,3,Mobile,0
300968,Email,40,5894.75,5,3,138.2,6,Desktop,0
300969,Email,26,5504.69,7,2,341.13,1,Mobile,0
300970,Social Media,27,7682.57,5,3,297.4,5,Mobile,1
300971,,64,7750.09,2,2,84.59,2,Mobile,0
300972,Search,18,4018.42,12,3,150.77,6,Mobile,0
300973,Search,26,10883.17,12,1,277.98,2,Mobile,0
300974,Email,53,4731.02,4,4,62.29,4,Desktop,0
300975,Email,62,7355.87,14,4,42.59,0,Tablet,0
300976,Referral,42,5473.96,10,2,234.95,2,Tablet,0
300977,Display,34,14779.38,6,5,84.53,3,Tablet,1
300978,Referral,47,12627.71,15,0,98.96,1,Desktop,0
300979,Social Media,46,4772.5,2,2,176.65,6,Mobile,0
300980,Display,36,7596.01,1,1,366.42,2,Mobile,0
300981,Referral,65,4005.04,6,3,212.52,5,Mobile,0
300982,Email,58,9200.66,1,1,196.83,4,Mobile,1
300983,Social Media,58,10483.53,5,2,174.17,3,Mobile,0
300984,Display,34,7689.23,7,3,180.24,5,Desktop,0
300985,Referral,51,6532.56,12,3,73.86,4,Mobile,0
300986,Search,20,13310.86,8,1,188.33,5,Mobile,0
300987,Search,63,5311.32,15,3,459.64,2,Mobile,0
300988,Search,32,14994.8,15,3,260.44,1,,0
300989,Display,30,8324.72,3,2,493.6,6,Mobile,0
300990,Referral,27,7741.32,7,3,29.1,4,Mobile,0
300991,Email,53,5725.51,7,5,172.79,3,Mobile,0
300992,Email,56,10460.18,6,2,172.08,6,Mobile,0
300993,Search,25,9606.36,3,3,142.36,5,Mobile,0
300994,Social Media,39,8430.52,13,1,164.73,5,Desktop,1
300995,Search,49,10689.63,10,3,344.03,1,Mobile,1
300996,Social Media,57,13227.21,10,3,808.83,3,Mobile,0
300997,Search,44,8151.72,8,1,130.52,5,Desktop,0
300998,Search,40,3024.86,9,1,363.69,6,Desktop,0
300999,Social Media,60,5543.77,7,1,135.39,4,Desktop,0
301000,Search,18,8021.29,8,2,234.66,6,Mobile,1
301001,Social Media,18,10683.79,11,3,194.9,2,Tablet,1
301002,Referral,37,8136.63,15,2,357.51,2,Tablet,0
301003,Referral,42,14397.59,6,4,174.87,3,Mobile,1
301004,Referral,34,9383.21,15,4,137.51,0,Desktop,1
301005,Email,48,3220.11,13,5,255.22,3,Mobile,1
301006,Search,61,10830.05,8,4,373.87,4,Mobile,1
301007,Referral,22,8320.1,11,1,94.03,5,Mobile,0
301008,Social Media,32,8245.92,2,1,275.16,5,Mobile,0
301009,Email,36,8972.12,11,2,70.6,2,Desktop,0
301010,Referral,53,11343.02,6,5,233.49,1,Desktop,0
301011,Email,46,2295.92,2,0,200.61,6,Tablet,1
301012,Email,57,6752.36,14,2,232.04,3,Mobile,0
301013,Search,59,4396.94,5,1,43.58,1,Mobile,0
301014,Search,27,7814.17,9,2,134.77,0,Mobile,0
301015,Email,44,11266.27,1,1,116.6,1,Mobile,1
301016,Email,32,2000.0,2,2,577.76,5,Mobile,0
301017,Social Media,60,11597.19,4,4,440.63,1,Mobile,1
301018,Social Media,28,9102.76,12,3,147.61,0,Mobile,0
301019,Referral,46,7418.02,10,4,134.95,6,Desktop,0
301020,Referral,51,7192.94,6,2,98.08,3,Mobile,0
301021,Referral,23,7601.12,3,3,281.52,6,Mobile,1
301022,Email,22,2872.35,8,1,73.11,3,Mobile,0
301023,Display,45,11205.94,11,3,344.41,6,Mobile,0
301024,Search,37,8433.03,9,1,32.5,0,Mobile,0
301025,Social Media,48,11619.01,3,1,27.64,0,Desktop,0
301026,Referral,54,6554.91,8,0,220.68,2,Mobile,0
301027,Search,25,,11,1,416.93,6,Desktop,1
301028,Referral,33,9922.23,8,6,247.62,0,Mobile,0
301029,Search,44,10270.55,11,3,71.38,3,Tablet,0
301030,,37,7327.27,14,3,8.83,4,Mobile,0
301031,Display,50,5245.27,13,5,262.45,5,Mobile,0
301032,Social Media,52,9582.46,15,5,223.15,0,Mobile,0
301033,Display,36,11255.7,9,2,555.71,3,Mobile,1
301034,Email,41,11448.78,6,2,311.64,1,Desktop,0
301035,Email,55,8484.12,5,3,21.63,5,Mobile,0
301036,Display,37,6178.91,8,5,64.88,5,Desktop,0
301037,Social Media,37,10378.99,4,3,169.51,0,Mobile,0
301038,,58,5043.1,7,4,251.31,5,Mobile,0
301039,Social Media,32,11865.55,4,3,289.1,2,Tablet,0
301040,Email,22,7832.96,6,1,329.52,4,Mobile,0
301041,Referral,18,8572.82,3,1,74.08,5,Mobile,1
301042,Referral,56,11147.08,6,4,169.24,6,Mobile,1
301043,Social Media,52,7466.46,5,3,183.07,0,Tablet,0
301044,Search,53,5853.98,9,2,524.12,1,Tablet,0
301045,Social Media,31,12991.68,8,2,350.07,3,,0
301046,Referral,38,7269.45,8,4,69.94,2,Mobile,0
301047,Social Media,64,5060.06,13,3,397.93,2,Tablet,0
301048,Email,56,3205.89,8,2,262.39,3,Tablet,0
301049,Email,30,9689.62,13,5,392.23,4,Mobile,1
301050,Referral,20,11491.38,10,1,446.3,5,Mobile,0
301051,Search,63,8534.74,15,1,119.23,2,Mobile,0
301052,Social Media,44,2000.0,2,1,272.99,5,Mobile,0
301053,Email,20,7232.67,13,3,223.06,5,Desktop,0
301054,Search,47,12041.68,13,6,110.6,2,Mobile,1
301055,Display,32,9191.47,5,3,341.64,6,Mobile,0
301056,Referral,22,3107.75,13,3,141.54,6,Desktop,0
301057,Email,55,6526.36,15,4,45.38,4,Desktop,0
301058,Social Media,51,10288.49,7,4,144.12,3,Mobile,0
301059,Social Media,34,6849.49,6,3,514.23,5,Desktop,0
301060,Social Media,36,9620.41,11,3,79.66,1,Desktop,0
301061,Email,24,9683.35,13,3,43.8,5,Mobile,0
301062,Social Media,26,5485.1,14,4,598.86,5,Mobile,0
301063,Social Media,35,7467.02,5,2,39.59,3,Mobile,0
301064,Display,29,6395.69,14,4,147.06,3,Tablet,0
301065,Search,18,6734.15,1,1,217.6,1,Desktop,0
301066,Display,26,6062.78,12,7,138.74,0,Mobile,0
301067,Email,52,9660.93,4,4,104.97,0,Mobile,0
301068,Social Media,49,4681.5,15,4,218.17,6,Desktop,1
301069,Display,60,9864.06,12,1,94.5,3,Mobile,1
301070,Email,19,2980.27,9,3,83.34,1,Mobile,1
301071,Display,53,5191.33,10,4,134.07,0,Desktop,0
301072,Email,54,8664.56,6,2,573.85,3,Mobile,0
301073,Referral,29,13064.52,3,3,239.1,3,Desktop,1
301074,Email,61,7471.55,9,1,92.4,6,Desktop,0
301075,Display,39,6158.01,1,1,254.89,5,Mobile,0
301076,Search,28,8627.0,3,3,138.69,4,Mobile,0
301077,Search,24,15006.29,9,1,79.14,4,Mobile,0
301078,Email,56,9463.55,14,2,25.57,2,Tablet,1
301079,Referral,19,5471.86,15,5,179.9,3,Mobile,1
301080,Social Media,48,,4,2,524.99,4,Mobile,1
301081,Email,33,7597.04,9,4,239.18,5,Mobile,0
301082,Referral,34,7803.32,12,2,125.96,3,Mobile,0
301083,Search,25,2399.37,14,3,140.7,2,Mobile,0
301084,Referral,38,9063.59,7,3,486.75,4,Desktop,0
301085,Search,37,13901.25,11,2,234.83,2,Mobile,0
301086,Search,64,8034.2,7,4,66.94,6,Desktop,0
301087,Social Media,34,6159.81,11,2,173.37,1,Desktop,0
301088,Social Media,19,7200.61,1,1,165.68,3,Desktop,0
301089,Search,60,12168.66,14,0,132.0,0,Mobile,0
301090,Email,59,7994.47,12,4,92.38,5,Mobile,1
301091,Social Media,57,12585.75,13,1,104.42,1,Desktop,0
301092,Referral,41,2034.59,1,0,267.73,2,Mobile,0
301093,Search,38,3061.57,14,2,89.03,6,Desktop,0
301094,Email,38,7872.96,6,2,144.81,4,Desktop,0
301095,,36,8534.67,10,3,119.12,5,Mobile,0
301096,Email,60,11926.56,1,1,251.67,2,Mobile,0
301097,Social Media,57,9398.58,3,3,206.77,1,Mobile,0
301098,Social Media,40,12018.38,3,2,196.89,6,Desktop,0
301099,Display,27,9631.63,15,1,55.43,4,Mobile,1
301100,Display,48,4864.89,4,4,539.41,1,Mobile,0
301101,Social Media,46,3910.86,1,1,56.49,3,Tablet,0
301102,Display,36,9663.65,3,3,153.49,5,Desktop,0
301103,Email,28,11120.27,6,1,97.28,6,Tablet,0
301104,Social Media,38,4821.32,5,0,152.39,3,Desktop,0
301105,Search,42,13495.16,3,3,117.97,2,Desktop,0
301106,Search,35,6575.26,14,4,156.18,1,Mobile,0
301107,Email,41,6253.46,10,2,123.32,1,Desktop,0
301108,Email,34,10005.5,5,0,485.27,4,Mobile,0
301109,Search,48,9089.33,6,3,216.89,1,Desktop,0
301110,Search,63,7161.69,13,4,163.53,2,Mobile,0
301111,Social Media,46,8202.95,13,4,495.51,6,Tablet,0
301112,Search,29,8141.37,4,4,221.16,4,Desktop,1
301113,Referral,31,10738.37,4,2,286.26,4,Desktop,1
301114,Email,27,7966.29,9,4,447.85,6,Mobile,0
301115,Search,19,13561.57,10,3,13.02,4,Desktop,0
301116,Search,32,9134.29,11,2,253.54,4,Mobile,0
301117,Email,59,7829.1,5,1,93.81,5,Mobile,0
301118,Referral,62,10994.96,1,1,163.76,5,Mobile,1
301119,Social Media,42,2144.15,7,2,288.51,6,Mobile,0
301120,Referral,41,7421.52,1,1,67.66,0,Mobile,0
301121,Referral,56,10024.39,2,0,454.2,5,Desktop,0
301122,Display,50,8871.63,1,1,358.5,5,Mobile,1
301123,Social Media,26,5919.86,10,3,100.8,1,Mobile,1
301124,Search,34,12835.48,2,1,350.15,5,Mobile,0
301125,Email,33,8426.05,10,2,90.34,0,Mobile,0
301126,Display,42,2000.0,9,4,64.15,6,Mobile,1
301127,Display,55,11573.48,6,1,270.89,0,Desktop,0
301128,Email,42,7678.42,4,3,204.38,0,Tablet,0
301129,Social Media,52,10260.04,13,3,436.67,2,Mobile,1
301130,Social Media,33,6194.91,15,1,463.37,0,Desktop,0
301131,Social Media,53,16630.96,6,3,233.46,4,Desktop,0
301132,Display,22,9379.18,13,3,351.16,0,Mobile,0
301133,Referral,29,7244.14,14,3,460.26,0,Desktop,0
301134,Email,60,9017.85,4,3,13.69,5,Tablet,0
301135,Referral,44,8556.0,1,1,347.04,3,Desktop,0
301136,Social Media,49,8279.21,8,2,169.61,6,Desktop,0
301137,Social Media,34,8416.81,15,1,127.92,2,Desktop,0
301138,Email,56,9076.44,6,1,66.91,2,Desktop,0
301139,Display,59,12709.53,8,2,39.66,4,Mobile,0
301140,Email,56,7504.21,9,5,73.71,0,Mobile,1
301141,Email,52,4632.35,7,0,53.69,1,Mobile,0
301142,Search,25,7429.02,11,2,227.38,3,,0
301143,Email,39,8704.78,9,4,113.7,5,Desktop,0
301144,Social Media,36,4369.86,8,7,163.45,5,Mobile,0
301145,Social Media,41,4192.76,1,1,254.08,5,Mobile,0
301146,Referral,46,3765.07,7,3,89.36,0,Tablet,0
301147,Search,22,4066.29,11,1,137.66,4,Mobile,0
301148,Email,48,7449.67,10,3,640.91,5,Desktop,0
301149,Referral,27,7217.25,14,0,169.13,5,Mobile,0
301150,Email,46,6023.07,10,5,302.98,6,Tablet,0
301151,Search,34,12721.72,1,1,112.09,1,Desktop,0
301152,Email,32,8069.4,8,4,202.38,3,Desktop,0
301153,Social Media,47,3008.06,11,4,100.49,3,Mobile,0
301154,Social Media,63,6639.07,15,5,306.27,3,Mobile,0
301155,Email,31,7453.37,12,3,253.38,3,Desktop,0
301156,Social Media,65,6977.32,3,3,82.63,2,Mobile,1
301157,Referral,58,7498.13,13,3,144.4,2,Mobile,0
301158,Email,34,7481.8,11,1,460.06,4,Mobile,0
301159,Search,47,6780.52,7,1,114.48,4,Mobile,0
301160,Email,19,11982.17,5,4,228.52,4,Desktop,0
301161,Social Media,19,12397.82,3,3,102.14,6,Mobile,0
301162,Referral,50,11591.62,2,2,522.08,5,Desktop,0
301163,Email,49,2384.7,3,2,220.99,5,Desktop,0
301164,Social Media,49,8900.13,11,3,179.67,5,Mobile,0
301165,Email,26,6528.87,1,1,407.54,0,Mobile,0
301166,Email,29,5182.83,14,1,60.27,1,Mobile,0
301167,Social Media,19,2354.27,1,1,270.73,6,Desktop,0
301168,Email,33,11252.7,8,6,72.07,5,Desktop,0
301169,Social Media,41,13520.6,1,1,104.01,3,Mobile,0
301170,Email,19,10831.22,12,2,124.1,5,Mobile,1
301171,Social Media,61,6397.2,15,5,347.0,3,Desktop,0
301172,Social Media,56,6728.85,7,2,256.27,0,Mobile,0
301173,Email,32,14991.6,1,1,246.34,3,Mobile,0
301174,Search,57,5602.01,6,3,133.03,0,Mobile,0
301175,Display,42,8264.04,7,1,56.74,5,Mobile,1
301176,Email,20,14160.52,15,4,87.72,2,Desktop,0
301177,Display,56,10308.46,11,7,230.94,5,Mobile,0
301178,Referral,61,9731.5,7,2,456.26,1,Mobile,0
301179,Search,31,4690.14,12,0,162.58,0,Mobile,0
301180,Social Media,58,8671.07,12,3,447.19,3,Desktop,0
301181,Email,25,8180.99,9,3,143.61,6,Desktop,0
301182,Search,36,3532.0,13,2,85.22,1,Tablet,0
301183,Social Media,49,11524.08,11,0,110.72,2,Mobile,0
301184,Email,61,16250.49,7,2,101.11,3,Mobile,0
301185,Referral,22,10262.41,6,4,235.71,6,Mobile,0
301186,Search,24,6225.05,10,3,281.46,3,Mobile,1
301187,Referral,50,9846.11,15,2,180.59,4,Desktop,1
301188,Referral,19,7851.13,4,4,290.15,5,Mobile,0
301189,Social Media,22,8954.11,7,3,78.41,0,Tablet,0
301190,Referral,27,8172.16,9,2,58.25,0,Desktop,1
301191,Social Media,49,10645.79,13,5,89.6,0,Mobile,0
301192,Social Media,20,4564.25,12,3,213.91,4,Tablet,1
301193,Search,48,7742.88,7,3,345.63,2,Mobile,0
301194,Referral,37,7245.17,1,1,220.76,6,Mobile,0
301195,Social Media,20,2850.94,2,2,614.53,4,Mobile,0
301196,Referral,61,8235.19,9,3,70.19,4,Desktop,0
301197,Search,35,5271.44,5,3,135.49,6,Desktop,0
301198,Social Media,36,13391.83,10,5,123.03,1,Mobile,0
301199,Referral,22,2000.0,5,2,150.21,3,Mobile,0
301200,Email,44,9643.86,12,0,140.79,2,Mobile,1
301201,Display,51,7839.78,2,2,130.35,4,Mobile,0
301202,Search,31,,9,0,405.79,1,Mobile,0
301203,Referral,37,11819.53,5,5,308.81,0,Mobile,0
301204,Display,120,12784.53,7,1,115.36,1,Desktop,1
301205,Display,54,9402.91,8,0,188.17,4,Tablet,0
301206,Referral,19,10318.39,3,1,248.05,5,Desktop,0
301207,Email,50,11813.95,15,2,63.25,1,Mobile,0
301208,Referral,55,2897.66,11,6,266.88,2,Desktop,0
301209,Referral,62,6686.89,9,3,99.06,1,Mobile,0
301210,Display,22,11718.95,5,5,225.35,6,Mobile,0
301211,Email,44,7719.19,4,2,279.74,3,Mobile,0
301212,Display,50,10602.39,6,4,140.7,4,Mobile,0
301213,Search,23,16741.63,8,2,175.82,5,Mobile,0
301214,Social Media,59,9186.13,8,4,122.61,2,Mobile,0
301215,Social Media,58,7144.8,6,1,173.68,1,Mobile,0
301216,Social Media,28,9410.76,1,1,189.64,6,Mobile,0
301217,Search,62,5283.79,7,3,445.05,5,Mobile,0
301218,Search,51,8301.16,12,5,32.27,0,Tablet,0
301219,Display,24,4923.21,9,6,365.31,1,Mobile,0
301220,Referral,28,3949.87,14,3,518.8,5,Desktop,0
301221,Search,54,10222.66,3,3,204.34,0,Tablet,0
301222,Referral,57,6008.88,7,3,76.25,4,Mobile,0
301223,Email,48,10059.7,3,3,115.54,6,Desktop,0
301224,Email,28,15622.29,2,2,289.49,4,Desktop,0
301225,Search,44,13421.23,9,9,336.91,3,Mobile,0
301226,Email,65,3352.35,12,2,291.27,2,Mobile,0
301227,Email,64,4577.95,7,2,191.32,5,Mobile,0
301228,Social Media,34,8411.32,4,4,104.59,5,Mobile,1
301229,Email,47,8600.33,15,3,237.12,4,Mobile,1
301230,Referral,24,14290.14,7,2,190.78,5,Mobile,0
301231,Search,60,4865.4,4,4,258.62,3,Desktop,1
301232,Referral,51,4985.37,5,4,350.06,6,Mobile,0
301233,Email,58,2898.3,9,2,166.08,4,Tablet,0
301234,Social Media,52,9574.53,11,2,194.92,2,Mobile,1
301235,Email,37,4432.28,6,1,179.0,5,Mobile,1
301236,Search,36,13916.83,8,1,179.15,0,Desktop,0
301237,Email,35,5765.81,4,3,205.18,0,Mobile,1
301238,Search,58,8753.99,10,3,146.2,6,Mobile,0
301239,Social Media,22,13653.53,7,2,423.16,1,Mobile,1
301240,Email,53,11727.0,12,4,118.25,4,Mobile,0
301241,Email,22,12963.86,10,0,11.84,2,Tablet,0
301242,Referral,36,9224.5,11,2,132.87,6,Desktop,0
301243,Email,19,,5,3,157.4,6,Mobile,1
301244,Search,28,8329.11,10,1,257.66,2,Desktop,0
301245,Social Media,19,4499.35,11,1,256.05,6,Desktop,0
301246,Social Media,37,7514.98,12,3,135.99,5,Mobile,0
301247,Display,59,9626.33,1,1,195.03,1,Tablet,0
301248,Social Media,18,4488.04,13,3,46.37,0,Desktop,0
301249,Display,51,8881.89,10,1,229.23,1,Desktop,0
301250,Social Media,63,,13,3,181.7,0,Desktop,0
301251,Social Media,34,5771.48,7,0,152.95,5,Mobile,0
301252,Social Media,39,11239.11,14,8,39.18,6,Desktop,1
301253,Referral,54,11300.61,4,1,62.77,1,Mobile,0
301254,Display,33,10879.37,10,4,147.04,3,Desktop,1
301255,Search,19,8343.79,2,2,133.84,1,Desktop,0
301256,Search,36,3750.52,5,2,422.05,2,Mobile,0
301257,Search,52,12643.4,10,3,202.63,3,Desktop,0
301258,Referral,57,11858.22,6,1,188.33,5,Mobile,0
301259,Social Media,28,8954.51,7,3,256.27,3,Mobile,0
301260,Display,48,12869.95,7,0,253.72,0,Tablet,0
301261,Email,61,11205.91,10,2,157.82,5,Desktop,0
301262,Referral,30,4733.29,3,3,58.77,5,Mobile,1
301263,Social Media,44,9322.19,12,3,131.0,1,Desktop,0
301264,Referral,49,3516.7,10,6,156.58,3,Mobile,0
301265,Referral,28,6796.02,6,4,111.47,3,Mobile,0
301266,Referral,53,5856.48,2,2,19.3,0,Desktop,0
301267,Social Media,58,7105.32,14,3,139.79,0,Mobile,0
301268,Email,28,4715.3,14,4,218.98,4,Mobile,1
301269,Email,22,12976.86,7,2,242.24,4,Desktop,0
301270,Social Media,40,8697.45,8,2,181.66,5,Mobile,0
301271,Social Media,46,10009.28,14,1,88.4,0,Desktop,0
301272,Email,20,9011.84,10,2,319.34,4,Desktop,0
301273,Email,52,9183.05,15,2,276.71,4,Desktop,0
301274,Referral,34,4362.58,8,4,288.09,6,Mobile,0
301275,Referral,55,13038.46,3,3,65.09,6,Desktop,0
301276,Referral,32,10717.61,3,3,129.39,1,Desktop,0
301277,Email,63,8150.6,4,3,88.57,2,Desktop,1
301278,Social Media,29,5055.33,2,2,146.49,6,Mobile,0
301279,Referral,25,8929.7,13,3,374.96,4,Desktop,0
301280,Referral,53,2853.0,5,3,115.7,1,Desktop,0
301281,Search,50,5973.55,7,1,450.85,6,Mobile,0
301282,Search,24,6121.86,12,4,244.66,3,Desktop,0
301283,Social Media,37,8957.0,4,2,304.79,2,Desktop,0
301284,Referral,35,12951.54,9,1,107.53,0,Desktop,0
301285,Referral,21,8334.84,11,4,220.23,4,Mobile,1
301286,Search,52,6147.77,6,4,163.22,6,Mobile,0
301287,Referral,32,9545.56,9,3,58.89,2,Tablet,0
301288,Social Media,39,7759.12,13,3,213.14,4,Mobile,0
301289,Social Media,29,9370.45,7,1,180.01,3,,0
301290,Referral,64,5580.12,12,6,323.68,4,Desktop,1
301291,Social Media,33,11162.76,8,5,118.48,5,Desktop,1
301292,Email,32,5773.45,6,5,249.59,4,Mobile,0
301293,Social Media,63,7316.78,6,1,106.08,2,Mobile,0
301294,Search,61,3685.02,3,1,379.63,4,Desktop,0
301295,Search,52,13053.14,12,2,120.01,1,Mobile,0
301296,Search,33,2500.8,10,5,256.58,0,Desktop,0
301297,Referral,39,2144.7,11,1,341.35,1,Desktop,0
301298,Social Media,28,4307.96,13,2,16.92,3,Desktop,0
301299,Social Media,38,12356.07,14,3,279.84,4,Mobile,0
301300,Email,60,8187.65,11,2,40.92,1,Mobile,0
301301,Search,50,7843.57,12,4,249.3,0,Mobile,0
301302,Social Media,52,13726.01,3,3,38.31,6,Desktop,0
301303,Search,37,6022.67,12,2,797.62,1,Desktop,0
301304,Social Media,54,6267.71,15,3,235.82,1,Mobile,0
301305,Email,26,3746.57,5,4,281.5,4,Mobile,0
301306,Email,47,9069.86,11,4,332.45,5,Tablet,0
301307,Display,41,11066.7,9,1,193.1,2,Desktop,0
301308,Display,62,,7,3,169.45,3,Desktop,0
301309,Social Media,30,4814.21,11,2,40.02,2,Mobile,0
301310,Social Media,31,11409.31,1,1,425.88,0,Desktop,1
301311,Referral,38,9051.36,12,2,346.82,6,Mobile,0
301312,Email,31,7156.27,9,2,296.61,2,Mobile,0
301313,Email,24,6402.59,1,1,208.0,3,Mobile,0
301314,Display,61,9485.63,5,3,397.67,2,Mobile,1
301315,Display,48,6679.58,10,0,164.29,0,Mobile,0
301316,Display,39,8355.67,6,1,194.92,3,Mobile,0
301317,Email,56,6444.8,2,2,50.7,4,Desktop,1
301318,Search,47,7901.98,13,1,312.3,6,Desktop,0
301319,Social Media,44,7805.38,13,5,209.21,2,Mobile,1
301320,Social Media,41,10334.51,5,1,246.7,0,Mobile,0
301321,Email,46,12008.0,7,4,95.89,6,Mobile,1
301322,Email,34,5699.6,14,4,163.46,0,Desktop,0
301323,Social Media,36,6013.05,11,1,171.69,4,Tablet,0
301324,Display,31,10535.67,3,3,547.78,6,Mobile,0
301325,Email,18,6217.04,3,3,95.03,2,Mobile,0
301326,Referral,49,2792.78,3,2,414.39,0,Mobile,0
301327,Social Media,41,11739.41,3,3,207.37,6,Mobile,1
301328,Social Media,60,8161.75,1,1,187.73,4,Mobile,0
301329,Social Media,52,11244.74,1,1,220.84,2,Desktop,0
301330,Search,41,9440.56,1,1,108.8,6,Mobile,0
301331,Referral,50,9607.11,5,2,231.45,2,Desktop,0
301332,Display,27,3059.63,5,3,35.35,4,Mobile,0
301333,Social Media,29,6591.06,10,3,78.7,4,Mobile,1
301334,Email,31,9489.99,5,4,112.1,6,Mobile,0
301335,Social Media,58,12030.31,2,2,181.11,6,Desktop,0
301336,Email,30,9543.91,13,4,322.33,3,Desktop,0
301337,Referral,62,5852.71,12,5,302.49,5,Mobile,1
301338,Email,58,6738.31,12,5,181.59,4,Desktop,0
301339,Referral,45,4776.69,13,2,38.95,6,Mobile,0
301340,Referral,40,11050.63,13,4,588.07,4,Desktop,0
301341,Referral,57,5888.09,4,1,162.17,6,Mobile,0
301342,Search,44,11491.34,4,2,75.27,6,Desktop,0
301343,Social Media,45,9945.76,6,4,420.96,4,Mobile,0
301344,Search,53,9853.34,12,2,121.37,3,Mobile,0
301345,Display,47,12121.03,10,0,53.72,5,Mobile,0
301346,Search,44,7753.92,8,2,258.48,2,Mobile,0
301347,Social Media,22,8463.02,13,2,517.33,5,Mobile,1
301348,Display,20,12512.34,4,3,191.01,3,Mobile,0
301349,Referral,54,11014.61,3,3,92.81,0,Desktop,0
301350,Social Media,61,7880.49,15,2,470.19,0,Mobile,0
301351,Social Media,50,9530.45,14,3,217.31,6,Tablet,0
301352,Search,31,8458.56,2,2,70.06,5,Tablet,0
301353,Search,39,10130.89,7,2,124.3,1,Desktop,0
301354,Email,22,4824.24,3,3,127.46,1,Desktop,0
301355,Social Media,58,11541.59,5,2,111.07,1,Mobile,0
301356,Referral,43,7373.22,14,4,264.26,3,Mobile,0
301357,Social Media,53,5284.02,3,2,205.64,3,Mobile,0
301358,Display,56,8248.21,7,3,281.56,4,Mobile,0
301359,Social Media,56,6722.03,13,5,70.52,6,Desktop,1
301360,Social Media,25,6205.56,14,5,264.53,2,Mobile,0
301361,Display,18,6170.11,8,5,310.73,0,Mobile,0
301362,Social Media,37,9985.64,5,4,49.51,3,Tablet,0
301363,Display,29,2150.99,7,1,22.68,0,Mobile,0
301364,Social Media,50,4935.34,15,4,304.04,5,Tablet,0
301365,Search,48,15091.97,9,1,159.01,3,Mobile,0
301366,Referral,23,5714.83,1,1,184.49,1,Desktop,1
301367,Display,22,6022.52,3,1,324.83,2,Mobile,0
301368,Referral,53,8845.54,5,3,152.12,4,Mobile,0
301369,Display,23,10174.94,1,1,147.06,2,Desktop,0
301370,Social Media,33,11287.5,3,2,100.49,4,Mobile,0
301371,Search,45,11930.47,9,3,226.62,1,Mobile,0
301372,Social Media,52,9336.33,12,0,171.55,3,Desktop,1
301373,Social Media,65,4746.19,3,1,521.34,6,Mobile,0
301374,Referral,46,7269.46,7,5,99.18,6,Mobile,1
301375,,19,7336.15,1,1,85.2,6,Desktop,1
301376,Social Media,40,9299.15,4,4,106.18,0,Tablet,1
301377,Email,23,7997.92,2,2,147.81,5,Mobile,0
301378,Email,28,11546.83,11,1,331.45,2,Mobile,0
301379,Referral,58,10374.19,3,3,205.69,3,Mobile,0
301380,Display,44,6033.38,9,3,130.2,3,Mobile,0
301381,Display,20,10460.43,2,1,321.75,6,Mobile,0
301382,Social Media,52,6036.63,12,1,111.92,4,Mobile,0
301383,Search,44,5822.79,11,3,215.39,0,Desktop,0
301384,Search,26,12017.05,8,3,76.16,4,Mobile,0
301385,Referral,44,10158.32,5,2,300.76,5,Desktop,0
301386,Social Media,23,6662.16,15,3,78.72,4,Mobile,0
301387,Display,38,3909.13,3,0,189.91,0,Mobile,0
301388,Referral,37,10958.26,8,3,179.99,0,Desktop,0
301389,Social Media,43,12519.62,2,2,59.35,6,Mobile,0
301390,Email,24,10664.7,13,5,297.73,2,Tablet,0
301391,,32,8275.88,12,4,292.35,4,Mobile,0
301392,Search,37,8038.35,1,1,449.71,5,Mobile,0
301393,Search,24,10850.33,15,1,40.48,3,Tablet,0
301394,Social Media,58,9849.89,14,2,308.46,3,Mobile,0
301395,Display,31,2967.13,13,5,260.49,1,Mobile,0
301396,Referral,40,11085.13,8,6,134.45,6,Mobile,0
301397,Referral,27,7976.24,4,2,287.91,6,Desktop,0
301398,Email,35,7496.31,1,1,48.54,2,Mobile,0
301399,Social Media,54,10228.62,4,1,143.75,0,Desktop,0
301400,Email,63,5209.82,2,1,236.55,1,Mobile,0
301401,Referral,18,8390.57,12,3,130.58,1,Mobile,1
301402,Referral,40,7839.82,12,6,134.15,0,Tablet,0
301403,Email,49,9466.32,3,3,91.32,4,Mobile,0
301404,Social Media,42,7478.9,4,3,49.4,3,Desktop,0
301405,Referral,48,7831.45,14,4,218.48,4,Mobile,0
301406,Email,49,5733.95,3,3,210.44,6,Mobile,0
301407,Email,23,12420.38,15,3,137.51,6,Mobile,0
301408,Social Media,65,6827.83,1,1,201.83,3,Desktop,0
301409,Search,45,,15,3,304.8,4,Tablet,0
301410,Referral,44,4208.68,6,2,263.97,6,Desktop,0
301411,Search,36,12034.77,7,3,335.52,6,Mobile,0
301412,Display,31,5258.73,14,5,171.09,1,Desktop,0
301413,Social Media,21,13135.26,15,2,184.67,3,Mobile,0
301414,Social Media,42,8913.01,1,1,259.84,1,Mobile,0
301415,Email,39,9672.58,8,4,184.37,5,Desktop,1
301416,Display,58,10184.23,11,4,99.01,0,Mobile,0
301417,Search,37,10737.02,8,0,165.92,5,Mobile,0
301418,Search,46,8646.03,3,2,158.57,0,Mobile,0
301419,Social Media,0,6133.62,12,1,185.86,6,Mobile,0
301420,Search,49,6510.36,3,3,140.96,5,Mobile,0
301421,Email,43,11976.39,4,0,59.92,2,Desktop,1
301422,Referral,52,6031.28,13,4,129.91,2,Desktop,1
301423,Display,52,4946.97,14,0,546.7,2,Mobile,0
301424,Social Media,42,10035.76,2,2,233.75,6,Mobile,1
301425,Referral,34,14610.32,1,1,387.0,6,Desktop,0
301426,Social Media,40,11599.99,5,4,36.12,3,Mobile,0
301427,Social Media,40,7955.48,13,1,85.42,2,Mobile,0
301428,Search,19,4711.71,1,1,104.92,6,Desktop,1
301429,Social Media,46,2847.55,1,1,226.51,3,Desktop,0
301430,Social Media,41,7694.95,11,4,594.54,5,Mobile,0
301431,Referral,44,13475.14,5,1,272.28,2,Desktop,0
301432,Search,19,5850.23,1,1,65.01,1,Mobile,0
301433,Search,36,8478.27,1,1,144.82,6,Desktop,0
301434,Search,27,13885.34,14,3,161.04,5,Tablet,1
301435,Display,59,10379.19,5,1,53.04,1,Tablet,0
301436,Referral,29,8190.13,6,1,370.55,0,Desktop,0
301437,Search,63,8381.97,12,3,437.31,6,Mobile,0
301438,Search,25,3527.5,7,4,227.03,2,Mobile,0
301439,Search,27,7893.5,5,3,11.63,0,Mobile,0
301440,Search,49,10848.82,6,2,313.04,0,Desktop,0
301441,Email,31,9668.03,14,2,245.53,5,Mobile,0
301442,Email,34,3800.4,2,2,275.7,4,Mobile,0
301443,Referral,21,10758.73,1,1,76.44,2,Tablet,0
301444,Referral,19,5224.85,5,2,72.27,1,Mobile,1
301445,Display,32,9827.06,7,5,74.82,6,Mobile,1
301446,Referral,52,14870.07,14,3,80.09,1,Mobile,0
301447,Email,56,10810.09,1,1,90.69,4,Mobile,0
301448,Referral,48,11536.77,6,6,384.2,0,Desktop,1
301449,Display,52,,15,6,608.85,4,Tablet,0
301450,Search,31,2000.0,13,4,378.7,0,Mobile,0
301451,Referral,57,6081.65,2,2,267.58,2,Mobile,0
301452,Search,48,10563.27,6,2,125.02,5,Mobile,0
301453,Email,60,9438.88,5,3,278.26,3,Desktop,0
301454,Email,38,9809.69,15,4,60.4,6,Desktop,0
301455,Search,31,7138.06,9,2,196.47,3,Desktop,0
301456,Search,51,7228.11,7,2,121.6,3,Mobile,1
301457,Display,35,9766.16,4,2,25.19,5,Mobile,0
301458,Display,45,5659.36,9,0,198.58,6,Mobile,0
301459,Search,44,10866.31,1,1,121.33,1,Mobile,0
301460,Social Media,39,7441.34,5,5,145.27,2,Mobile,0
301461,Social Media,19,2368.59,4,0,49.99,5,Desktop,0
301462,Search,20,6640.5,12,3,89.67,2,Desktop,1
301463,Social Media,31,5648.16,11,2,146.6,2,Mobile,0
301464,Search,43,11378.27,11,2,373.88,4,Tablet,1
301465,Social Media,32,13685.29,14,4,234.2,2,,0
301466,Search,59,6260.97,4,1,136.1,0,Desktop,1
301467,Email,46,8536.67,8,4,672.63,2,Tablet,0
301468,Search,25,9942.07,12,2,323.25,3,Desktop,0
301469,Referral,60,11694.32,10,2,155.43,6,Mobile,0
301470,,58,8792.37,14,4,496.65,5,Mobile,1
301471,Display,47,14792.89,9,4,234.56,3,Desktop,0
301472,Referral,33,8547.86,10,2,261.68,3,Mobile,1
301473,Referral,64,11662.66,9,1,131.46,5,Mobile,0
301474,Email,32,10862.29,11,6,152.27,6,Mobile,0
301475,Email,43,3150.94,2,2,262.01,1,Desktop,0
301476,Search,56,9190.32,3,1,298.09,0,Mobile,0
301477,Referral,64,8406.57,11,5,205.08,4,Desktop,0
301478,Display,21,4654.19,3,3,96.34,3,Desktop,0
301479,Social Media,48,5150.8,15,1,254.67,3,Desktop,0
301480,Social Media,51,10523.67,1,1,262.27,3,Mobile,0
301481,Social Media,59,7436.24,11,5,268.35,3,Mobile,1
301482,Search,48,5173.83,12,1,235.22,6,Mobile,1
301483,Email,50,2000.0,5,3,344.22,6,Mobile,1
301484,Search,45,2967.0,11,1,-70.8,0,Mobile,0
301485,Search,56,8409.09,3,1,238.75,2,Mobile,0
301486,Referral,54,12850.12,3,2,146.61,6,Mobile,0
301487,Referral,41,11309.24,2,0,93.78,6,Mobile,0
301488,Email,28,7071.91,5,5,134.13,1,Mobile,0
301489,Display,38,7462.32,4,3,225.07,0,Desktop,1
301490,Referral,63,9595.48,10,2,109.26,3,Mobile,0
301491,Display,29,10287.15,11,0,87.85,1,Mobile,0
301492,Email,27,8158.89,12,6,278.16,3,Desktop,1
301493,Referral,26,5081.3,12,0,218.95,0,Tablet,0
301494,Referral,59,11420.43,14,2,94.72,2,Desktop,0
301495,Email,35,8902.7,7,2,303.92,1,Mobile,0
301496,Email,28,9891.69,12,3,57.24,3,Mobile,0
301497,Social Media,53,3067.85,11,2,187.67,3,Tablet,0
301498,Referral,46,10328.03,8,1,119.07,0,Mobile,0
301499,Email,43,4492.8,4,2,92.79,1,Desktop,0
301500,Social Media,20,3407.01,10,3,247.45,1,Desktop,0
301501,Email,49,5620.87,3,3,466.03,0,Desktop,0
301502,Social Media,44,8138.92,7,3,176.24,6,Desktop,0
301503,Search,39,10620.88,10,7,221.12,6,Mobile,0
301504,Search,43,9237.32,2,2,229.95,6,Mobile,1
301505,Social Media,53,10374.64,8,1,350.48,6,Desktop,0
301506,Referral,35,8252.11,1,1,98.71,4,Mobile,0
301507,Email,38,11216.32,11,5,134.09,4,Mobile,0
301508,Search,56,8601.66,8,3,236.18,3,Desktop,0
301509,Search,39,11873.56,15,4,133.45,5,Desktop,1
301510,Referral,42,5576.33,15,4,241.1,2,Mobile,0
301511,Referral,32,12344.21,14,3,247.85,0,Desktop,0
301512,Display,28,7696.52,6,2,58.64,2,Mobile,0
301513,Search,32,7543.35,8,3,149.64,5,Desktop,1
301514,Search,43,16972.73,10,3,90.5,4,Mobile,0
301515,Display,53,6815.39,14,3,82.81,1,Tablet,0
301516,Referral,31,6070.96,5,2,158.87,4,Mobile,1
301517,Display,20,6400.14,3,3,28.29,1,Desktop,0
301518,Display,26,6804.75,2,0,198.64,4,Tablet,0
301519,Social Media,30,7256.93,11,1,287.08,5,,1
301520,Social Media,35,12576.48,12,2,196.65,4,Mobile,0
301521,Search,33,9086.93,11,1,113.68,2,Mobile,0
301522,Email,36,5680.12,2,2,257.34,5,Mobile,0
301523,Search,39,6696.73,9,6,180.6,4,Mobile,1
301524,Search,38,9707.68,1,1,141.17,4,Mobile,0
301525,Social Media,50,4059.9,13,3,327.16,4,Mobile,0
301526,,43,7192.52,15,4,74.1,0,Mobile,0
301527,Email,44,11017.33,15,0,212.52,5,Tablet,0
301528,Search,18,9407.13,5,2,86.99,2,Mobile,0
301529,Display,42,3054.24,6,3,60.49,0,Tablet,0
301530,Email,18,11867.0,1,1,130.4,5,Tablet,0
301531,Email,44,11223.8,5,5,147.48,0,Desktop,0
301532,Social Media,18,8465.89,1,1,215.23,2,Mobile,0
301533,Social Media,63,6427.24,9,5,243.89,2,Mobile,0
301534,Email,31,16228.02,7,2,99.01,1,Mobile,1
301535,Search,21,7144.83,4,2,175.39,1,Tablet,1
301536,Referral,47,3624.25,3,3,166.14,2,Mobile,0
301537,Email,26,7507.81,9,3,23.62,3,Tablet,1
301538,Search,54,9172.11,12,4,151.33,6,Mobile,0
301539,Referral,23,5780.44,13,2,214.63,2,Desktop,0
301540,Email,31,4621.21,14,2,47.64,0,Mobile,1
301541,Referral,44,7309.9,4,1,199.35,1,Mobile,0
301542,Social Media,41,9313.68,10,3,216.99,3,Mobile,0
301543,Email,34,11019.79,12,2,54.5,1,Mobile,0
301544,Search,64,12011.7,9,4,76.78,3,Mobile,0
301545,Email,62,2000.0,5,0,269.06,1,Mobile,0
301546,Social Media,30,10210.83,7,1,93.73,3,Mobile,0
301547,Display,55,12001.61,1,1,136.52,6,Desktop,0
301548,Social Media,53,8492.3,1,1,80.14,0,Mobile,0
301549,Referral,58,7678.97,4,1,184.55,1,,0
301550,Display,35,6425.7,1,1,137.0,1,Desktop,0
301551,Social Media,43,13164.32,12,3,165.59,0,Desktop,0
301552,Referral,53,9785.7,3,3,211.58,1,Mobile,1
301553,Email,46,2189.23,5,3,182.62,6,Tablet,0
301554,Social Media,44,5555.29,2,1,91.1,6,Mobile,1
301555,Social Media,33,9012.85,5,4,192.96,4,Mobile,0
301556,Search,51,7335.17,8,4,295.98,4,Desktop,0
301557,Email,59,9034.31,11,6,210.56,2,Mobile,1
301558,Search,50,11274.96,13,2,215.3,0,Mobile,0
301559,Search,31,7677.83,6,4,362.48,1,Mobile,0
301560,Search,27,3717.64,5,4,104.91,0,Mobile,0
301561,Email,45,11879.62,7,7,168.61,1,Desktop,1
301562,Social Media,57,9056.39,4,3,159.5,6,Desktop,0
301563,Email,42,11283.54,12,1,135.72,2,Desktop,0
301564,Display,49,12127.33,13,4,134.1,6,Tablet,0
301565,Social Media,58,6298.51,6,0,245.78,4,Desktop,0
301566,Email,33,9948.74,1,1,270.55,1,Desktop,0
301567,Display,60,10131.83,10,0,148.64,4,Mobile,0
301568,Search,0,4798.37,8,4,-109.67,0,Mobile,1
301569,Social Media,18,11849.69,11,2,297.06,0,Mobile,0
301570,Social Media,29,8728.3,7,5,50.16,0,Desktop,1
301571,Email,53,5157.97,12,3,400.11,5,Desktop,0
301572,Display,62,5026.03,10,3,346.24,3,Desktop,0
301573,Social Media,54,6971.01,13,3,163.26,2,Desktop,1
301574,Search,55,6357.07,8,4,306.76,6,Mobile,0
301575,Email,59,7583.01,6,6,283.94,2,Mobile,1
301576,Email,46,6941.28,14,1,70.64,4,Desktop,0
301577,Display,49,2592.9,5,3,265.21,1,Mobile,0
301578,Email,57,9589.44,15,4,349.33,6,Desktop,0
301579,Social Media,23,8873.9,7,6,216.09,0,Desktop,0
301580,Search,41,3263.68,12,2,84.2,6,Tablet,0
301581,Display,25,3231.06,13,5,192.69,4,Mobile,0
301582,Social Media,30,9928.11,14,1,309.64,5,Desktop,0
301583,Social Media,29,4487.91,2,2,447.23,3,Desktop,0
301584,Referral,20,8615.93,5,4,497.64,1,Mobile,0
301585,Social Media,57,5970.34,6,0,265.25,2,Desktop,0
301586,Social Media,40,2000.0,10,1,18.75,2,Mobile,0
301587,Social Media,36,8928.03,14,1,66.64,2,Desktop,0
301588,Referral,49,6984.42,8,4,217.79,2,Mobile,1
301589,Email,59,6858.68,14,3,486.7,3,Mobile,0
301590,Search,22,8036.27,9,8,321.05,0,Mobile,0
301591,Social Media,30,4884.12,14,3,127.88,3,Tablet,0
301592,Social Media,58,11552.65,7,4,129.81,3,Mobile,0
301593,Social Media,35,2235.69,3,3,39.15,3,Tablet,0
301594,Social Media,39,5768.55,11,1,89.62,2,Mobile,0
301595,Email,26,5887.03,10,3,195.36,6,Desktop,0
301596,Referral,45,4666.25,5,5,410.9,3,Desktop,0
301597,Referral,58,4794.9,11,5,282.4,6,Mobile,0
301598,Search,60,10055.32,10,2,227.1,5,Mobile,0
301599,Referral,43,14536.53,15,3,91.86,2,Mobile,0
301600,Search,20,7590.37,2,2,242.25,1,Tablet,0
301601,Social Media,37,4088.37,13,3,399.97,2,Tablet,1
301602,Search,43,4950.71,11,3,115.36,1,Desktop,0
301603,Social Media,55,11082.78,2,2,59.23,5,Mobile,0
301604,Search,36,9106.48,4,3,146.26,2,Desktop,0
301605,Display,24,7622.47,13,4,42.31,6,Desktop,0
301606,Email,29,8739.06,9,0,190.3,3,Mobile,0
301607,Display,35,2000.0,6,6,170.57,4,Desktop,0
301608,Display,20,10043.01,6,2,52.98,5,Mobile,0
301609,Email,20,7888.94,14,0,291.61,5,Mobile,0
301610,Display,34,10653.73,6,2,111.42,1,Mobile,0
301611,Email,59,11569.05,10,3,131.42,0,Mobile,0
301612,Email,38,3864.09,8,3,143.21,1,Tablet,0
301613,Display,39,15159.0,10,3,491.1,6,Desktop,0
301614,Referral,38,9111.27,12,0,468.23,1,Mobile,0
301615,Referral,65,9960.77,8,0,660.64,5,Desktop,0
301616,Email,51,12442.91,2,2,99.1,3,Mobile,0
301617,Email,52,8059.75,5,1,90.07,5,Desktop,0
301618,Referral,51,16177.72,3,3,103.81,4,Tablet,1
301619,Search,49,11114.2,13,3,99.9,2,Desktop,0
301620,Referral,61,7997.61,14,5,518.78,1,Mobile,0
301621,Email,32,7660.0,11,7,208.89,5,Mobile,0
301622,Search,20,10758.95,15,1,82.71,4,Desktop,0
301623,Search,64,8923.31,3,2,172.09,1,Mobile,0
301624,Display,34,8565.42,10,5,117.65,5,Mobile,0
301625,Email,65,7612.5,4,3,43.43,1,Desktop,1
301626,Email,24,10657.41,3,3,453.67,6,Mobile,0
301627,Display,34,8691.41,5,0,64.25,4,Mobile,0
301628,Search,43,8991.57,5,5,297.39,5,Mobile,0
301629,Social Media,23,9248.76,5,3,51.48,6,Desktop,0
301630,Display,51,6272.21,6,3,78.78,0,Tablet,0
301631,Referral,23,4493.42,10,2,211.99,4,,1
301632,Social Media,38,3120.75,1,1,371.97,0,Mobile,0
301633,Social Media,33,7827.96,3,3,143.34,3,Desktop,0
301634,Referral,43,6526.17,9,3,206.47,2,Tablet,0
301635,Social Media,58,8354.04,1,1,166.76,2,Desktop,0
301636,Referral,55,5509.74,3,3,90.04,5,Mobile,0
301637,Search,41,7150.23,1,1,574.74,1,Mobile,0
301638,Referral,56,6762.16,5,5,338.73,3,Mobile,1
301639,Search,29,5081.19,1,1,107.55,2,Desktop,0
301640,Social Media,24,16464.69,14,7,186.41,4,Mobile,0
301641,Email,44,11335.97,8,2,106.14,1,Mobile,0
301642,Social Media,55,8034.01,1,1,63.4,1,Desktop,1
301643,Referral,34,9829.33,8,1,68.35,4,Tablet,1
301644,Social Media,31,9542.46,3,2,102.86,6,Mobile,0
301645,Email,19,11171.2,3,3,248.57,6,Mobile,0
301646,Email,43,5645.09,8,4,656.87,5,Desktop,1
301647,Social Media,24,3672.34,3,3,49.21,0,Mobile,1
301648,Display,51,10985.91,6,4,48.31,6,Mobile,0
301649,Display,61,10623.22,6,3,304.22,1,Mobile,0
301650,Search,47,6119.33,11,3,248.01,0,Mobile,1
301651,Referral,30,4115.56,3,3,254.41,4,Mobile,1
301652,Social Media,61,3100.22,3,1,247.91,1,Mobile,0
301653,,26,3718.38,15,2,152.95,2,Desktop,1
301654,Search,43,12734.37,12,7,206.32,0,Mobile,1
301655,Referral,31,11871.14,3,3,131.62,1,Desktop,0
301656,Social Media,35,6469.07,10,1,281.95,2,Tablet,0
301657,Email,54,11703.81,10,3,398.4,0,Tablet,0
301658,Social Media,26,4358.54,5,2,86.94,3,Desktop,0
301659,Referral,28,7137.35,4,4,46.96,2,Mobile,1
301660,Email,38,11488.35,7,7,136.6,2,Mobile,0
301661,Email,28,9890.52,8,2,39.79,6,Mobile,0
301662,Email,21,10291.39,5,4,25.91,5,Desktop,0
301663,Search,55,12479.02,7,3,329.99,4,Mobile,1
301664,Email,55,8341.43,6,1,118.52,2,Tablet,0
301665,Social Media,64,9802.72,9,1,71.31,5,Mobile,0
301666,Search,21,6990.22,2,2,118.77,6,Mobile,0
301667,Search,39,11365.36,4,1,55.83,6,Mobile,0
301668,Display,55,9825.06,4,4,99.34,3,Desktop,0
301669,Search,21,5729.53,14,0,165.83,0,Desktop,0
301670,Display,51,7246.01,13,1,119.47,2,Mobile,0
301671,Referral,48,12090.66,3,1,212.89,4,Desktop,0
301672,Social Media,51,12483.05,7,3,103.95,1,Mobile,0
301673,Social Media,40,6379.91,10,2,156.04,0,Tablet,0
301674,Social Media,52,3542.83,1,1,343.88,3,Mobile,0
301675,Referral,42,6769.99,6,4,226.22,2,Desktop,0
301676,,37,8944.02,2,2,61.1,4,Desktop,0
301677,Referral,39,9616.45,13,3,196.55,4,Mobile,0
301678,Display,41,8074.69,4,4,25.61,5,Desktop,1
301679,Search,53,8928.61,15,1,120.25,4,Mobile,0
301680,Email,20,7340.59,7,5,69.04,0,Mobile,0
301681,Search,34,4380.65,14,4,73.43,6,Mobile,0
301682,Display,61,4974.64,7,2,669.73,4,Desktop,0
301683,,27,7985.73,15,4,132.32,4,Mobile,0
301684,Email,46,12552.64,4,1,415.23,5,Desktop,0
301685,Referral,34,11555.28,9,0,72.32,4,Tablet,1
301686,Social Media,26,15048.01,7,7,135.0,6,Mobile,1
301687,Referral,24,9964.94,7,2,226.63,6,Desktop,0
301688,Referral,63,8238.56,7,4,189.66,5,Mobile,1
301689,Display,54,6855.49,2,1,472.91,3,Desktop,1
301690,Email,64,8280.43,13,3,286.22,6,Mobile,0
301691,Email,51,8081.07,14,4,219.34,0,Desktop,0
301692,Email,53,8975.12,1,1,151.34,0,Mobile,0
301693,Referral,25,9704.24,4,3,108.63,4,Mobile,0
301694,Referral,65,11465.41,10,5,387.45,2,,0
301695,Referral,59,7871.49,15,8,196.49,3,Desktop,0
301696,Display,65,11728.5,6,4,170.7,4,Desktop,1
301697,Email,29,6075.8,13,2,96.49,2,Mobile,0
301698,Email,58,13198.62,14,6,98.24,1,Mobile,1
301699,Social Media,32,9386.14,11,3,35.95,6,Mobile,0
301700,Search,53,10791.65,10,8,131.87,4,Mobile,0
301701,Social Media,24,5182.74,14,4,237.15,0,Desktop,0
301702,Search,29,10871.53,7,0,122.7,4,Desktop,0
301703,Social Media,36,6533.72,7,3,191.65,3,Tablet,0
301704,Email,50,7650.52,5,5,155.86,1,Desktop,0
301705,Referral,36,3887.14,12,3,153.61,0,Mobile,0
301706,Search,36,7741.41,1,1,403.92,6,Mobile,0
301707,Email,29,9835.58,6,2,251.49,3,Mobile,1
301708,Referral,47,2000.0,9,4,222.55,2,Mobile,0
301709,Email,39,9169.49,6,6,84.94,0,Mobile,0
301710,Referral,48,8305.78,5,1,102.79,0,Mobile,0
301711,Social Media,56,4894.97,1,1,116.19,4,Tablet,1
301712,Email,52,9044.26,6,1,471.37,3,Mobile,0
301713,Search,39,9599.4,3,2,190.73,2,Mobile,0
301714,Social Media,57,8850.02,6,2,376.16,6,Mobile,1
301715,Social Media,45,9421.19,10,2,105.98,6,Mobile,0
301716,Email,20,7739.42,5,2,209.23,6,Desktop,1
301717,Referral,39,9424.31,8,5,339.17,4,Mobile,1
301718,Social Media,41,7205.48,8,3,416.23,1,Mobile,0
301719,Search,41,8658.11,1,1,108.33,0,Tablet,0
301720,Referral,23,10041.79,15,4,46.79,0,Mobile,0
301721,,59,5305.29,12,5,167.52,3,Desktop,1
301722,Email,54,4694.68,1,1,318.77,4,Desktop,1
301723,Referral,33,6892.53,7,1,462.17,6,Mobile,0
301724,Search,50,10853.26,7,3,149.41,5,Desktop,0
301725,Social Media,35,11063.77,7,7,581.14,4,Desktop,0
301726,Search,52,15314.93,14,0,128.9,5,Mobile,0
301727,Search,37,14049.06,8,5,64.08,3,Mobile,0
301728,Display,64,8057.42,6,5,63.42,5,Mobile,1
301729,Search,48,8388.01,3,3,304.73,4,Mobile,0
301730,Email,26,6309.92,12,4,110.3,5,Mobile,1
301731,Email,27,9352.3,7,3,222.61,1,Desktop,0
301732,Social Media,34,4851.64,15,4,247.52,5,Desktop,0
301733,Referral,44,6689.47,4,4,160.64,5,Mobile,1
301734,Email,35,6038.33,9,3,329.05,6,Mobile,1
301735,Search,49,9507.83,15,1,53.07,1,Mobile,0
301736,Email,21,12526.64,12,3,223.96,1,Desktop,0
301737,Email,36,10176.65,1,1,104.35,5,Desktop,0
301738,Social Media,44,6115.87,10,4,190.1,0,Mobile,0
301739,Search,26,9827.63,7,1,127.86,3,Mobile,0
301740,Search,40,11714.84,5,5,476.7,3,Mobile,0
301741,Social Media,20,12421.48,12,2,51.82,6,Mobile,0
301742,Email,35,10261.22,14,0,195.22,1,Mobile,0
301743,Email,23,12933.52,1,1,48.64,6,Desktop,0
301744,Display,58,6558.99,2,2,76.12,5,Mobile,0
301745,Email,21,14704.48,1,1,66.78,2,Mobile,0
301746,Social Media,51,8071.59,15,1,161.69,3,Desktop,0
301747,Social Media,44,11323.49,5,5,125.42,3,Mobile,0
301748,,55,12735.59,3,2,210.23,6,Mobile,0
301749,Social Media,56,7282.99,1,1,214.24,2,Tablet,0
301750,Display,43,11485.02,1,1,110.65,4,Tablet,0
301751,Referral,49,9825.35,1,1,207.98,6,Desktop,0
301752,Search,23,5004.16,13,3,121.53,5,Desktop,0
301753,Social Media,56,8256.32,2,2,161.57,0,Mobile,0
301754,Referral,44,11628.14,7,0,347.41,0,Desktop,0
301755,Search,54,8934.66,12,5,118.9,2,Desktop,1
301756,Referral,35,,6,3,330.41,3,Mobile,0
301757,Email,26,6430.03,8,3,47.16,0,Mobile,1
301758,Search,62,2994.88,10,2,215.73,6,Mobile,0
301759,Social Media,32,3661.82,7,3,281.99,2,Tablet,1
301760,Email,38,10109.41,14,2,122.59,2,Desktop,0
301761,Social Media,55,8770.44,2,1,258.18,2,Tablet,0
301762,Email,26,7986.17,15,3,377.39,0,Desktop,0
301763,Social Media,24,9731.8,1,1,126.05,1,Mobile,0
301764,Display,55,10491.31,15,2,116.17,3,Mobile,0
301765,Social Media,25,5028.08,9,1,128.29,3,,0
301766,,53,8421.52,3,3,62.73,5,Desktop,0
301767,Email,63,10134.94,3,3,85.51,0,Tablet,0
301768,Display,41,12974.72,2,2,32.54,0,Mobile,1
301769,Email,31,8053.52,9,4,130.72,1,Mobile,0
301770,Social Media,42,3152.59,7,1,237.04,3,Mobile,0
301771,Search,55,7511.67,5,0,190.18,4,Desktop,0
301772,Email,24,7227.6,4,3,69.74,0,Mobile,0
301773,Email,58,9930.86,9,4,249.54,4,Mobile,1
301774,Display,34,6682.56,13,4,141.39,2,Mobile,0
301775,Referral,50,5318.35,10,2,320.73,3,Mobile,0
301776,Search,30,12255.27,11,2,226.99,6,Mobile,0
301777,Email,57,4802.24,2,2,88.96,4,Mobile,0
301778,Social Media,22,4912.37,8,5,42.61,5,Desktop,0
301779,Search,57,8562.72,14,3,217.09,2,Mobile,0
301780,Email,48,5776.31,14,4,118.96,1,Mobile,1
301781,Email,18,7173.26,13,6,126.01,6,Desktop,1
301782,Email,35,12765.11,13,1,50.26,4,Desktop,0
301783,Referral,50,5541.07,7,1,292.77,0,Mobile,0
301784,Search,20,10012.45,9,6,388.62,4,Desktop,0
301785,Social Media,50,7371.69,11,2,342.71,5,Mobile,0
301786,Social Media,42,7246.71,10,3,243.02,1,Tablet,0
301787,Search,42,6932.35,1,0,67.37,5,Desktop,0
301788,Email,60,2000.0,7,2,44.8,2,Desktop,1
301789,Social Media,62,6805.61,4,4,383.21,1,Mobile,0
301790,Social Media,46,5043.15,5,1,431.49,0,Desktop,0
301791,Social Media,52,2917.43,5,4,137.37,4,Mobile,1
301792,Social Media,45,10002.81,8,6,71.02,0,Desktop,1
301793,Social Media,37,9281.48,9,3,57.23,5,Mobile,0
301794,Social Media,62,6826.18,1,0,59.43,0,Desktop,0
301795,Social Media,51,11876.85,7,5,280.45,3,Mobile,0
301796,Display,22,2000.0,14,3,98.01,3,Mobile,0
301797,Email,44,15981.94,6,4,119.0,0,Desktop,1
301798,Search,45,11109.61,15,3,199.0,3,Mobile,0
301799,Search,20,11050.45,3,2,305.87,3,Desktop,0
301800,Display,64,7499.66,15,2,239.3,0,Tablet,0
301801,Referral,21,10148.85,5,3,43.0,3,Mobile,0
301802,Social Media,30,7780.13,10,0,251.1,5,Tablet,0
301803,Referral,35,6172.19,10,3,618.95,2,Mobile,1
301804,Referral,64,3770.6,12,2,212.47,2,Desktop,0
301805,Social Media,39,4292.35,11,0,82.35,4,Mobile,0
301806,Email,18,9698.8,8,1,222.62,4,Desktop,0
301807,Search,39,8423.85,8,4,54.49,6,Mobile,0
301808,Social Media,44,11360.84,4,2,113.4,1,Desktop,0
301809,Social Media,53,9268.66,2,2,188.65,2,Mobile,0
301810,Social Media,62,9822.55,2,2,120.38,2,Mobile,0
301811,Display,37,7432.05,8,2,559.13,3,Mobile,0
301812,Search,49,8073.9,6,2,297.49,0,Desktop,0
301813,Referral,28,6339.72,7,4,176.07,6,Mobile,0
301814,Email,55,11574.91,5,5,195.59,5,Desktop,0
301815,Social Media,56,5260.81,12,2,161.15,1,Tablet,0
301816,Display,33,9353.46,11,2,91.42,0,Desktop,0
301817,Search,53,9285.46,7,5,160.06,0,Mobile,0
301818,Referral,33,10767.94,13,4,383.17,6,Mobile,0
301819,Email,64,4853.61,9,5,302.55,3,Mobile,0
301820,Referral,38,9227.89,10,2,187.2,6,Mobile,0
301821,Social Media,20,6693.49,15,5,382.46,5,Desktop,1
301822,Referral,32,7519.95,3,2,289.95,0,Mobile,0
301823,Search,62,9153.96,5,2,20.97,3,Desktop,0
301824,Email,29,6587.7,9,2,347.37,5,Tablet,0
301825,Referral,29,15500.98,10,2,14.1,2,Mobile,0
301826,Social Media,49,6314.75,12,3,260.96,0,,0
301827,Email,56,10968.7,1,1,306.16,6,Desktop,0
301828,Referral,56,13529.98,2,2,78.21,6,Desktop,0
301829,Email,39,10232.84,1,1,352.85,4,Desktop,0
301830,Referral,51,,8,3,298.52,0,Mobile,0
301831,Search,44,4473.84,6,5,113.83,6,Mobile,0
301832,Email,56,9979.63,14,4,294.26,5,Mobile,1
301833,Email,44,9734.09,6,1,145.47,0,Desktop,0
301834,Social Media,50,10650.75,13,2,247.91,0,Mobile,0
301835,Email,26,10902.19,15,5,164.82,1,Mobile,0
301836,Social Media,54,9177.68,9,3,125.91,5,Mobile,0
301837,Referral,22,7934.37,2,1,140.79,5,Desktop,0
301838,Referral,34,5484.41,8,5,181.33,3,,0
301839,Social Media,59,6545.54,8,2,210.13,3,Mobile,0
301840,Email,49,11666.02,2,2,197.25,6,Mobile,0
301841,Search,24,9356.74,15,2,400.16,6,Mobile,0
301842,Search,65,8076.89,4,2,33.61,0,Desktop,0
301843,Referral,23,8058.66,4,4,77.17,4,Desktop,1
301844,Referral,58,2658.02,6,1,55.69,4,,0
301845,Social Media,20,4725.69,14,4,76.83,5,Mobile,0
301846,Email,37,8977.88,9,2,233.25,0,Desktop,0
301847,Email,55,5872.52,11,4,351.37,0,Mobile,1
301848,Email,55,11931.58,12,2,71.66,5,Mobile,1
301849,Search,37,15520.77,5,2,336.91,0,Mobile,0
301850,Search,57,9047.55,8,2,215.89,4,Desktop,0
301851,Social Media,41,8912.43,10,3,190.59,5,Desktop,0
301852,Referral,55,6372.1,5,5,166.27,1,Tablet,0
301853,Search,49,6380.76,3,3,251.57,2,Desktop,0
301854,Referral,56,10401.09,10,4,49.91,0,Desktop,0
301855,Search,24,14433.62,12,2,188.14,0,Mobile,0
301856,Social Media,27,6695.13,11,3,150.78,2,Desktop,1
301857,Social Media,35,11125.51,8,4,468.38,3,Mobile,0
301858,Referral,22,9835.96,2,2,66.6,4,Tablet,0
301859,Display,49,7193.61,8,2,136.93,1,Mobile,0
301860,Social Media,59,4050.29,9,6,80.77,6,Mobile,1
301861,Email,57,10439.99,12,0,108.52,6,Desktop,0
301862,Referral,29,6632.2,8,2,221.42,2,Mobile,0
301863,Referral,25,10645.68,3,1,97.49,1,Mobile,1
301864,Social Media,31,2159.51,8,3,315.85,3,Mobile,0
301865,Social Media,30,5603.27,9,7,49.73,1,Mobile,0
301866,Email,30,8615.4,12,1,41.25,6,Mobile,0
301867,Search,21,12636.27,6,3,148.73,5,Desktop,0
301868,Social Media,41,10562.82,12,2,183.81,3,Desktop,0
301869,Email,20,9406.23,9,3,135.55,6,Desktop,0
301870,Social Media,61,8448.03,5,0,319.89,0,Mobile,0
301871,Social Media,30,14790.16,2,2,178.61,5,Mobile,0
301872,Search,27,6952.84,15,3,367.4,2,Desktop,0
301873,Social Media,25,9403.62,7,1,115.25,5,Mobile,0
301874,Social Media,60,8218.2,6,5,224.92,4,Mobile,0
301875,Search,27,9568.81,15,6,87.94,3,Desktop,1
301876,Referral,65,14501.44,5,3,130.83,3,Mobile,0
301877,Email,60,11792.73,12,2,223.79,1,Mobile,0
301878,Email,60,6998.36,10,6,232.33,3,Mobile,1
301879,Social Media,30,9835.25,4,2,142.54,4,Desktop,0
301880,Referral,57,7450.61,1,1,96.39,4,Tablet,0
301881,Social Media,47,7560.83,8,3,21.93,6,Mobile,1
301882,Display,57,17129.02,1,1,200.15,2,Mobile,0
301883,Email,43,8668.16,14,5,96.05,1,Mobile,1
301884,Search,54,8875.83,9,2,260.97,3,Desktop,1
301885,Social Media,51,13178.3,11,1,243.45,3,Desktop,0
301886,Social Media,58,8956.19,9,4,243.49,0,Mobile,0
301887,Referral,33,13323.03,12,2,283.5,4,Mobile,0
301888,Email,54,8453.8,4,4,399.75,3,Tablet,0
301889,Search,34,7056.67,5,3,525.56,5,Desktop,1
301890,Referral,49,11145.46,14,3,60.85,1,Mobile,0
301891,Email,64,11722.28,8,4,278.69,4,Mobile,0
301892,Social Media,55,9155.08,10,4,125.2,6,Mobile,0
301893,Display,65,2674.62,1,1,189.55,1,Tablet,0
301894,Email,54,5886.45,4,3,140.64,0,Mobile,0
301895,Social Media,59,8052.88,9,8,104.43,3,Mobile,0
301896,Social Media,22,11913.9,2,2,312.25,6,Desktop,0
301897,Referral,24,9579.39,13,3,117.42,3,Mobile,0
301898,Social Media,24,8668.12,5,4,254.8,3,Tablet,1
301899,Email,34,12783.21,6,1,50.68,1,Mobile,0
301900,Social Media,56,13148.58,15,3,210.25,2,Desktop,0
301901,Search,30,10969.36,6,3,45.13,0,Mobile,0
301902,Search,20,8107.32,13,3,164.96,5,Tablet,0
301903,Email,46,5720.75,3,1,52.41,4,Tablet,0
301904,Search,57,13606.93,6,6,254.23,6,Mobile,0
301905,Search,60,4495.66,11,3,107.95,0,Desktop,0
301906,Search,21,9941.35,11,3,109.35,4,Desktop,1
301907,Search,63,10145.91,11,1,228.95,4,Desktop,0
301908,Email,64,9615.3,8,5,80.13,6,Desktop,0
301909,Social Media,47,15376.6,7,2,208.34,0,Mobile,0
301910,Display,39,4701.31,6,4,147.83,6,Mobile,1
301911,Search,37,10788.06,6,2,214.17,5,Tablet,0
301912,Referral,52,,1,1,127.0,4,Desktop,0
301913,Referral,49,9625.72,6,5,-73.21,3,Tablet,1
301914,,64,10069.9,13,1,145.31,0,Desktop,0
301915,Referral,57,5627.56,12,4,108.71,2,Mobile,1
301916,Referral,36,5189.96,14,3,147.31,4,Mobile,0
301917,Social Media,57,9214.83,5,5,129.01,2,Mobile,1
301918,Social Media,36,8355.47,6,6,231.07,1,Mobile,1
301919,Email,24,4301.23,1,1,505.07,3,Mobile,0
301920,Social Media,60,11411.63,14,1,106.25,6,Desktop,0
301921,Email,62,7693.12,11,3,68.16,2,Desktop,1
301922,Social Media,64,6745.14,9,3,259.86,6,Mobile,0
301923,Search,47,9959.05,7,7,47.33,6,Mobile,0
301924,Display,33,10176.1,5,2,145.38,3,Desktop,0
301925,Search,43,13342.35,10,0,73.33,2,Mobile,0
301926,Social Media,41,10059.37,3,2,89.45,0,Desktop,0
301927,Display,19,11393.16,9,3,73.73,5,Mobile,0
301928,Social Media,22,7730.8,6,2,109.73,3,Tablet,1
301929,Search,58,5422.69,10,4,123.32,0,Mobile,1
301930,Social Media,21,8180.05,13,0,63.53,3,Desktop,0
301931,Display,46,8723.99,11,2,262.56,6,Desktop,0
301932,Social Media,46,10901.33,4,4,109.69,5,Desktop,0
301933,Search,45,2000.0,12,2,113.6,2,Mobile,0
301934,Email,23,11828.15,1,1,51.08,4,Mobile,0
301935,Referral,39,3239.16,14,4,108.32,1,Desktop,0
301936,Email,26,5225.4,8,2,195.89,1,Mobile,0
301937,Display,25,7577.14,1,1,91.96,0,Mobile,0
301938,Search,57,10491.11,2,1,423.53,1,Mobile,1
301939,Social Media,38,9749.92,7,3,79.67,4,Desktop,0
301940,Social Media,41,6268.35,2,2,200.41,1,Mobile,0
301941,Search,51,12041.29,15,0,37.62,4,Mobile,0
301942,Social Media,64,12271.96,3,0,218.6,2,Mobile,0
301943,Social Media,62,5707.44,12,2,152.89,0,,0
301944,Email,50,8561.15,6,5,154.33,1,Desktop,0
301945,Referral,55,8782.98,14,2,379.27,4,Mobile,0
301946,Social Media,33,7261.76,15,1,99.39,5,Desktop,0
301947,Search,51,6942.38,4,1,135.96,2,Mobile,0
301948,Search,35,7579.04,1,1,371.33,3,Tablet,0
301949,Social Media,65,11325.7,5,2,208.88,0,Mobile,0
301950,Social Media,61,11655.77,3,3,293.28,5,Mobile,1
301951,Referral,57,7133.75,13,3,91.19,3,Mobile,0
301952,Referral,45,7418.49,8,7,288.65,6,Mobile,1
301953,Email,30,7225.33,13,3,61.61,5,Mobile,0
301954,Email,19,11272.38,12,4,58.8,6,Desktop,0
301955,Referral,30,5223.23,14,0,229.06,6,Desktop,0
301956,Email,27,8283.94,11,1,140.46,2,Mobile,0
301957,Email,33,9512.16,13,3,235.52,5,Mobile,1
301958,Search,42,11416.23,5,4,217.75,0,Mobile,0
301959,Search,-5,7785.91,1,1,267.06,1,Desktop,0
301960,Search,45,7792.82,6,2,77.09,0,Mobile,1
301961,Search,31,11751.31,14,3,468.99,6,Mobile,1
301962,Display,25,6659.1,6,1,385.06,3,Desktop,0
301963,Search,25,11286.34,1,1,228.68,1,Mobile,1
301964,Email,63,11897.4,12,0,121.1,1,Desktop,0
301965,Display,18,8197.51,7,3,169.68,0,Desktop,0
301966,Display,51,6958.46,5,1,446.97,5,Mobile,1
301967,Referral,50,3521.75,1,1,34.94,3,Mobile,0
301968,Social Media,19,6974.84,12,2,27.1,5,Mobile,1
301969,Email,46,9958.25,13,1,92.66,2,Mobile,0
301970,Referral,33,7207.39,2,2,88.94,1,Desktop,0
301971,Display,31,7551.3,5,4,200.56,1,Desktop,0
301972,Email,45,11452.89,14,3,63.03,4,Mobile,0
301973,Social Media,65,9198.05,5,1,158.24,5,Tablet,0
301974,Social Media,35,12399.68,11,4,179.2,0,Desktop,0
301975,Email,60,10242.1,8,5,233.72,0,Tablet,0
301976,Email,32,4071.03,5,4,212.84,3,Mobile,0
301977,Display,29,11650.56,3,2,423.78,3,Mobile,0
301978,Social Media,39,10082.72,11,5,80.67,2,Mobile,0
301979,Search,46,7776.06,8,5,80.59,3,Desktop,0
301980,Social Media,18,5197.24,9,5,12.89,2,Desktop,0
301981,Email,46,13489.51,9,4,34.96,0,Mobile,0
301982,Referral,62,4497.44,1,1,765.93,4,Desktop,0
301983,Social Media,41,3115.68,14,3,110.95,1,Mobile,0
301984,,35,4868.42,8,2,153.18,1,Mobile,0
301985,Social Media,63,7637.3,11,5,150.43,2,Mobile,1
301986,Social Media,38,3310.82,3,2,169.58,5,Mobile,0
301987,Social Media,29,4500.34,12,5,179.37,6,Mobile,1
301988,Email,44,10929.1,2,2,150.53,2,Tablet,0
301989,Social Media,46,10384.59,1,1,137.77,6,Mobile,0
301990,Referral,50,4634.82,9,1,156.72,1,Desktop,0
301991,Referral,58,11393.83,11,2,91.22,4,Mobile,0
301992,Social Media,120,11252.17,9,3,622.04,5,Mobile,0
301993,Social Media,21,2077.69,7,4,918.68,5,Mobile,0
301994,Search,52,7859.81,6,5,471.52,4,Mobile,1
301995,Social Media,62,9341.86,11,3,306.47,5,Desktop,0
301996,Email,26,5871.13,8,3,47.62,3,Tablet,0
301997,Social Media,45,,3,3,126.89,3,Desktop,1
301998,Referral,22,9494.63,8,3,205.91,1,Mobile,0
301999,Referral,42,3930.03,11,6,243.51,0,Desktop,1
302000,Referral,45,7216.36,6,6,42.13,6,Mobile,0
302001,Referral,23,3731.82,1,1,54.71,1,Tablet,0
302002,Search,23,8087.06,14,1,161.32,5,Desktop,0
302003,Social Media,29,10131.81,10,5,151.28,1,Mobile,0
302004,Email,49,12285.82,15,3,56.59,1,Desktop,1
302005,Referral,31,10324.33,13,5,610.05,3,Desktop,0
302006,Referral,55,5377.2,1,1,80.04,1,Desktop,1
302007,Referral,38,10681.03,7,0,121.21,1,Tablet,0
302008,Email,54,7028.64,13,1,78.29,0,Mobile,1
302009,Referral,43,9947.85,9,4,23.29,6,Mobile,1
302010,Display,24,10312.97,13,7,276.4,2,Mobile,0
302011,Social Media,61,8200.04,6,6,185.51,3,Mobile,0
302012,Email,48,5306.91,1,1,116.02,4,Tablet,0
302013,Referral,34,9405.38,14,3,88.43,5,Tablet,0
302014,Social Media,19,6203.92,1,1,179.13,4,Desktop,0
302015,Email,65,14621.46,15,1,86.34,5,Desktop,0
302016,Email,51,,7,2,40.88,3,Mobile,0
302017,Display,18,9515.32,5,2,39.69,6,Mobile,0
302018,Search,42,5944.74,13,2,308.74,2,Desktop,0
302019,Email,63,3370.77,8,1,308.58,3,Mobile,0
302020,Email,44,10054.7,10,3,79.11,1,Desktop,0
302021,Email,35,10474.49,10,6,241.64,6,Mobile,0
302022,Email,41,9560.07,10,5,74.86,4,Desktop,0
302023,Search,46,9034.58,8,5,517.83,0,Tablet,0
302024,Social Media,56,8650.93,3,2,131.26,6,Desktop,0
302025,Referral,21,7316.24,5,0,24.77,1,Desktop,0
302026,Email,29,7430.17,3,1,376.06,3,Desktop,0
302027,Referral,59,12443.03,14,0,426.36,3,Mobile,0
302028,Email,53,7347.91,10,3,135.37,1,Mobile,0
302029,Display,20,5987.65,9,4,511.47,0,Mobile,1
302030,Email,50,7208.27,14,4,59.23,4,Desktop,0
302031,Display,56,10705.8,2,2,297.4,1,Mobile,0
302032,Referral,29,11170.35,10,2,79.41,2,Tablet,0
302033,Search,53,5130.27,1,1,472.04,5,Mobile,0
302034,Social Media,40,11258.02,1,1,294.86,6,Mobile,0
302035,Referral,41,6670.54,13,1,287.9,5,Mobile,0
302036,Display,33,8926.39,6,2,406.92,4,Desktop,0
302037,Search,46,7451.77,3,3,288.8,2,Desktop,0
302038,Referral,33,8155.5,12,6,155.33,6,Mobile,0
302039,Referral,45,9330.89,8,2,88.02,6,Tablet,0
302040,Search,40,6483.61,8,4,65.99,4,Mobile,1
302041,Social Media,29,8047.45,6,0,290.3,4,Desktop,0
302042,Email,47,6184.97,1,1,69.64,6,Mobile,0
302043,Display,29,10870.41,15,5,187.32,6,Mobile,0
302044,Referral,22,4746.99,15,3,222.75,6,Mobile,0
302045,Referral,34,2396.35,3,3,139.85,6,Mobile,0
302046,Referral,51,8860.66,3,3,212.71,5,Desktop,0
302047,Social Media,57,10451.32,11,7,182.63,4,Desktop,1
302048,Social Media,20,11154.0,11,2,218.88,3,Mobile,1
302049,Search,30,9537.93,14,2,173.7,5,Mobile,0
302050,Social Media,39,5300.75,9,3,132.2,6,Tablet,0
302051,Social Media,36,2199.1,6,3,107.48,2,Desktop,1
302052,Display,59,14622.05,14,4,330.26,1,Mobile,1
302053,Email,39,9010.77,13,2,140.04,5,Tablet,0
302054,Referral,59,10259.77,3,1,64.99,0,Desktop,0
302055,Email,22,10449.84,8,3,201.69,2,Mobile,0
302056,Social Media,33,15724.93,12,0,257.13,6,Mobile,0
302057,,32,5851.46,6,3,42.32,6,Desktop,0
302058,Social Media,45,10385.57,1,1,95.26,6,Desktop,0
302059,Email,34,5483.53,2,2,195.72,5,Mobile,0
302060,Referral,60,7087.71,5,4,376.92,0,Mobile,0
302061,Display,59,9612.35,6,2,218.25,0,Mobile,0
302062,Social Media,44,8650.68,6,4,272.38,5,Desktop,0
302063,Search,36,9539.21,15,2,162.08,0,Mobile,0
302064,Search,53,7491.84,9,3,109.4,1,Desktop,0
302065,Social Media,36,2000.0,12,4,11.01,0,Mobile,0
302066,Social Media,42,3882.36,3,2,148.54,4,Desktop,1
302067,Social Media,29,5945.33,10,4,138.2,3,Mobile,0
302068,Referral,33,2309.87,6,2,184.62,4,Desktop,0
302069,Email,59,6730.2,8,2,886.36,2,Mobile,1
302070,Social Media,47,8246.25,15,3,72.5,2,Mobile,0
302071,Email,59,8531.61,3,3,293.16,5,Desktop,0
302072,Display,62,4562.61,7,3,62.95,1,Mobile,1
302073,Email,31,6948.06,12,6,214.34,5,Mobile,0
302074,Social Media,52,15272.72,11,0,219.53,5,Mobile,0
302075,Social Media,29,7645.43,1,1,364.61,2,Mobile,0
302076,Email,58,5224.14,8,4,260.14,2,Mobile,0
302077,Referral,50,12046.97,4,4,313.85,5,Mobile,0
302078,Referral,23,12152.96,9,3,112.81,5,Desktop,0
302079,Referral,62,7000.94,4,3,124.61,4,Mobile,0
302080,Email,52,6155.23,9,1,151.29,2,Mobile,0
302081,Display,22,5897.75,14,3,198.9,4,Mobile,1
302082,Referral,49,11469.93,6,3,284.39,6,Mobile,0
302083,Referral,49,4326.39,2,2,117.59,4,Mobile,0
302084,Referral,37,13069.91,15,1,242.48,2,Tablet,0
302085,Search,47,8846.33,4,3,341.92,2,Mobile,0
302086,Search,42,11741.12,6,5,285.68,5,Mobile,0
302087,Referral,50,9193.35,14,1,242.37,3,Desktop,0
302088,Social Media,57,9799.88,3,3,284.06,3,Desktop,0
302089,Display,27,8414.57,1,1,235.26,2,Mobile,0
302090,Search,40,7023.29,10,5,163.52,1,Mobile,0
302091,Display,58,9081.2,11,6,326.38,4,Desktop,1
302092,Referral,19,9462.87,2,2,132.67,4,Desktop,0
302093,Email,61,14209.66,15,2,146.68,3,Mobile,0
302094,Email,29,6815.96,7,2,150.5,2,Tablet,0
302095,Social Media,28,3656.34,10,3,237.7,0,Desktop,0
302096,Referral,31,6736.74,14,2,128.03,1,Desktop,0
302097,Social Media,60,6749.47,13,2,143.79,5,Desktop,1
302098,Referral,29,,15,1,50.11,1,Tablet,0
302099,Search,45,10516.9,7,5,114.35,5,Mobile,0
302100,Email,53,5340.84,14,5,110.99,5,Mobile,0
302101,Search,48,9964.44,13,1,102.06,5,Desktop,0
302102,Display,42,6441.77,14,3,234.57,3,Mobile,0
302103,Social Media,41,10544.44,15,5,305.7,3,Tablet,0
302104,Search,46,4217.27,12,0,556.97,2,Mobile,0
302105,Search,46,4603.68,12,1,198.36,0,Mobile,0
302106,Referral,48,7321.6,12,2,174.74,3,Desktop,0
302107,Display,25,10180.47,13,7,108.67,3,Mobile,0
302108,Social Media,59,5260.9,9,6,26.58,1,Mobile,1
302109,Social Media,55,4992.26,12,3,238.2,5,Tablet,1
302110,Display,34,10762.23,11,3,85.16,2,Mobile,0
302111,Email,63,9236.18,11,2,296.92,4,Desktop,0
302112,Social Media,120,8965.14,2,2,94.44,6,Mobile,0
302113,Social Media,52,4759.06,9,1,466.85,2,Mobile,0
302114,Social Media,26,7399.46,10,4,118.64,5,Mobile,1
302115,Email,41,9505.09,8,2,84.7,4,Mobile,1
302116,Referral,41,9879.95,14,2,185.9,4,Mobile,0
302117,Email,32,12512.67,8,3,167.19,2,Desktop,0
302118,Referral,60,10065.39,6,3,201.88,4,Mobile,0
302119,Email,22,3188.78,9,2,26.84,4,Desktop,0
302120,Email,31,13922.81,5,5,85.34,4,Tablet,0
302121,Search,18,9446.42,1,1,112.13,4,Mobile,0
302122,Social Media,41,2000.0,3,3,94.88,3,Desktop,0
302123,Email,65,3770.37,7,2,172.59,3,Mobile,1
302124,Social Media,18,6452.13,7,0,92.25,1,Mobile,0
302125,Referral,21,9021.12,4,1,212.48,0,Desktop,0
302126,Search,22,6344.68,15,2,373.9,5,Mobile,0
302127,Email,52,6628.22,5,2,186.13,2,Mobile,0
302128,Search,49,6985.73,11,3,176.13,1,Desktop,0
302129,Social Media,62,3734.36,15,2,348.59,3,Mobile,0
302130,Social Media,51,11540.43,4,4,231.43,6,Mobile,0
302131,Referral,59,11432.83,8,3,294.89,5,Mobile,0
302132,Email,36,6113.3,14,5,301.28,0,Mobile,0
302133,Display,43,9995.41,9,1,503.73,2,Desktop,0
302134,Email,18,8884.93,9,6,133.59,3,Mobile,0
302135,Email,39,,7,3,83.87,0,Desktop,0
302136,Email,61,7707.39,14,3,188.36,3,Mobile,0
302137,Display,59,12285.98,11,5,223.56,3,Mobile,0
302138,Social Media,54,10194.11,3,3,424.69,0,Desktop,0
302139,Social Media,24,8348.99,1,1,217.27,0,Mobile,0
302140,Social Media,47,3000.89,12,2,102.9,1,Mobile,0
302141,Email,64,,11,0,240.67,5,Desktop,0
302142,Email,47,11031.25,11,2,179.46,1,Mobile,0
302143,Social Media,50,8050.89,11,4,94.18,1,Mobile,0
302144,Email,42,4894.98,2,2,287.89,6,Tablet,0
302145,Email,53,10801.64,13,1,91.42,4,Tablet,0
302146,Display,48,8599.54,1,1,413.65,6,Mobile,0
302147,Email,64,4026.15,8,4,233.37,4,Mobile,0
302148,Search,44,6153.92,6,6,373.55,5,Desktop,0
302149,Referral,64,5033.51,1,1,197.36,2,Mobile,0
302150,Social Media,55,8077.46,3,2,220.82,5,Mobile,0
302151,Email,38,10648.67,15,1,118.24,0,Tablet,0
302152,Email,32,10186.76,7,2,812.94,5,Desktop,0
302153,Referral,60,10652.5,7,2,340.2,3,Tablet,0
302154,Display,45,6929.39,12,2,90.96,0,Mobile,0
302155,Email,29,10179.15,14,3,57.7,2,Desktop,1
302156,Social Media,29,2575.19,4,4,268.42,2,Mobile,0
302157,,20,10853.62,7,3,309.89,4,Mobile,0
302158,Referral,53,6478.55,11,1,389.77,5,Desktop,0
302159,Social Media,64,5917.25,3,2,185.43,2,Mobile,0
302160,Display,52,13465.76,3,3,245.87,6,Mobile,0
302161,Social Media,19,11746.77,13,3,175.37,5,Mobile,0
302162,Email,29,12099.68,14,4,120.79,2,Mobile,1
302163,Email,20,8849.45,4,1,204.47,0,Desktop,0
302164,Email,51,5156.77,3,3,190.58,6,Mobile,0
302165,,40,10250.99,1,1,130.31,1,Mobile,0
302166,Social Media,32,9938.03,7,1,114.94,3,Mobile,1
302167,Referral,65,7809.2,3,3,256.82,1,Tablet,1
302168,Referral,25,5833.65,12,3,63.18,1,Mobile,0
302169,Search,37,7157.52,14,1,48.32,6,Mobile,0
302170,Social Media,48,5463.56,2,0,185.05,4,Mobile,0
302171,Referral,26,5794.08,10,5,37.33,1,Mobile,1
302172,Email,46,11026.15,11,5,329.85,2,Tablet,1
302173,Social Media,34,7151.59,4,2,9.54,5,Mobile,0
302174,Email,60,9871.06,4,3,427.48,3,Desktop,0
302175,Display,48,3028.43,8,4,16.96,2,Mobile,1
302176,Social Media,57,7413.71,7,1,46.96,5,Mobile,1
302177,Social Media,50,4505.47,2,2,595.99,1,Mobile,0
302178,Search,48,7132.88,14,2,152.63,1,Desktop,0
302179,Email,32,8622.08,1,1,166.96,0,Desktop,0
302180,Email,39,9893.42,9,5,191.77,6,Mobile,0
302181,Search,32,10411.81,12,1,144.69,6,Desktop,0
302182,Referral,31,12451.99,1,1,366.72,5,Mobile,0
302183,Referral,49,5517.66,6,5,304.77,2,Mobile,0
302184,Referral,62,5591.88,11,2,71.02,1,Desktop,1
302185,Email,26,9340.32,13,4,185.76,0,Mobile,0
302186,Referral,64,6617.79,9,3,326.56,4,Desktop,0
302187,Email,63,12239.56,2,2,125.79,3,Mobile,1
302188,Social Media,30,10640.45,14,1,82.88,5,Mobile,0
302189,Email,48,,12,3,312.52,3,Desktop,0
302190,Social Media,46,6366.17,3,3,109.27,5,Tablet,1
302191,Email,36,5996.41,3,0,211.22,3,Mobile,0
302192,Email,31,8226.1,4,4,102.58,2,Desktop,0
302193,Search,63,8908.12,15,5,93.39,4,Mobile,1
302194,Email,60,3804.89,4,4,165.12,2,Desktop,1
302195,Search,56,5290.64,5,2,50.13,3,Mobile,1
302196,Display,57,7399.38,8,4,200.59,4,Mobile,0
302197,Social Media,32,11531.58,9,2,145.24,4,Desktop,0
302198,Display,28,3516.88,13,2,249.9,3,Desktop,1
302199,Email,21,9636.62,10,3,91.47,0,Mobile,0
302200,Social Media,60,7910.33,6,1,152.38,2,Mobile,0
302201,Email,47,9945.4,5,5,201.79,2,Mobile,0
302202,,26,6291.51,15,3,38.45,2,Desktop,0
302203,Email,22,10514.85,14,2,280.15,0,Mobile,0
302204,Referral,52,9036.01,9,4,138.08,0,Desktop,0
302205,Email,56,5633.61,2,2,301.6,0,Mobile,0
302206,Email,23,6258.43,14,0,166.04,5,Desktop,0
302207,,29,6786.98,12,2,30.09,1,Mobile,0
302208,Social Media,20,12324.7,2,2,215.3,5,Mobile,1
302209,Referral,20,9600.71,7,4,302.92,5,Mobile,0
302210,Social Media,38,7065.48,6,2,394.5,3,Mobile,0
302211,Search,31,9345.38,6,5,177.54,1,Mobile,0
302212,Email,46,6044.69,2,2,220.31,1,Tablet,0
302213,Social Media,36,8156.19,5,4,148.38,5,Desktop,0
302214,Search,50,9747.62,3,3,165.03,0,Desktop,0
302215,Email,37,7790.97,5,1,103.88,3,Desktop,0
302216,Search,47,19135.3,9,1,316.8,3,Mobile,0
302217,Search,59,14003.31,8,3,209.12,6,Mobile,0
302218,Email,35,8580.8,3,1,125.96,2,Mobile,0
302219,Display,50,13858.66,4,2,76.0,6,Desktop,0
302220,Search,38,8413.43,9,4,36.83,0,Mobile,0
302221,Search,45,11042.76,15,3,270.22,6,Mobile,1
302222,Email,25,13169.52,3,3,260.15,1,Mobile,0
302223,Display,61,2000.0,11,0,64.65,5,Desktop,0
302224,Social Media,48,12263.35,12,4,95.43,3,Tablet,0
302225,Email,46,8020.23,2,2,250.29,4,Desktop,0
302226,Social Media,32,7115.81,8,0,122.45,1,Mobile,0
302227,Social Media,64,10910.05,1,0,295.08,3,Desktop,0
302228,,61,7143.77,7,3,278.24,1,Mobile,0
302229,Social Media,26,6659.81,4,4,151.82,5,Desktop,0
302230,Social Media,49,10742.89,6,2,210.98,2,Mobile,0
302231,Social Media,40,11394.82,8,5,61.76,0,Tablet,0
302232,Referral,22,7439.34,7,2,57.92,0,Mobile,1
302233,Referral,38,12769.34,12,4,382.05,2,Desktop,0
302234,Display,44,5904.36,1,1,163.95,6,Mobile,0
302235,Email,54,12435.4,7,2,213.22,3,Desktop,0
302236,Referral,22,8100.42,5,2,72.99,3,Desktop,1
302237,Search,35,3010.46,14,3,7.85,6,Mobile,0
302238,Email,42,11637.29,2,2,131.19,6,Desktop,0
302239,Email,58,2000.0,11,3,-136.08,3,Desktop,0
302240,Display,34,10111.55,3,2,164.12,1,Mobile,1
302241,Email,58,11958.32,11,4,27.18,5,Mobile,0
302242,Social Media,46,13084.83,15,3,28.6,1,Mobile,0
302243,Referral,19,4078.57,1,1,63.65,1,Mobile,0
302244,Email,60,4257.97,8,3,144.23,1,Mobile,0
302245,Social Media,30,16827.41,5,4,254.76,2,Mobile,1
302246,Search,21,11425.44,1,1,209.67,4,Mobile,0
302247,Email,35,11233.69,13,4,86.28,2,Mobile,1
302248,Search,37,3889.05,10,2,345.71,6,Mobile,0
302249,Referral,60,8515.71,14,3,95.12,1,Mobile,0
302250,Social Media,59,,5,3,262.29,5,Mobile,1
302251,Referral,29,5737.56,12,5,205.51,6,Desktop,0
302252,Search,51,7219.15,5,5,186.12,5,Mobile,0
302253,Social Media,60,14182.55,6,2,206.7,0,Tablet,0
302254,Email,45,10185.4,2,0,155.27,4,Mobile,0
302255,,24,8807.35,15,2,217.3,3,Mobile,0
302256,Email,43,8365.97,14,2,294.35,4,Mobile,1
302257,Social Media,28,10910.97,10,4,104.97,5,Mobile,1
302258,Referral,50,9875.36,5,3,128.02,4,Mobile,0
302259,Referral,53,11056.13,2,2,464.4,3,Mobile,0
302260,Search,42,14370.99,12,3,122.25,5,Mobile,0
302261,Email,43,10253.85,12,5,119.79,2,,0
302262,Referral,56,8387.77,10,3,119.33,3,Mobile,0
302263,Referral,39,8948.36,9,2,199.71,6,Mobile,1
302264,Display,44,6409.12,4,3,303.1,1,Mobile,0
302265,Social Media,52,11359.39,3,3,244.62,3,Mobile,0
302266,Search,52,6922.85,9,3,457.63,3,Tablet,0
302267,Search,30,8862.44,11,4,143.46,6,Mobile,0
302268,Search,64,8409.66,15,3,42.75,2,Mobile,1
302269,Email,59,4115.6,13,2,162.19,4,Desktop,0
302270,Social Media,20,10937.61,12,6,280.92,4,Mobile,1
302271,Search,52,8137.51,2,2,26.55,2,Mobile,0
302272,Display,54,9744.95,5,4,179.73,2,Tablet,1
302273,Email,61,5592.01,8,1,38.99,0,Mobile,1
302274,Social Media,35,5420.17,13,5,91.89,2,Mobile,1
302275,Social Media,50,6528.56,12,3,151.95,6,Mobile,0
302276,Email,56,7668.13,8,5,348.95,6,Mobile,1
302277,Social Media,18,3102.47,15,2,139.32,0,Tablet,0
302278,Search,23,10251.21,8,3,241.37,1,Mobile,0
302279,Search,38,6413.99,3,2,404.69,1,Mobile,0
302280,Referral,37,9492.93,14,2,384.86,3,Mobile,1
302281,Social Media,50,10178.1,15,4,95.88,6,Mobile,0
302282,Display,28,3934.17,13,3,42.45,6,Mobile,0
302283,Search,48,5583.98,13,4,122.37,0,Mobile,1
302284,Social Media,32,8674.92,2,2,220.81,5,Desktop,0
302285,Social Media,27,13706.55,12,6,192.48,5,,1
302286,Social Media,60,4587.36,15,5,186.86,0,Desktop,0
302287,Referral,53,8046.71,2,2,130.8,4,Desktop,0
302288,Search,43,11528.27,14,3,136.95,2,Desktop,0
302289,Referral,36,8881.62,14,3,181.13,5,Desktop,1
302290,Social Media,20,13445.83,6,2,120.02,5,Desktop,1
302291,Email,34,12224.28,8,4,220.16,1,Tablet,0
302292,Display,55,2482.75,11,5,161.27,4,Mobile,0
302293,Search,28,10880.19,6,2,433.28,4,Desktop,0
302294,Social Media,18,8125.75,1,1,142.57,6,Mobile,0
302295,Social Media,25,6191.86,6,1,28.54,1,Mobile,0
302296,Search,20,13472.43,11,3,131.81,2,Mobile,0
302297,Search,58,4966.3,11,3,416.59,0,Desktop,0
302298,Email,27,2000.0,10,6,189.97,1,Mobile,0
302299,Search,51,9165.31,10,4,377.8,3,Mobile,0
302300,Referral,23,4958.68,7,4,266.97,1,Mobile,1
302301,Display,55,5697.96,13,6,304.4,2,Mobile,0
302302,Email,55,3249.86,10,2,99.58,3,Desktop,1
302303,Display,35,9762.71,13,6,451.61,0,Tablet,0
302304,Search,28,6548.54,12,2,256.86,5,Desktop,0
302305,Search,35,9828.4,1,1,111.86,4,Desktop,0
302306,Referral,22,2946.58,8,2,155.49,1,Mobile,1
302307,Social Media,40,6304.07,7,3,96.18,2,Tablet,1
302308,Email,57,4496.04,12,1,215.5,1,Desktop,0
302309,Search,20,6308.94,3,3,429.3,5,Desktop,0
302310,Display,34,7023.48,8,3,55.47,2,Mobile,0
302311,Social Media,59,8653.06,12,1,290.15,6,Mobile,0
302312,Display,30,5119.04,9,2,74.91,3,Mobile,0
302313,Display,38,9415.22,8,5,170.77,6,Desktop,0
302314,Display,62,9961.18,12,4,250.05,0,Mobile,0
302315,Social Media,37,11434.52,3,3,239.97,6,Mobile,1
302316,Social Media,29,13117.17,4,4,244.24,5,Desktop,0
302317,Social Media,24,6621.7,4,4,29.45,2,Tablet,0
302318,Search,47,4737.18,14,3,309.6,3,Mobile,0
302319,,21,6329.84,15,2,85.93,0,Desktop,0
302320,Social Media,41,9076.5,12,5,230.26,1,Desktop,0
302321,Display,18,12907.12,10,3,205.25,4,Desktop,1
302322,Referral,44,12309.39,3,3,375.91,3,Desktop,0
302323,Social Media,47,5585.4,13,3,-186.71,0,Mobile,0
302324,Email,52,9576.94,1,1,254.75,4,Mobile,0
302325,Referral,49,11386.18,12,2,400.78,3,Mobile,0
302326,Referral,53,6983.78,5,3,112.33,3,Desktop,0
302327,Social Media,60,6996.64,3,2,99.7,5,Desktop,0
302328,Email,27,9373.72,15,4,238.77,5,Mobile,0
302329,Display,54,8868.94,5,2,288.07,0,Desktop,0
302330,Email,60,10029.83,14,0,107.08,1,Desktop,0
302331,Referral,19,9068.65,7,2,120.53,1,Mobile,0
302332,Social Media,52,9950.83,9,6,194.8,6,Desktop,1
302333,Referral,39,13872.58,14,5,71.6,4,Mobile,0
302334,Display,61,10159.05,1,0,119.3,3,Tablet,0
302335,Search,46,12846.72,11,4,355.88,5,Tablet,0
302336,Email,39,8782.36,10,4,424.86,5,Desktop,0
302337,Email,31,12234.64,7,4,94.85,1,Mobile,0
302338,Email,36,5759.24,15,2,130.36,2,Mobile,0
302339,Display,45,2000.0,2,2,190.57,1,Mobile,1
302340,Social Media,21,4724.89,6,3,136.05,2,Tablet,1
302341,Referral,32,6083.05,15,1,225.93,1,Mobile,0
302342,Social Media,45,5770.56,13,4,135.75,3,Mobile,1
302343,Email,28,6346.67,9,3,36.18,3,Desktop,1
302344,Email,55,9191.34,2,2,147.28,4,Mobile,0
302345,Search,43,7098.47,8,4,110.18,0,Mobile,1
302346,Search,44,14526.61,8,4,284.56,5,Tablet,0
302347,Display,49,6928.9,5,5,135.79,3,Desktop,1
302348,Search,38,3657.97,5,4,239.66,2,Desktop,0
302349,Search,48,7906.09,4,4,166.75,2,Desktop,0
302350,Email,42,14479.56,6,1,194.39,3,Desktop,0
302351,Referral,19,13935.79,13,2,227.07,2,Mobile,0
302352,Social Media,59,13558.67,7,0,223.13,3,Tablet,0
302353,,22,4469.98,6,3,165.5,5,Desktop,0
302354,Referral,42,6221.24,1,1,222.29,0,Desktop,1
302355,Email,35,10824.83,15,2,232.13,5,Desktop,0
302356,,31,10260.1,3,3,257.34,4,Desktop,0
302357,Search,27,7337.06,8,6,414.04,5,Mobile,0
302358,Social Media,36,14620.84,14,5,403.43,0,Mobile,1
302359,Email,49,9604.87,9,2,214.22,3,Desktop,1
302360,Search,59,8945.24,1,1,332.48,2,Desktop,0
302361,Social Media,39,7809.18,11,4,114.32,4,Mobile,1
302362,Email,48,5275.77,9,2,121.68,5,Mobile,0
302363,Search,25,10602.71,9,1,168.09,0,Mobile,0
302364,Display,47,3316.22,3,2,132.31,0,Desktop,0
302365,Social Media,36,10361.94,6,1,182.19,6,Desktop,0
302366,Social Media,60,6986.44,14,8,57.52,3,Mobile,1
302367,Email,26,7526.85,11,3,481.13,4,,0
302368,Email,54,10253.56,1,1,285.34,4,Mobile,0
302369,Email,37,6607.76,7,3,204.13,2,Desktop,1
302370,Referral,29,8872.81,7,0,191.7,0,Desktop,0
302371,Search,44,3198.95,5,2,169.65,5,Mobile,0
302372,Referral,61,6775.96,4,4,139.32,3,Mobile,0
302373,Email,46,12066.86,15,2,467.22,6,Desktop,0
302374,Search,23,10776.91,1,1,215.86,3,Desktop,1
302375,Search,37,,14,2,231.83,3,Desktop,0
302376,Email,37,6471.63,2,2,241.97,6,Mobile,0
302377,Social Media,36,12021.95,13,1,209.71,5,Desktop,0
302378,Display,21,15323.42,15,2,96.41,2,Mobile,0
302379,Social Media,59,12046.84,1,1,-161.05,1,Mobile,0
302380,Search,62,7564.48,2,2,83.22,4,Mobile,0
302381,Email,36,10255.02,5,4,196.2,0,Desktop,0
302382,Email,40,7805.3,2,2,278.29,5,Mobile,0
302383,Referral,45,10352.83,11,5,258.42,1,Desktop,1
302384,Referral,30,4746.71,13,4,72.55,2,Mobile,0
302385,Search,52,8802.57,4,4,104.66,0,Tablet,1
302386,Referral,61,9162.32,8,2,104.06,4,Mobile,0
302387,Email,21,12320.62,12,3,55.36,3,Desktop,1
302388,Display,36,9609.37,14,4,247.14,5,Mobile,1
302389,Search,47,2000.0,10,3,217.88,4,Tablet,0
302390,Social Media,38,9451.42,10,6,226.62,2,Mobile,0
302391,Search,48,6887.22,9,6,411.18,4,Desktop,1
302392,Referral,45,7668.75,7,5,91.9,1,Desktop,1
302393,Search,27,9415.13,12,5,192.71,2,Desktop,0
302394,Referral,38,9790.12,12,2,180.02,2,Mobile,0
302395,Social Media,48,13970.17,15,5,221.54,4,Mobile,0
302396,Email,25,10808.43,15,2,36.28,5,Tablet,0
302397,Email,25,12700.08,4,3,101.1,0,Desktop,0
302398,Search,34,4698.05,9,5,409.81,0,Desktop,0
302399,Email,41,8917.09,10,4,319.34,2,Mobile,0
302400,Email,42,10283.57,14,1,91.39,0,Mobile,0
302401,Social Media,31,13725.25,13,4,97.34,5,Desktop,0
302402,Referral,65,8606.33,14,3,318.57,4,Mobile,1
302403,Social Media,46,8322.66,1,1,253.67,5,Tablet,0
302404,Display,39,7256.97,4,3,24.85,5,Mobile,1
302405,Search,18,10496.45,11,2,117.82,0,Mobile,0
302406,Email,36,13482.27,13,3,176.66,1,Desktop,0
302407,Email,19,12247.78,1,1,137.67,1,Desktop,0
302408,Email,54,10699.53,15,4,182.43,4,Desktop,1
302409,Search,29,6153.4,7,2,71.18,5,Desktop,0
302410,Email,62,6558.37,8,2,236.8,5,Mobile,0
302411,Email,27,6743.67,6,1,117.85,2,Desktop,1
302412,Referral,24,10286.74,7,0,285.0,5,Tablet,0
302413,Search,30,8412.06,2,2,166.55,5,Mobile,0
302414,Referral,27,14839.99,4,2,188.31,0,Mobile,1
302415,,62,9121.86,15,6,118.99,4,Desktop,1
302416,Search,23,6329.87,6,4,27.12,2,Tablet,1
302417,Email,30,6887.83,2,2,221.0,2,Mobile,0
302418,Search,47,4993.11,4,1,437.89,6,Desktop,1
302419,Display,36,11480.9,2,2,109.2,5,Mobile,0
302420,Search,63,10596.87,10,3,160.35,0,Tablet,0
302421,Social Media,36,6961.65,4,4,186.71,6,Mobile,0
302422,Social Media,24,7892.32,10,4,132.54,1,Mobile,0
302423,Social Media,27,9564.75,11,2,268.53,1,Desktop,0
302424,Referral,52,10240.07,10,1,148.57,3,Mobile,0
302425,Social Media,20,7871.99,2,2,220.28,4,Mobile,0
302426,Referral,38,5996.92,12,1,197.28,1,Mobile,0
302427,Social Media,29,8960.69,11,1,69.8,5,Desktop,0
302428,Referral,40,11135.31,15,2,305.3,1,Desktop,0
302429,Referral,46,5290.78,2,1,155.05,6,Tablet,0
302430,Email,58,12222.46,5,1,66.29,4,Mobile,0
302431,Social Media,63,9452.58,12,3,113.7,0,Desktop,0
302432,Email,21,10321.58,10,3,257.71,2,Tablet,1
302433,Referral,18,7397.17,12,2,319.91,4,Mobile,0
302434,Display,24,9517.56,14,3,355.16,4,Mobile,1
302435,Display,21,9227.97,14,5,156.96,1,Mobile,1
302436,Display,27,17298.05,13,1,278.09,2,Mobile,0
302437,Referral,43,11013.52,6,2,117.17,3,Desktop,0
302438,Social Media,24,12020.1,3,2,386.65,4,Mobile,0
302439,Search,59,11681.27,15,3,368.65,1,Mobile,0
302440,Email,39,10891.54,14,4,400.36,5,Mobile,0
302441,Search,20,8889.07,3,3,408.9,3,Mobile,0
302442,Search,46,6873.18,3,2,102.14,3,Mobile,0
302443,Social Media,55,4802.01,13,5,300.38,1,Mobile,0
302444,Social Media,24,7774.17,2,2,343.09,6,Mobile,1
302445,Search,36,8999.28,12,3,89.35,4,Tablet,1
302446,Social Media,28,7494.76,11,1,426.05,2,Desktop,1
302447,Social Media,19,13547.33,6,4,288.57,4,Mobile,0
302448,Social Media,18,10771.19,9,2,63.9,2,Desktop,0
302449,Search,20,10236.3,4,3,437.62,1,Desktop,1
302450,Referral,50,10183.08,13,2,340.17,3,Desktop,0
302451,Email,59,4792.03,15,1,93.34,2,Desktop,0
302452,Email,57,6768.55,1,0,410.14,2,Tablet,0
302453,Referral,64,7939.06,2,2,121.16,6,Mobile,0
302454,Display,37,10574.85,12,4,103.62,1,Mobile,0
302455,Search,65,4773.02,8,1,55.41,2,,0
302456,Social Media,65,8877.95,3,3,239.79,6,Desktop,0
302457,Email,32,8591.62,6,5,195.32,1,Mobile,1
302458,Search,64,13612.63,7,2,118.73,4,Tablet,0
302459,Social Media,37,2000.0,14,1,163.23,3,Mobile,0
302460,Referral,46,5731.48,3,3,136.88,5,Mobile,0
302461,Display,20,7980.21,12,4,172.93,2,Mobile,0
302462,Referral,22,7522.03,14,1,149.14,5,Mobile,0
302463,Email,48,12205.96,11,1,347.67,5,Mobile,0
302464,Email,61,8642.33,6,3,70.13,1,Mobile,0
302465,Social Media,32,10548.57,3,3,93.56,5,Mobile,0
302466,Email,37,6332.64,6,5,211.91,4,Desktop,0
302467,Social Media,42,,6,4,371.25,6,Desktop,1
302468,Social Media,43,13768.14,5,2,132.26,3,Desktop,0
302469,Search,24,6650.43,15,4,358.0,4,Mobile,0
302470,Email,18,9173.29,6,0,197.61,2,Desktop,0
302471,Referral,27,11546.6,11,0,145.77,6,Desktop,0
302472,Display,51,7083.93,7,2,201.06,6,Desktop,0
302473,Search,28,5739.59,14,5,266.9,5,Mobile,0
302474,Display,29,6656.17,1,1,123.79,0,Mobile,0
302475,Social Media,31,11696.92,11,2,331.4,2,Desktop,0
302476,Search,52,4788.57,10,7,113.25,3,Desktop,0
302477,Referral,27,4711.64,9,7,113.47,0,Mobile,1
302478,Email,22,3158.77,15,4,54.27,2,Mobile,0
302479,Referral,46,10480.55,15,3,393.67,2,Mobile,1
302480,Email,19,9683.06,6,4,234.44,5,Desktop,0
302481,Display,38,3217.69,6,3,79.91,5,Desktop,0
302482,Email,19,9427.87,7,3,238.3,0,Mobile,0
302483,Email,57,5194.2,15,1,69.25,1,Mobile,0
302484,Email,55,11661.79,15,4,85.37,0,Mobile,0
302485,Search,27,10103.61,8,5,56.06,3,Desktop,0
302486,Search,-5,10097.64,8,0,212.58,3,Mobile,0
302487,Social Media,59,10530.94,13,5,50.45,1,Desktop,1
302488,Social Media,47,6861.98,3,3,176.09,1,Mobile,0
302489,Social Media,26,6600.32,4,4,147.88,3,Desktop,0
302490,Social Media,33,10038.34,11,1,332.39,5,Mobile,0
302491,Social Media,44,12755.07,5,2,136.56,5,Desktop,1
302492,Email,38,9066.72,11,3,361.53,1,Mobile,0
302493,Social Media,39,9053.83,1,1,90.14,2,Mobile,1
302494,Search,40,4316.09,14,2,-26.59,4,Tablet,0
302495,Email,23,8794.87,10,2,224.49,6,Mobile,0
302496,Social Media,30,5822.08,3,3,335.45,4,Mobile,0
302497,Social Media,45,8029.97,13,3,138.26,1,Mobile,0
302498,Referral,30,5614.41,13,3,105.01,3,Mobile,0
302499,Social Media,52,8389.44,15,3,263.23,1,Tablet,1
302500,Search,64,9267.43,1,1,241.99,5,Mobile,0
302501,Display,25,9849.13,10,3,128.06,3,Desktop,0
302502,Referral,19,9507.9,10,7,445.83,0,Mobile,1
302503,Social Media,27,11793.98,1,1,166.02,4,Desktop,1
302504,Referral,52,8080.77,3,1,128.45,1,Mobile,1
302505,Display,21,6352.52,5,0,301.64,1,Mobile,0
302506,Display,49,7627.26,11,0,212.68,4,Tablet,0
302507,Email,30,9707.6,13,6,251.51,1,Mobile,0
302508,Referral,20,7836.22,4,1,467.24,3,Mobile,0
302509,Search,52,7242.23,10,1,214.57,5,Mobile,0
302510,Email,60,14890.08,12,5,170.34,2,Desktop,0
302511,Email,64,8144.77,10,4,152.8,6,Mobile,1
302512,Social Media,40,5674.34,11,4,147.92,4,Mobile,0
302513,Social Media,54,8117.18,3,3,185.1,3,Desktop,0
302514,Email,24,10545.69,15,1,157.29,3,Mobile,0
302515,Display,56,8438.15,11,3,22.16,0,Mobile,0
302516,Email,23,2000.0,13,2,150.05,3,Desktop,0
302517,Display,60,6433.21,14,4,196.46,4,Desktop,0
302518,Email,49,12418.2,7,5,116.23,4,Mobile,1
302519,Referral,63,2000.0,4,4,52.71,4,Mobile,0
302520,Referral,40,9443.4,5,0,311.34,2,Desktop,0
302521,Referral,50,7593.29,2,1,200.49,3,Desktop,0
302522,,29,13455.69,10,4,68.59,3,Mobile,1
302523,Social Media,47,5326.08,4,3,195.36,2,Mobile,1
302524,Social Media,37,8922.62,2,2,186.05,1,Mobile,0
302525,Referral,61,5794.17,15,6,208.49,4,Desktop,0
302526,Email,28,5920.34,3,1,281.84,6,Mobile,1
302527,Social Media,33,10457.92,1,1,137.34,6,Mobile,0
302528,Referral,34,10872.56,11,2,234.66,4,Mobile,0
302529,Display,50,10459.82,7,1,149.26,1,Desktop,0
302530,Social Media,22,6707.34,12,3,137.61,2,Mobile,0
302531,Search,23,6772.12,9,3,326.96,5,Desktop,0
302532,Search,19,9107.63,6,2,181.53,3,Mobile,0
302533,Referral,62,8766.62,15,1,66.43,2,Mobile,0
302534,Social Media,36,10631.75,10,4,242.81,0,Mobile,0
302535,Email,31,6891.52,9,1,260.65,6,Mobile,0
302536,Social Media,63,5862.88,5,0,93.89,6,Mobile,1
302537,Referral,19,9798.92,5,5,99.93,6,Mobile,1
302538,Social Media,51,6673.09,8,4,90.07,6,Mobile,0
302539,Email,35,11716.74,7,1,244.43,0,Mobile,0
302540,,40,10471.05,10,2,242.36,6,Mobile,1
302541,Referral,37,7590.68,6,5,278.82,1,Desktop,1
302542,Display,45,6660.45,15,6,87.61,4,Mobile,1
302543,Search,45,3507.2,14,0,176.59,1,Tablet,0
302544,Email,48,8881.33,6,2,245.14,5,Desktop,0
302545,Referral,45,11228.69,10,6,212.61,2,Desktop,0
302546,Referral,25,11216.03,7,1,71.59,3,Desktop,1
302547,Referral,40,11798.55,14,1,250.23,6,Mobile,0
302548,Display,26,12120.98,6,3,241.72,0,Desktop,0
302549,Referral,40,13625.83,11,2,94.31,5,Mobile,1
302550,Display,21,10183.11,5,4,530.91,4,Mobile,0
302551,Search,30,9376.15,7,4,223.27,5,Mobile,0
302552,Referral,35,7043.95,12,5,212.6,1,Mobile,0
302553,Referral,43,8155.28,10,3,518.17,4,Mobile,0
302554,Referral,34,2075.19,12,4,125.04,6,Mobile,0
302555,Social Media,21,8013.05,9,3,183.5,2,Mobile,0
302556,Social Media,30,7473.39,11,2,116.74,4,Mobile,0
302557,Social Media,30,6922.44,13,3,133.75,6,Mobile,0
302558,Referral,43,2054.33,1,1,294.39,6,Mobile,0
302559,Social Media,56,7973.46,11,2,203.49,6,Mobile,0
302560,Social Media,36,2000.0,14,4,279.76,0,Desktop,1
302561,Search,44,11585.84,12,2,79.44,0,Mobile,1
302562,Referral,60,10113.74,4,2,181.01,6,Desktop,0
302563,Search,23,9381.96,2,1,119.59,1,Tablet,0
302564,Search,48,6404.65,13,6,216.83,5,Mobile,1
302565,Social Media,49,7741.33,15,1,131.92,3,Desktop,0
302566,Referral,44,9183.49,9,2,302.68,3,Mobile,0
302567,Email,41,12075.77,13,8,238.97,6,Tablet,1
302568,Social Media,60,6084.0,9,6,43.63,4,Mobile,0
302569,Social Media,26,7489.36,11,4,28.08,2,Mobile,0
302570,Display,65,9641.71,1,1,278.19,6,Desktop,1
302571,Email,40,7445.16,5,2,209.36,0,Desktop,0
302572,Email,56,12341.0,10,2,44.1,5,Tablet,0
302573,Search,61,11279.74,15,3,183.87,2,Mobile,0
302574,Display,62,8563.43,3,3,163.4,0,Mobile,0
302575,Social Media,46,12422.49,13,1,269.93,6,Mobile,0
302576,Referral,36,3713.96,11,6,37.25,2,Desktop,0
302577,Search,34,14893.09,13,7,211.31,6,Tablet,0
302578,Referral,26,11429.15,9,4,294.95,5,Desktop,0
302579,Email,54,14797.89,14,5,224.52,2,Mobile,0
302580,Email,54,9304.39,13,3,724.85,5,Desktop,0
302581,Email,19,8534.47,2,2,135.88,3,Desktop,0
302582,Search,18,10001.36,5,2,27.23,1,Tablet,0
302583,Email,36,8514.68,9,3,215.55,6,Mobile,0
302584,Social Media,52,11358.51,12,3,145.98,2,Desktop,1
302585,Search,41,5703.97,9,2,88.7,5,Mobile,0
302586,Search,49,8471.76,14,3,383.96,1,Mobile,1
302587,Referral,32,9873.99,6,3,267.91,2,Tablet,0
302588,Social Media,22,6341.74,8,3,101.94,4,Desktop,0
302589,Display,26,2000.0,13,4,314.45,5,Mobile,0
302590,Display,40,11589.99,1,1,340.28,0,Desktop,0
302591,Social Media,57,7078.41,4,3,282.35,4,Desktop,0
302592,Search,22,12587.96,7,2,347.53,3,Mobile,0
302593,Display,43,6255.85,5,5,110.47,4,Mobile,1
302594,Referral,44,13620.04,1,1,294.77,2,Mobile,0
302595,Display,35,7165.78,4,1,59.55,4,Desktop,0
302596,Search,38,8374.62,9,0,348.66,6,Mobile,0
302597,Social Media,48,5162.0,3,3,329.33,2,Mobile,0
302598,Referral,30,8647.63,6,4,182.49,0,Mobile,0
302599,Search,44,12349.66,10,4,162.27,1,Desktop,0
302600,Referral,53,6850.98,15,2,107.75,1,Mobile,0
302601,Search,62,14204.09,9,1,175.96,3,Mobile,0
302602,Social Media,58,10439.99,1,1,179.39,4,Mobile,0
302603,Search,43,8760.07,5,3,-101.55,4,,0
302604,Social Media,60,11732.57,6,5,278.26,4,Mobile,1
302605,Social Media,39,5894.44,5,0,362.34,4,Mobile,0
302606,Referral,49,11452.83,12,6,83.73,0,Mobile,1
302607,Email,23,5658.46,2,2,430.73,1,Mobile,0
302608,Search,64,15028.32,15,7,101.08,3,Desktop,0
302609,Email,38,7074.25,11,1,233.76,0,Mobile,1
302610,Display,31,10386.92,5,1,63.94,0,Desktop,0
302611,Email,34,8100.89,3,3,145.1,0,Mobile,0
302612,Referral,40,11030.17,3,2,42.99,6,Mobile,0
302613,Email,32,4785.22,10,3,229.1,5,Mobile,0
302614,Email,24,5895.77,13,3,100.68,2,Desktop,0
302615,Email,56,7800.63,3,2,177.72,3,Mobile,0
302616,Social Media,55,12346.07,13,1,337.95,5,Mobile,1
302617,Search,61,9463.44,15,2,30.15,3,Mobile,0
302618,Social Media,22,11609.11,7,3,267.06,0,Desktop,0
302619,Referral,19,13906.44,8,3,381.05,1,Mobile,0
302620,Email,18,10666.72,9,3,410.44,0,Mobile,0
302621,Social Media,48,10015.06,15,1,126.91,6,Mobile,0
302622,Search,39,5012.72,4,1,116.53,0,Tablet,0
302623,Search,28,7771.98,13,6,88.5,5,Mobile,0
302624,Social Media,49,7951.59,9,1,166.94,4,Mobile,0
302625,Search,60,9926.66,1,1,223.56,5,Desktop,0
302626,Social Media,19,7344.3,13,3,107.72,0,Desktop,0
302627,Referral,61,10867.22,7,2,116.28,5,Mobile,0
302628,Display,45,10638.7,10,2,157.81,5,Mobile,0
302629,Email,61,12676.1,14,3,183.54,5,Mobile,0
302630,Search,53,6513.76,9,3,336.22,3,Desktop,0
302631,Search,21,14302.91,3,2,338.59,3,Mobile,0
302632,Social Media,49,6304.83,12,4,358.36,5,Mobile,0
302633,Display,25,9882.15,2,2,83.36,6,Tablet,0
302634,Social Media,35,5498.1,14,2,448.01,6,Mobile,0
302635,Social Media,28,6559.76,10,3,49.89,2,Mobile,0
302636,Social Media,60,8797.13,1,1,90.93,3,Mobile,0
302637,Social Media,37,12617.1,9,3,147.17,5,Mobile,0
302638,Social Media,40,8197.81,9,1,401.04,2,Desktop,0
302639,Search,18,11343.24,5,3,389.32,2,Desktop,1
302640,Referral,37,9085.74,10,4,150.97,4,Mobile,0
302641,Search,50,6271.78,7,3,213.5,3,Mobile,0
302642,Referral,20,8680.89,13,3,171.82,5,Desktop,1
302643,Email,43,2850.28,7,2,144.53,3,Mobile,1
302644,Search,18,5764.83,15,3,406.14,4,Mobile,0
302645,Search,58,11991.14,13,3,142.03,3,Desktop,0
302646,Email,29,13304.67,6,1,94.16,5,Desktop,0
302647,Display,25,11931.51,7,2,32.7,0,Desktop,0
302648,Social Media,59,5270.49,8,2,256.64,2,Mobile,0
302649,Referral,42,6240.28,10,4,170.68,2,Desktop,0
302650,Social Media,25,7120.08,7,2,275.06,3,Desktop,0
302651,Email,35,4999.66,2,1,207.77,6,Desktop,0
302652,Social Media,43,4997.33,13,4,146.74,0,Mobile,0
302653,Search,27,7081.85,8,7,582.94,0,Tablet,0
302654,Social Media,37,6275.91,4,4,277.17,5,Tablet,0
302655,Referral,57,8298.14,3,3,103.98,0,Desktop,0
302656,Referral,46,8010.89,5,4,164.92,4,Desktop,0
302657,Social Media,55,9608.66,1,1,302.53,0,Mobile,0
302658,Referral,60,7100.91,8,4,86.01,5,Tablet,1
302659,Search,24,8948.54,5,1,23.29,3,Mobile,0
302660,Referral,43,7990.69,13,3,332.95,4,Mobile,0
302661,Referral,46,6068.32,12,3,392.57,1,Desktop,1
302662,Email,51,8432.01,1,1,81.9,0,Desktop,0
302663,Social Media,45,15780.23,14,4,485.82,3,Desktop,1
302664,Social Media,42,8966.6,6,3,95.18,3,Mobile,0
302665,Email,52,10985.94,1,1,131.29,1,Desktop,0
302666,Social Media,60,9482.84,4,3,86.93,6,Desktop,0
302667,Social Media,58,5707.19,3,2,155.31,3,Mobile,0
302668,Email,21,14127.81,4,4,162.73,0,Mobile,0
302669,Social Media,48,7911.1,15,5,130.86,0,Desktop,0
302670,Search,62,11110.06,3,2,187.89,6,Mobile,0
302671,Referral,21,10115.48,4,4,2.87,2,Desktop,1
302672,Referral,37,6275.1,2,2,469.14,1,Tablet,0
302673,Referral,36,8877.97,12,2,252.54,3,Desktop,0
302674,Email,25,16773.57,2,0,234.34,2,Mobile,0
302675,Email,31,5813.34,9,2,151.01,2,Mobile,0
302676,Referral,42,7955.93,10,4,256.51,4,Desktop,0
302677,Referral,38,15132.16,2,2,110.12,2,Desktop,0
302678,Display,40,5360.0,10,3,-149.15,6,Mobile,0
302679,Social Media,23,10661.06,13,3,294.65,1,Mobile,0
302680,Email,41,3703.63,8,3,110.36,2,Mobile,0
302681,Search,22,10885.41,15,1,306.92,4,Tablet,0
302682,Social Media,28,11604.03,15,2,488.49,4,Desktop,0
302683,Referral,21,13784.66,2,2,305.09,4,Mobile,0
302684,Social Media,58,8800.04,12,1,273.46,6,Mobile,0
302685,Social Media,62,5991.28,12,3,188.16,4,Desktop,0
302686,Search,48,4909.2,12,7,154.52,6,Mobile,0
302687,Social Media,54,7354.14,7,2,58.8,5,Mobile,0
302688,Search,47,6384.31,1,1,52.63,5,Mobile,1
302689,Referral,53,5844.82,15,4,105.79,6,Mobile,0
302690,Search,36,4379.77,2,2,183.43,5,Mobile,0
302691,Email,22,6831.93,10,4,116.7,2,Desktop,1
302692,Social Media,63,11656.21,14,6,238.3,4,Mobile,1
302693,Social Media,59,13460.57,7,7,188.45,2,Desktop,1
302694,Search,43,6555.52,15,4,270.22,4,Desktop,1
302695,Social Media,21,8432.7,14,7,142.82,6,Mobile,1
302696,Referral,43,7712.23,9,3,69.79,0,Desktop,0
302697,Search,57,3694.92,3,2,352.27,4,Mobile,0
302698,Referral,61,9535.49,15,2,197.38,3,Mobile,0
302699,Referral,40,6731.92,5,2,89.58,2,Mobile,1
302700,Referral,52,8535.32,2,2,28.15,6,Desktop,1
302701,Referral,44,6141.93,12,3,223.28,1,Desktop,0
302702,Email,59,4171.85,11,5,271.43,2,Desktop,0
302703,Search,38,5399.44,3,1,262.86,1,Mobile,0
302704,Display,51,7885.08,5,4,117.45,6,Desktop,0
302705,Email,47,10842.62,7,4,98.91,4,Tablet,0
302706,Search,28,10759.1,9,6,285.53,4,Mobile,0
302707,Email,35,2000.0,15,5,31.38,5,Mobile,0
302708,Referral,62,2107.13,12,2,152.57,6,Mobile,0
302709,Search,18,7348.97,13,3,384.23,6,Desktop,0
302710,Email,42,8205.28,4,0,165.64,0,Desktop,0
302711,Social Media,48,9732.16,1,1,126.89,4,Mobile,0
302712,Social Media,0,11856.95,13,0,205.14,6,Mobile,0
302713,Referral,36,5095.14,5,4,390.8,5,Mobile,0
302714,Search,62,18570.06,1,1,48.97,5,Mobile,0
302715,Social Media,29,11202.56,3,3,284.21,5,Desktop,0
302716,Email,58,9482.07,12,1,57.74,6,Desktop,1
302717,Referral,32,5806.74,10,2,159.59,3,Mobile,0
302718,Referral,47,4314.12,5,1,128.46,2,Mobile,0
302719,Social Media,18,7840.87,8,1,252.04,4,Desktop,0
302720,Search,40,9693.86,1,1,319.42,0,Desktop,0
302721,Display,60,7231.22,2,2,148.27,2,Desktop,0
302722,Referral,36,3454.39,2,0,239.69,5,Mobile,0
302723,Display,51,5396.2,5,3,335.71,0,Mobile,1
302724,Email,42,8020.04,10,1,138.06,5,Mobile,0
302725,Search,32,5923.65,6,2,159.85,2,Mobile,0
302726,Social Media,19,7315.24,12,4,185.98,0,Mobile,0
302727,Search,27,2872.87,3,3,127.83,2,Mobile,1
302728,Search,27,12234.49,1,1,137.18,4,Mobile,0
302729,Email,54,5106.83,8,6,621.47,2,Desktop,0
302730,Social Media,19,8564.84,13,3,363.09,5,Mobile,0
302731,Social Media,41,6621.99,2,2,47.11,5,Desktop,0
302732,Search,31,2249.04,14,2,181.0,4,Mobile,0
302733,Email,57,11273.5,7,3,173.3,2,Desktop,0
302734,Email,64,9568.16,8,3,278.11,0,Desktop,0
302735,Email,21,7661.29,5,1,59.26,0,Desktop,0
302736,Display,37,12900.12,13,1,533.93,4,Mobile,0
302737,Email,47,7651.36,12,1,398.12,0,Desktop,0
302738,Referral,22,5588.17,9,4,50.78,6,Mobile,1
302739,Referral,28,11663.23,14,4,105.67,4,Mobile,0
302740,Search,56,5310.79,8,3,327.06,5,Mobile,0
302741,Search,52,4857.71,14,3,79.26,3,Desktop,0
302742,Social Media,59,11024.87,2,2,377.34,6,Tablet,0
302743,Referral,40,11359.16,15,4,127.04,0,Mobile,0
302744,Email,18,9209.84,1,1,101.22,2,Mobile,0
302745,Display,38,4321.14,1,1,211.19,3,Tablet,0
302746,Email,49,8456.2,12,7,115.9,3,Mobile,0
302747,Search,65,11859.19,2,2,177.35,1,Mobile,0
302748,Referral,26,6545.34,13,3,211.52,1,Mobile,0
302749,Display,32,5253.47,7,3,314.72,3,Mobile,0
302750,Social Media,34,8541.13,11,2,310.73,4,Desktop,1
302751,Social Media,38,8219.97,14,0,167.71,6,Desktop,0
302752,Search,54,8276.26,12,4,59.67,5,Desktop,1
302753,Search,61,6681.47,9,5,154.36,2,Desktop,1
302754,Social Media,63,4945.3,13,2,132.88,5,Mobile,1
302755,Email,32,5870.9,8,2,149.35,3,Desktop,0
302756,Social Media,62,4544.32,15,3,690.75,1,Mobile,0
302757,Search,57,8528.59,1,1,261.61,2,Mobile,0
302758,Search,22,8255.61,8,0,214.27,0,Mobile,1
302759,Search,52,9343.27,12,3,114.47,1,Mobile,0
302760,Email,25,6709.03,13,5,143.47,3,Desktop,1
302761,Social Media,62,13641.17,12,2,132.03,2,Tablet,0
302762,Email,22,7442.69,4,2,317.13,4,Mobile,0
302763,Referral,52,12922.01,8,2,224.87,1,Mobile,0
302764,Referral,35,2000.0,10,0,331.26,4,Mobile,0
302765,Referral,47,,8,2,303.46,3,Mobile,0
302766,Social Media,28,12181.18,1,1,131.1,0,Tablet,0
302767,Referral,49,11280.58,11,1,109.53,2,Desktop,0
302768,Search,19,2000.0,6,3,378.51,3,Mobile,0
302769,Social Media,35,4865.11,2,2,190.27,6,Mobile,1
302770,Social Media,62,9464.1,15,2,107.64,3,Desktop,0
302771,Search,25,7851.68,2,2,344.78,2,Desktop,1
302772,Display,45,9189.84,12,2,208.45,6,Mobile,0
302773,Email,35,6467.77,8,3,210.43,1,Desktop,0
302774,Social Media,37,7193.11,5,1,99.59,6,Mobile,0
302775,Referral,0,6749.15,4,3,187.65,3,Mobile,0
302776,Social Media,41,7005.24,2,2,349.38,0,Mobile,0
302777,Referral,40,5904.36,9,1,122.28,2,Mobile,1
302778,Search,59,13013.69,11,1,122.37,3,Desktop,0
302779,Referral,21,9675.68,1,1,89.43,6,Desktop,0
302780,Referral,21,7956.2,1,1,74.68,4,Tablet,0
302781,Social Media,21,3838.9,14,4,524.93,2,Desktop,0
302782,Referral,44,12786.37,1,1,169.46,2,Tablet,0
302783,Email,36,6972.64,15,3,330.54,2,Desktop,0
302784,Display,31,9274.71,12,0,252.92,1,Mobile,0
302785,Referral,25,8230.4,3,1,200.21,0,Mobile,0
302786,Email,32,5804.91,2,2,165.2,3,Mobile,1
302787,Referral,49,7641.48,5,1,55.84,5,Mobile,0
302788,Display,61,13187.51,1,1,106.4,3,Mobile,0
302789,Search,25,10848.87,8,5,119.32,1,Tablet,0
302790,Search,54,9349.1,5,4,296.47,3,Mobile,1
302791,Referral,54,3769.42,7,4,166.42,1,Mobile,0
302792,Referral,59,2374.17,8,3,126.66,1,Mobile,0
302793,Social Media,59,7133.91,4,2,105.65,5,Mobile,0
302794,Social Media,63,8811.99,8,5,308.11,4,Mobile,0
302795,Social Media,35,6619.22,2,2,414.91,5,Tablet,0
302796,Email,25,8044.23,9,0,124.99,6,Mobile,0
302797,Social Media,42,8838.6,6,2,252.56,6,Tablet,0
302798,Email,48,9548.52,9,0,286.12,1,Mobile,0
302799,Social Media,61,3666.53,7,1,79.21,4,Mobile,0
302800,Social Media,36,12538.91,11,2,288.09,5,Desktop,0
302801,Social Media,64,9838.41,11,6,147.15,5,Tablet,0
302802,Social Media,34,5346.31,9,5,297.57,5,Mobile,0
302803,Referral,55,5495.19,13,5,142.11,3,Desktop,1
302804,Display,60,8070.0,9,2,130.3,3,Mobile,0
302805,Referral,29,7578.95,12,4,45.41,4,Mobile,0
302806,Display,34,12952.57,3,2,55.67,4,Desktop,0
302807,Referral,52,10952.95,3,3,171.81,2,Tablet,0
302808,Display,58,11548.68,7,2,245.06,5,Desktop,0
302809,Search,60,8993.5,5,1,56.12,3,Mobile,0
302810,Social Media,38,5274.85,8,2,122.07,4,Desktop,0
302811,Social Media,22,14471.44,2,2,381.34,0,Mobile,0
302812,Email,37,11198.18,12,2,136.12,5,Mobile,1
302813,Email,48,6134.79,8,4,249.06,1,Mobile,1
302814,Referral,30,7579.95,6,3,274.3,6,Mobile,0
302815,Referral,63,9815.49,8,4,149.37,2,Mobile,1
302816,Search,65,9838.19,4,4,294.1,2,Mobile,1
302817,Referral,62,2716.82,5,4,79.93,3,Mobile,0
302818,Social Media,55,5611.5,1,1,185.0,5,Mobile,1
302819,Social Media,57,5273.2,13,6,123.73,3,Mobile,0
302820,Email,20,9229.8,1,1,149.9,0,Desktop,0
302821,Social Media,30,11983.29,11,4,107.28,0,Mobile,0
302822,Social Media,46,9183.66,14,0,47.09,2,Mobile,0
302823,Social Media,24,7458.35,13,5,159.5,2,Desktop,0
302824,Social Media,50,6217.43,15,2,235.1,1,Mobile,0
302825,Search,20,10172.28,11,1,426.85,0,Desktop,0
302826,Email,48,10408.53,14,5,144.99,3,Mobile,0
302827,Email,34,7776.27,8,4,135.15,5,Mobile,0
302828,Display,45,3230.39,6,0,101.09,1,Mobile,0
302829,Display,21,12126.31,11,3,62.54,4,Tablet,0
302830,Search,29,7923.18,9,6,457.41,1,Tablet,0
302831,Social Media,34,13191.26,4,3,240.46,0,Mobile,0
302832,Email,45,4129.89,14,4,132.84,5,Mobile,0
302833,Referral,-5,4020.04,14,1,137.98,0,Desktop,0
302834,Social Media,24,7054.19,8,1,64.96,5,Desktop,0
302835,Display,53,7398.88,4,2,116.58,2,Desktop,0
302836,Search,48,7495.68,5,4,450.35,1,Mobile,1
302837,Social Media,120,9778.23,8,3,87.65,0,Mobile,1
302838,Email,25,3777.33,13,2,14.87,2,Desktop,1
302839,Search,65,8627.69,7,2,146.45,0,Mobile,0
302840,Search,57,9004.57,14,4,173.82,0,Desktop,0
302841,Social Media,38,6497.45,3,3,116.46,3,Desktop,0
302842,Email,52,8239.82,1,1,161.59,5,Mobile,0
302843,Search,33,10235.53,2,0,72.19,1,Desktop,0
302844,Email,41,4245.24,4,0,105.82,1,Mobile,0
302845,,63,3473.96,5,3,270.21,5,Desktop,0
302846,Referral,43,7067.45,4,2,334.96,2,Mobile,0
302847,Email,27,6886.9,6,2,47.83,0,Mobile,0
302848,Email,38,7268.17,13,6,226.04,0,Mobile,0
302849,Display,56,7341.83,4,4,135.85,0,Mobile,0
302850,Referral,19,11440.42,14,0,327.37,5,Tablet,0
302851,Social Media,19,4341.33,3,2,260.11,4,Mobile,0
302852,Email,55,6808.87,1,1,421.9,6,Mobile,0
302853,Social Media,22,2000.0,2,2,111.59,4,Mobile,0
302854,Email,36,10190.87,14,1,112.95,4,Mobile,0
302855,Search,33,10123.62,6,3,172.85,4,Mobile,0
302856,Search,20,7514.32,4,3,186.4,0,Desktop,0
302857,Referral,47,10832.73,3,3,96.38,2,Mobile,0
302858,Search,53,9956.77,2,0,86.26,1,,0
302859,Social Media,58,4993.68,12,2,255.35,4,Desktop,0
302860,Social Media,42,9184.2,8,2,66.23,1,Mobile,0
302861,Search,25,10023.42,1,1,175.6,3,Tablet,0
302862,Email,60,6924.31,1,0,457.04,2,Desktop,1
302863,,31,9390.63,6,0,215.86,0,Mobile,0
302864,Email,31,13953.53,10,6,96.0,5,Mobile,0
302865,Social Media,51,10700.6,13,1,201.72,6,Desktop,0
302866,Social Media,27,11027.61,12,4,322.91,2,Mobile,1
302867,Display,65,7616.4,14,3,332.2,5,Desktop,0
302868,Search,45,13836.47,11,4,119.64,6,Mobile,0
302869,Social Media,39,11528.14,4,1,56.93,3,Mobile,1
302870,Email,-5,12385.09,12,8,60.32,2,Tablet,0
302871,Search,18,4268.44,4,4,122.59,4,Desktop,1
302872,Referral,45,3160.03,6,1,213.51,6,Desktop,0
302873,Search,58,3447.43,10,3,276.83,6,Desktop,0
302874,Referral,29,8294.45,2,0,103.05,5,Mobile,0
302875,Referral,28,5403.9,9,4,129.41,0,Tablet,1
302876,Email,43,10395.21,8,4,29.63,4,Desktop,1
302877,Search,58,12243.21,15,2,90.42,2,Mobile,0
302878,Display,25,9321.57,12,4,268.87,3,Desktop,0
302879,Social Media,25,9899.27,12,1,121.07,4,Mobile,0
302880,Social Media,29,5240.18,7,3,129.56,4,Mobile,0
302881,Search,45,7231.51,3,1,176.68,1,Mobile,0
302882,Display,34,12992.45,10,3,362.07,0,Desktop,0
302883,Referral,37,4041.97,10,4,285.14,1,Desktop,1
302884,Email,31,6040.15,5,5,196.09,2,Desktop,0
302885,Search,18,8295.5,1,1,289.79,1,Tablet,0
302886,Search,50,5877.08,13,3,41.37,3,Desktop,0
302887,Social Media,50,4873.04,13,8,146.87,5,Desktop,0
302888,Display,45,10386.14,6,1,158.58,2,Mobile,0
302889,Social Media,27,6508.49,1,1,205.66,0,Desktop,0
302890,Email,41,4976.3,5,2,153.17,3,Mobile,0
302891,Email,63,4433.51,2,2,339.33,3,Mobile,0
302892,Social Media,41,11021.44,15,1,214.4,6,Tablet,0
302893,Email,41,9669.1,2,2,146.44,1,Desktop,0
302894,Display,56,5031.68,12,3,145.41,0,Mobile,0
302895,Social Media,44,2869.71,11,5,56.44,5,Mobile,1
302896,Email,26,2000.0,6,3,228.43,6,Mobile,0
302897,Display,30,9157.07,15,2,7.1,6,Desktop,0
302898,Email,57,11174.22,13,3,390.45,1,Mobile,0
302899,Email,39,,15,2,43.84,5,Desktop,0
302900,Referral,24,7899.37,4,4,112.18,3,Mobile,0
302901,Search,44,10139.53,7,4,383.34,3,Mobile,0
302902,Referral,51,10836.19,10,3,297.76,3,Desktop,1
302903,Search,48,2000.0,4,4,381.29,3,Desktop,0
302904,Search,34,12445.14,14,2,331.98,6,Desktop,0
302905,Display,20,11462.01,1,1,161.77,0,Desktop,0
302906,Email,31,5850.08,14,4,268.49,0,Desktop,0
302907,Email,35,4555.14,7,5,49.83,1,,0
302908,Email,36,7391.39,3,1,361.61,3,Desktop,0
302909,Search,32,6749.94,10,1,94.45,1,Desktop,0
302910,Referral,20,7415.02,10,5,129.06,0,Tablet,0
302911,Search,46,10565.07,7,5,56.35,5,Desktop,0
302912,Referral,51,11880.03,4,3,79.0,2,Mobile,0
302913,Referral,65,2000.0,14,1,126.62,3,Desktop,0
302914,Email,40,5518.48,4,1,96.57,5,Mobile,0
302915,Social Media,23,13614.26,7,4,102.0,5,Tablet,0
302916,Display,29,12705.52,14,1,279.09,0,Mobile,1
302917,Email,54,9809.62,15,3,93.22,0,Mobile,0
302918,Display,38,7062.86,10,3,444.45,5,Mobile,1
302919,Search,31,4501.6,1,1,506.72,5,Mobile,0
302920,Search,37,9035.76,9,3,607.26,2,Desktop,0
302921,Display,53,7125.58,13,3,213.75,0,Desktop,0
302922,Display,65,8171.94,2,2,270.24,3,Desktop,0
302923,Email,31,8685.02,13,7,132.74,0,Desktop,0
302924,Search,58,9049.77,14,2,45.08,1,Mobile,0
302925,Email,42,8536.13,3,3,507.79,6,Mobile,0
302926,Social Media,56,4746.33,8,3,-55.02,4,Desktop,1
302927,Display,22,6813.25,9,3,399.73,4,Mobile,1
302928,Referral,26,6566.26,11,4,171.84,0,Mobile,0
302929,Social Media,43,7932.75,10,1,458.97,1,Mobile,0
302930,Social Media,63,12102.22,3,3,214.69,6,Mobile,0
302931,Referral,56,12351.46,1,1,227.83,6,Mobile,0
302932,Referral,46,8632.91,1,1,36.53,1,Mobile,0
302933,Search,65,12565.53,7,3,147.09,2,Mobile,0
302934,Referral,30,7846.96,11,1,96.3,2,Mobile,0
302935,Social Media,49,9048.64,7,1,376.36,6,Mobile,0
302936,Social Media,21,6507.43,11,1,45.35,2,Mobile,0
302937,Referral,48,8524.99,1,1,57.3,2,Mobile,0
302938,Display,51,14303.65,14,7,266.36,5,Desktop,0
302939,Email,58,10455.43,2,2,61.76,4,Desktop,1
302940,Referral,55,6446.88,7,4,138.36,6,Mobile,0
302941,Email,22,11639.11,8,2,327.52,4,Desktop,0
302942,Email,50,7231.4,12,1,35.36,5,Mobile,0
302943,Social Media,58,9993.91,3,2,144.56,1,Tablet,0
302944,Search,64,6365.27,11,5,377.44,6,Mobile,0
302945,Search,57,14647.29,3,1,290.05,0,Mobile,0
302946,Social Media,22,9343.66,4,1,258.38,6,Tablet,0
302947,Social Media,30,11804.57,2,2,250.75,5,Mobile,0
302948,Email,59,13553.98,1,1,147.03,5,Mobile,1
302949,Social Media,55,9183.87,13,1,295.76,0,Mobile,0
302950,Social Media,44,12806.06,6,3,331.61,5,Mobile,0
302951,Search,40,2547.05,9,4,228.57,3,Tablet,0
302952,Social Media,62,12660.65,1,1,79.92,2,Desktop,0
302953,Email,53,7493.9,2,2,121.66,1,Mobile,0
302954,Search,41,9115.65,6,6,93.15,4,Desktop,1
302955,Referral,23,10365.87,7,1,87.59,0,Mobile,1
302956,Referral,22,5679.22,10,4,122.7,3,Mobile,1
302957,Social Media,62,7191.99,12,3,204.68,4,Mobile,0
302958,Social Media,61,6703.33,5,2,166.23,6,Desktop,0
302959,Social Media,30,10114.13,7,5,246.5,5,Tablet,0
302960,Referral,56,4755.93,7,4,265.31,3,Mobile,0
302961,Search,42,5113.4,6,4,762.17,3,Mobile,0
302962,Social Media,56,11173.05,13,2,450.35,4,Mobile,0
302963,Email,19,8257.63,7,4,379.17,4,Mobile,0
302964,Social Media,28,5159.39,12,2,214.9,4,Mobile,0
302965,Search,64,8496.33,1,1,274.7,3,Mobile,0
302966,Email,21,10196.75,4,3,239.64,3,Mobile,1
302967,Search,22,8913.53,10,2,76.68,3,Mobile,0
302968,Email,30,9054.36,8,0,212.37,6,Desktop,1
302969,Social Media,61,7868.12,1,1,771.57,2,Desktop,0
302970,Referral,41,10162.11,12,3,135.38,6,Mobile,0
302971,Referral,36,8533.02,3,0,38.57,1,Mobile,0
302972,Referral,65,10735.5,15,4,37.9,5,Mobile,0
302973,Email,40,7058.73,2,1,159.99,6,Mobile,0
302974,Social Media,18,7510.43,8,3,426.0,5,Desktop,0
302975,Email,56,9755.22,1,1,361.66,4,Mobile,0
302976,Referral,25,7845.87,6,2,189.23,3,Desktop,0
302977,Email,18,8777.16,7,0,221.32,0,Mobile,0
302978,Search,47,8755.51,13,2,169.59,5,Mobile,0
302979,Search,57,11439.99,7,3,423.13,5,Desktop,1
302980,Referral,55,6744.63,3,2,83.58,5,Desktop,0
302981,Search,22,13899.62,11,4,128.86,0,Mobile,0
302982,Search,34,5661.13,9,4,135.93,2,Mobile,0
302983,Email,49,11879.1,10,0,160.46,0,Desktop,0
302984,Search,50,7972.25,10,4,192.62,4,Desktop,0
302985,Display,56,8045.06,4,4,281.66,4,Mobile,1
302986,Social Media,29,7461.83,6,4,280.43,2,Mobile,0
302987,Search,45,5492.6,2,2,208.76,4,Desktop,1
302988,Social Media,28,9166.7,3,3,155.44,2,Mobile,0
302989,Search,45,8927.28,7,5,109.66,5,Mobile,0
302990,Search,55,11967.8,14,3,314.9,5,Mobile,0
302991,Social Media,27,7424.95,1,1,250.14,6,Mobile,0
302992,Social Media,29,9180.0,12,0,295.39,6,Mobile,0
302993,Email,58,5930.49,7,1,62.88,6,Mobile,0
302994,Email,23,8885.11,7,7,284.96,5,Mobile,0
302995,Social Media,18,8881.0,13,0,137.71,2,Mobile,0
302996,Email,41,10835.27,9,1,101.44,3,Desktop,0
302997,Social Media,20,12980.78,6,3,31.67,4,,0
302998,Social Media,37,11490.21,14,3,295.93,3,Desktop,1
302999,Social Media,43,11456.64,5,5,263.27,5,Mobile,0
303000,Referral,62,11394.76,14,3,144.67,0,Mobile,0
303001,Social Media,38,8127.47,12,1,210.08,4,Desktop,0
303002,Social Media,61,9835.6,13,1,175.29,4,Mobile,0
303003,Referral,43,13947.58,13,4,71.52,0,Mobile,0
303004,Referral,20,10778.65,9,3,344.46,6,Tablet,0
303005,Referral,51,11184.92,5,2,367.57,5,Tablet,0
303006,Display,26,3507.45,15,5,324.62,4,Mobile,0
303007,Social Media,56,10904.98,13,5,292.61,2,Mobile,1
303008,Display,38,5992.74,15,3,169.12,6,Mobile,1
303009,Social Media,37,8705.71,15,2,170.14,6,Mobile,0
303010,Social Media,39,10159.46,5,1,118.78,4,Mobile,0
303011,Display,53,8929.58,10,2,312.57,1,Tablet,0
303012,Display,18,,7,1,22.38,3,Mobile,0
303013,Email,43,13493.11,1,1,350.22,0,Mobile,0
303014,Display,65,11326.32,12,0,284.49,5,Mobile,0
303015,Social Media,56,10745.83,1,1,238.68,3,Desktop,0
303016,Email,29,8724.4,6,1,92.69,5,Tablet,0
303017,Referral,33,7370.6,4,0,115.91,0,Desktop,1
303018,Social Media,36,2000.0,3,3,451.59,1,Mobile,0
303019,Referral,42,6230.01,3,3,322.65,2,Desktop,0
303020,Search,42,12010.3,4,3,233.89,5,Mobile,0
303021,Email,41,10058.41,15,3,185.77,0,Desktop,1
303022,Display,52,5474.5,12,2,220.06,3,Mobile,0
303023,Email,20,2000.0,7,4,143.31,4,Mobile,1
303024,Display,47,12794.61,8,1,129.64,0,Desktop,0
303025,Email,51,7739.44,3,2,98.18,6,Desktop,0
303026,Search,24,10971.42,1,1,171.71,0,Mobile,0
303027,Social Media,53,8004.41,10,2,205.09,2,Desktop,0
303028,Referral,18,9726.69,5,3,340.99,1,Tablet,1
303029,Social Media,57,10238.95,6,3,318.78,1,Mobile,0
303030,Email,20,,9,2,34.1,5,Mobile,0
303031,Search,43,11098.42,7,2,255.67,1,Tablet,0
303032,Social Media,57,9750.94,10,2,316.28,1,Mobile,0
303033,Search,29,8091.62,14,1,101.23,5,Mobile,1
303034,Display,62,2494.32,2,0,101.53,0,Mobile,0
303035,Social Media,18,7253.53,1,1,192.07,0,Mobile,0
303036,Search,20,8548.89,1,1,267.59,0,Tablet,0
303037,Social Media,32,2885.97,9,2,99.88,1,Desktop,0
303038,Social Media,54,10770.32,8,3,119.09,3,Mobile,0
303039,Social Media,58,5498.47,4,3,10.18,5,Mobile,0
303040,Referral,24,6781.72,12,4,139.42,6,Desktop,1
303041,Search,42,7552.06,3,2,73.92,0,Mobile,1
303042,Email,56,7409.78,5,3,412.85,0,Mobile,0
303043,Referral,48,4976.14,13,5,215.89,3,Mobile,1
303044,Social Media,51,10222.41,6,3,289.12,4,Mobile,0
303045,Email,32,8694.45,6,2,43.69,2,Mobile,0
303046,Display,54,5513.24,8,2,270.56,1,Mobile,0
303047,Referral,39,6897.99,11,2,72.51,6,Tablet,0
303048,Referral,19,10716.28,13,3,311.84,2,Desktop,0
303049,Referral,56,8811.44,11,5,340.69,2,Tablet,0
303050,Search,33,12293.75,6,1,277.22,2,Mobile,0
303051,Email,51,11100.23,12,3,63.94,4,Mobile,0
303052,Social Media,39,7423.47,15,3,126.11,6,Mobile,0
303053,Email,24,7324.49,7,1,227.0,6,Desktop,0
303054,Social Media,27,,13,2,229.98,6,Mobile,0
303055,Email,65,16973.19,10,1,202.77,1,Mobile,0
303056,Referral,45,7268.03,10,3,216.5,1,Mobile,0
303057,Search,27,9924.18,15,3,222.88,2,Mobile,0
303058,Social Media,30,7576.53,14,3,106.84,5,Mobile,1
303059,Display,25,9591.6,7,1,-17.42,6,Mobile,0
303060,Email,46,8114.81,12,5,78.48,6,Tablet,1
303061,Referral,36,12720.86,11,1,266.36,3,Desktop,0
303062,Display,44,4445.38,12,6,203.16,0,Desktop,0
303063,Email,36,2873.08,4,4,221.6,6,Mobile,0
303064,Email,43,11198.14,4,4,68.16,2,Desktop,0
303065,Referral,64,9158.88,4,2,264.71,4,Desktop,1
303066,Email,60,4565.6,10,2,379.57,3,Mobile,1
303067,Email,41,5888.4,1,1,171.05,6,Desktop,0
303068,Email,22,6781.19,7,4,321.91,5,Desktop,0
303069,Search,20,4949.31,11,5,49.04,0,Desktop,1
303070,Search,57,6628.8,10,1,113.32,2,Mobile,0
303071,Email,59,13483.37,2,1,632.38,2,Mobile,0
303072,Referral,39,4246.13,14,3,148.66,6,Mobile,0
303073,Display,53,8305.6,12,2,81.29,1,Mobile,0
303074,Display,44,6887.06,7,3,206.48,1,Mobile,0
303075,Referral,44,9514.39,10,4,376.25,4,Mobile,0
303076,Email,52,9464.61,14,5,196.51,1,Desktop,0
303077,Email,57,7800.84,15,2,96.21,5,Desktop,0
303078,Email,29,13480.21,2,2,62.74,6,Mobile,0
303079,Email,32,4841.41,13,0,326.42,0,Desktop,0
303080,Search,65,10053.18,13,4,93.89,0,Tablet,0
303081,Search,20,14181.21,14,1,144.51,4,Desktop,0
303082,Display,51,5899.53,15,4,444.74,6,Desktop,0
303083,Social Media,34,6363.19,1,1,316.52,2,Tablet,0
303084,Search,65,8721.05,9,0,78.32,1,Mobile,0
303085,Search,56,9213.15,12,3,49.91,1,Desktop,0
303086,Social Media,22,9660.86,2,2,151.41,2,Mobile,0
303087,Search,21,12961.87,3,3,118.34,6,Mobile,0
303088,Search,58,10037.27,3,3,331.77,1,Desktop,0
303089,Referral,22,5221.04,9,3,241.72,2,Tablet,0
303090,Referral,36,5763.62,10,6,180.81,2,Desktop,1
303091,Referral,56,10126.8,12,2,141.11,6,Mobile,0
303092,Social Media,35,5086.45,7,5,-63.27,2,,0
303093,Social Media,42,8791.94,15,2,23.77,5,Desktop,1
303094,Display,38,3415.18,12,1,208.18,4,Tablet,1
303095,Email,19,7835.92,2,2,370.88,5,Desktop,1
303096,Referral,64,,6,3,168.05,6,Desktop,1
303097,Display,35,3538.23,7,7,172.71,5,Desktop,0
303098,Search,48,9232.39,6,2,143.05,3,Mobile,0
303099,Social Media,39,6504.41,15,1,134.02,4,Mobile,1
303100,Referral,64,10981.71,11,4,95.36,3,Mobile,0
303101,Referral,54,10402.62,5,2,61.67,3,Mobile,1
303102,Email,43,11794.41,3,3,115.32,2,Desktop,0
303103,Social Media,23,6353.19,11,2,334.62,1,Mobile,0
303104,Display,65,16256.05,5,4,38.65,1,Mobile,0
303105,Social Media,50,7742.24,8,2,288.38,1,Desktop,0
303106,Social Media,28,9253.06,1,1,148.89,2,Mobile,0
303107,Email,28,5496.35,1,1,305.9,5,Desktop,0
303108,Referral,56,2825.39,1,0,335.05,0,Desktop,0
303109,Referral,34,,9,3,80.05,2,Mobile,0
303110,Referral,47,10564.97,12,4,81.97,1,Tablet,0
303111,Email,26,7818.84,13,2,156.26,4,Desktop,0
303112,Email,50,9306.86,7,3,101.15,3,Mobile,0
303113,Social Media,40,10169.6,1,1,112.3,1,Desktop,0
303114,Referral,31,7555.03,2,2,100.19,3,Desktop,0
303115,Social Media,55,7822.68,8,4,541.93,0,Desktop,0
303116,Display,47,3343.7,7,3,425.59,1,Mobile,0
303117,Social Media,48,6431.47,11,1,98.95,5,Mobile,0
303118,Referral,54,5598.79,2,2,224.1,0,Desktop,0
303119,Display,20,6156.5,14,4,59.94,2,Desktop,0
303120,Display,34,5722.92,6,1,28.31,4,Mobile,0
303121,Email,19,10050.87,15,1,227.38,3,Desktop,0
303122,Referral,53,16631.16,14,1,276.15,4,Desktop,1
303123,Email,25,8287.79,8,2,129.6,5,Mobile,0
303124,Social Media,22,15220.34,15,6,180.71,4,Mobile,1
303125,Referral,19,,2,2,103.94,5,Desktop,0
303126,Search,58,7893.82,6,0,90.64,3,Mobile,0
303127,Email,61,4892.99,4,3,224.23,2,Desktop,1
303128,Email,25,10090.33,5,3,55.24,2,Mobile,0
303129,Email,35,8423.51,1,1,424.97,2,Desktop,0
303130,Referral,18,10120.72,8,0,275.56,3,Mobile,1
303131,Social Media,23,6776.72,9,5,42.37,3,Mobile,0
303132,Search,40,6600.95,15,3,282.65,6,Desktop,1
303133,Social Media,44,3616.19,11,6,163.93,1,Desktop,0
303134,Display,31,2000.0,12,5,430.63,2,,1
303135,Referral,59,8859.36,7,2,198.89,5,Desktop,0
303136,Email,19,8863.97,15,3,400.96,1,Desktop,1
303137,Email,28,8027.29,13,3,215.26,6,Mobile,0
303138,Search,48,4761.83,1,1,226.06,4,Mobile,0
303139,Search,23,8632.25,7,3,295.13,1,Mobile,0
303140,Social Media,20,7237.46,14,2,179.26,1,Desktop,0
303141,Social Media,20,7073.73,12,3,316.44,5,Desktop,0
303142,Referral,53,8488.17,6,5,235.5,4,Desktop,0
303143,Email,36,10518.7,10,1,152.62,5,Desktop,0
303144,Search,29,9957.83,2,2,567.3,3,Desktop,1
303145,Search,39,9204.54,15,1,145.96,0,Desktop,0
303146,Social Media,34,6548.3,10,5,301.69,6,Mobile,1
303147,Search,33,9287.74,11,4,275.8,1,Desktop,0
303148,Social Media,33,6284.73,6,3,68.76,3,Mobile,1
303149,Display,37,7764.13,13,2,169.98,5,Desktop,0
303150,Referral,57,11855.4,14,2,319.85,1,Mobile,0
303151,Referral,41,5100.69,9,1,289.02,5,Desktop,1
303152,Email,55,7030.65,5,5,190.66,3,Mobile,0
303153,Search,23,9452.89,1,1,113.93,0,Mobile,0
303154,Referral,33,10652.76,5,0,112.87,2,Mobile,0
303155,Search,24,8536.03,14,1,46.93,3,Mobile,0
303156,Referral,50,4000.18,12,2,77.4,6,Desktop,0
303157,Referral,35,14582.86,12,3,48.31,4,Desktop,0
303158,Referral,31,7250.3,15,0,163.68,4,Desktop,0
303159,Email,57,10861.2,1,1,319.1,2,Desktop,0
303160,Email,48,6829.27,8,6,162.55,2,Desktop,0
303161,Email,24,8579.56,14,3,298.83,0,Desktop,0
303162,Email,38,8730.41,2,2,258.81,4,Desktop,0
303163,Email,64,10109.97,15,4,359.09,2,Desktop,0
303164,Referral,44,6606.28,5,1,77.14,0,Mobile,0
303165,Search,24,10567.12,13,2,67.77,5,Mobile,1
303166,Search,39,6469.02,10,2,237.64,2,Mobile,0
303167,Search,63,10170.0,4,4,180.79,2,Tablet,1
303168,Social Media,39,5758.29,8,1,281.05,1,Tablet,0
303169,Search,54,3831.2,9,4,308.73,0,Mobile,1
303170,Email,62,8483.85,4,4,307.66,6,Mobile,1
303171,Social Media,18,6277.94,7,1,142.19,6,Mobile,0
303172,Referral,41,7642.16,7,2,132.34,3,Desktop,0
303173,Email,32,10048.91,8,5,127.52,0,Desktop,0
303174,Search,30,7444.04,6,1,7.82,1,Desktop,0
303175,Search,46,3933.98,2,2,382.8,1,Mobile,0
303176,Email,46,12980.12,4,1,225.83,5,Desktop,0
303177,Social Media,39,6962.95,6,3,269.41,2,Mobile,0
303178,Email,19,9535.18,9,5,24.9,0,Mobile,0
303179,Social Media,48,14125.91,9,5,124.11,2,Mobile,1
303180,Email,20,5976.91,11,2,233.92,6,Tablet,1
303181,Display,47,10913.57,6,3,184.38,0,Mobile,0
303182,Referral,33,14070.18,3,2,258.77,2,Mobile,0
303183,Social Media,24,5228.79,7,3,278.84,6,Mobile,0
303184,Display,21,12522.49,15,3,107.58,4,Tablet,1
303185,Search,57,6775.43,1,1,76.75,0,Mobile,0
303186,Referral,31,11372.81,12,3,28.74,4,Mobile,1
303187,Social Media,37,5006.79,15,2,256.62,3,Mobile,1
303188,Social Media,39,2000.0,15,6,282.63,2,Tablet,1
303189,Email,53,11077.84,10,5,155.18,4,Mobile,0
303190,Display,37,5341.33,2,2,333.32,0,Mobile,0
303191,Social Media,48,4106.69,11,0,162.3,6,Mobile,0
303192,Search,40,4911.17,3,1,65.56,4,Desktop,1
303193,Search,39,7114.41,11,3,51.13,0,Desktop,0
303194,Search,49,13833.48,9,2,178.9,4,Desktop,1
303195,Search,21,11929.99,11,5,292.71,1,Mobile,0
303196,Email,54,11154.71,8,2,291.13,5,Mobile,0
303197,Email,20,9708.7,7,2,22.86,4,Mobile,0
303198,Display,45,9585.37,15,6,100.01,4,Desktop,0
303199,Email,43,12569.74,14,4,202.59,2,Desktop,0
303200,Search,42,10419.64,11,4,181.6,6,Mobile,0
303201,Search,31,7893.85,7,4,244.57,3,Desktop,0
303202,Email,64,7621.01,2,2,120.84,5,Desktop,1
303203,Search,28,6413.34,2,0,207.22,0,Desktop,0
303204,Referral,23,6848.62,15,2,93.38,2,Mobile,0
303205,Email,44,5463.55,11,2,132.99,2,Desktop,1
303206,Email,29,9369.68,3,2,160.04,2,Mobile,0
303207,Social Media,29,9051.99,6,2,69.78,2,Desktop,0
303208,Social Media,44,6835.47,15,4,253.9,1,Mobile,0
303209,Referral,46,12294.03,5,0,335.0,4,Mobile,1
303210,Display,43,11398.37,9,4,274.77,5,Desktop,0
303211,Email,36,6687.2,4,3,239.29,5,Mobile,0
303212,Search,46,4502.2,6,2,263.69,4,Tablet,0
303213,Referral,44,14580.53,12,6,158.96,6,Mobile,0
303214,Display,35,7498.73,15,5,166.74,3,Desktop,0
303215,Referral,63,2171.33,1,1,72.4,3,Desktop,0
303216,Search,36,5635.4,13,4,94.28,4,Mobile,1
303217,Email,55,13921.37,15,4,123.35,4,Desktop,1
303218,Search,24,9713.44,13,1,64.06,4,Desktop,0
303219,Email,44,10601.48,11,4,226.66,2,Mobile,0
303220,Referral,42,6201.35,13,1,162.51,5,Mobile,1
303221,Search,44,9370.39,9,5,404.88,2,Mobile,0
303222,Email,62,9389.83,1,1,78.39,1,Mobile,0
303223,Social Media,23,2000.0,6,5,111.76,2,Desktop,1
303224,Referral,40,4989.74,9,2,269.31,4,Mobile,0
303225,Email,23,5605.65,6,3,367.44,0,Mobile,0
303226,Display,56,13387.68,9,3,90.12,6,Desktop,0
303227,Search,63,9601.85,3,2,266.02,3,Desktop,0
303228,Search,63,6171.65,6,5,31.16,5,Mobile,0
303229,Search,52,10753.03,3,0,502.12,2,Tablet,0
303230,Display,51,6435.63,13,2,137.56,2,Mobile,0
303231,Email,24,8854.81,12,2,173.16,2,Desktop,0
303232,Email,42,9798.78,14,1,91.5,5,Mobile,0
303233,Display,33,10962.01,1,1,332.37,6,Mobile,0
303234,Referral,43,8195.39,12,3,261.18,1,Desktop,0
303235,Email,30,12756.74,3,3,152.53,1,Desktop,0
303236,Email,48,11408.62,9,4,316.8,6,Desktop,0
303237,Email,59,7148.38,11,4,32.97,6,Desktop,0
303238,Email,34,14573.93,10,0,513.03,3,Mobile,0
303239,Referral,31,13630.87,1,1,432.94,5,Tablet,0
303240,Referral,19,6814.36,9,2,259.19,3,Mobile,0
303241,Search,57,9535.65,13,2,273.79,6,Desktop,1
303242,Display,19,10916.94,10,2,199.22,1,Mobile,0
303243,Social Media,-5,12061.69,1,1,237.06,4,Mobile,0
303244,Search,42,5025.17,8,5,148.46,4,Desktop,1
303245,Email,23,8614.78,10,1,167.32,0,Desktop,0
303246,Referral,48,14043.51,11,2,240.23,1,Desktop,0
303247,Search,41,12341.92,8,3,133.38,3,Desktop,0
303248,Display,58,7051.58,11,2,390.51,3,Mobile,0
303249,Social Media,35,7180.66,13,2,60.14,2,Mobile,0
303250,Email,26,10122.89,9,2,95.98,1,Desktop,0
303251,Display,37,13632.41,12,4,186.31,2,Desktop,0
303252,Email,24,,4,4,177.65,3,Tablet,0
303253,Search,46,11498.59,6,4,133.79,2,Mobile,0
303254,Social Media,26,9883.86,11,5,202.16,0,Mobile,1
303255,Email,65,3704.87,7,1,137.5,1,Desktop,0
303256,Search,19,7325.03,3,2,324.64,4,Tablet,0
303257,Search,54,12876.06,13,0,69.14,6,Mobile,0
303258,Social Media,47,7980.02,9,3,190.62,5,Mobile,0
303259,Search,22,13276.66,9,3,236.01,5,Desktop,1
303260,Social Media,45,6592.03,12,3,69.95,0,Mobile,0
303261,Display,29,5456.99,7,3,36.6,3,Mobile,1
303262,Referral,52,7874.18,6,6,138.93,2,Desktop,1
303263,Referral,19,9186.91,4,3,101.21,3,Desktop,0
303264,Social Media,44,7095.87,2,2,167.64,3,Mobile,0
303265,Social Media,55,13338.14,11,4,292.48,5,Mobile,0
303266,Social Media,39,12400.12,7,5,191.75,5,Mobile,0
303267,Email,19,5476.23,8,6,134.7,1,Mobile,0
303268,Email,34,7095.76,8,2,104.68,6,Mobile,1
303269,Social Media,58,7877.93,7,3,104.98,3,Tablet,0
303270,Email,59,7876.64,14,2,106.02,0,Mobile,0
303271,Referral,56,11206.96,9,4,134.91,5,Mobile,0
303272,Display,19,8758.47,14,2,193.32,1,Mobile,1
303273,Social Media,43,2000.0,15,2,122.14,0,Mobile,0
303274,Referral,63,12662.23,1,1,297.01,6,Desktop,0
303275,Referral,46,6087.89,15,0,4.86,5,Tablet,0
303276,Email,53,13510.36,14,3,21.11,6,Desktop,1
303277,Search,25,4961.54,4,4,134.57,3,Desktop,0
303278,Social Media,21,13148.07,10,6,199.56,0,Mobile,0
303279,Referral,64,6888.76,5,5,67.88,3,Mobile,1
303280,Email,53,13534.68,11,3,137.35,6,Desktop,0
303281,Social Media,53,6035.73,12,6,394.93,2,Desktop,0
303282,Search,57,6417.78,9,1,194.41,5,Tablet,0
303283,Referral,40,14307.78,8,0,22.67,1,Mobile,0
303284,Email,48,7929.94,14,3,160.24,6,Desktop,0
303285,Email,30,7506.82,14,2,61.07,1,Mobile,0
303286,Email,39,9544.88,15,5,86.58,2,Desktop,0
303287,Email,53,9283.22,3,3,142.35,1,Mobile,0
303288,Email,36,4410.83,12,5,231.41,1,Tablet,1
303289,,21,9387.11,10,5,324.17,6,Mobile,0
303290,Display,48,6206.0,5,0,624.91,6,Mobile,0
303291,Display,61,7740.41,13,1,134.28,1,Mobile,0
303292,Email,63,6615.13,8,6,414.99,3,Mobile,0
303293,Referral,55,12452.66,6,0,65.33,2,Mobile,0
303294,Social Media,20,4880.12,5,5,74.12,4,Mobile,0
303295,Email,62,11128.88,9,1,375.09,1,Mobile,0
303296,Social Media,25,7777.85,9,3,161.7,5,Mobile,0
303297,Referral,29,9868.66,15,2,213.79,0,Desktop,0
303298,Display,40,5917.58,9,0,14.68,6,Desktop,0
303299,Search,57,11158.09,7,4,79.64,2,Mobile,0
303300,Referral,47,7811.56,4,3,117.29,4,Mobile,0
303301,Social Media,37,13074.91,10,0,77.53,0,Mobile,0
303302,Search,53,10411.19,7,4,458.51,2,Desktop,0
303303,Social Media,37,9918.66,8,3,218.33,6,Mobile,1
303304,Search,33,3119.72,2,2,146.48,2,Mobile,0
303305,Social Media,61,2000.0,5,3,151.89,6,Mobile,1
303306,Display,23,8425.66,1,1,48.55,0,Desktop,0
303307,Email,41,6749.01,2,2,118.17,2,Desktop,1
303308,Search,63,8002.49,12,4,188.87,6,Desktop,1
303309,Search,46,10747.64,14,5,143.96,4,Mobile,0
303310,Referral,56,6483.39,4,3,372.84,3,Desktop,0
303311,Search,24,7930.89,10,2,226.2,3,Mobile,1
303312,Email,31,2000.0,4,4,226.42,2,Desktop,0
303313,Social Media,46,4959.07,5,2,136.56,3,Desktop,0
303314,Social Media,47,6910.54,6,2,12.98,3,Desktop,0
303315,Social Media,36,9571.71,9,2,185.07,4,Desktop,0
303316,Email,51,7703.77,10,0,185.25,4,Mobile,0
303317,Email,27,11110.06,10,3,204.33,3,Tablet,0
303318,Email,27,7135.63,7,2,364.33,1,Tablet,0
303319,Display,61,13205.02,10,6,58.76,2,Tablet,0
303320,Search,49,6575.27,4,1,70.24,5,Mobile,0
303321,Email,62,11850.71,2,2,121.47,5,Desktop,0
303322,Referral,63,3889.15,9,3,41.65,3,Desktop,0
303323,Referral,65,12200.11,4,1,169.86,0,Desktop,0
303324,Referral,53,7810.0,11,1,295.09,3,Tablet,1
303325,Email,30,9305.38,1,1,111.44,6,Mobile,0
303326,Search,57,6278.54,2,2,94.37,6,Mobile,0
303327,Referral,19,3505.02,11,5,245.71,0,Mobile,0
303328,Search,49,8111.03,13,3,220.31,1,Desktop,1
303329,Search,62,3608.9,14,2,111.46,0,Desktop,0
303330,Search,52,4883.17,9,3,390.18,5,Desktop,1
303331,Referral,23,8689.92,3,3,161.53,4,Mobile,0
303332,Search,55,9355.32,3,3,149.53,3,Tablet,0
303333,Social Media,44,12741.7,3,2,175.05,5,Mobile,0
303334,Display,55,6652.24,8,4,237.11,6,Mobile,1
303335,Social Media,28,10735.5,4,2,196.39,5,Mobile,0
303336,Search,40,2347.74,11,3,318.45,1,Tablet,0
303337,Search,31,14683.99,14,5,220.02,2,Mobile,0
303338,Email,33,11548.75,7,3,69.51,1,Mobile,0
303339,Search,41,6887.83,13,5,253.22,3,Mobile,0
303340,Email,18,3861.31,10,4,126.43,5,Mobile,0
303341,Social Media,65,7388.86,14,5,321.67,6,Desktop,0
303342,Email,65,9150.64,4,2,334.83,6,Mobile,0
303343,,62,9884.33,15,6,385.64,1,Mobile,0
303344,Display,49,13520.91,5,5,222.53,5,Desktop,0
303345,Social Media,22,7289.27,1,1,117.54,3,Desktop,1
303346,Search,50,10632.98,13,3,153.61,2,Desktop,0
303347,Display,60,10392.51,8,4,172.43,3,Mobile,0
303348,Social Media,25,16764.09,2,1,24.68,0,Desktop,0
303349,Display,46,13355.55,11,2,90.61,3,Mobile,0
303350,Social Media,33,10682.27,1,0,204.64,0,Mobile,0
303351,Search,32,5900.13,10,3,20.71,4,Mobile,1
303352,Social Media,53,10972.74,13,1,76.77,4,Mobile,0
303353,Referral,60,2000.0,7,3,203.41,6,Mobile,1
303354,Display,31,9233.88,12,1,128.28,1,Mobile,0
303355,Social Media,21,6502.23,12,3,128.72,3,Desktop,0
303356,Referral,61,10769.44,6,1,46.34,0,Desktop,0
303357,Referral,40,5915.74,13,2,130.25,1,Mobile,0
303358,Search,55,11155.7,7,2,130.89,4,Mobile,0
303359,Social Media,31,8901.86,3,3,73.55,1,Mobile,0
303360,Email,45,7484.98,4,0,317.06,1,Desktop,0
303361,Referral,45,14836.94,11,8,237.21,6,Mobile,0
303362,Email,49,5870.44,4,0,409.15,4,Tablet,0
303363,Referral,53,7531.46,15,3,225.83,5,Mobile,0
303364,Referral,33,9607.04,7,7,270.73,6,Desktop,1
303365,Email,26,4695.17,10,1,180.94,1,Tablet,0
303366,Search,27,4731.06,15,2,61.33,5,Mobile,0
303367,Search,63,6305.56,10,5,212.85,3,Desktop,0
303368,Email,37,10290.66,9,2,166.34,0,Mobile,1
303369,Email,60,7913.78,11,3,133.22,5,Mobile,0
303370,Email,43,10652.65,11,4,120.1,0,Mobile,0
303371,Search,43,5175.04,10,6,132.01,1,Desktop,1
303372,Search,52,9760.41,15,2,113.06,2,Desktop,0
303373,Social Media,52,12016.04,10,6,230.5,6,Desktop,1
303374,Referral,42,7933.67,13,4,237.41,4,Desktop,0
303375,Email,51,4222.06,5,4,357.47,6,Tablet,0
303376,Social Media,120,9824.44,10,4,115.38,2,Tablet,1
303377,Search,65,5421.51,12,2,41.84,2,Mobile,0
303378,Email,48,8050.89,12,3,247.24,3,Desktop,0
303379,Referral,28,6682.11,11,3,189.04,0,Desktop,1
303380,Referral,19,7195.29,6,2,44.37,3,Desktop,0
303381,Display,34,8329.55,10,2,551.2,0,Mobile,1
303382,Email,35,5733.6,5,4,172.04,6,Mobile,0
303383,Email,37,6602.46,3,3,131.05,2,Mobile,0
303384,Social Media,32,5803.12,9,1,93.1,6,Tablet,0
303385,Search,58,15212.54,15,3,313.13,5,Desktop,0
303386,Display,24,9615.51,10,2,216.86,0,Tablet,0
303387,Email,33,12728.23,3,2,174.04,3,Desktop,0
303388,Search,40,9272.04,4,4,257.14,2,Mobile,1
303389,Search,41,6755.96,4,3,123.05,3,Desktop,0
303390,Email,37,2000.0,11,5,123.86,3,Tablet,0
303391,Social Media,19,12411.07,7,1,179.32,6,Mobile,0
303392,Email,48,6305.44,6,4,147.52,1,Mobile,0
303393,Referral,64,13430.9,10,5,76.59,4,Mobile,0
303394,Referral,38,10347.4,4,4,154.6,5,Tablet,0
303395,Social Media,33,3781.53,14,1,233.74,1,Mobile,0
303396,Search,38,2003.3,5,2,31.99,3,Desktop,0
303397,Email,36,4364.96,12,5,158.99,0,Mobile,0
303398,Email,50,5193.92,12,2,75.24,2,Desktop,0
303399,Social Media,65,8998.23,7,4,153.61,2,Mobile,1
303400,Referral,30,4854.39,10,4,499.56,3,Mobile,0
303401,Social Media,52,10582.71,13,3,87.16,6,Desktop,1
303402,Email,58,3774.65,13,4,416.88,3,Mobile,0
303403,Social Media,31,12837.76,8,4,179.67,3,Mobile,0
303404,Social Media,56,10317.58,9,3,251.56,0,Desktop,1
303405,Email,54,7796.96,5,1,197.31,4,Mobile,1
303406,Display,24,10235.36,8,3,340.66,1,Tablet,0
303407,Search,40,13474.77,9,7,426.38,5,Desktop,0
303408,Search,47,9970.68,14,3,123.32,6,Mobile,0
303409,Email,63,5700.09,1,1,128.46,2,Mobile,0
303410,Social Media,32,8783.16,2,2,188.26,5,Desktop,1
303411,Social Media,19,10409.12,6,2,438.46,5,Mobile,0
303412,Display,36,12407.52,15,6,276.19,5,Tablet,0
303413,Referral,63,5189.08,13,2,153.02,6,Desktop,0
303414,Email,38,,6,5,133.46,6,Mobile,0
303415,Search,38,9410.06,10,6,50.89,0,Mobile,0
303416,Email,30,6603.75,10,2,140.23,4,Desktop,0
303417,Email,33,6838.89,5,3,150.65,1,Mobile,0
303418,Search,50,6150.75,8,3,204.92,2,Desktop,0
303419,Social Media,49,4825.14,13,7,146.64,2,Desktop,0
303420,Social Media,58,9576.84,5,5,270.83,6,Mobile,0
303421,Display,42,7314.96,8,4,273.13,4,Desktop,0
303422,Search,58,6291.3,15,2,230.96,2,Desktop,0
303423,Email,49,12048.18,9,5,48.27,2,Desktop,0
303424,Referral,52,3128.1,8,4,123.98,1,,0
303425,Search,57,3478.25,6,6,192.29,0,Desktop,0
303426,Search,25,2837.7,10,5,87.81,0,Mobile,0
303427,Display,26,8766.3,10,3,157.52,3,Mobile,0
303428,Search,23,8659.18,10,5,210.62,1,Desktop,0
303429,Email,65,8050.96,8,1,141.38,0,Mobile,0
303430,Search,59,8340.43,5,0,228.95,6,Tablet,0
303431,Social Media,24,5721.94,10,5,365.57,6,Desktop,1
303432,Referral,28,6342.53,1,1,131.4,3,Mobile,1
303433,Referral,48,7648.51,10,5,230.45,0,Desktop,0
303434,Search,32,9145.72,8,5,107.23,4,Mobile,1
303435,Display,55,6379.6,6,2,124.7,1,Mobile,0
303436,Email,51,9343.36,4,3,15.57,5,Tablet,0
303437,Social Media,57,9955.58,15,5,95.77,3,Mobile,0
303438,Search,60,9215.44,9,3,43.09,1,Desktop,0
303439,Social Media,62,9880.39,2,2,181.14,0,Mobile,0
303440,Referral,35,3822.01,5,4,81.48,2,Mobile,0
303441,Email,64,7792.92,2,1,156.51,5,Desktop,0
303442,Social Media,28,,12,0,116.84,4,Desktop,0
303443,Referral,24,10524.53,4,2,282.85,6,Mobile,0
303444,Search,23,6454.67,5,0,125.2,4,Desktop,0
303445,Search,35,11658.38,8,4,336.88,6,Mobile,0
303446,Search,54,9726.26,15,2,148.71,6,Tablet,1
303447,Email,58,7828.79,7,6,72.68,5,Desktop,0
303448,Email,54,10073.76,7,1,300.96,6,Mobile,0
303449,Email,21,10875.42,14,5,61.97,5,Mobile,0
303450,Referral,47,12901.45,4,4,44.51,0,Desktop,0
303451,Email,26,4259.32,6,3,157.22,0,Desktop,0
303452,Search,32,7685.95,1,0,163.93,4,Mobile,0
303453,Display,51,11208.56,11,2,437.93,6,Desktop,0
303454,Referral,26,6842.72,5,5,200.07,6,Desktop,0
303455,Display,24,6095.68,7,2,104.16,2,Desktop,0
303456,Social Media,58,9280.36,9,5,349.49,3,Desktop,0
303457,Email,48,8593.74,9,3,105.19,2,Mobile,0
303458,Search,63,10376.39,5,2,142.52,3,Mobile,0
303459,,34,5967.17,13,3,160.43,0,Mobile,0
303460,Email,59,5785.92,12,2,247.02,4,Desktop,0
303461,Social Media,64,11542.75,5,3,248.36,5,Mobile,1
303462,Referral,24,5416.99,3,2,204.9,3,Mobile,0
303463,Display,30,3491.3,13,2,219.42,4,Desktop,0
303464,Email,62,11925.66,4,3,522.47,6,Mobile,0
303465,Display,26,5048.54,13,2,14.84,6,Tablet,1
303466,Email,46,7857.46,4,3,380.52,5,Desktop,0
303467,Email,22,10428.27,8,2,339.44,2,Mobile,1
303468,Referral,64,6606.93,1,1,430.34,6,Mobile,1
303469,Display,18,8677.2,15,3,172.87,3,Desktop,1
303470,Email,48,7701.14,15,2,212.49,5,Mobile,0
303471,Email,22,9818.61,9,3,73.8,4,Mobile,1
303472,Email,62,7358.55,11,2,103.05,1,Desktop,0
303473,Search,48,8821.19,15,4,145.98,6,Mobile,0
303474,Social Media,21,8206.93,2,2,299.3,0,Desktop,0
303475,Social Media,20,8442.75,5,4,185.4,5,Mobile,0
303476,Referral,43,11393.14,2,2,129.73,2,Desktop,0
303477,Email,52,5160.45,14,4,84.49,3,Mobile,1
303478,Social Media,53,6396.96,13,6,107.47,4,Mobile,0
303479,Search,32,12376.32,4,1,100.41,1,Mobile,0
303480,Referral,35,8092.3,7,3,78.75,0,Mobile,0
303481,Display,34,11057.95,4,3,88.43,2,Desktop,0
303482,Referral,18,12705.26,11,3,27.76,5,Tablet,0
303483,Email,48,12237.34,12,5,227.33,0,Desktop,0
303484,Referral,58,8948.29,10,1,33.59,2,Mobile,0
303485,Social Media,31,9432.25,13,1,46.71,1,Mobile,0
303486,Email,36,6377.96,3,3,189.91,0,Desktop,0
303487,Referral,65,10403.52,3,3,165.68,0,Desktop,1
303488,Email,41,13771.53,14,5,56.08,6,Tablet,1
303489,Email,33,12374.8,14,1,337.93,6,Desktop,0
303490,Search,42,7390.12,11,3,205.89,5,Mobile,1
303491,Referral,24,11310.95,15,3,273.69,6,Mobile,0
303492,Search,35,3863.17,15,4,68.45,1,Desktop,0
303493,Search,36,10737.49,1,1,44.45,3,Mobile,1
303494,Display,49,2000.0,4,4,29.8,0,Mobile,0
303495,Social Media,58,9477.58,12,3,291.07,3,Mobile,0
303496,Search,34,6168.95,4,4,251.51,1,Desktop,0
303497,Display,39,9257.16,8,2,228.03,5,Mobile,0
303498,Referral,52,7501.08,15,2,431.37,0,Mobile,1
303499,Search,64,9205.14,10,3,546.9,0,Mobile,0
303500,Social Media,49,7975.62,3,1,106.1,2,Desktop,0
303501,Social Media,37,6779.54,15,2,156.36,1,Mobile,0
303502,Referral,26,9548.64,15,1,299.44,1,Mobile,0
303503,Referral,50,14703.94,11,4,153.33,6,Mobile,0
303504,Referral,20,5532.78,3,2,111.42,4,Tablet,0
303505,Social Media,54,8122.69,5,5,115.88,2,Mobile,0
303506,Search,49,9344.98,4,2,60.17,1,Mobile,0
303507,Search,62,9770.32,11,2,189.04,3,Mobile,0
303508,Social Media,40,7589.32,9,5,218.7,0,Mobile,0
303509,Display,40,5830.99,11,4,264.9,4,Mobile,0
303510,Referral,41,5801.93,12,1,242.11,4,Mobile,0
303511,Search,34,7799.83,2,2,95.46,3,Desktop,0
303512,Social Media,23,9592.09,14,3,113.55,4,Mobile,0
303513,Email,18,2000.0,12,4,457.61,6,Mobile,0
303514,Social Media,31,4941.34,14,3,76.01,5,Mobile,0
303515,Email,39,10643.93,7,1,140.2,1,Mobile,0
303516,Social Media,51,3709.7,12,1,473.69,6,Desktop,0
303517,Email,49,5487.65,14,5,305.91,4,Mobile,0
303518,Email,48,6691.01,11,3,242.25,6,Desktop,0
303519,Social Media,18,9465.07,15,3,147.69,1,Desktop,0
303520,,42,10577.04,9,3,18.28,6,Tablet,1
303521,Referral,19,11460.94,8,4,200.04,0,Mobile,1
303522,Search,53,6835.82,3,3,202.35,3,Desktop,0
303523,Email,35,9192.48,4,3,523.46,4,Mobile,0
303524,Referral,51,8783.6,8,0,322.61,5,Mobile,0
303525,Referral,24,6475.37,1,1,239.38,0,Mobile,0
303526,Social Media,0,3216.35,7,2,267.55,6,Mobile,0
303527,Referral,48,6694.08,15,3,145.5,3,Desktop,0
303528,Email,54,8564.51,4,1,59.91,3,Mobile,0
303529,Email,32,5279.23,5,4,228.23,4,Mobile,0
303530,Social Media,18,11160.48,2,2,201.37,5,Mobile,0
303531,Display,28,7079.62,4,1,315.3,1,Tablet,0
303532,Social Media,29,13774.89,10,4,149.86,5,Tablet,1
303533,Referral,39,8224.18,2,1,132.64,0,Mobile,0
303534,Search,31,9467.28,6,2,258.99,2,Tablet,0
303535,Search,38,7580.55,8,1,296.9,4,Mobile,0
303536,Search,45,13840.02,10,1,58.26,5,Desktop,0
303537,Referral,62,8813.88,14,2,19.5,6,Mobile,1
303538,Social Media,52,9835.77,8,2,152.27,2,Mobile,0
303539,Display,28,7633.24,1,1,161.82,1,Mobile,0
303540,Email,40,5297.25,13,3,42.93,4,Mobile,1
303541,Social Media,20,3950.35,12,3,58.18,0,Desktop,0
303542,Email,18,6999.22,11,2,351.54,6,Desktop,1
303543,Social Media,63,11795.7,10,6,161.96,5,Desktop,1
303544,Referral,37,8644.41,5,3,246.95,3,Mobile,1
303545,Social Media,56,15259.45,6,6,149.98,4,Desktop,0
303546,,29,7669.41,9,7,87.58,6,Desktop,0
303547,Referral,47,9423.16,2,1,450.71,2,Tablet,0
303548,Referral,23,13359.38,8,1,262.24,2,Desktop,0
303549,Search,19,6119.76,3,3,121.79,2,Desktop,0
303550,Email,47,14639.07,8,1,323.63,6,Desktop,1
303551,Search,44,6578.84,12,4,190.9,0,Mobile,0
303552,Social Media,45,9875.56,7,2,393.34,0,Desktop,0
303553,Email,27,4049.51,15,2,539.05,4,Mobile,0
303554,Referral,31,9564.23,6,3,170.33,5,Mobile,1
303555,Social Media,63,12282.25,6,5,118.2,5,Mobile,0
303556,Display,50,8508.02,3,2,655.67,3,Desktop,0
303557,Search,53,11688.3,9,4,89.24,1,Desktop,0
303558,Email,55,5687.72,15,3,56.29,5,Desktop,0
303559,Social Media,37,8839.41,7,2,198.17,1,Mobile,0
303560,Referral,60,8931.75,1,1,145.63,2,Mobile,0
303561,Display,45,9727.82,6,3,56.56,5,Desktop,0
303562,Referral,48,6066.16,7,5,111.35,2,Desktop,0
303563,Search,53,9584.91,11,5,140.17,2,Mobile,0
303564,Social Media,31,13061.99,13,4,127.49,0,Mobile,1
303565,Referral,38,12104.08,8,2,47.28,3,Mobile,0
303566,Search,25,10500.54,14,3,179.5,5,Mobile,1
303567,Search,21,2000.0,9,2,96.17,1,Desktop,0
303568,Email,42,3587.1,14,1,173.32,5,Desktop,0
303569,Social Media,36,6039.48,1,1,127.73,3,Desktop,0
303570,Referral,58,5236.59,5,2,68.62,0,Mobile,0
303571,Search,27,5713.81,12,1,241.63,0,Desktop,0
303572,Search,39,5542.43,7,3,377.91,5,Mobile,0
303573,Referral,51,9353.28,1,1,135.49,6,Mobile,0
303574,Referral,35,11928.87,4,1,301.57,1,Mobile,0
303575,Social Media,20,8567.79,2,2,264.02,3,Mobile,0
303576,Email,19,10787.79,9,5,117.3,6,Mobile,0
303577,Search,19,12959.64,4,2,155.71,4,Mobile,0
303578,Display,19,3488.08,6,3,151.5,6,Mobile,1
303579,Search,50,8150.67,13,4,93.57,2,Mobile,0
303580,Display,42,6998.07,12,2,365.16,0,,1
303581,Social Media,32,11105.29,13,1,42.25,2,Mobile,0
303582,Display,23,3260.82,4,2,60.02,2,Mobile,0
303583,Social Media,49,9372.44,13,4,96.46,5,Desktop,0
303584,Email,37,5181.17,3,2,55.69,3,Mobile,0
303585,Search,49,11296.47,9,1,137.32,4,Mobile,0
303586,Social Media,64,9544.62,5,3,90.29,0,Desktop,0
303587,Email,52,16194.16,8,2,344.35,2,Desktop,0
303588,Social Media,37,6993.9,12,3,474.44,2,Mobile,1
303589,Search,44,6946.9,8,6,134.99,2,Desktop,0
303590,Referral,64,4857.64,5,1,90.15,3,Mobile,0
303591,Referral,27,12524.41,4,1,213.18,1,Mobile,0
303592,Email,36,10397.51,1,1,114.39,6,Mobile,0
303593,Search,45,13404.13,14,1,68.61,5,Desktop,0
303594,Email,35,5792.19,6,1,263.3,0,Desktop,0
303595,Search,22,12372.76,2,2,454.7,4,Desktop,0
303596,Social Media,58,8081.69,13,1,299.67,0,Mobile,0
303597,Display,32,10614.01,4,0,110.79,3,Desktop,0
303598,Email,54,5415.44,6,4,159.52,4,Tablet,0
303599,Email,23,10409.52,7,0,199.45,2,Desktop,0
303600,Search,42,5042.07,9,3,164.09,4,Desktop,0
303601,Search,49,11422.76,3,3,137.19,5,Tablet,0
303602,Social Media,45,10015.26,6,3,154.73,6,Mobile,0
303603,Search,49,9421.68,6,3,189.47,0,Tablet,0
303604,Social Media,39,7353.46,7,4,235.12,6,Mobile,0
303605,Referral,44,13637.42,13,3,105.84,1,Mobile,0
303606,Social Media,18,7991.6,10,3,73.15,4,Mobile,0
303607,Referral,51,8524.05,3,3,111.64,5,Mobile,1
303608,,46,17677.25,12,6,400.29,3,Desktop,1
303609,Search,35,6717.2,11,3,150.82,3,Mobile,1
303610,Display,38,9437.36,10,1,110.81,1,Mobile,0
303611,Search,39,4672.31,14,3,383.6,0,Mobile,0
303612,Email,45,5987.65,7,1,76.73,3,Mobile,0
303613,Referral,27,10434.04,8,4,149.73,5,Desktop,0
303614,Email,56,8609.37,1,1,217.44,1,Desktop,0
303615,Display,42,9005.14,13,4,199.22,2,Mobile,0
303616,Referral,24,8555.57,3,1,125.02,1,Mobile,0
303617,Social Media,64,6802.34,9,4,57.3,0,Mobile,0
303618,Referral,49,6219.68,2,2,222.16,1,Desktop,0
303619,Social Media,49,6311.62,14,3,164.45,0,Desktop,0
303620,Social Media,52,5328.36,4,2,203.38,3,Desktop,0
303621,Social Media,59,6960.07,10,2,154.55,1,Desktop,0
303622,Referral,57,6647.17,1,1,178.22,1,Desktop,0
303623,Search,36,2631.39,13,2,120.57,0,Desktop,0
303624,Social Media,39,4241.42,4,4,107.57,4,Tablet,0
303625,Social Media,59,9844.47,1,1,312.87,3,Desktop,0
303626,Referral,55,13694.52,3,3,51.36,0,Desktop,0
303627,Display,53,2000.0,15,2,325.61,4,Tablet,0
303628,Referral,41,10350.37,5,1,264.38,4,Mobile,0
303629,Search,35,3522.12,3,3,383.78,2,Mobile,0
303630,Referral,42,12548.63,7,1,93.54,5,Mobile,0
303631,Referral,27,11104.88,11,5,151.69,3,Desktop,0
303632,Search,35,10317.86,12,5,104.11,1,Mobile,0
303633,Email,46,11933.89,3,1,166.07,4,Desktop,0
303634,Referral,54,4757.03,13,7,169.48,0,Mobile,1
303635,Email,44,7056.52,15,1,294.41,6,Tablet,0
303636,Referral,46,7033.61,15,3,294.29,6,Mobile,0
303637,Referral,24,8066.67,10,3,530.66,0,Mobile,0
303638,Social Media,48,9474.68,15,4,494.71,6,Mobile,0
303639,Email,39,5088.75,6,4,360.92,0,Tablet,0
303640,Social Media,33,13689.91,8,2,333.22,3,Mobile,0
303641,Social Media,64,3889.67,7,3,340.23,5,Mobile,0
303642,Email,29,12182.4,15,2,110.7,1,Mobile,0
303643,Referral,31,7912.24,13,3,139.73,0,Desktop,0
303644,Email,63,6945.3,15,2,123.65,3,Mobile,0
303645,Search,25,10475.32,8,7,124.78,4,Mobile,1
303646,Search,57,3541.08,15,2,281.23,5,Mobile,0
303647,Search,61,10503.52,3,3,91.52,0,Desktop,0
303648,Search,39,6085.01,9,5,137.1,1,Desktop,1
303649,Search,20,6304.28,9,1,262.43,5,Desktop,0
303650,Referral,25,8954.65,2,2,68.97,6,Mobile,0
303651,Referral,58,11766.9,6,3,51.97,4,Desktop,0
303652,Referral,42,15073.09,7,4,82.06,0,Mobile,0
303653,Email,22,4994.06,9,4,372.04,3,Mobile,0
303654,Referral,63,2000.0,8,1,85.74,0,Mobile,0
303655,Social Media,32,10863.37,7,2,138.89,1,Mobile,1
303656,Referral,50,6487.73,1,1,194.45,4,Mobile,0
303657,Social Media,32,11478.51,13,3,138.77,6,Desktop,0
303658,Search,28,12846.65,4,2,93.06,4,Mobile,1
303659,Search,32,11968.18,11,2,120.37,5,Mobile,1
303660,Social Media,33,3066.16,2,1,123.49,6,Mobile,0
303661,Search,38,5458.55,3,3,113.23,2,Mobile,1
303662,Referral,18,10564.52,11,4,40.9,6,Mobile,1
303663,Referral,49,4233.2,1,1,539.74,4,Mobile,1
303664,Display,60,9976.41,10,5,275.58,1,Mobile,0
303665,Social Media,32,5040.17,1,1,103.73,3,Tablet,0
303666,Search,22,13004.24,8,6,28.71,5,Tablet,0
303667,Social Media,42,9554.25,3,2,141.65,0,Mobile,0
303668,Email,31,7915.37,8,0,161.15,3,Desktop,0
303669,Social Media,59,9810.49,12,0,98.02,2,Mobile,0
303670,Referral,59,2000.0,4,1,307.47,5,Mobile,0
303671,Referral,33,7168.05,8,3,188.36,4,Mobile,0
303672,Search,39,5315.27,6,3,101.59,3,Mobile,0
303673,Email,27,11969.09,1,0,226.15,3,Mobile,0
303674,Social Media,21,2829.76,2,0,56.93,3,Mobile,0
303675,Social Media,48,5429.56,2,2,159.19,5,Desktop,0
303676,Search,19,9312.79,5,2,244.6,6,Mobile,0
303677,Search,20,15184.85,15,5,175.62,4,Desktop,0
303678,Social Media,37,8377.11,13,5,217.51,1,Tablet,0
303679,Email,18,9129.24,13,2,104.85,1,Mobile,1
303680,Referral,20,13342.42,15,3,122.25,6,Desktop,0
303681,Referral,40,11395.58,5,2,228.92,1,Mobile,0
303682,Display,34,8196.77,12,2,109.7,4,Mobile,0
303683,Email,34,11253.21,15,4,193.9,1,Mobile,0
303684,Search,30,3385.83,3,3,180.41,6,Tablet,0
303685,Email,43,6718.76,13,3,125.34,2,Desktop,1
303686,Referral,44,5904.72,7,1,235.66,6,Mobile,0
303687,Social Media,42,6564.13,6,4,119.35,5,Desktop,0
303688,Email,49,7520.24,1,1,341.01,5,Tablet,1
303689,Referral,24,12042.56,14,3,223.69,2,Desktop,0
303690,Search,47,12581.15,6,2,454.86,6,Mobile,0
303691,Email,56,10031.77,1,1,174.25,1,Mobile,0
303692,Referral,20,9936.65,10,4,89.63,1,Desktop,0
303693,Email,30,11032.47,10,2,187.49,4,Mobile,0
303694,Email,49,10086.37,9,3,229.14,4,Mobile,0
303695,Email,30,11629.4,11,2,483.49,6,Mobile,0
303696,Search,21,10808.09,8,5,290.96,6,Mobile,0
303697,,20,10443.75,2,2,86.05,3,Desktop,0
303698,Social Media,35,10399.78,2,2,177.06,6,Tablet,0
303699,Social Media,120,3446.95,8,3,419.26,0,Desktop,1
303700,Search,65,8130.22,6,6,55.17,4,Mobile,0
303701,Search,18,9497.47,7,3,89.61,0,Mobile,0
303702,Email,63,10056.16,10,5,138.51,4,Desktop,0
303703,,21,5331.67,8,1,54.72,0,Desktop,0
303704,Social Media,23,9592.6,4,4,189.55,1,Desktop,0
303705,Search,35,8317.53,1,1,108.88,2,Mobile,0
303706,Referral,54,10958.01,12,1,389.44,6,Mobile,0
303707,Email,39,8639.01,2,2,130.67,6,Mobile,0
303708,Referral,36,10202.28,1,1,129.96,1,Mobile,0
303709,Email,65,3048.62,12,0,87.52,0,Mobile,0
303710,Social Media,34,6701.84,15,4,223.98,3,Mobile,0
303711,Referral,36,8277.47,3,3,59.61,6,Mobile,0
303712,Search,63,7703.45,10,8,126.7,4,Desktop,0
303713,Social Media,24,2651.12,4,4,182.97,6,Mobile,0
303714,Email,62,11861.05,1,1,117.46,0,Mobile,0
303715,Email,35,16309.17,12,4,144.84,6,Mobile,0
303716,Search,61,10451.97,3,3,287.06,2,Desktop,0
303717,Email,34,9805.54,3,2,80.75,0,Mobile,0
303718,,44,13209.2,7,5,254.77,3,Mobile,0
303719,Social Media,50,6657.21,6,1,59.51,0,Mobile,0
303720,Social Media,18,13284.43,4,3,225.57,4,Mobile,0
303721,Referral,36,6315.84,7,3,102.5,6,Mobile,0
303722,Email,29,13626.95,14,2,135.23,2,Mobile,0
303723,Search,42,12460.53,3,3,157.57,2,Tablet,0
303724,Social Media,58,11327.29,2,2,139.3,6,Mobile,0
303725,Email,62,3456.84,9,5,182.27,0,Desktop,0
303726,Display,56,16153.58,14,3,317.61,4,Tablet,0
303727,Referral,53,10259.3,3,3,225.87,5,Mobile,1
303728,Referral,54,13398.01,8,2,15.27,1,Tablet,0
303729,Referral,43,6474.37,6,3,236.84,5,Desktop,0
303730,Search,56,7109.22,3,3,251.09,4,,0
303731,Display,19,4855.13,2,2,268.8,0,Mobile,0
303732,Search,46,12840.02,9,3,214.37,2,Mobile,0
303733,Email,64,9702.35,12,7,205.97,4,Mobile,1
303734,Social Media,38,9650.51,9,2,186.62,1,Desktop,0
303735,Search,51,2840.01,14,3,349.16,1,Tablet,0
303736,Referral,19,10913.77,14,5,81.81,4,Mobile,0
303737,Social Media,44,9994.56,1,1,160.87,1,Mobile,0
303738,Email,55,5691.23,8,5,162.83,2,Desktop,0
303739,Email,20,9021.98,10,2,228.12,5,Mobile,0
303740,Referral,55,11963.61,12,2,105.69,6,Mobile,1
303741,Search,22,10082.24,2,2,202.3,6,Desktop,0
303742,Social Media,34,5470.13,15,3,59.07,0,Mobile,0
303743,Social Media,54,8274.39,12,1,88.64,2,Desktop,0
303744,Referral,51,11362.4,12,1,415.64,6,Mobile,1
303745,Social Media,60,3315.8,15,2,212.47,3,Mobile,0
303746,Email,64,14097.44,6,3,57.24,4,Desktop,0
303747,Referral,29,9742.84,10,1,155.41,3,Mobile,1
303748,Email,46,12836.72,3,2,329.39,1,Desktop,0
303749,Email,20,9513.71,10,4,535.09,2,Tablet,0
303750,Display,23,13987.95,12,1,145.11,6,Desktop,0
303751,Search,48,10059.23,3,2,94.51,4,Desktop,0
303752,Email,21,16105.13,2,2,88.81,0,Mobile,0
303753,Referral,51,10953.78,2,2,102.82,2,Mobile,0
303754,Social Media,20,11773.45,7,4,322.05,6,Mobile,1
303755,Social Media,21,10016.47,14,7,195.49,4,Mobile,1
303756,Social Media,37,9617.0,15,3,149.32,0,Mobile,0
303757,Referral,51,6853.07,9,2,302.97,5,Mobile,1
303758,Social Media,45,9023.04,5,4,623.69,0,Mobile,0
303759,Referral,28,13513.72,9,6,188.67,3,Mobile,1
303760,Email,19,10508.53,11,6,84.18,5,Desktop,1
303761,Email,54,10469.06,6,2,258.19,5,Mobile,0
303762,Email,58,3103.54,9,4,186.27,2,Mobile,0
303763,Search,65,14040.01,8,4,336.66,3,Mobile,0
303764,Social Media,47,7041.9,1,1,179.62,1,Mobile,0
303765,Display,40,2000.0,7,2,342.4,1,Tablet,0
303766,Referral,35,2000.0,1,1,40.87,6,Desktop,0
303767,Search,47,7392.08,9,3,132.97,3,Mobile,1
303768,Social Media,28,10198.84,6,5,290.98,0,Mobile,0
303769,Search,42,9144.88,9,2,60.4,5,Desktop,0
303770,Social Media,37,13532.8,1,1,45.66,6,Tablet,0
303771,Search,27,5367.38,7,3,324.4,1,Desktop,1
303772,Search,33,10672.91,14,2,98.25,6,Desktop,0
303773,Social Media,44,2855.84,14,4,85.36,3,Mobile,0
303774,Search,59,15614.36,1,1,103.06,0,Desktop,0
303775,Display,57,9996.3,2,1,177.48,6,Desktop,0
303776,Social Media,34,10298.25,12,5,89.93,2,Desktop,1
303777,Email,45,12053.91,7,3,54.26,3,Tablet,1
303778,Search,29,2000.0,3,1,346.76,0,Mobile,0
303779,Referral,19,11224.55,3,3,170.85,4,Mobile,0
303780,Email,34,6610.18,1,1,98.4,6,Desktop,0
303781,Social Media,53,9525.82,12,6,110.89,4,Desktop,1
303782,Social Media,49,6583.89,11,4,113.58,0,Mobile,0
303783,Referral,50,11519.57,9,3,120.64,4,Desktop,1
303784,Referral,45,6935.61,14,5,216.52,4,Mobile,0
303785,Email,64,9577.54,6,2,192.66,5,Mobile,1
303786,Social Media,30,10061.38,6,1,101.26,2,Desktop,0
303787,Referral,55,3314.6,9,1,164.24,5,Tablet,0
303788,Email,51,4756.03,2,2,256.57,4,Desktop,1
303789,,42,2813.1,8,8,53.44,1,Desktop,0
303790,Social Media,31,2000.0,11,3,404.13,4,Mobile,0
303791,Email,43,9134.02,15,4,90.23,3,Desktop,1
303792,Email,18,9129.28,4,4,353.25,4,Tablet,1
303793,Search,43,4612.8,7,0,100.84,6,Desktop,0
303794,Referral,19,5018.65,6,6,274.56,2,Desktop,0
303795,Email,21,8463.39,2,2,141.98,0,Desktop,0
303796,Referral,29,9564.23,10,5,107.76,0,Mobile,1
303797,Email,62,6181.04,7,3,162.41,2,Tablet,1
303798,Social Media,29,7060.94,1,0,366.91,6,Desktop,0
303799,Referral,54,5884.67,3,3,312.33,1,Mobile,0
303800,Email,54,8929.68,1,1,112.58,1,Desktop,0
303801,Social Media,21,9140.44,5,4,306.29,5,Mobile,1
303802,Social Media,50,9772.96,14,4,162.55,4,Mobile,0
303803,Search,58,6163.39,4,4,64.89,6,Mobile,0
303804,Social Media,58,5058.32,5,1,45.14,3,Mobile,0
303805,Email,20,4736.62,15,2,32.95,1,Mobile,0
303806,Social Media,26,8252.89,3,2,275.2,2,Mobile,0
303807,Display,37,8133.92,10,2,240.24,4,Mobile,0
303808,Social Media,55,10076.95,14,2,189.74,4,Mobile,0
303809,Email,39,5423.16,8,4,321.49,6,Desktop,0
303810,Social Media,62,5408.61,14,5,352.06,2,Mobile,0
303811,Referral,25,13541.89,1,1,175.52,1,Tablet,0
303812,Social Media,48,6375.7,6,2,240.65,4,Desktop,1
303813,Display,21,6419.78,7,0,52.09,4,Mobile,0
303814,Email,65,11299.32,14,1,188.16,4,Mobile,0
303815,Email,65,12830.79,10,2,379.61,2,Mobile,0
303816,Search,27,2000.0,11,4,109.14,3,Desktop,0
303817,Social Media,59,5176.83,7,3,84.75,4,Mobile,1
303818,Social Media,42,13466.18,2,2,144.11,1,Mobile,0
303819,Search,20,6545.36,14,5,113.86,0,Mobile,1
303820,Email,41,7792.33,7,0,158.99,4,Desktop,0
303821,Referral,59,11601.57,6,1,306.61,5,Desktop,0
303822,Social Media,51,13569.38,2,1,141.36,6,Mobile,0
303823,Search,54,8457.0,14,6,292.52,3,Desktop,0
303824,Social Media,30,9532.67,15,0,109.02,6,Desktop,0
303825,Referral,38,12834.53,3,1,213.67,0,Desktop,0
303826,Social Media,21,3644.6,7,4,53.87,5,Mobile,1
303827,Social Media,52,11647.46,15,2,188.28,3,Desktop,0
303828,Display,38,7409.16,8,2,163.48,3,Mobile,0
303829,Social Media,35,11937.97,8,3,323.38,0,Mobile,0
303830,Referral,42,6544.89,4,2,77.53,5,Mobile,1
303831,Social Media,58,10568.02,6,4,128.0,6,Desktop,1
303832,Search,45,9375.18,10,1,304.53,2,Tablet,0
303833,Social Media,65,5169.46,4,4,195.91,6,Desktop,1
303834,Email,64,6196.99,2,2,98.43,2,Mobile,0
303835,Email,32,11350.5,12,4,290.32,2,Mobile,0
303836,Referral,41,5698.75,9,3,86.65,1,Desktop,0
303837,Email,52,7925.42,14,3,106.31,0,Desktop,0
303838,Email,59,7115.22,5,3,189.88,4,Desktop,0
303839,Social Media,65,11537.35,2,2,188.87,1,Desktop,0
303840,Social Media,40,2000.0,2,2,60.19,3,Mobile,0
303841,Social Media,28,3321.99,13,3,184.74,5,Mobile,0
303842,,54,15937.16,8,0,286.93,2,Mobile,0
303843,Email,24,11835.74,4,3,64.49,5,Mobile,1
303844,Email,46,5395.25,5,0,247.3,2,Desktop,1
303845,Display,63,8522.91,10,6,129.91,6,Desktop,1
303846,Display,23,7377.78,13,3,110.02,0,Mobile,0
303847,Display,52,5894.22,2,1,49.71,4,Desktop,0
303848,Search,58,6253.39,4,4,343.02,1,Desktop,0
303849,Referral,58,7797.11,1,1,194.32,1,Tablet,1
303850,Social Media,64,9773.85,5,3,82.57,6,Desktop,1
303851,Referral,62,4842.65,9,1,168.66,4,Desktop,0
303852,Social Media,23,10467.3,13,5,91.79,4,Tablet,0
303853,Email,47,11029.48,5,4,338.46,0,Mobile,0
303854,Referral,48,7816.91,15,1,133.76,0,Mobile,0
303855,Email,28,12039.64,13,4,193.91,5,Desktop,0
303856,Social Media,19,8389.6,10,2,127.68,0,Tablet,0
303857,Display,36,12561.83,2,0,174.86,6,Mobile,0
303858,Search,39,11550.14,10,0,42.34,4,Mobile,0
303859,Search,32,7915.34,5,3,170.04,6,Mobile,0
303860,Display,54,9076.36,10,1,260.69,6,Desktop,0
303861,Display,48,6118.7,1,1,211.62,3,Mobile,0
303862,Social Media,30,12990.51,3,3,208.56,1,Mobile,0
303863,Email,32,14022.1,13,1,187.0,5,Mobile,0
303864,Social Media,22,8802.9,3,3,114.53,1,Desktop,0
303865,Email,57,12431.24,9,4,304.51,6,Mobile,0
303866,Search,56,7008.89,6,2,100.47,1,Desktop,0
303867,Social Media,63,8087.87,9,2,153.14,5,Desktop,1
303868,Email,37,8385.13,9,4,237.81,4,Desktop,0
303869,Social Media,34,6411.81,15,2,463.95,6,Mobile,0
303870,Search,61,6712.67,9,0,210.79,2,Mobile,0
303871,Referral,60,5891.55,10,1,114.51,5,Tablet,0
303872,Email,47,4442.65,12,2,225.27,3,Mobile,0
303873,Social Media,60,11848.56,8,3,108.29,4,Tablet,0
303874,Email,64,4180.57,9,2,272.01,2,Desktop,0
303875,Search,51,5070.21,5,3,160.72,4,Tablet,0
303876,Referral,33,11408.87,14,0,630.66,2,Mobile,0
303877,Email,45,6969.03,2,2,256.21,2,Mobile,0
303878,Referral,49,4670.42,1,1,208.73,1,Mobile,0
303879,Referral,60,5827.49,7,4,142.0,1,Tablet,0
303880,Referral,36,10423.47,11,3,103.23,1,Mobile,0
303881,Email,25,7535.71,1,1,132.89,1,Mobile,0
303882,Social Media,59,12538.01,14,5,492.55,6,Desktop,0
303883,Social Media,26,10071.24,9,5,70.46,3,Mobile,0
303884,Email,32,15258.33,12,2,102.01,2,Mobile,0
303885,Email,19,13088.25,10,5,168.62,0,Desktop,0
303886,Search,33,9980.98,13,1,171.16,1,Mobile,0
303887,Referral,22,7934.57,7,0,66.53,0,Mobile,0
303888,Email,54,9431.4,1,1,151.35,6,Mobile,0
303889,Search,28,8420.1,8,3,263.29,3,Mobile,0
303890,Display,36,11201.17,12,5,179.07,6,Mobile,0
303891,Email,54,8045.01,10,3,113.5,1,Desktop,1
303892,Display,60,9987.81,9,1,122.22,5,Tablet,1
303893,Email,57,8708.77,7,4,247.26,2,Mobile,0
303894,Email,33,6445.85,7,3,434.6,6,Mobile,0
303895,Email,59,2810.41,12,1,144.0,3,Tablet,0
303896,Social Media,57,4711.7,12,4,276.46,1,Desktop,0
303897,Referral,34,11294.97,6,1,137.54,0,Mobile,0
303898,Social Media,54,13804.96,14,1,138.43,6,Desktop,1
303899,Social Media,51,5263.23,4,3,277.22,2,Mobile,0
303900,Social Media,55,7760.55,13,0,73.45,5,Mobile,0
303901,Referral,52,13997.98,15,4,202.35,3,Desktop,0
303902,Display,41,3298.06,15,1,93.55,5,Mobile,0
303903,Email,44,10569.51,9,3,369.11,5,Desktop,0
303904,Referral,35,9930.38,11,3,137.46,6,,1
303905,Referral,33,4199.33,12,4,136.02,1,Mobile,0
303906,Referral,38,9564.0,10,2,159.16,6,Desktop,0
303907,Display,32,9828.83,9,1,121.04,6,Desktop,0
303908,Referral,19,11430.56,3,3,54.46,3,Mobile,0
303909,Search,41,7992.05,2,2,269.5,5,Desktop,1
303910,Social Media,49,4576.82,14,1,365.33,2,Mobile,0
303911,Referral,39,8593.57,5,1,204.91,6,Desktop,0
303912,Search,56,8179.89,9,4,176.75,2,Tablet,0
303913,Email,65,6880.82,2,2,96.83,2,Desktop,0
303914,Social Media,43,11112.13,9,5,215.1,1,Mobile,1
303915,Search,32,8400.64,9,4,40.62,6,,0
303916,Referral,36,15711.7,10,2,86.14,3,Mobile,0
303917,Email,64,3739.63,11,4,151.23,0,Desktop,0
303918,Email,63,9030.14,5,3,223.12,4,Mobile,0
303919,Email,25,2000.0,10,2,236.55,5,Desktop,0
303920,Referral,37,9679.1,10,0,307.73,4,Tablet,0
303921,Email,48,6573.68,5,1,166.44,2,Mobile,0
303922,Search,45,8716.89,5,5,52.86,6,Mobile,1
303923,Social Media,34,9182.47,9,4,203.18,0,Mobile,0
303924,Email,20,12219.43,15,1,162.23,4,Desktop,0
303925,Search,50,11495.01,7,3,47.38,0,Desktop,0
303926,Email,20,7998.59,5,2,210.24,6,Desktop,0
303927,Display,42,10825.89,9,4,155.35,6,Desktop,0
303928,Referral,52,7298.89,7,1,175.34,3,Desktop,0
303929,Social Media,22,8387.18,15,3,211.7,0,Desktop,0
303930,Search,46,10436.99,11,1,276.1,2,Tablet,0
303931,Email,53,14630.57,12,3,416.7,1,,0
303932,Email,18,6736.77,6,3,108.97,4,Desktop,0
303933,Email,19,3088.35,3,3,244.26,1,Desktop,0
303934,Email,57,11392.31,14,3,314.3,6,Tablet,0
303935,Referral,64,11028.91,6,2,119.04,1,Mobile,0
303936,Search,33,11736.19,2,1,51.66,3,Desktop,0
303937,Referral,51,12416.44,6,4,134.3,2,Mobile,1
303938,Social Media,-5,7191.54,12,2,451.99,4,Mobile,0
303939,Display,65,11555.94,2,2,68.21,1,Mobile,0
303940,Search,55,8579.6,5,5,246.28,4,Desktop,1
303941,Referral,22,4398.5,12,1,160.78,0,Desktop,0
303942,Display,35,8034.87,1,1,595.33,4,Mobile,0
303943,Referral,25,7483.22,15,3,100.24,4,Mobile,0
303944,Referral,24,9901.09,2,2,427.99,0,Desktop,0
303945,Social Media,56,10264.98,8,5,154.22,5,Mobile,1
303946,Email,22,2000.0,9,0,262.35,1,Desktop,0
303947,Social Media,20,5906.91,7,4,315.35,4,Mobile,0
303948,Search,27,8955.26,11,5,111.38,1,Mobile,0
303949,Referral,38,13243.45,5,4,145.96,4,Mobile,0
303950,Email,41,6765.48,8,3,210.54,3,Tablet,0
303951,Email,56,9888.5,5,3,195.82,5,Desktop,1
303952,Email,39,9201.84,5,1,172.47,3,Mobile,0
303953,Display,60,9945.27,7,5,257.83,1,Mobile,0
303954,Email,33,9457.59,4,4,167.24,2,Mobile,0
303955,Social Media,65,5459.59,14,5,180.52,3,Mobile,1
303956,Social Media,50,6852.12,13,2,180.77,5,Mobile,1
303957,Social Media,48,9983.11,8,3,199.87,6,Desktop,0
303958,Social Media,60,2000.0,14,3,255.25,0,,0
303959,Search,54,2000.0,4,3,207.73,1,Mobile,0
303960,Referral,64,8206.79,8,4,174.02,1,Desktop,0
303961,Social Media,64,6433.22,3,3,364.23,4,Desktop,0
303962,Social Media,45,2604.28,12,3,342.39,2,Tablet,0
303963,Email,64,10157.25,6,6,193.29,6,Tablet,0
303964,Email,26,8376.76,8,3,206.45,5,Mobile,1
303965,Social Media,45,14547.45,1,1,104.24,4,Mobile,0
303966,Search,20,10391.19,12,1,233.36,4,Desktop,0
303967,Email,51,11830.22,6,1,236.77,0,Mobile,0
303968,Referral,47,4218.47,9,2,27.8,1,Desktop,0
303969,Social Media,53,10168.34,14,3,193.97,0,Mobile,0
303970,Email,23,2000.0,7,2,106.77,3,Tablet,0
303971,Search,39,8015.49,1,1,275.99,2,Desktop,0
303972,Display,36,14216.32,14,3,215.8,3,Desktop,1
303973,Social Media,30,5404.7,10,1,157.05,5,Desktop,0
303974,Social Media,49,13831.5,10,0,299.8,6,Mobile,0
303975,Search,63,9484.81,1,1,157.71,5,Mobile,0
303976,Email,24,9622.12,13,2,331.43,6,Tablet,0
303977,Social Media,27,4017.1,11,5,18.1,6,Desktop,1
303978,,24,4950.49,13,1,56.03,4,Mobile,1
303979,Search,41,4227.82,6,4,238.75,5,Desktop,0
303980,Display,51,14510.92,13,2,127.09,6,Mobile,0
303981,Search,63,12383.12,8,6,78.33,6,Desktop,1
303982,Search,60,6480.86,4,4,284.76,5,Desktop,1
303983,Email,36,3396.35,12,5,863.43,6,Mobile,0
303984,Referral,59,9256.75,15,2,395.3,6,Mobile,1
303985,Search,41,5165.69,6,4,102.6,2,Mobile,0
303986,Search,53,9248.11,10,2,155.92,0,Mobile,0
303987,Email,29,2113.45,1,1,112.56,2,Mobile,1
303988,Display,23,9735.81,9,4,249.25,5,Mobile,0
303989,Social Media,31,11123.23,2,2,95.86,2,Desktop,1
303990,Social Media,61,10846.51,10,2,129.07,2,Mobile,1
303991,Social Media,31,11723.92,15,3,123.95,4,Mobile,0
303992,Referral,25,8247.61,11,2,88.79,4,Desktop,0
303993,Email,47,13270.19,4,4,63.42,1,Desktop,0
303994,Display,35,6401.12,9,3,145.09,3,Mobile,1
303995,Search,33,11426.61,7,4,357.8,4,Tablet,0
303996,Email,54,10903.14,8,4,133.67,3,Mobile,0
303997,Referral,54,3556.03,12,8,241.46,0,Desktop,0
303998,Referral,30,10216.01,12,2,319.84,2,Desktop,0
303999,Email,60,8692.79,11,6,370.42,4,Desktop,0
304000,Search,33,8778.92,3,3,107.64,2,Mobile,0
304001,Referral,50,2000.0,5,1,191.53,5,Desktop,0
304002,Referral,55,8045.13,8,3,57.85,2,Desktop,0
304003,Email,65,9250.64,15,3,207.29,6,Desktop,1
304004,Search,31,2281.99,14,3,155.52,0,Desktop,0
304005,Email,56,9344.14,7,3,263.54,6,Tablet,1
304006,Display,55,8908.81,3,3,159.29,2,Mobile,0
304007,Referral,63,13328.72,6,2,291.82,6,Tablet,1
304008,Email,29,8295.52,10,2,102.12,1,Mobile,1
304009,Email,23,9432.3,6,0,460.57,5,Mobile,0
304010,Social Media,18,4761.78,4,1,425.58,1,Desktop,0
304011,Referral,44,4867.48,4,3,70.36,5,Mobile,0
304012,Display,23,11885.51,14,3,511.41,0,Mobile,0
304013,Email,57,5632.76,9,5,194.44,5,Mobile,0
304014,Search,25,4026.12,4,2,51.22,5,Mobile,0
304015,Email,29,5234.63,10,1,20.68,1,Mobile,0
304016,,51,9605.79,15,3,110.56,3,Desktop,0
304017,Social Media,44,13315.98,3,3,120.11,5,Desktop,1
304018,Referral,40,7824.74,13,1,336.93,0,Desktop,0
304019,Email,22,6929.83,6,4,45.98,4,Desktop,1
304020,Search,52,7166.88,3,3,95.0,0,Desktop,0
304021,Email,60,7407.67,5,1,72.1,6,Desktop,0
304022,Social Media,27,8454.65,9,0,340.05,4,Desktop,1
304023,Referral,31,5410.29,9,4,115.01,0,Mobile,0
304024,Email,52,7554.38,5,4,138.65,2,Mobile,0
304025,Email,47,5444.22,1,1,153.18,1,Mobile,1
304026,Referral,44,2152.57,11,4,335.12,2,Mobile,0
304027,Social Media,60,9111.47,3,3,80.93,6,Desktop,0
304028,Search,42,10094.5,11,1,121.43,5,Desktop,0
304029,Referral,31,11198.32,15,5,327.79,5,Tablet,1
304030,Referral,47,16104.01,10,3,55.36,6,Mobile,0
304031,Email,36,,8,7,278.16,1,Tablet,0
304032,Search,48,12322.25,6,4,114.97,5,Mobile,0
304033,,61,6062.08,14,1,121.93,6,Mobile,0
304034,Email,29,13583.2,14,3,106.68,3,Mobile,1
304035,Referral,44,9217.8,9,4,20.52,5,Mobile,0
304036,Referral,30,11365.2,9,2,110.23,1,Mobile,0
304037,Search,33,6379.24,10,1,197.64,4,Mobile,0
304038,Referral,24,8056.86,9,0,83.49,0,Tablet,0
304039,Social Media,44,6595.31,10,3,437.68,5,Tablet,0
304040,Search,47,13981.82,1,1,188.21,6,Mobile,0
304041,Email,34,7769.8,10,4,379.42,3,Desktop,0
304042,Display,50,10917.9,8,3,64.3,1,Mobile,0
304043,Email,49,12555.5,14,1,74.03,0,Mobile,0
304044,Email,54,9120.73,13,3,76.89,2,Desktop,1
304045,Email,27,2000.0,1,1,126.82,0,Mobile,0
304046,Email,21,11914.94,11,4,546.41,1,Desktop,0
304047,Referral,27,7470.7,9,7,209.95,0,Desktop,0
304048,Referral,52,3659.62,4,2,157.05,6,Mobile,1
304049,Search,39,7749.58,1,1,630.01,2,Mobile,0
304050,Social Media,26,13875.37,12,3,129.84,0,Desktop,0
304051,,37,6296.7,10,4,606.97,1,Mobile,0
304052,Email,42,8382.77,1,1,338.21,6,Mobile,0
304053,Email,57,10770.6,7,2,215.92,0,Tablet,0
304054,Referral,49,9808.8,2,2,229.34,6,Mobile,1
304055,Display,61,14846.74,8,2,28.59,3,Tablet,0
304056,Search,55,8250.88,4,3,163.13,3,Desktop,1
304057,Social Media,59,6818.56,9,2,129.45,6,Mobile,0
304058,Display,43,12466.5,15,6,410.82,4,Mobile,0
304059,Email,59,11473.65,3,3,110.63,5,Desktop,0
304060,Social Media,64,12817.7,12,5,72.64,6,Desktop,1
304061,Email,25,8956.66,6,4,244.6,2,Desktop,0
304062,Referral,31,2000.0,4,4,94.06,6,Desktop,0
304063,Email,38,4735.19,15,3,74.72,5,Mobile,0
304064,Email,65,5470.73,11,3,278.47,5,Mobile,1
304065,Display,33,7474.28,13,2,113.0,4,Mobile,0
304066,Email,54,14413.8,1,1,437.73,4,Mobile,0
304067,Social Media,46,2838.96,12,1,232.21,0,Tablet,0
304068,Search,54,3952.87,4,1,182.87,0,Mobile,0
304069,Referral,26,2000.0,12,4,93.41,4,Desktop,0
304070,Display,63,7988.2,6,2,225.48,1,Mobile,1
304071,Social Media,35,11735.19,12,3,65.08,5,Mobile,0
304072,Display,60,2000.0,10,4,76.17,5,Tablet,1
304073,Social Media,53,2000.0,9,3,87.73,2,Tablet,0
304074,Display,61,7260.32,2,2,134.87,4,Tablet,1
304075,Email,31,13287.67,13,4,292.91,5,Mobile,0
304076,Referral,41,4448.87,14,4,161.78,0,Desktop,0
304077,Email,62,8595.71,8,6,175.68,3,Mobile,0
304078,Email,41,10800.38,11,1,156.87,6,Mobile,0
304079,Social Media,45,11498.09,5,5,621.37,0,Mobile,1
304080,Social Media,40,8161.59,8,2,429.39,2,Mobile,0
304081,Email,40,9836.04,10,3,45.0,2,Desktop,0
304082,Email,41,12566.91,2,2,288.91,3,Mobile,0
304083,Referral,25,14774.1,14,2,103.97,4,Desktop,1
304084,Email,63,2215.74,6,2,67.9,2,Mobile,0
304085,Email,65,10611.49,3,3,278.24,5,Mobile,0
304086,Display,20,8213.25,10,3,192.06,3,Desktop,0
304087,Social Media,64,10691.77,13,1,222.28,2,Tablet,0
304088,Referral,48,,6,1,143.11,6,Mobile,0
304089,Search,60,7962.56,1,1,180.27,1,Desktop,0
304090,Search,30,6822.29,13,1,22.4,1,Mobile,0
304091,Email,27,9006.4,8,1,194.31,6,Mobile,0
304092,Display,55,9192.46,4,3,396.96,4,Mobile,0
304093,Social Media,22,8276.34,15,2,126.5,1,Mobile,1
304094,Social Media,22,10514.6,9,4,231.6,3,Desktop,1
304095,Search,65,13675.38,4,4,137.91,4,Desktop,0
304096,Display,29,7655.72,1,1,293.02,2,Desktop,1
304097,Social Media,40,13283.91,14,4,103.99,4,,1
304098,Social Media,45,10861.24,11,5,213.01,4,Mobile,0
304099,Search,20,10465.86,1,1,128.94,3,Desktop,0
304100,Search,65,9870.2,6,3,28.48,4,Mobile,0
304101,Referral,30,10182.2,7,5,97.84,5,Mobile,0
304102,Referral,54,9386.13,8,2,278.77,3,Mobile,1
304103,Email,19,12093.14,12,3,85.54,0,Tablet,0
304104,Search,27,8303.88,4,3,207.07,4,Mobile,1
304105,Referral,36,7505.87,4,2,354.64,5,Mobile,0
304106,Display,48,11977.77,6,5,386.12,6,Mobile,1
304107,Social Media,47,5337.65,3,3,278.44,1,Mobile,0
304108,Search,24,8407.39,13,4,261.59,3,Desktop,0
304109,Search,54,8295.08,7,1,210.98,1,Tablet,0
304110,Email,49,10000.98,2,2,267.33,6,Mobile,0
304111,Email,48,5583.91,7,6,251.28,2,Tablet,0
304112,Search,61,15388.65,9,4,327.06,2,Mobile,0
304113,Search,30,7800.04,9,1,516.44,2,Mobile,0
304114,Email,32,8520.11,1,1,304.28,2,Desktop,0
304115,Email,56,8327.8,15,2,310.75,0,Desktop,1
304116,Social Media,33,11992.92,15,3,65.42,2,Desktop,0
304117,Email,55,6505.87,6,6,415.26,4,Desktop,1
304118,Display,47,8043.63,9,5,108.53,0,Tablet,0
304119,Social Media,18,8105.49,15,4,440.71,6,Desktop,0
304120,Email,28,13459.48,15,4,402.54,3,Desktop,0
304121,Email,42,7484.12,8,3,25.16,0,Mobile,0
304122,Search,23,7765.62,1,1,410.28,2,Mobile,0
304123,Display,40,2319.36,11,1,109.89,2,Tablet,0
304124,Referral,63,7788.41,8,2,205.88,6,Mobile,0
304125,Email,40,5942.07,9,6,143.08,5,Desktop,0
304126,Social Media,63,5385.17,13,4,278.98,0,Desktop,0
304127,Referral,46,11827.59,5,3,77.08,2,Mobile,0
304128,Search,51,8689.77,6,5,246.67,1,Mobile,0
304129,Social Media,31,9026.07,7,2,379.27,0,Mobile,0
304130,Email,43,12674.97,13,4,328.36,4,Desktop,0
304131,Search,41,4786.62,7,4,302.25,6,Mobile,0
304132,Social Media,21,12298.44,4,3,333.77,0,Mobile,0
304133,Social Media,46,10828.66,1,1,117.61,3,Desktop,0
304134,Search,47,,13,1,164.5,5,Desktop,0
304135,Display,28,13871.57,13,6,66.27,3,Mobile,1
304136,Email,34,6522.58,1,1,107.7,2,Mobile,0
304137,Email,25,12049.16,9,7,561.31,3,Desktop,0
304138,Referral,62,11138.36,10,2,209.17,6,Mobile,0
304139,Referral,41,8211.41,5,0,179.06,2,Mobile,0
304140,Display,34,6168.84,15,3,90.46,3,Desktop,1
304141,Display,21,9190.48,6,6,267.1,4,Mobile,0
304142,Referral,36,2875.51,9,7,191.77,1,Desktop,0
304143,Social Media,33,9062.98,4,3,82.49,0,Tablet,0
304144,Social Media,22,5626.73,1,1,121.98,5,Mobile,0
304145,Search,49,7584.8,12,3,280.59,5,Mobile,0
304146,Social Media,34,16796.87,2,2,316.4,5,Mobile,1
304147,Search,58,10128.93,15,7,214.41,5,Mobile,0
304148,Social Media,36,4689.92,11,5,138.15,3,Mobile,1
304149,Referral,63,6624.9,10,5,202.74,4,Mobile,1
304150,Referral,29,10359.8,10,3,496.77,1,Mobile,0
304151,Email,46,13165.56,7,2,117.87,4,Mobile,0
304152,Social Media,57,7276.74,9,2,314.38,3,Mobile,0
304153,Social Media,53,10862.17,6,5,289.92,4,Desktop,1
304154,Referral,30,9512.06,2,2,166.1,4,Mobile,1
304155,Display,32,12550.17,4,0,192.87,4,Mobile,0
304156,Email,41,11859.2,11,2,294.99,5,Mobile,1
304157,Referral,39,11702.4,10,3,119.01,4,Mobile,0
304158,Email,33,7087.1,11,1,173.91,2,Mobile,0
304159,Referral,42,12106.93,2,0,201.59,3,Desktop,0
304160,Referral,53,16141.55,10,1,189.43,2,Mobile,0
304161,Email,35,5368.12,7,2,319.15,3,Mobile,0
304162,Email,23,10969.47,13,5,57.86,2,Desktop,0
304163,Email,54,10930.28,7,1,107.18,6,Mobile,0
304164,Referral,42,4755.88,6,1,70.01,1,Desktop,0
304165,Referral,37,4442.97,11,3,193.43,1,Desktop,1
304166,Referral,51,9404.01,5,5,425.99,0,Desktop,0
304167,Referral,36,5203.82,8,1,227.13,3,Desktop,0
304168,Search,57,8724.29,7,7,399.68,4,Mobile,0
304169,Email,59,9750.47,13,4,154.77,1,Tablet,0
304170,Display,64,7693.02,2,0,144.2,0,Mobile,0
304171,Social Media,23,9557.35,13,4,171.54,0,Mobile,1
304172,Search,61,7346.95,2,1,109.75,1,Desktop,0
304173,Display,35,4387.15,8,1,39.94,0,Desktop,0
304174,Referral,47,10951.17,11,11,167.93,1,Mobile,1
304175,Search,37,6909.82,8,3,49.73,5,Desktop,0
304176,Email,57,8388.08,4,3,228.71,0,Mobile,1
304177,Email,23,14824.85,3,3,444.09,2,Desktop,1
304178,Social Media,62,4784.81,15,2,117.65,2,Desktop,0
304179,Search,37,9711.62,10,2,119.08,2,Desktop,0
304180,Social Media,51,2710.95,14,1,197.33,6,Tablet,0
304181,Social Media,63,12065.3,3,3,155.1,2,Mobile,0
304182,Email,20,6252.88,3,3,84.94,4,Desktop,0
304183,Display,21,9969.69,9,1,276.5,2,Mobile,0
304184,Search,28,4971.79,1,1,124.43,1,Mobile,0
304185,Social Media,21,11756.97,1,1,154.93,0,Desktop,0
304186,Social Media,48,11236.64,7,7,309.77,5,Mobile,0
304187,Social Media,28,5490.68,14,4,117.03,1,Mobile,0
304188,Search,36,5128.13,7,3,161.66,3,Desktop,0
304189,Social Media,54,9228.01,5,5,342.11,0,Mobile,1
304190,Social Media,63,11013.58,14,2,74.73,1,Mobile,0
304191,Email,62,4608.47,1,1,228.38,5,Mobile,0
304192,Email,28,6717.6,4,1,241.22,4,Tablet,0
304193,Referral,20,12814.17,6,3,366.65,2,Mobile,0
304194,Search,49,5355.36,11,5,239.41,3,Mobile,1
304195,Display,54,11050.77,5,4,67.92,2,Desktop,0
304196,Social Media,26,8014.3,9,1,541.5,4,Mobile,0
304197,Search,62,8478.09,15,3,83.99,1,Mobile,0
304198,Referral,40,10434.57,15,5,335.42,2,Desktop,1
304199,Email,31,6689.52,2,2,-56.26,2,,0
304200,Referral,51,8423.53,2,2,211.53,5,Mobile,1
304201,Referral,54,5766.16,1,1,95.86,5,Desktop,0
304202,Email,27,10346.22,4,2,103.38,5,Mobile,0
304203,Search,48,12140.66,7,3,146.6,4,Desktop,0
304204,Social Media,35,8282.99,9,2,552.07,1,Desktop,0
304205,Social Media,32,10113.86,9,4,69.38,5,Mobile,1
304206,Email,21,11241.42,13,2,130.19,5,Desktop,0
304207,Social Media,18,9863.94,6,3,153.03,1,Mobile,1
304208,Search,32,6582.0,10,3,610.55,2,Desktop,0
304209,Search,50,14738.25,3,2,166.81,2,Desktop,1
304210,Email,55,9759.52,9,1,355.95,2,Mobile,0
304211,Referral,31,11999.97,11,2,402.67,0,Tablet,0
304212,Referral,34,7660.87,1,1,348.69,6,Desktop,0
304213,Social Media,20,6647.7,7,3,298.04,0,Mobile,0
304214,Email,33,7391.12,11,2,61.65,0,Desktop,0
304215,Display,58,13695.42,7,2,19.61,5,Desktop,0
304216,Email,20,9763.25,9,4,94.27,4,Mobile,1
304217,Display,30,4522.71,14,2,174.96,4,Desktop,0
304218,Email,55,4394.72,8,2,-90.81,6,Mobile,0
304219,Search,58,9235.8,10,2,189.5,1,Mobile,0
304220,Social Media,41,7760.21,7,2,111.09,4,Desktop,0
304221,Search,19,6187.29,7,3,79.89,3,Mobile,0
304222,Referral,25,3434.6,8,2,244.67,6,Mobile,0
304223,Social Media,25,8661.22,15,0,114.29,1,Desktop,0
304224,Search,64,5852.09,9,4,199.94,3,Desktop,1
304225,Referral,32,17355.65,13,2,317.49,1,Desktop,0
304226,Email,54,2000.0,11,4,84.77,2,Desktop,1
304227,Social Media,19,7331.63,13,2,114.22,5,Desktop,0
304228,Referral,27,8178.27,1,1,200.44,6,Mobile,0
304229,Referral,40,8700.67,2,1,22.66,6,Mobile,1
304230,Social Media,36,7208.46,15,5,421.76,2,Desktop,0
304231,Email,63,2640.94,6,5,228.01,2,Mobile,1
304232,Referral,35,10112.87,8,6,395.9,2,Desktop,0
304233,Social Media,64,7541.28,11,2,122.41,0,Desktop,0
304234,Email,31,2000.0,13,5,66.83,0,Mobile,0
304235,Search,30,6074.94,9,1,288.18,2,Desktop,0
304236,Email,37,9391.72,5,1,72.66,1,Mobile,0
304237,Social Media,40,7403.9,14,6,164.47,6,Tablet,0
304238,Referral,51,9960.47,5,2,100.08,5,Mobile,0
304239,Display,27,8381.94,13,4,95.24,2,Desktop,0
304240,Social Media,59,8613.56,13,6,606.07,3,Desktop,0
304241,Referral,26,8160.33,3,3,85.96,1,Desktop,0
304242,Social Media,32,11654.0,5,2,376.9,1,Mobile,0
304243,Social Media,44,8977.73,8,2,102.61,0,Mobile,1
304244,Social Media,25,11920.25,3,3,45.09,5,Mobile,0
304245,Referral,40,4252.88,4,2,970.0,1,Mobile,0
304246,Email,41,5392.51,8,1,204.87,2,Mobile,1
304247,Social Media,35,9726.23,2,2,111.4,3,Mobile,0
304248,Social Media,54,10600.09,3,3,304.55,5,Mobile,0
304249,Social Media,46,8942.09,4,4,578.88,3,Desktop,0
304250,Social Media,54,12886.68,6,2,164.05,6,Desktop,0
304251,Display,33,8626.12,7,3,201.35,3,Desktop,1
304252,Email,56,9954.96,4,2,162.21,4,Desktop,1
304253,Social Media,54,2627.82,15,4,316.82,4,Mobile,0
304254,Referral,57,11877.64,15,1,305.79,3,Mobile,0
304255,Email,56,2000.0,11,3,365.25,0,Mobile,0
304256,Email,53,6557.27,7,2,29.09,5,Mobile,0
304257,Referral,31,8937.22,4,4,180.52,2,Tablet,0
304258,Social Media,58,6892.04,9,5,130.75,0,Desktop,0
304259,Email,57,6279.95,8,2,483.07,0,Desktop,0
304260,Email,48,4951.44,11,5,106.52,3,Tablet,1
304261,Display,21,6740.47,1,1,415.92,1,Desktop,0
304262,Social Media,49,11044.54,3,1,60.84,4,Mobile,0
304263,Email,57,11154.44,2,2,313.47,4,Desktop,0
304264,Social Media,39,6516.84,6,1,87.08,6,Mobile,0
304265,Search,43,2000.0,6,5,237.58,0,Mobile,0
304266,Referral,42,10906.94,6,5,75.56,0,Mobile,0
304267,Social Media,26,8621.78,3,2,144.39,6,Mobile,0
304268,Social Media,45,8265.35,2,2,218.34,0,Tablet,0
304269,Email,29,7490.38,9,2,246.55,2,Desktop,0
304270,Search,33,7548.75,10,3,269.75,1,Mobile,0
304271,Social Media,21,6469.39,9,2,197.11,2,Desktop,1
304272,Display,61,7188.28,12,4,141.81,0,Desktop,0
304273,Referral,38,11354.37,10,1,126.4,6,Mobile,0
304274,Search,48,6921.18,6,4,192.73,0,Mobile,0
304275,Email,54,8199.61,15,1,294.67,3,Mobile,0
304276,Referral,59,9076.32,9,3,193.34,2,Desktop,1
304277,Display,0,7608.49,4,1,53.05,2,Mobile,0
304278,Referral,45,10995.06,15,1,85.87,2,Mobile,0
304279,Social Media,60,7270.94,4,2,137.8,6,Desktop,0
304280,Display,36,8997.97,13,3,423.65,5,Mobile,0
304281,Display,39,10706.79,8,2,456.79,5,Mobile,0
304282,Referral,62,18491.0,6,3,55.36,3,Desktop,0
304283,Referral,18,7507.24,12,2,178.36,1,Mobile,1
304284,Email,44,12197.31,14,2,357.07,0,Tablet,0
304285,Search,35,5314.68,10,1,146.99,3,Tablet,0
304286,Email,52,4772.64,10,4,126.31,4,Mobile,0
304287,Email,30,6872.26,15,2,271.37,5,Tablet,0
304288,Social Media,19,10266.41,8,4,212.79,6,Mobile,0
304289,Email,38,8417.88,11,3,163.92,5,Desktop,0
304290,Email,21,2579.23,14,2,126.46,3,Desktop,0
304291,Referral,29,8062.25,15,0,484.88,5,Mobile,0
304292,Display,29,10439.3,12,6,170.74,5,Mobile,1
304293,Social Media,19,17454.17,4,0,153.96,5,Tablet,0
304294,Social Media,18,7207.63,2,2,228.87,1,Mobile,0
304295,Search,21,8664.07,14,6,363.66,3,Mobile,0
304296,Social Media,24,6938.66,15,1,193.27,5,Mobile,0
304297,Display,31,8815.38,13,2,73.28,0,Desktop,0
304298,Email,33,5771.88,10,4,199.4,3,Mobile,1
304299,Social Media,45,4948.66,6,0,109.78,2,Desktop,0
304300,Referral,42,7732.0,11,0,515.85,2,Desktop,0
304301,Email,42,7307.3,14,3,127.86,2,Mobile,0
304302,Display,28,5894.02,8,5,119.74,5,Desktop,1
304303,Search,64,11480.83,3,3,586.13,1,Mobile,0
304304,Display,26,8708.75,1,1,231.47,2,Mobile,0
304305,Referral,40,4361.77,6,2,516.32,2,Desktop,0
304306,Social Media,38,13315.74,13,2,235.03,2,Desktop,0
304307,Search,27,8378.06,3,1,329.73,0,Mobile,0
304308,Email,34,8893.79,7,2,199.43,3,Mobile,0
304309,Referral,36,6007.83,10,4,68.58,6,Desktop,0
304310,Referral,37,6374.65,4,4,199.05,6,Desktop,0
304311,Referral,23,11046.66,10,1,177.73,1,Desktop,0
304312,Social Media,22,5909.06,1,1,109.7,2,Desktop,0
304313,Referral,40,7418.47,10,3,283.15,4,Mobile,0
304314,Search,54,7528.45,15,4,91.48,6,Desktop,0
304315,Email,28,8004.52,13,4,107.03,0,Desktop,0
304316,Email,38,11880.16,8,3,192.5,4,Mobile,1
304317,Email,24,8646.56,9,3,188.92,3,Mobile,0
304318,Display,43,2000.0,8,2,93.59,4,Desktop,0
304319,Social Media,45,6367.49,14,5,344.79,3,Desktop,0
304320,Referral,56,3871.28,4,2,217.3,1,Mobile,0
304321,Search,37,6156.3,4,3,96.47,1,Mobile,0
304322,Referral,27,8495.71,5,4,137.48,4,Desktop,0
304323,Social Media,29,3614.48,12,5,101.01,4,Mobile,0
304324,Email,42,11989.98,6,2,54.99,6,Desktop,0
304325,Social Media,62,5832.94,15,1,176.74,0,Desktop,0
304326,Social Media,25,13110.33,1,1,235.96,3,Mobile,0
304327,Referral,23,10882.34,8,4,60.16,0,Mobile,0
304328,Email,46,10557.5,9,1,82.0,4,Mobile,0
304329,Social Media,57,11033.98,10,4,103.48,3,Mobile,0
304330,Search,31,10601.91,1,1,153.73,5,Mobile,0
304331,Email,23,8853.48,5,5,131.43,6,Mobile,0
304332,Referral,21,2000.0,14,6,414.11,0,Mobile,1
304333,Search,29,10346.85,12,1,65.8,5,Desktop,0
304334,Search,51,9973.13,10,3,113.57,0,Desktop,0
304335,Referral,48,3354.29,6,2,317.04,5,Tablet,0
304336,Social Media,53,8003.61,6,2,373.31,5,Desktop,0
304337,Search,57,13808.01,14,1,132.99,6,Desktop,0
304338,Social Media,27,12616.42,1,1,149.84,1,Mobile,0
304339,Display,29,4511.43,5,3,177.8,2,Mobile,0
304340,Referral,38,5981.58,12,2,259.93,6,Desktop,1
304341,Social Media,23,8096.24,6,1,155.67,2,Mobile,0
304342,Email,60,10597.42,11,1,171.74,0,Tablet,0
304343,Display,33,9465.98,1,1,506.62,5,Mobile,0
304344,Referral,60,13351.07,5,2,71.79,1,Mobile,0
304345,Email,43,4897.76,10,4,126.55,4,Desktop,1
304346,Display,48,4494.99,9,1,134.57,3,Mobile,0
304347,Social Media,36,10260.31,14,0,235.71,6,Mobile,1
304348,Email,30,11613.8,9,4,52.61,4,Mobile,0
304349,Display,22,2000.0,1,1,435.08,6,Mobile,0
304350,Display,54,6596.81,15,2,147.39,4,Desktop,0
304351,Email,58,9360.17,4,4,79.76,6,Desktop,1
304352,Search,54,12091.33,14,2,251.83,2,Desktop,1
304353,Email,51,4230.53,12,2,218.55,0,Mobile,0
304354,Email,36,10917.7,7,2,164.32,1,Mobile,0
304355,Referral,33,4426.75,6,3,50.98,2,Mobile,0
304356,Search,41,2000.0,6,3,299.47,6,Desktop,1
304357,Referral,36,6608.67,9,1,61.89,6,Desktop,0
304358,Display,39,10278.62,11,4,362.93,2,Mobile,0
304359,Social Media,-5,3125.85,14,4,135.72,5,Desktop,0
304360,Social Media,53,7204.93,6,3,292.05,3,Mobile,0
304361,Email,49,7337.97,12,1,251.74,4,Mobile,0
304362,Referral,35,4701.87,15,2,411.79,4,Mobile,0
304363,Referral,53,11305.19,12,3,193.61,0,Mobile,1
304364,Social Media,47,6694.46,7,3,74.98,4,Tablet,0
304365,Referral,25,4924.35,1,1,333.2,4,Mobile,0
304366,Referral,50,8481.86,7,4,227.82,5,Tablet,0
304367,Display,30,12286.95,6,2,277.97,1,Desktop,0
304368,Social Media,26,3494.23,12,2,134.13,3,Mobile,0
304369,Referral,56,12914.76,4,3,159.87,6,Mobile,0
304370,Display,44,3756.8,6,1,46.78,1,Mobile,0
304371,Email,47,9984.16,10,0,193.95,1,Desktop,0
304372,Social Media,40,2000.0,14,2,263.7,0,Desktop,0
304373,Social Media,50,10463.26,10,1,139.08,3,Mobile,0
304374,Display,61,11642.42,8,3,131.39,0,Desktop,0
304375,Social Media,50,7268.33,12,5,57.51,4,Desktop,0
304376,Referral,54,7339.8,8,4,234.46,3,Mobile,0
304377,Search,18,10288.49,7,1,129.47,4,Mobile,0
304378,Display,34,8928.12,12,4,231.38,4,Mobile,0
304379,Referral,20,3963.97,8,3,42.78,2,Desktop,0
304380,Search,58,12938.67,15,3,53.08,1,Mobile,0
304381,Referral,37,11180.0,5,1,453.14,5,Mobile,0
304382,Search,24,11556.26,5,4,284.04,5,Mobile,0
304383,Email,42,2000.0,7,3,155.05,1,Mobile,0
304384,Social Media,65,4448.47,13,1,270.16,2,Mobile,0
304385,Referral,28,9890.55,3,1,132.22,6,Desktop,0
304386,Display,59,11238.64,2,1,285.53,2,Desktop,0
304387,Search,43,10568.02,1,1,259.13,4,Mobile,1
304388,Social Media,18,4890.42,7,3,217.65,6,Mobile,0
304389,Search,29,8935.32,7,0,268.12,0,Desktop,0
304390,Social Media,44,8683.4,9,4,103.87,2,Tablet,0
304391,Email,53,4496.92,4,4,225.89,4,Mobile,0
304392,Email,64,6531.07,13,2,15.43,5,Mobile,0
304393,Referral,38,11005.0,10,3,497.17,5,Desktop,0
304394,Search,38,12036.29,12,1,56.56,3,Desktop,0
304395,Referral,25,13289.67,6,4,248.49,4,Mobile,1
304396,Search,60,9895.59,5,3,227.43,0,Tablet,1
304397,Social Media,23,6559.66,6,4,106.45,1,Desktop,0
304398,Referral,61,9745.78,14,1,612.46,0,Desktop,0
304399,Referral,46,15198.8,2,2,905.91,5,Mobile,0
304400,Search,59,3408.3,12,3,98.59,1,Mobile,0
304401,Email,29,4144.49,6,3,274.66,5,Mobile,1
304402,Social Media,54,7856.91,6,1,220.18,4,Mobile,0
304403,Referral,63,11107.0,7,3,163.53,6,Desktop,0
304404,Social Media,52,7461.24,9,1,196.89,2,Mobile,0
304405,Email,33,12656.44,2,2,210.65,1,Mobile,0
304406,Email,41,2095.69,7,3,208.39,6,Desktop,1
304407,Referral,65,8078.53,8,3,59.95,1,Mobile,0
304408,Display,53,11101.78,14,2,253.46,4,Tablet,0
304409,Referral,52,10306.37,6,1,357.7,1,Mobile,0
304410,Email,21,7583.91,11,5,51.31,5,Mobile,0
304411,Email,31,5068.54,14,6,171.92,5,Mobile,1
304412,Social Media,26,6147.71,10,2,467.36,0,Mobile,0
304413,Display,31,10154.75,9,4,183.34,1,Mobile,0
304414,Referral,40,7381.14,8,6,200.57,6,Desktop,0
304415,Social Media,62,10128.91,9,4,135.79,6,Mobile,0
304416,Social Media,62,8025.31,3,3,133.6,3,Mobile,0
304417,Search,38,7281.13,9,6,241.43,1,Tablet,1
304418,Social Media,46,5663.34,4,4,524.56,2,Mobile,0
304419,Display,64,2165.9,14,4,244.33,2,Desktop,0
304420,Email,40,9423.32,13,1,10.83,6,Mobile,0
304421,Social Media,37,6418.19,8,2,25.66,0,Mobile,0
304422,Referral,22,10383.22,11,5,367.71,4,Tablet,0
304423,Social Media,42,8853.6,12,2,76.69,1,Mobile,0
304424,Referral,37,10235.31,11,0,35.13,3,Desktop,0
304425,Display,40,10369.17,7,5,187.54,3,Tablet,1
304426,Email,20,11294.05,3,3,147.1,5,Mobile,0
304427,Social Media,58,3366.51,14,2,178.55,6,Desktop,0
304428,,19,8543.91,14,3,78.13,5,Mobile,1
304429,Display,43,12865.1,9,0,363.12,3,Mobile,1
304430,Search,50,15991.17,13,3,206.53,4,Tablet,0
304431,Email,42,7742.87,1,1,83.21,4,Mobile,0
304432,Email,24,4659.64,8,1,147.74,5,Mobile,1
304433,Search,18,12267.13,1,1,367.86,4,Mobile,0
304434,Social Media,62,9596.13,6,2,145.04,1,Mobile,0
304435,Referral,52,8078.62,8,3,257.84,1,Mobile,0
304436,Referral,53,4470.68,14,7,163.74,0,Desktop,0
304437,Referral,31,13067.07,3,2,173.48,5,Desktop,0
304438,Email,24,10326.73,2,2,105.42,4,Desktop,0
304439,Email,62,7032.01,11,2,237.81,6,Tablet,0
304440,Social Media,47,5291.19,7,3,233.35,2,Mobile,0
304441,Referral,22,7213.88,2,0,157.4,0,Desktop,0
304442,Social Media,24,6693.92,10,3,157.08,6,Desktop,0
304443,Email,64,10370.79,12,7,257.11,3,Desktop,0
304444,Referral,33,9041.08,15,2,227.93,3,Desktop,0
304445,Referral,35,9985.77,7,4,356.07,5,Mobile,0
304446,Search,60,2767.12,12,2,694.4,2,Desktop,0
304447,Email,61,6330.88,14,4,-182.52,2,Desktop,0
304448,Social Media,44,5047.51,10,2,77.0,6,Mobile,1
304449,Email,30,7601.32,10,5,78.04,4,Mobile,0
304450,Display,46,10039.32,9,4,319.27,4,Mobile,0
304451,Search,38,14572.73,6,3,402.74,4,Mobile,0
304452,Display,20,4931.89,12,1,122.24,3,Desktop,0
304453,Email,63,9541.6,7,6,154.37,3,Desktop,0
304454,Display,42,2217.22,7,3,50.89,1,Tablet,0
304455,Social Media,41,,10,1,354.94,3,Desktop,0
304456,Search,65,5604.56,13,4,162.42,0,Mobile,0
304457,Email,61,8870.27,6,4,154.75,0,Mobile,0
304458,Email,43,10212.06,8,3,417.52,6,Mobile,0
304459,,58,9470.04,4,3,330.11,0,Tablet,0
304460,Social Media,35,15343.94,15,1,166.64,4,Desktop,0
304461,Search,54,6116.82,7,3,162.18,3,Desktop,0
304462,Email,45,,14,5,16.71,3,Mobile,0
304463,Referral,33,7859.32,8,5,185.68,5,Mobile,0
304464,Search,54,10450.73,14,5,64.68,1,Mobile,0
304465,Social Media,47,6853.44,7,2,58.34,3,Mobile,0
304466,Search,36,12521.42,15,3,119.65,6,Mobile,0
304467,Search,64,6398.69,6,3,246.86,1,Desktop,0
304468,Referral,39,10897.37,1,1,257.26,6,Tablet,1
304469,Email,29,8145.9,6,2,166.52,1,Mobile,0
304470,Email,41,8062.52,15,1,161.75,4,Mobile,0
304471,Email,51,7063.18,6,2,145.26,0,Desktop,0
304472,Search,27,11321.5,9,2,91.49,1,Mobile,0
304473,Email,46,5628.31,7,4,263.64,4,Desktop,0
304474,Referral,26,11477.48,11,1,217.55,0,Desktop,0
304475,Social Media,54,14825.31,13,5,126.77,6,Mobile,0
304476,Email,54,6371.55,12,2,188.37,5,Desktop,0
304477,Referral,37,8426.5,2,2,141.2,0,Desktop,0
304478,Email,44,12633.92,4,4,93.22,6,Desktop,0
304479,Referral,35,7006.49,2,2,246.04,1,Desktop,0
304480,Display,59,7625.18,8,1,268.43,1,Tablet,0
304481,Search,47,7213.31,9,2,300.89,1,Mobile,0
304482,Referral,20,6149.69,2,2,481.08,6,,0
304483,Email,43,9174.79,6,6,65.09,3,Mobile,1
304484,Display,27,3752.69,8,5,453.29,5,Tablet,0
304485,Display,60,12752.72,5,2,44.42,2,Mobile,0
304486,Email,50,4114.31,8,4,90.77,5,Mobile,0
304487,Display,33,9243.87,11,1,65.57,4,Tablet,0
304488,Referral,31,7452.8,15,3,319.3,2,Mobile,0
304489,Referral,56,7101.97,12,5,225.71,2,Desktop,0
304490,Email,50,5709.39,2,2,629.49,6,Tablet,0
304491,Referral,51,9633.84,6,3,437.61,0,Desktop,0
304492,Referral,62,6951.29,14,4,177.75,4,Desktop,1
304493,Email,36,10318.88,4,1,78.54,1,Mobile,0
304494,Display,44,2697.95,14,0,94.13,4,Mobile,1
304495,Search,59,6899.04,5,5,145.68,3,Mobile,1
304496,Referral,26,9736.77,14,4,229.35,6,Desktop,1
304497,Social Media,37,15372.46,3,1,169.71,1,Desktop,0
304498,Referral,32,5645.59,3,2,119.25,3,Tablet,0
304499,Social Media,64,7253.66,8,2,260.72,4,Mobile,0
304500,Search,49,10753.82,7,3,55.82,3,Desktop,0
304501,Email,47,5158.42,3,0,130.42,5,Desktop,0
304502,Referral,54,7321.2,1,1,560.68,0,Mobile,0
304503,Social Media,33,6590.28,9,1,102.18,3,Tablet,1
304504,Referral,55,6470.71,3,3,440.04,3,Desktop,0
304505,Social Media,39,5870.88,15,0,215.45,2,,0
304506,Email,47,9109.9,14,4,272.79,6,Desktop,0
304507,Social Media,60,7218.96,2,2,260.21,0,Desktop,0
304508,Social Media,59,12588.49,5,4,233.31,0,Tablet,1
304509,Display,43,6692.92,1,1,40.27,3,Mobile,1
304510,Social Media,20,8404.84,14,5,60.91,2,Tablet,0
304511,Social Media,41,9358.85,13,4,276.17,5,Mobile,0
304512,Search,53,16128.09,14,3,223.16,3,Mobile,0
304513,Search,29,8566.27,5,2,83.35,6,Mobile,0
304514,Social Media,52,14974.74,5,1,223.54,4,Mobile,0
304515,Search,25,13364.3,6,1,148.61,6,Mobile,0
304516,Referral,27,3642.46,13,4,133.16,1,Tablet,0
304517,Display,44,6341.09,13,7,209.71,4,Desktop,0
304518,Social Media,59,8988.26,2,2,251.9,2,,0
304519,Email,58,10024.71,15,6,374.12,3,Desktop,0
304520,Display,18,3960.3,5,1,68.66,1,Desktop,0
304521,Referral,42,10128.48,7,2,15.26,5,Mobile,0
304522,Social Media,44,2702.21,6,6,121.27,0,Mobile,1
304523,Referral,50,7761.18,14,1,220.75,3,Desktop,1
304524,Social Media,21,,4,4,167.02,5,Mobile,0
304525,Social Media,58,9048.75,11,3,222.37,2,Desktop,0
304526,Search,18,8555.57,11,2,121.54,3,Desktop,0
304527,Display,41,9109.98,15,2,238.2,3,Desktop,0
304528,Email,60,5521.66,10,2,183.08,2,Desktop,0
304529,Search,65,3253.18,12,2,316.08,2,Mobile,0
304530,Search,21,8479.0,10,2,345.74,3,Desktop,0
304531,Social Media,35,9703.57,3,3,169.82,6,Desktop,0
304532,Display,40,6349.79,9,2,110.93,3,Desktop,0
304533,Social Media,56,13709.51,7,5,74.09,1,Mobile,1
304534,Display,39,12652.59,2,2,170.53,6,Mobile,1
304535,Search,41,8942.11,1,1,114.14,6,Mobile,0
304536,Display,33,10220.18,4,4,390.01,5,Tablet,0
304537,Email,32,5549.45,4,3,514.56,0,Mobile,0
304538,Display,21,7452.76,1,1,296.32,0,Mobile,0
304539,Email,61,9185.78,11,6,280.53,5,Mobile,1
304540,Email,45,7808.75,6,1,23.87,1,Desktop,0
304541,Email,28,4713.42,5,3,228.66,3,Mobile,0
304542,Email,58,13342.53,7,2,130.01,1,Mobile,1
304543,Referral,58,6332.85,7,4,199.59,1,Desktop,0
304544,Referral,19,6617.22,13,2,155.99,4,Desktop,0
304545,Referral,21,9318.34,13,3,99.82,5,Desktop,0
304546,Social Media,57,7422.15,14,2,244.82,4,Mobile,0
304547,Email,53,8160.07,13,4,72.32,3,Desktop,0
304548,Display,29,7925.91,5,3,597.06,5,Tablet,0
304549,Email,41,2000.0,9,4,257.71,1,Tablet,1
304550,Display,39,,7,4,68.14,3,Mobile,0
304551,Search,20,3256.93,9,3,204.64,2,Mobile,0
304552,Display,24,8111.09,7,1,564.43,3,Desktop,0
304553,Referral,63,4679.83,13,6,50.88,4,Mobile,0
304554,Social Media,52,8695.56,9,1,116.53,2,Tablet,0
304555,Referral,25,11819.27,7,0,116.19,6,Mobile,0
304556,Social Media,43,2000.0,13,3,244.07,3,Desktop,0
304557,Email,51,2000.0,14,6,150.54,6,Mobile,1
304558,Display,65,4295.53,1,1,466.67,1,Mobile,0
304559,Display,40,8577.52,9,3,87.19,5,Desktop,0
304560,Search,49,8916.45,12,4,194.77,0,Desktop,0
304561,Display,26,6763.64,8,4,113.95,1,Desktop,1
304562,Referral,49,12392.01,9,3,213.4,0,Mobile,0
304563,Social Media,62,4135.45,7,4,99.3,4,Tablet,0
304564,Email,45,3756.7,10,2,206.33,5,Mobile,0
304565,Display,54,8309.55,9,2,120.69,5,Mobile,1
304566,Search,52,9649.88,12,5,171.79,4,Mobile,0
304567,Social Media,49,10884.43,6,3,105.32,3,Mobile,0
304568,Social Media,49,7883.02,12,2,140.65,4,Mobile,0
304569,Social Media,26,13406.91,6,4,45.08,0,Mobile,0
304570,Search,47,9888.91,14,3,248.7,6,Desktop,0
304571,Email,31,10738.13,9,2,252.94,5,Desktop,0
304572,Social Media,26,9162.21,8,7,58.95,4,Tablet,0
304573,Social Media,50,7851.61,5,5,34.67,3,Mobile,0
304574,Email,53,13874.06,9,3,129.61,0,Mobile,0
304575,Email,36,7631.12,15,1,173.38,0,Desktop,0
304576,Social Media,47,12007.53,1,1,207.89,2,Desktop,0
304577,Referral,31,8304.62,12,3,87.75,3,Desktop,0
304578,Social Media,43,14961.61,4,2,180.84,2,Mobile,0
304579,Email,33,9102.38,10,4,88.87,0,Desktop,0
304580,Email,34,4639.12,7,0,311.36,6,Desktop,0
304581,Social Media,60,6515.53,5,4,596.57,6,Mobile,0
304582,Referral,32,10628.15,3,3,196.85,0,Mobile,0
304583,Referral,38,8586.29,11,1,369.86,2,Mobile,0
304584,Referral,37,2000.0,8,6,129.34,6,Mobile,1
304585,Display,50,8929.63,14,4,348.07,6,Mobile,0
304586,Email,63,10532.02,11,3,88.99,6,Desktop,0
304587,Social Media,58,9953.1,11,1,141.44,4,Mobile,0
304588,Email,54,10770.61,3,1,105.63,3,Tablet,0
304589,Search,51,4045.1,2,2,643.07,6,Desktop,0
304590,Email,47,7650.25,7,5,340.82,0,Mobile,0
304591,Display,42,4982.72,1,1,317.67,0,Mobile,0
304592,Email,30,13320.8,15,4,101.63,0,Desktop,1
304593,Email,44,12911.74,10,3,261.57,4,Mobile,0
304594,Search,19,4435.13,13,3,128.52,2,Mobile,0
304595,Search,41,4049.42,3,2,133.76,6,Desktop,0
304596,Email,32,11843.32,4,4,202.53,1,Mobile,0
304597,Search,21,5088.8,11,4,297.23,5,Desktop,1
304598,Email,61,10120.06,7,1,268.84,0,Mobile,0
304599,Search,35,10773.4,10,1,142.82,6,Mobile,1
304600,Referral,45,6998.1,6,2,172.65,2,Mobile,0
304601,Social Media,28,6013.87,3,3,219.12,0,Desktop,0
304602,Referral,33,,5,5,307.04,4,Desktop,0
304603,Email,63,8362.97,4,4,447.66,4,Desktop,0
304604,Email,55,12632.18,1,1,255.87,1,Desktop,1
304605,Referral,23,10766.53,15,7,159.87,4,Mobile,0
304606,Referral,59,11688.92,10,5,218.61,1,Desktop,1
304607,Email,31,9586.09,11,3,393.81,6,Desktop,0
304608,Social Media,24,11623.41,10,2,135.98,4,Mobile,0
304609,,35,4570.13,11,4,292.71,2,Mobile,1
304610,Social Media,65,13319.81,12,4,162.14,1,Mobile,0
304611,Social Media,31,6124.93,12,3,173.54,1,Mobile,1
304612,Search,60,6366.67,11,4,116.35,4,Mobile,0
304613,Email,57,7093.64,9,5,43.75,1,Mobile,0
304614,,59,8855.56,15,3,285.81,3,Desktop,0
304615,,62,12517.75,6,4,336.06,0,Tablet,0
304616,Email,38,9384.52,4,2,118.65,6,Mobile,1
304617,Display,60,2062.93,3,0,219.02,5,Tablet,0
304618,Referral,41,2000.0,11,5,371.13,3,Tablet,1
304619,Search,57,9598.46,2,2,158.72,5,Desktop,0
304620,Social Media,34,6680.88,8,2,350.9,3,Tablet,0
304621,Display,46,4850.71,9,2,205.06,0,Mobile,0
304622,Email,41,4900.73,2,2,77.51,6,Mobile,0
304623,Search,40,10794.56,12,5,194.47,6,Mobile,0
304624,Display,60,8472.91,2,2,219.12,3,Desktop,1
304625,Social Media,32,2933.55,8,3,158.2,4,Desktop,1
304626,Search,58,10242.33,13,4,232.55,4,Desktop,0
304627,Display,50,12536.41,8,3,175.6,5,Mobile,0
304628,Search,53,7339.87,15,4,184.97,2,Tablet,0
304629,Display,54,8649.44,7,5,118.58,5,Mobile,0
304630,Display,31,8936.33,15,2,99.91,4,Desktop,0
304631,Email,65,11132.39,5,2,335.54,5,Desktop,0
304632,Search,64,8165.51,10,2,323.51,0,Desktop,0
304633,Display,18,11781.29,8,4,491.98,0,,1
304634,Email,39,9436.2,15,3,70.89,4,Mobile,0
304635,Social Media,54,10770.25,4,3,102.29,0,Tablet,1
304636,Email,25,6922.9,14,2,117.57,0,Desktop,1
304637,Search,36,7162.2,6,4,31.03,2,Desktop,0
304638,Social Media,47,3360.82,6,3,209.04,2,Mobile,1
304639,Search,23,7038.21,1,1,286.54,5,Mobile,0
304640,Search,64,5386.49,4,3,300.38,1,Mobile,1
304641,Email,56,7379.32,11,1,256.08,3,,1
304642,Display,59,8698.2,4,4,424.3,4,Mobile,0
304643,Search,26,10229.99,12,0,65.48,5,Desktop,0
304644,Referral,18,10931.58,10,4,227.69,2,Desktop,0
304645,Referral,55,6592.6,1,1,165.83,5,Desktop,0
304646,Email,18,9656.13,14,1,9.77,4,Desktop,0
304647,Social Media,18,11618.99,2,2,198.73,1,Desktop,0
304648,Social Media,63,7810.67,14,2,222.86,0,Mobile,0
304649,Social Media,60,9347.15,1,1,220.37,5,Desktop,0
304650,Social Media,23,8595.7,11,5,130.8,6,Mobile,0
304651,Email,64,10276.5,2,2,143.48,2,Mobile,1
304652,Referral,24,13232.34,10,1,203.83,4,Desktop,0
304653,Email,64,13733.73,5,5,240.71,2,Mobile,1
304654,Referral,20,8413.83,13,2,42.3,2,Desktop,1
304655,Search,62,7313.3,11,6,180.14,1,Mobile,0
304656,Social Media,39,5051.86,2,1,106.46,6,Desktop,0
304657,Display,21,6651.6,7,2,267.4,2,Mobile,0
304658,Email,43,2203.76,8,2,177.56,0,Mobile,0
304659,Social Media,54,4060.52,11,5,224.24,0,Mobile,0
304660,Email,51,6965.12,6,5,220.61,2,Mobile,0
304661,Search,44,12056.8,9,1,53.38,1,Mobile,0
304662,Search,62,7991.56,10,2,228.52,4,Desktop,0
304663,Search,47,12445.84,5,2,70.79,5,Mobile,0
304664,Display,47,8286.68,9,3,230.12,1,Tablet,0
304665,Display,57,12370.48,4,1,155.57,5,Mobile,0
304666,Search,38,6358.63,9,3,265.92,3,Desktop,0
304667,Referral,36,8407.31,13,1,191.74,5,Mobile,0
304668,Email,58,10578.03,8,3,128.62,0,Mobile,0
304669,Referral,62,7799.4,12,6,84.29,0,Desktop,0
304670,Social Media,37,6186.3,2,2,72.36,4,Desktop,0
304671,Search,30,7816.61,9,4,86.45,1,Tablet,1
304672,Referral,50,12673.19,10,3,198.81,4,Desktop,0
304673,Email,24,5908.27,3,2,309.51,3,Mobile,0
304674,Referral,63,9250.24,14,2,99.58,0,Mobile,0
304675,Email,22,4505.21,8,3,106.11,5,Mobile,0
304676,Social Media,55,5231.32,5,3,431.56,4,Mobile,0
304677,Email,32,9262.86,9,2,175.16,5,Mobile,0
304678,Social Media,44,11734.26,13,2,319.9,5,Desktop,0
304679,Display,42,3229.4,5,0,365.36,3,Desktop,0
304680,Social Media,41,10572.42,14,2,99.66,0,Mobile,0
304681,Email,63,10642.55,8,5,208.35,1,Desktop,0
304682,Email,54,10857.3,9,1,528.41,1,Mobile,0
304683,Email,35,8166.83,5,1,157.1,4,Tablet,0
304684,Display,36,7911.73,1,1,248.77,0,Desktop,0
304685,Email,54,8060.15,1,1,187.72,1,Desktop,0
304686,Display,35,5971.21,4,4,210.55,4,Mobile,0
304687,Referral,58,13110.45,1,1,218.67,1,Mobile,0
304688,Referral,28,6202.01,2,2,279.55,0,Mobile,0
304689,Display,40,5876.74,13,4,341.87,6,Tablet,0
304690,Referral,63,14550.63,1,1,83.45,1,Tablet,0
304691,Display,60,11365.77,3,3,433.06,3,Desktop,1
304692,Email,47,8570.09,2,0,248.31,0,Desktop,0
304693,Referral,18,5283.22,5,1,141.07,6,Mobile,0
304694,Search,42,12869.59,4,3,338.17,5,Mobile,1
304695,Search,23,6653.92,5,5,124.38,0,Mobile,0
304696,Search,60,8997.31,1,1,256.86,2,Mobile,0
304697,Referral,39,11115.99,9,2,54.69,5,Desktop,0
304698,Search,64,8743.53,1,1,102.2,3,Mobile,1
304699,Display,35,8141.16,13,3,145.8,1,Desktop,1
304700,Display,22,7279.08,7,1,179.69,0,Mobile,0
304701,Referral,54,5124.89,4,1,57.71,6,Mobile,1
304702,Referral,27,7969.69,14,2,222.2,6,Mobile,0
304703,Social Media,44,14623.92,13,3,247.21,6,Mobile,1
304704,Email,55,14632.63,11,6,578.55,1,Desktop,0
304705,Email,20,4799.52,8,1,88.14,3,Desktop,0
304706,Social Media,49,6838.95,2,2,63.19,3,Desktop,0
304707,Referral,54,5730.51,3,1,99.25,0,Desktop,0
304708,Search,39,9900.32,2,1,193.69,3,Mobile,0
304709,Email,45,14981.87,1,1,396.35,1,Mobile,1
304710,Search,33,11856.57,15,7,175.61,6,Desktop,0
304711,Email,34,10673.32,10,5,304.15,1,Tablet,1
304712,Email,53,10080.77,6,3,289.29,1,Desktop,1
304713,Search,21,13575.93,2,2,66.55,6,Mobile,0
304714,Search,30,4017.38,12,2,194.96,1,Tablet,0
304715,Referral,51,5789.37,4,4,144.02,6,Mobile,0
304716,Referral,49,12218.53,12,3,254.77,3,Desktop,0
304717,Email,50,8209.83,6,2,110.0,0,Desktop,0
304718,Email,43,11308.08,7,5,104.63,5,Mobile,0
304719,Email,28,8187.77,1,1,306.14,4,Mobile,0
304720,Search,22,9150.5,7,2,164.51,0,Mobile,0
304721,Display,49,9884.59,2,2,262.84,3,Desktop,0
304722,Email,41,8713.73,2,2,94.97,5,Desktop,0
304723,Referral,49,10037.51,3,3,151.77,5,Desktop,0
304724,Search,49,7688.78,13,5,451.68,1,Mobile,0
304725,Social Media,18,5760.39,10,3,448.51,4,Mobile,0
304726,Social Media,19,5646.04,7,2,513.35,0,Desktop,0
304727,Social Media,41,14855.71,9,1,106.66,3,Mobile,1
304728,Email,59,3947.55,5,1,105.92,5,Desktop,0
304729,Search,20,11679.62,5,2,191.41,1,Mobile,1
304730,Email,53,14037.02,5,1,140.45,0,Mobile,0
304731,Email,33,,15,6,256.61,0,Desktop,0
304732,Referral,26,6536.08,11,2,178.83,6,Tablet,1
304733,Referral,40,8756.09,2,2,240.99,0,Mobile,0
304734,Search,18,16542.05,9,4,228.68,4,Tablet,0
304735,Email,29,6925.44,6,4,237.16,6,Mobile,0
304736,Search,51,10498.25,11,3,98.61,3,Desktop,0
304737,Social Media,37,4318.81,1,1,477.56,1,Desktop,0
304738,Referral,62,15871.13,1,1,283.85,0,Desktop,0
304739,Search,60,13384.34,9,2,69.22,0,Mobile,0
304740,Email,52,8543.08,4,1,260.87,4,Tablet,0
304741,Referral,51,3752.09,11,1,142.91,2,Mobile,0
304742,Referral,45,6804.25,11,0,154.62,4,Mobile,0
304743,Search,56,14861.45,3,1,598.2,5,Desktop,1
304744,Display,55,6191.44,7,3,105.89,0,Mobile,0
304745,Display,23,12132.99,7,7,141.7,3,Tablet,1
304746,Referral,48,6204.74,15,4,313.45,1,Tablet,1
304747,Email,53,7436.15,15,2,127.24,6,Mobile,1
304748,Search,19,7468.15,10,1,73.65,1,Desktop,0
304749,Display,18,10547.82,9,2,85.43,5,Tablet,1
304750,Social Media,30,11971.37,11,2,291.76,1,Desktop,0
304751,Email,30,8395.58,6,4,136.51,3,Mobile,1
304752,Search,30,8032.91,2,2,164.33,2,Desktop,0
304753,Social Media,44,6636.18,13,4,80.21,2,Mobile,1
304754,Referral,21,8102.9,10,1,143.25,0,Mobile,0
304755,Search,39,14393.58,14,4,75.32,4,Mobile,0
304756,Email,56,7357.19,9,4,138.57,4,Mobile,1
304757,Email,25,5470.66,15,0,93.14,1,Mobile,0
304758,Social Media,27,10840.52,11,3,182.01,1,Mobile,0
304759,Email,37,13626.19,4,2,261.09,0,Mobile,0
304760,Social Media,39,12781.97,8,1,308.65,1,Mobile,1
304761,Search,49,10545.37,10,2,277.33,1,Desktop,0
304762,Social Media,31,7627.49,4,4,388.16,2,Mobile,0
304763,Search,60,9930.2,9,1,156.75,1,Mobile,1
304764,Social Media,23,12501.66,11,3,131.75,1,Mobile,0
304765,Email,60,10974.62,11,1,210.6,6,Tablet,0
304766,Email,36,2000.0,6,2,80.11,4,,0
304767,Display,51,5453.89,12,3,66.05,0,Mobile,0
304768,Email,35,8356.22,4,4,564.64,6,Desktop,0
304769,Email,41,8039.57,4,2,907.97,0,Tablet,0
304770,Social Media,58,11236.31,15,4,91.6,2,Desktop,0
304771,Referral,63,15770.42,15,2,327.96,6,Tablet,0
304772,Search,36,10769.42,14,3,127.86,0,Mobile,0
304773,Search,30,7958.03,10,3,397.26,6,Desktop,1
304774,Search,41,9738.82,13,3,213.57,4,Mobile,1
304775,Social Media,51,9641.3,6,1,104.83,6,Mobile,0
304776,Social Media,65,9785.29,3,3,247.19,1,Mobile,0
304777,Search,32,6916.58,12,5,223.34,0,Tablet,0
304778,Referral,49,12824.71,15,1,316.45,4,Desktop,1
304779,Referral,27,5868.31,3,2,413.88,6,Mobile,0
304780,Search,57,7600.34,10,2,144.53,0,Desktop,0
304781,Email,29,5453.18,6,3,268.23,5,Desktop,0
304782,Email,46,8132.72,14,3,327.3,0,Mobile,1
304783,Social Media,50,6236.87,13,2,548.59,2,Desktop,0
304784,Search,42,12693.69,4,2,305.7,6,Desktop,0
304785,Display,30,7781.04,12,7,44.65,0,Mobile,1
304786,Referral,56,11313.39,9,3,163.9,6,Tablet,0
304787,Search,21,7241.26,14,0,103.47,2,Mobile,0
304788,Social Media,41,8785.8,6,3,362.78,0,Mobile,0
304789,Display,27,7163.38,11,6,110.52,5,Mobile,1
304790,Search,27,5218.91,2,2,57.81,4,Mobile,0
304791,Social Media,46,6194.05,7,3,112.52,3,Mobile,0
304792,Referral,41,9159.46,11,2,29.68,3,Mobile,1
304793,Email,56,7389.62,4,2,139.28,1,Mobile,0
304794,Email,41,5966.68,7,1,80.82,0,Desktop,0
304795,Email,29,5712.43,14,3,199.56,1,Desktop,0
304796,Search,32,4034.83,5,1,669.27,4,Tablet,0
304797,Referral,19,9760.29,8,3,176.1,1,Desktop,0
304798,Referral,36,4808.17,11,2,92.42,2,Desktop,0
304799,Search,30,9905.23,8,3,122.63,2,Desktop,1
304800,Email,41,11739.55,8,2,914.51,3,Mobile,0
304801,Search,60,8365.8,2,2,180.61,6,Mobile,0
304802,Email,48,6907.81,13,2,66.64,6,Tablet,0
304803,Social Media,20,10664.49,12,3,156.74,0,Desktop,0
304804,Email,44,14497.97,12,4,371.95,4,Mobile,0
304805,Email,43,7447.65,8,5,97.37,5,Desktop,0
304806,Referral,18,6528.08,2,2,17.74,4,Desktop,0
304807,Search,43,7770.73,12,4,96.41,2,Desktop,1
304808,Display,31,12981.58,12,0,92.84,4,Desktop,0
304809,Display,41,13740.0,12,3,60.65,3,Desktop,1
304810,Search,36,3913.64,11,2,390.57,1,Mobile,0
304811,Referral,18,9011.85,3,3,118.38,6,Desktop,0
304812,Social Media,58,8659.81,7,1,63.41,6,Desktop,0
304813,Social Media,45,6566.36,2,1,125.59,1,Mobile,0
304814,Referral,54,5995.35,9,4,230.88,6,Desktop,0
304815,Search,37,15162.06,1,1,232.83,1,Mobile,0
304816,Email,28,9468.61,14,2,292.48,6,Desktop,0
304817,Search,23,11507.56,11,4,67.57,4,Mobile,0
304818,Display,61,7777.36,7,2,98.18,0,Mobile,0
304819,Referral,52,11784.05,4,3,268.88,6,Mobile,0
304820,Display,49,11102.45,1,1,256.62,5,Desktop,0
304821,Social Media,50,7789.93,14,1,65.37,1,Mobile,0
304822,Display,49,15416.42,3,1,146.31,4,Tablet,0
304823,Email,21,11173.15,8,4,271.23,4,Desktop,0
304824,Search,58,14041.47,4,3,383.88,1,Mobile,1
304825,Display,47,11562.97,6,5,307.23,5,Mobile,0
304826,Referral,65,11362.9,6,2,250.65,0,Mobile,0
304827,Referral,55,4415.57,5,3,148.73,0,Mobile,0
304828,Search,55,8622.19,1,1,240.09,5,Mobile,0
304829,Search,63,7109.11,3,2,426.64,1,Desktop,1
304830,Referral,39,9073.32,4,1,159.32,6,Mobile,0
304831,Email,38,11880.45,1,1,78.84,5,Mobile,0
304832,Social Media,29,3966.25,11,4,297.92,3,Mobile,0
304833,Social Media,48,4659.61,3,3,219.31,3,Mobile,0
304834,Search,58,7246.26,5,2,464.7,5,Mobile,0
304835,Social Media,56,7256.83,13,1,130.39,0,Mobile,0
304836,Search,56,10392.47,8,3,148.84,5,Mobile,0
304837,Referral,45,5553.52,15,1,302.71,1,Mobile,1
304838,Email,32,11787.26,14,3,285.34,1,Desktop,0
304839,Display,24,7110.03,3,3,155.63,5,Tablet,1
304840,Referral,21,6671.69,11,8,161.31,5,Desktop,0
304841,Social Media,47,9600.79,1,1,128.22,1,Mobile,1
304842,Display,35,7533.18,13,3,167.51,6,Mobile,0
304843,Display,43,6279.29,12,1,229.49,6,Desktop,0
304844,Social Media,18,5417.25,3,3,192.53,6,Mobile,0
304845,Display,26,6467.64,8,4,156.12,3,Mobile,1
304846,Search,49,4795.22,9,0,92.5,5,Desktop,0
304847,Email,53,10418.88,13,1,260.58,6,Mobile,0
304848,Social Media,19,9136.9,4,0,294.52,4,Desktop,0
304849,Search,42,14675.75,7,2,311.22,4,Mobile,0
304850,Email,43,11318.0,5,3,208.55,2,Mobile,0
304851,Referral,26,7493.47,13,5,261.9,2,Desktop,1
304852,Display,62,8919.87,1,1,94.05,3,Desktop,0
304853,Referral,53,6197.88,5,5,51.48,5,Mobile,0
304854,Search,62,6525.47,7,1,42.78,4,Mobile,0
304855,Referral,62,8354.83,4,1,258.78,1,Desktop,0
304856,Referral,64,13486.27,15,1,73.15,4,Desktop,1
304857,Email,38,10490.1,8,3,134.67,1,Mobile,0
304858,Referral,20,8004.59,1,1,146.26,4,Mobile,0
304859,Referral,29,5505.49,15,2,425.67,4,Mobile,0
304860,Social Media,50,2129.87,7,3,61.66,4,Mobile,1
304861,Referral,49,12421.23,4,2,259.15,0,Desktop,1
304862,Email,29,7994.75,12,3,440.34,0,Desktop,1
304863,Search,18,3440.61,9,5,189.6,6,Mobile,0
304864,Email,57,9112.17,1,1,144.88,5,,0
304865,Search,22,11705.1,1,1,283.4,4,Mobile,0
304866,Social Media,40,6330.68,7,6,282.73,4,Mobile,1
304867,Social Media,21,6358.01,3,3,101.62,2,Desktop,1
304868,Social Media,31,11900.36,10,7,255.83,0,Desktop,1
304869,Referral,18,6700.56,14,4,25.44,4,Desktop,0
304870,Email,61,9166.73,3,3,93.68,4,Mobile,0
304871,Social Media,61,10954.28,2,2,274.02,4,Mobile,0
304872,Search,40,5778.16,11,2,75.92,5,Mobile,0
304873,Search,44,6754.26,5,2,188.35,6,Desktop,0
304874,Display,40,7439.96,13,3,126.39,6,Mobile,1
304875,Referral,41,5280.3,3,3,172.17,2,Mobile,0
304876,Social Media,31,6595.86,8,2,173.81,6,Mobile,0
304877,Search,49,9791.57,9,3,186.03,6,Desktop,0
304878,Display,18,5716.19,4,3,50.7,2,Mobile,0
304879,Search,26,8706.72,5,5,385.98,3,Tablet,0
304880,Search,33,13606.18,10,2,116.91,1,Mobile,0
304881,Display,57,11337.24,12,4,264.01,4,Mobile,0
304882,Search,63,9688.32,3,3,148.67,3,Mobile,0
304883,Social Media,64,4049.81,6,3,62.53,1,Mobile,1
304884,Referral,22,9332.59,9,2,50.23,5,Desktop,0
304885,Display,50,12683.85,6,1,98.58,2,,0
304886,Email,51,9485.52,14,5,311.32,2,Tablet,1
304887,Social Media,49,10567.21,2,2,425.9,4,Desktop,0
304888,Referral,20,4342.65,11,3,81.73,0,Mobile,0
304889,Email,24,4258.88,7,6,299.98,5,Mobile,0
304890,Referral,41,12442.12,6,5,248.89,6,Mobile,0
304891,Display,59,7183.37,14,2,163.21,6,Desktop,0
304892,Email,43,13999.6,8,0,231.37,0,Mobile,0
304893,Social Media,57,6068.47,11,5,22.71,5,Mobile,0
304894,Email,45,7830.12,2,2,182.77,4,Desktop,0
304895,Referral,63,6654.78,4,3,89.97,5,Mobile,0
304896,Search,52,7301.5,11,2,225.8,5,Mobile,0
304897,Referral,21,5745.33,8,2,176.18,0,Mobile,0
304898,Email,22,11454.04,6,3,18.32,4,Mobile,0
304899,Referral,60,5488.67,4,1,119.28,5,Mobile,0
304900,Social Media,40,8614.46,5,0,181.99,6,Mobile,0
304901,Display,64,10761.33,13,4,208.02,3,Mobile,0
304902,Display,43,13037.23,8,2,166.18,0,Mobile,0
304903,Social Media,25,13195.27,7,4,441.01,1,Desktop,0
304904,Social Media,25,11824.94,14,3,487.21,1,Mobile,0
304905,Social Media,38,10806.41,1,1,270.81,5,Mobile,0
304906,Email,44,2132.95,9,1,197.47,0,Mobile,0
304907,Social Media,54,12377.56,4,4,305.48,0,Mobile,0
304908,Display,64,5634.87,7,1,60.83,4,Desktop,0
304909,Display,33,11925.43,10,2,165.48,4,Mobile,0
304910,Display,47,,3,3,108.73,6,Mobile,0
304911,Search,0,8779.3,1,0,87.06,5,Mobile,0
304912,Email,62,8581.92,7,1,134.16,5,Mobile,0
304913,Email,44,13988.25,3,2,36.31,6,Mobile,0
304914,Display,50,5989.19,2,2,76.22,6,Mobile,0
304915,Referral,50,6629.68,13,4,447.92,6,Desktop,0
304916,Referral,51,9451.91,1,1,135.14,0,Desktop,0
304917,Display,40,11510.86,14,2,257.36,6,Desktop,0
304918,Social Media,18,5463.26,11,1,191.1,2,Tablet,0
304919,Email,24,9871.29,2,0,294.5,0,Mobile,0
304920,Social Media,34,6180.38,14,3,270.79,4,Mobile,1
304921,Social Media,51,7900.26,4,4,87.57,5,Mobile,0
304922,Search,41,12629.1,13,3,30.82,0,Mobile,0
304923,Email,40,2000.0,9,5,89.0,0,Desktop,0
304924,Social Media,29,7824.92,5,1,230.91,6,Desktop,0
304925,Search,55,5722.58,12,7,177.76,4,Mobile,0
304926,Display,49,8180.46,10,1,526.31,4,Mobile,0
304927,Social Media,55,10332.87,2,2,404.48,3,Mobile,0
304928,Email,53,7276.01,10,3,149.12,3,Mobile,0
304929,Display,62,13212.65,11,1,64.28,6,Desktop,0
304930,Social Media,48,8372.09,5,2,264.04,4,Mobile,0
304931,Display,54,6821.51,6,4,106.97,0,Tablet,0
304932,Email,18,8699.59,15,3,110.1,4,Mobile,0
304933,Email,39,12709.07,4,1,148.52,0,Tablet,0
304934,Referral,39,11037.15,6,3,231.24,6,Mobile,1
304935,Referral,54,12426.24,11,4,145.12,1,Mobile,0
304936,Email,51,6436.95,2,2,118.18,6,Mobile,0
304937,Email,39,10587.39,7,4,164.87,6,Desktop,1
304938,Social Media,30,8084.86,1,1,281.61,5,Mobile,0
304939,Referral,22,10322.98,5,5,151.24,2,Desktop,0
304940,Email,24,11623.97,3,0,32.13,3,Mobile,1
304941,Referral,30,9212.21,6,3,438.0,5,Tablet,1
304942,Email,34,4708.44,6,5,203.52,3,Tablet,0
304943,Display,25,10890.32,13,1,284.93,1,Desktop,0
304944,Social Media,21,7533.98,7,2,118.58,1,Desktop,0
304945,Display,44,11381.77,2,1,306.6,0,Tablet,0
304946,Social Media,24,10100.81,13,3,151.17,2,Mobile,0
304947,Referral,62,6230.2,8,2,191.77,6,Desktop,0
304948,Email,64,4377.39,10,3,238.46,2,Desktop,0
304949,Email,47,5879.74,10,1,241.86,5,Mobile,0
304950,Referral,30,9196.88,15,6,346.27,1,Mobile,0
304951,Referral,20,10173.33,10,2,191.93,6,Mobile,0
304952,Social Media,24,12359.43,11,2,111.17,0,Desktop,0
304953,Search,35,8840.53,13,2,290.82,3,Desktop,0
304954,Search,38,7618.79,1,1,154.0,4,Desktop,1
304955,Display,20,8119.28,11,1,50.36,4,Mobile,0
304956,Email,45,12405.47,1,0,81.05,6,Tablet,0
304957,Search,54,11582.77,6,6,31.49,1,Mobile,0
304958,Search,20,14568.35,14,5,306.75,2,Mobile,0
304959,Referral,59,6696.72,1,1,293.17,5,Desktop,1
304960,Search,54,12675.89,1,1,324.43,6,Mobile,0
304961,,54,11364.21,3,2,193.56,2,Mobile,0
304962,Email,53,7604.8,15,1,145.43,5,Desktop,0
304963,Social Media,19,15151.14,4,0,96.58,3,Desktop,0
304964,Social Media,44,8768.73,5,3,354.25,2,Desktop,0
304965,Search,37,6575.88,13,4,523.88,4,Desktop,0
304966,Search,22,7338.94,2,2,38.95,2,Mobile,0
304967,Social Media,48,14022.03,6,5,76.34,2,Desktop,0
304968,Email,51,8390.29,7,1,74.26,5,Mobile,0
304969,Social Media,61,5337.77,10,3,152.09,0,Mobile,0
304970,Search,19,7905.4,9,2,95.7,2,Mobile,1
304971,Search,55,9325.94,7,4,282.18,6,Mobile,0
304972,Email,54,13288.68,12,0,241.9,3,Mobile,0
304973,Referral,32,6395.75,3,1,397.46,0,Desktop,0
304974,Social Media,38,4678.12,5,3,23.7,4,Mobile,1
304975,Search,57,8057.79,10,5,336.13,3,Mobile,0
304976,Referral,27,5897.53,6,0,315.51,3,Mobile,0
304977,Referral,40,10375.33,5,2,387.96,3,Desktop,0
304978,Referral,57,5707.75,1,1,75.33,3,Mobile,1
304979,Search,31,11081.24,9,1,190.79,4,Desktop,0
304980,Display,64,8325.92,9,1,201.4,2,Mobile,0
304981,Search,56,9726.95,15,4,148.83,3,Mobile,0
304982,Social Media,43,4572.51,6,3,190.72,4,Mobile,0
304983,Social Media,20,4638.84,9,2,322.73,3,Mobile,0
304984,Social Media,56,6633.51,12,5,66.24,5,Tablet,0
304985,Search,32,3631.81,6,2,471.68,1,Desktop,1
304986,Social Media,48,2742.61,10,1,75.58,2,Mobile,0
304987,Search,40,4475.94,8,4,433.74,1,Mobile,0
304988,Email,24,12388.54,15,2,223.92,2,Tablet,0
304989,Email,18,6049.86,5,2,113.2,6,Mobile,1
304990,Search,61,5225.44,2,2,227.5,2,,1
304991,Search,32,12764.33,14,4,109.93,5,Desktop,0
304992,Referral,65,4786.85,1,1,423.62,4,Desktop,0
304993,Email,42,7151.71,9,4,152.76,2,Mobile,0
304994,Display,61,5413.88,6,4,99.83,4,Desktop,1
304995,Search,22,5799.32,5,5,119.43,0,Desktop,0
304996,Social Media,45,12457.17,2,0,244.33,2,Mobile,0
304997,Referral,55,6393.69,2,2,88.49,4,Mobile,0
304998,Referral,23,9624.1,12,3,353.69,0,Desktop,0
304999,Social Media,23,13497.37,7,2,144.91,3,Desktop,0
305000,Referral,47,8504.15,6,1,180.77,5,Mobile,0
305001,Search,47,7666.16,10,2,145.3,3,Desktop,0
305002,Social Media,53,10215.68,13,3,120.99,6,Mobile,1
305003,Email,62,2000.0,1,1,95.79,6,Mobile,0
305004,Search,35,13471.88,4,4,91.33,3,Mobile,0
305005,Social Media,42,7214.64,15,6,153.41,1,Mobile,0
305006,Referral,34,2000.0,12,4,100.13,6,Mobile,1
305007,Email,60,10836.64,2,1,31.25,1,Desktop,0
305008,Email,56,7668.16,7,4,358.08,0,Mobile,0
305009,Social Media,40,7804.15,10,2,341.95,0,Mobile,0
305010,Email,60,9280.1,15,0,386.41,2,Tablet,0
305011,Search,21,9025.62,2,2,73.86,2,Mobile,1
305012,Display,27,9649.67,12,3,279.7,3,Mobile,0
305013,Referral,39,6831.31,7,3,83.12,5,Mobile,0
305014,Display,27,5323.19,2,2,173.97,6,Desktop,0
305015,Email,62,7117.26,13,5,279.95,6,Desktop,0
305016,Email,41,6787.7,10,1,319.85,2,Mobile,0
305017,Email,49,13240.45,7,5,104.5,4,Tablet,1
305018,,42,11563.13,5,3,177.18,0,Mobile,0
305019,Social Media,42,8681.48,5,0,163.66,4,Mobile,0
305020,Social Media,31,13856.98,4,3,50.06,2,Mobile,0
305021,Social Media,54,4596.15,10,1,91.09,4,Mobile,0
305022,Referral,36,8515.4,5,2,103.47,0,Mobile,0
305023,Referral,36,12328.96,5,3,299.69,4,Mobile,0
305024,Referral,39,6035.32,12,4,220.64,4,Mobile,0
305025,Display,55,8630.21,5,1,253.01,1,Desktop,0
305026,Referral,36,8030.8,3,0,147.78,5,Mobile,1
305027,Search,63,13121.71,4,1,96.32,1,Mobile,0
305028,Email,42,7348.45,13,4,36.8,6,Mobile,0
305029,Social Media,40,10535.27,8,2,156.08,0,Mobile,0
305030,Social Media,34,10879.04,14,2,327.57,6,Mobile,0
305031,Social Media,18,11281.1,9,3,271.08,3,Mobile,0
305032,Display,63,8030.16,8,2,231.38,3,Mobile,0
305033,Email,21,12432.64,5,1,256.47,4,Desktop,0
305034,Referral,19,12924.37,3,3,307.54,3,Mobile,0
305035,Email,65,7722.98,4,2,120.69,6,Mobile,0
305036,Display,25,7478.22,3,3,83.89,5,Desktop,0
305037,Referral,59,3569.82,1,1,398.4,0,Mobile,0
305038,Social Media,37,8503.12,7,0,124.27,0,Mobile,0
305039,Social Media,54,7772.93,3,1,120.87,4,Mobile,0
305040,Referral,50,7382.73,12,4,38.11,1,Tablet,0
305041,Social Media,21,13120.33,6,3,260.86,6,Desktop,1
305042,Display,33,8128.21,10,0,407.89,4,Tablet,1
305043,Display,35,5631.48,1,1,218.3,4,Mobile,0
305044,Email,58,7223.82,1,1,271.43,4,Desktop,0
305045,Display,53,8600.17,14,6,118.33,2,Desktop,1
305046,Email,59,3258.82,10,3,186.58,1,Mobile,0
305047,Referral,29,10556.95,1,1,168.48,6,Desktop,1
305048,Display,61,9418.84,3,2,157.62,5,Mobile,1
305049,Search,51,7796.59,14,5,210.96,4,Mobile,0
305050,Referral,43,9280.27,2,2,435.27,1,Mobile,0
305051,Email,41,12280.0,13,5,69.99,5,Mobile,0
305052,Display,41,8488.58,5,3,419.65,4,Mobile,0
305053,Referral,21,8774.57,14,3,207.52,5,Tablet,0
305054,Email,21,9957.76,4,1,328.82,1,Mobile,0
305055,Email,37,6918.64,11,4,194.86,2,Tablet,1
305056,Social Media,23,9314.35,15,2,56.33,5,Mobile,0
305057,Search,42,9324.38,2,2,123.57,4,Desktop,0
305058,Display,56,5306.69,5,3,125.87,6,Mobile,0
305059,Social Media,49,11491.68,13,1,294.92,4,Mobile,0
305060,Email,44,4270.42,2,1,237.68,4,Mobile,0
305061,Email,43,2000.0,15,3,93.55,1,Desktop,1
305062,Email,20,12365.14,9,2,169.59,0,Desktop,0
305063,Social Media,38,10943.06,10,3,149.48,4,Mobile,1
305064,Search,23,2000.0,1,1,126.55,4,Desktop,0
305065,Email,53,7998.11,7,1,279.7,2,Mobile,0
305066,Email,52,8195.99,2,2,175.06,6,Mobile,0
305067,Social Media,18,7821.58,10,2,68.09,5,Desktop,0
305068,Referral,37,7918.32,12,2,80.73,1,Mobile,0
305069,Referral,41,4217.68,10,1,73.68,2,Tablet,0
305070,Search,27,10381.38,12,1,20.71,5,Mobile,0
305071,Search,31,11108.43,11,4,169.92,5,Mobile,0
305072,Display,37,12657.73,4,4,192.8,3,Mobile,0
305073,Email,26,9560.03,5,0,166.35,3,Mobile,0
305074,Social Media,55,7373.38,14,5,293.07,3,Mobile,0
305075,Referral,20,14803.08,10,2,109.47,1,Tablet,0
305076,Referral,20,7326.28,14,0,30.77,6,Mobile,0
305077,Email,37,10686.52,9,3,201.36,0,Mobile,0
305078,Display,46,12420.42,10,3,170.25,1,Desktop,0
305079,Search,35,14099.87,7,2,222.13,0,Mobile,0
305080,Referral,37,11312.06,12,3,58.31,2,,0
305081,Display,53,13901.92,15,4,139.72,6,Mobile,0
305082,Display,52,12450.63,12,1,293.47,0,Mobile,0
305083,Search,33,7163.4,9,1,268.49,3,Desktop,0
305084,Display,50,6249.85,3,3,102.29,1,Mobile,0
305085,Referral,24,9678.94,14,2,67.52,1,Desktop,0
305086,Search,37,9617.51,15,3,93.54,1,Desktop,0
305087,Email,22,8479.14,7,4,243.47,5,Tablet,0
305088,Social Media,51,9193.23,15,3,27.23,4,Mobile,0
305089,Social Media,35,6694.88,11,4,235.48,5,Desktop,0
305090,Display,46,3630.67,15,3,222.2,1,Mobile,0
305091,Search,51,10172.47,10,4,127.98,4,Mobile,0
305092,Email,38,9050.37,8,1,174.35,3,Mobile,0
305093,Email,55,3418.57,9,4,103.78,2,Mobile,0
305094,Social Media,18,7243.57,2,2,226.63,2,Desktop,0
305095,Referral,40,13612.66,10,2,225.25,2,Mobile,1
305096,Referral,21,9582.45,5,3,111.43,5,Tablet,0
305097,Email,64,4745.83,1,1,99.7,3,Desktop,0
305098,Search,29,6004.09,13,2,148.26,5,Mobile,0
305099,Search,53,9455.4,9,4,170.51,6,Mobile,1
305100,Search,26,6237.17,5,2,224.55,2,Mobile,0
305101,Referral,39,4622.83,4,3,348.04,1,Mobile,1
305102,Email,53,8665.44,9,2,106.06,5,Mobile,0
305103,Social Media,31,9043.8,5,3,113.9,6,Mobile,0
305104,Email,20,8223.28,2,2,673.57,6,Tablet,0
305105,Email,55,9639.13,2,2,108.83,2,Desktop,0
305106,Email,32,11201.45,2,1,248.55,3,Desktop,0
305107,Search,28,8041.73,10,1,133.1,0,Mobile,0
305108,Display,20,8125.57,2,2,144.0,0,Mobile,0
305109,Display,51,3241.73,8,3,57.9,5,Desktop,1
305110,Search,21,12161.8,4,3,120.51,1,Mobile,0
305111,Search,41,9039.97,5,3,392.4,6,Mobile,0
305112,Email,45,14475.35,8,4,283.17,2,Mobile,0
305113,Display,52,10644.92,6,2,238.01,1,Mobile,0
305114,Referral,37,8259.93,8,3,163.07,1,Mobile,0
305115,Search,40,10259.69,2,2,99.38,3,Desktop,0
305116,Search,24,8025.07,9,3,189.38,4,Mobile,0
305117,Referral,23,8305.99,12,4,596.81,3,Mobile,0
305118,Search,65,8216.83,5,5,220.05,3,Mobile,0
305119,Display,20,7503.46,5,1,55.16,4,Tablet,0
305120,Social Media,26,11775.79,3,2,320.82,6,Mobile,0
305121,Search,38,14189.98,5,2,174.81,2,Desktop,1
305122,Social Media,39,7715.4,14,1,247.4,2,Desktop,0
305123,,27,6599.38,15,3,458.21,3,Mobile,0
305124,Referral,21,7657.08,12,2,117.27,4,Tablet,0
305125,Search,53,7521.45,11,3,106.88,4,Mobile,0
305126,Display,29,9318.89,13,1,113.35,4,Mobile,0
305127,Social Media,59,7603.04,2,2,84.3,3,Mobile,0
305128,Referral,62,4680.8,2,1,179.25,0,Desktop,0
305129,Email,22,12830.34,7,2,36.93,2,Mobile,1
305130,Search,64,12000.63,1,1,294.1,6,Mobile,0
305131,Social Media,44,8823.76,1,1,147.48,2,Mobile,1
305132,Referral,51,2319.53,13,3,261.51,0,Tablet,0
305133,Referral,27,8979.64,4,4,104.66,2,Tablet,1
305134,Email,41,2969.08,12,0,61.09,6,Mobile,0
305135,Referral,43,9898.21,11,3,225.42,5,Mobile,0
305136,Social Media,63,2881.6,10,1,130.11,5,Mobile,0
305137,Search,36,8413.58,10,3,271.45,6,Tablet,1
305138,Search,20,8685.73,5,5,332.88,0,Mobile,0
305139,Social Media,43,6515.36,10,3,156.9,6,Desktop,0
305140,Email,44,11164.5,10,1,57.5,5,Desktop,0
305141,Referral,36,8081.11,6,4,174.99,2,Tablet,0
305142,Email,50,5365.98,6,4,150.93,5,Tablet,1
305143,Social Media,58,9304.85,12,2,321.59,4,Mobile,0
305144,Email,54,8722.82,6,3,47.91,2,Mobile,0
305145,Display,55,6979.1,13,0,193.57,1,Mobile,0
305146,Referral,35,7440.15,3,1,428.77,0,Mobile,0
305147,Social Media,50,5145.76,8,7,264.16,3,Desktop,1
305148,Search,27,8800.92,4,3,202.96,4,Mobile,0
305149,Search,46,6348.34,1,1,186.23,3,Mobile,0
305150,Search,48,7132.36,1,1,87.5,1,Mobile,0
305151,Referral,43,6653.41,9,2,140.55,6,Mobile,0
305152,Display,47,8529.18,10,5,151.62,1,Mobile,0
305153,Email,21,7928.02,11,2,129.49,0,Mobile,1
305154,Social Media,58,2000.0,9,5,368.53,1,Desktop,0
305155,Search,37,9333.36,7,4,131.14,0,Desktop,0
305156,Display,30,4451.25,8,4,413.07,6,Tablet,1
305157,Social Media,58,7461.82,11,5,164.15,5,Desktop,0
305158,Referral,26,10151.26,9,1,122.94,5,Mobile,0
305159,Search,25,9116.95,14,2,89.02,3,Mobile,0
305160,Search,62,12141.83,8,4,123.09,5,Tablet,1
305161,Social Media,27,6561.07,9,2,173.89,3,Desktop,1
305162,Referral,43,7565.42,12,6,658.23,2,Mobile,0
305163,Search,38,2000.0,8,2,92.68,2,Mobile,0
305164,Referral,39,8514.63,2,1,163.54,5,Desktop,0
305165,Search,39,6209.18,11,5,385.38,1,Desktop,0
305166,Display,26,8689.13,10,5,305.72,2,Desktop,1
305167,Referral,48,11386.39,13,3,94.75,5,Mobile,0
305168,Search,24,7823.66,8,4,70.02,5,Mobile,0
305169,Social Media,19,10959.88,14,3,221.98,3,Desktop,0
305170,Social Media,37,10258.72,14,4,276.14,1,Mobile,1
305171,Email,65,4548.55,10,1,115.32,1,Desktop,0
305172,Social Media,18,8112.21,13,2,234.4,3,Mobile,0
305173,Referral,19,2000.0,4,3,179.85,3,Mobile,0
305174,,21,7171.85,5,1,134.83,5,Tablet,0
305175,Search,63,9815.14,12,2,294.33,0,Desktop,0
305176,Referral,56,6872.27,13,4,146.52,2,Mobile,0
305177,Referral,34,7004.32,6,1,57.12,0,Mobile,1
305178,Referral,41,5931.77,15,4,448.73,1,Tablet,0
305179,Social Media,59,10500.8,13,2,121.31,2,Mobile,0
305180,Email,23,10660.31,3,1,225.06,4,Mobile,0
305181,Email,55,8679.87,14,3,103.22,6,Mobile,0
305182,Social Media,43,6816.66,1,1,375.34,6,Mobile,0
305183,Referral,25,13186.57,6,5,104.81,5,Mobile,0
305184,Social Media,44,8328.06,10,2,118.8,5,Desktop,0
305185,Social Media,41,6634.54,12,5,31.3,4,Mobile,0
305186,Social Media,57,5223.6,13,3,368.85,0,Mobile,0
305187,Search,42,8344.13,10,2,405.91,3,Desktop,0
305188,Referral,36,8974.59,2,1,89.21,5,Desktop,0
305189,Social Media,61,3864.51,11,5,152.65,6,Desktop,0
305190,Referral,30,11965.83,7,4,156.28,6,Mobile,0
305191,Email,34,7038.7,15,1,34.64,0,Desktop,0
305192,Search,20,9884.46,11,3,178.32,1,Mobile,0
305193,Search,63,9591.42,13,3,79.07,0,Mobile,0
305194,Search,59,14254.23,1,1,221.88,0,Desktop,0
305195,Social Media,38,7991.82,12,2,138.31,0,Desktop,0
305196,Social Media,52,9405.85,8,6,370.12,6,,0
305197,Search,33,9916.43,9,5,98.4,4,Mobile,0
305198,Social Media,52,3767.69,14,7,148.68,5,Mobile,1
305199,Referral,58,6553.42,8,2,340.02,5,Desktop,0
305200,Referral,22,5434.24,7,3,278.22,5,Mobile,0
305201,Search,62,7219.3,1,1,89.35,3,Desktop,0
305202,Search,39,8569.33,9,2,57.12,4,Mobile,0
305203,Social Media,24,14793.05,10,2,98.56,3,Tablet,0
305204,Social Media,24,6869.9,3,3,284.56,2,Mobile,0
305205,Display,54,9156.48,15,3,123.17,0,Mobile,1
305206,Referral,35,15486.17,2,2,211.67,5,Desktop,0
305207,Referral,23,12633.3,11,3,197.23,5,Desktop,1
305208,Email,63,6293.71,7,4,138.87,4,Desktop,0
305209,Social Media,48,,5,5,214.11,6,Desktop,1
305210,Display,28,12305.95,11,2,149.24,4,Mobile,0
305211,Social Media,41,5162.4,7,4,80.54,1,Desktop,1
305212,Referral,51,8274.56,3,2,612.92,3,Mobile,0
305213,Referral,56,7787.07,4,4,203.48,3,Mobile,0
305214,Search,52,3987.57,2,2,209.43,3,Desktop,0
305215,Email,18,9190.43,3,3,97.63,6,Desktop,1
305216,Referral,33,7697.07,4,4,110.32,4,Desktop,0
305217,Email,48,12004.5,12,3,143.95,2,Mobile,0
305218,Search,42,7152.03,6,6,234.0,3,Desktop,1
305219,Referral,55,5667.65,4,3,138.58,4,Desktop,0
305220,Email,18,10566.5,4,0,185.66,6,Desktop,0
305221,Display,62,5736.02,13,1,290.03,0,Mobile,0
305222,Search,27,10346.81,2,1,101.88,6,Desktop,0
305223,Email,40,12626.44,6,3,360.85,5,Tablet,0
305224,Email,53,3353.46,4,0,289.72,6,Mobile,0
305225,Email,46,12695.26,9,3,218.18,6,Desktop,1
305226,Social Media,50,5947.05,1,1,122.23,4,Mobile,0
305227,Email,20,10023.5,15,3,420.73,2,Mobile,0
305228,Display,40,9221.37,3,3,254.13,2,Mobile,1
305229,Referral,42,5223.54,7,7,34.76,0,Mobile,1
305230,Search,65,10208.46,4,0,247.31,4,Mobile,0
305231,Referral,29,6600.81,14,4,294.48,4,Desktop,0
305232,Search,23,6092.07,13,1,23.64,3,Mobile,0
305233,Search,51,5550.3,15,0,160.46,5,Mobile,0
305234,Email,40,4436.87,12,2,117.64,3,Tablet,0
305235,Display,36,6333.87,9,4,9.97,2,Mobile,1
305236,Display,57,8253.15,5,4,216.3,2,Mobile,0
305237,Email,28,15591.31,7,2,74.39,4,Desktop,0
305238,Search,61,5288.95,12,5,187.02,6,Mobile,0
305239,Display,22,6744.74,4,2,141.07,0,Desktop,0
305240,Social Media,29,7438.46,12,5,411.48,2,Tablet,0
305241,Display,29,10632.04,7,4,131.51,2,Desktop,0
305242,Social Media,28,6546.46,9,3,11.0,3,Desktop,1
305243,Search,19,6535.64,5,4,148.11,5,Desktop,0
305244,Search,59,13301.43,12,3,162.29,1,Desktop,0
305245,Referral,38,8029.46,3,2,196.0,4,Mobile,0
305246,Search,53,7140.78,7,1,177.72,3,Mobile,0
305247,Search,38,3235.86,5,4,169.2,4,Desktop,1
305248,Search,43,10844.11,7,6,196.47,2,Mobile,0
305249,,39,6974.68,14,1,156.35,5,Desktop,0
305250,Social Media,28,5694.66,14,2,36.2,4,Desktop,0
305251,Display,45,10085.3,15,1,156.71,6,Desktop,0
305252,Referral,22,4750.2,10,3,216.53,6,Mobile,1
305253,Display,18,12397.84,12,2,257.65,5,Mobile,0
305254,Social Media,24,8970.59,6,1,242.04,6,Mobile,0
305255,Search,45,13044.67,12,1,219.04,1,Tablet,0
305256,Search,19,7070.04,5,3,322.54,3,Mobile,1
305257,Referral,46,13005.88,10,3,112.84,2,Mobile,0
305258,Referral,44,9421.44,13,3,260.11,1,Mobile,0
305259,Display,28,7740.59,13,4,209.16,5,Desktop,0
305260,Referral,26,8399.38,9,1,269.14,4,Tablet,1
305261,Social Media,36,8885.57,14,1,92.98,2,Mobile,0
305262,Search,65,11161.23,14,3,61.72,6,Desktop,0
305263,Referral,45,14473.96,15,2,52.63,5,Desktop,0
305264,Social Media,53,2531.45,8,3,153.9,4,Mobile,0
305265,Display,35,7219.49,9,1,462.25,3,Mobile,0
305266,Referral,64,9585.17,10,0,167.24,6,Tablet,0
305267,Email,30,3575.99,2,2,115.35,5,Mobile,0
305268,Search,25,10827.97,12,2,123.75,2,Mobile,0
305269,Display,45,10135.18,14,4,312.48,4,Mobile,0
305270,Email,63,,4,1,56.33,1,Desktop,1
305271,Referral,45,10821.58,1,1,77.33,4,Mobile,0
305272,Email,22,7533.62,9,1,260.8,3,Mobile,0
305273,Email,22,8941.8,15,0,69.12,4,Mobile,0
305274,Email,25,8252.43,2,2,214.12,0,Mobile,0
305275,Social Media,19,6436.58,6,3,273.36,4,Desktop,0
305276,Referral,55,12004.63,6,3,136.44,4,Desktop,0
305277,Referral,37,8203.83,13,0,207.46,3,Desktop,0
305278,Email,64,7744.48,11,3,130.7,3,Mobile,1
305279,Email,42,6080.19,6,1,403.85,1,Mobile,1
305280,Social Media,60,6738.83,13,1,335.21,5,Mobile,0
305281,Display,50,12158.23,5,2,96.89,6,Desktop,0
305282,Search,55,9001.94,15,4,155.98,5,Mobile,0
305283,Search,29,9747.14,3,2,213.89,4,Desktop,0
305284,Social Media,57,8690.6,15,3,185.45,1,Mobile,0
305285,Social Media,47,10273.06,10,1,181.4,0,Mobile,1
305286,Display,55,8658.44,1,1,191.92,5,Desktop,0
305287,Display,39,6087.58,4,3,200.98,0,Mobile,0
305288,Referral,61,8531.36,14,2,404.02,2,Desktop,0
305289,Search,33,13838.81,7,3,299.51,3,Mobile,0
305290,Social Media,26,11200.04,6,3,97.48,1,Desktop,0
305291,Email,24,10725.52,14,2,167.95,5,Mobile,0
305292,Email,40,9292.49,12,3,322.43,4,Desktop,0
305293,Search,56,3878.27,10,2,202.96,1,Mobile,0
305294,Email,39,6580.52,7,6,345.04,1,Mobile,0
305295,Social Media,32,2838.8,13,3,115.28,3,Mobile,0
305296,Email,42,12806.31,5,3,125.61,1,Mobile,0
305297,Email,36,4069.08,2,2,280.16,0,Tablet,1
305298,Social Media,24,9500.53,11,3,92.64,1,Desktop,0
305299,Display,62,8500.25,3,3,181.84,3,Mobile,0
305300,Email,18,6728.57,6,2,244.34,5,Tablet,0
305301,Search,43,3152.5,1,0,177.11,4,Mobile,0
305302,Referral,61,11839.77,11,2,485.36,6,Mobile,1
305303,Email,48,2802.5,8,1,67.35,0,Mobile,0
305304,Email,46,7571.53,6,5,126.3,4,Mobile,1
305305,Email,22,3143.5,14,2,73.45,6,Mobile,1
305306,Social Media,25,13904.95,4,3,21.02,3,Tablet,1
305307,Email,28,3389.29,11,3,372.62,1,Mobile,0
305308,Display,62,10651.96,2,2,-81.24,2,Mobile,0
305309,Display,43,3508.81,5,1,205.31,5,Desktop,0
305310,Search,58,10257.22,13,2,207.35,2,Desktop,0
305311,Social Media,44,6448.55,4,4,95.69,1,Tablet,0
305312,Display,58,7096.52,9,2,229.27,1,Desktop,0
305313,Search,44,2914.36,3,2,295.69,0,Desktop,0
305314,Referral,40,9792.51,10,7,476.07,1,Mobile,0
305315,Display,56,5162.1,15,4,182.14,2,Desktop,0
305316,Social Media,29,12666.42,5,2,89.09,1,Desktop,0
305317,Social Media,39,7897.46,5,2,244.37,5,Mobile,0
305318,Email,44,3888.42,3,3,253.26,3,Mobile,1
305319,Search,36,9814.54,8,5,547.97,5,Desktop,1
305320,Email,31,10541.37,9,2,275.67,3,Mobile,1
305321,Search,18,12699.75,7,4,256.84,5,Tablet,1
305322,Referral,49,8607.73,2,2,132.94,5,Desktop,1
305323,Search,50,6491.97,1,1,192.91,3,Mobile,0
305324,Referral,35,12473.19,9,3,269.79,1,Mobile,0
305325,Email,26,6519.28,8,1,178.34,5,Desktop,0
305326,Email,24,7282.6,3,3,276.91,5,Mobile,1
305327,Referral,50,15154.2,1,1,274.87,4,Desktop,0
305328,Social Media,49,7371.11,5,4,383.0,2,Desktop,0
305329,Referral,58,7100.96,10,5,151.98,5,Mobile,0
305330,Display,33,10774.49,8,3,254.07,6,Mobile,1
305331,Social Media,46,12910.95,7,2,516.95,1,Mobile,1
305332,Search,65,4825.57,11,7,603.78,5,Tablet,1
305333,Display,61,7586.17,12,2,115.91,4,Desktop,1
305334,Search,36,14684.74,15,3,255.49,6,Mobile,0
305335,Email,38,4408.53,1,1,217.82,0,Desktop,0
305336,Social Media,34,12271.16,13,4,62.71,2,Tablet,0
305337,Referral,39,7966.42,15,1,199.9,0,Desktop,1
305338,Referral,26,3104.24,3,2,430.4,3,Mobile,1
305339,Search,60,4808.07,7,2,71.9,2,Mobile,0
305340,Email,28,8393.96,14,3,127.06,5,Mobile,0
305341,Search,26,11504.24,6,2,386.42,3,Desktop,0
305342,Social Media,62,8712.29,13,8,182.76,6,Desktop,0
305343,Social Media,45,10527.55,3,3,88.78,0,Desktop,1
305344,Social Media,49,9141.39,7,5,104.24,2,Mobile,0
305345,Email,21,5298.9,12,3,331.31,3,Mobile,0
305346,Social Media,25,16486.27,10,2,198.68,4,Desktop,0
305347,Social Media,56,6169.42,3,0,13.38,1,Mobile,0
305348,Display,23,10156.52,11,5,223.89,2,Mobile,0
305349,Referral,33,5834.44,4,2,97.55,4,Desktop,0
305350,Referral,22,11355.53,11,2,53.31,1,Mobile,0
305351,Social Media,21,12824.58,12,3,667.05,3,Mobile,0
305352,Email,39,7517.42,9,1,83.99,0,Mobile,0
305353,Social Media,57,5415.27,15,2,311.85,3,Desktop,0
305354,Search,35,8246.82,2,0,50.83,1,Mobile,0
305355,Email,38,8209.44,12,3,49.46,6,Desktop,0
305356,Referral,46,5881.19,4,3,104.14,2,Desktop,1
305357,Display,62,5258.58,5,0,498.07,4,Mobile,0
305358,Referral,29,3112.86,6,4,327.2,2,Mobile,1
305359,Social Media,44,11224.52,6,0,180.11,6,Mobile,0
305360,Email,54,7189.09,3,3,64.15,5,Mobile,0
305361,Search,25,8656.65,15,1,114.58,4,Mobile,0
305362,Referral,51,5483.59,2,2,167.01,4,Desktop,1
305363,Referral,41,9724.48,7,2,170.53,4,Desktop,0
305364,Referral,36,10282.34,4,1,225.64,3,Mobile,0
305365,Social Media,34,12091.28,2,2,527.76,4,Mobile,0
305366,Search,32,6822.86,15,2,51.27,5,Mobile,0
305367,Search,62,5049.01,13,3,74.14,4,Desktop,0
305368,Display,21,6238.05,5,3,96.56,0,Desktop,0
305369,Search,37,10137.31,12,1,60.04,4,Desktop,0
305370,Email,51,12695.37,9,2,368.77,0,Desktop,0
305371,Email,21,2224.72,12,2,91.08,3,Mobile,0
305372,Social Media,28,9349.09,3,3,123.54,0,Desktop,0
305373,Email,44,7703.69,14,1,87.23,4,Mobile,0
305374,Social Media,41,6820.67,5,5,246.5,2,Desktop,0
305375,Social Media,51,8222.42,2,1,491.48,3,,0
305376,Referral,57,15174.26,5,3,261.47,3,Mobile,0
305377,Email,45,4491.42,3,2,126.41,0,Desktop,0
305378,Social Media,24,8818.9,12,2,208.67,6,Mobile,0
305379,Email,36,8905.39,6,3,73.14,3,Desktop,0
305380,Social Media,53,7474.48,3,1,451.6,0,Mobile,0
305381,Email,19,11010.85,14,2,262.28,6,Mobile,0
305382,Social Media,51,4801.86,13,3,347.87,0,Tablet,0
305383,Social Media,39,12898.86,15,7,224.78,5,Mobile,0
305384,Referral,33,13085.82,4,4,79.71,5,Mobile,0
305385,Email,35,11851.5,1,1,544.62,4,Mobile,0
305386,Social Media,58,7870.85,5,3,69.69,2,Desktop,0
305387,Email,45,11594.63,10,3,58.66,3,Mobile,1
305388,Search,38,10681.78,3,0,157.99,5,Mobile,0
305389,Display,21,5076.62,4,2,141.69,5,Mobile,0
305390,Referral,18,8900.36,10,5,185.32,5,Desktop,0
305391,Referral,31,11347.63,6,5,115.75,1,Desktop,1
305392,Referral,32,10700.55,6,2,195.23,6,Desktop,0
305393,Email,62,9026.76,13,1,171.57,5,Desktop,0
305394,Search,50,10577.97,1,1,18.04,5,Desktop,0
305395,Email,49,17656.81,2,2,240.52,5,Mobile,0
305396,Social Media,31,8407.71,10,5,102.28,1,Mobile,1
305397,Email,51,8345.99,3,1,454.33,4,Mobile,0
305398,Search,65,12665.85,14,2,308.67,3,Mobile,0
305399,Display,50,11838.7,11,3,21.77,3,Mobile,0
305400,Social Media,45,8213.64,10,2,115.94,5,Desktop,0
305401,Social Media,18,7493.91,3,3,158.86,3,,0
305402,Search,45,8977.96,7,1,270.77,2,Mobile,0
305403,Referral,31,11191.49,4,4,294.99,4,Mobile,0
305404,Search,34,6834.04,7,0,363.5,5,Mobile,0
305405,Referral,27,3517.11,7,7,26.37,4,Mobile,0
305406,Social Media,44,17050.29,13,0,138.49,4,Desktop,0
305407,Email,46,8755.97,6,4,340.07,1,Tablet,1
305408,Display,37,7814.35,8,2,462.82,0,Mobile,0
305409,Email,32,7182.03,2,2,40.86,1,Desktop,0
305410,Search,32,8546.91,13,3,193.75,4,Mobile,0
305411,Referral,29,6681.86,10,5,168.28,6,Mobile,0
305412,Referral,26,10407.25,11,1,93.34,4,Mobile,0
305413,Search,22,12428.64,13,4,345.82,5,Desktop,0
305414,Referral,30,11165.85,15,3,105.47,5,Desktop,0
305415,Social Media,29,9107.32,7,6,515.87,3,Tablet,0
305416,Social Media,58,8704.79,12,5,79.88,4,Desktop,1
305417,Display,36,7352.65,12,2,265.55,4,Desktop,0
305418,Email,51,5191.66,13,2,62.05,4,Mobile,0
305419,Search,37,14182.88,8,7,305.66,4,Mobile,1
305420,Email,30,13455.92,7,2,446.19,2,Mobile,0
305421,Search,22,10495.35,8,2,197.83,4,Desktop,0
305422,Search,49,7140.49,13,1,137.89,6,Desktop,0
305423,Email,63,5359.34,6,3,392.89,0,Desktop,0
305424,Referral,38,9002.47,4,1,302.34,5,Desktop,0
305425,Referral,64,2000.0,13,4,203.33,0,Mobile,0
305426,Search,32,7446.29,6,5,206.53,5,Mobile,0
305427,Search,50,6913.52,7,3,131.67,0,Tablet,0
305428,Search,46,5484.25,6,5,98.0,2,Mobile,1
305429,Display,65,7018.66,1,1,274.25,0,Desktop,0
305430,Search,46,6584.28,3,2,218.48,4,Tablet,0
305431,Display,28,2800.08,8,7,144.91,6,Tablet,0
305432,Referral,51,8587.57,3,3,85.84,2,Mobile,0
305433,Social Media,50,11531.36,5,2,323.33,5,Mobile,0
305434,Display,33,10281.71,10,4,140.63,6,Tablet,0
305435,,46,10040.57,13,4,136.63,6,Mobile,1
305436,Referral,37,5690.24,1,1,391.93,4,Mobile,1
305437,Email,58,7892.36,5,3,92.09,1,Mobile,0
305438,Email,38,11016.2,8,2,435.22,3,Mobile,1
305439,Email,33,9877.16,3,3,235.8,1,Mobile,0
305440,Social Media,42,6629.22,2,2,158.78,3,Mobile,1
305441,Social Media,19,6896.0,9,4,66.07,0,Desktop,0
305442,Search,27,10701.32,6,6,262.55,5,Mobile,1
305443,Display,54,9240.06,7,4,168.98,1,Tablet,0
305444,Email,52,13400.85,7,1,63.55,1,Desktop,0
305445,Social Media,64,10749.47,13,0,134.91,6,Tablet,0
305446,Referral,27,6344.26,4,4,236.66,1,Mobile,0
305447,Email,40,7451.7,15,4,39.06,4,Mobile,1
305448,Social Media,18,6439.42,4,4,272.99,3,Mobile,0
305449,Social Media,18,12747.53,7,5,581.7,1,Desktop,0
305450,Search,22,11657.79,2,1,165.23,0,Mobile,0
305451,Referral,45,9279.56,14,2,84.84,5,Mobile,0
305452,Social Media,61,2535.43,1,1,259.15,1,Mobile,1
305453,Email,24,12287.45,7,4,258.7,3,Desktop,0
305454,Display,45,2000.0,14,5,194.73,2,Tablet,0
305455,Referral,48,3328.66,3,3,176.66,3,Desktop,0
305456,Display,50,5931.48,3,3,165.26,0,Mobile,0
305457,Search,62,3638.64,2,2,254.61,5,Mobile,0
305458,Referral,59,15846.34,12,3,183.63,0,Mobile,0
305459,Social Media,19,5116.51,6,1,579.89,6,Desktop,0
305460,Social Media,56,7427.02,4,2,138.47,1,Mobile,1
305461,Display,60,8568.37,7,6,88.06,6,Mobile,1
305462,Referral,34,8315.08,5,4,46.89,4,Desktop,0
305463,Referral,37,5781.42,6,3,115.1,3,Desktop,0
305464,Referral,33,7667.08,11,2,54.69,1,Desktop,1
305465,Email,57,9962.72,9,2,366.35,4,Mobile,1
305466,Display,31,8841.4,4,3,70.56,3,Desktop,0
305467,Search,62,11877.0,8,2,219.04,4,Desktop,1
305468,Social Media,62,7363.91,4,3,105.52,6,Desktop,0
305469,Social Media,44,5218.27,11,4,261.79,5,Desktop,0
305470,Social Media,19,3736.45,11,2,80.02,5,Mobile,1
305471,Email,65,10358.31,5,4,75.27,3,Desktop,0
305472,Search,19,10837.68,4,4,306.03,6,Desktop,1
305473,Email,27,11348.24,12,4,130.98,0,Desktop,0
305474,Display,30,2743.06,7,2,89.02,4,Mobile,0
305475,Social Media,41,10283.14,14,0,62.91,5,Mobile,1
305476,Search,45,16400.65,13,3,166.81,3,Desktop,0
305477,Social Media,53,8943.6,6,2,177.86,2,Desktop,0
305478,Email,54,8387.17,13,3,300.61,1,Tablet,0
305479,Referral,34,7531.49,13,4,231.04,1,Desktop,1
305480,Email,30,6029.32,3,1,133.9,3,Mobile,0
305481,Email,22,7560.83,6,1,368.83,4,Mobile,1
305482,Email,56,7040.6,14,0,235.58,5,Desktop,1
305483,Display,53,5305.23,13,4,251.3,3,Desktop,0
305484,Social Media,32,14864.11,6,5,111.13,1,Desktop,0
305485,Display,36,4766.97,3,3,397.69,3,Mobile,0
305486,Email,0,17377.93,13,2,63.26,4,Mobile,0
305487,Email,61,14993.12,6,2,131.78,6,Mobile,0
305488,Display,43,3723.83,5,1,123.32,1,Mobile,0
305489,Search,52,9089.9,5,4,129.63,5,Mobile,0
305490,Display,41,10043.23,13,2,307.24,1,Mobile,0
305491,Referral,37,7125.06,11,5,237.48,1,Desktop,0
305492,Display,37,7771.85,4,0,314.53,1,Mobile,0
305493,Social Media,64,16620.46,7,2,169.59,5,Mobile,0
305494,Email,43,10542.8,13,6,38.61,3,Desktop,0
305495,Search,58,8044.35,11,7,202.01,6,Mobile,0
305496,Social Media,61,10721.54,7,3,362.85,5,Mobile,0
305497,Email,18,4514.98,8,3,325.95,1,Desktop,0
305498,Display,18,7730.7,14,5,421.05,4,Mobile,1
305499,Email,51,7258.88,3,3,124.87,2,Tablet,0
305500,Social Media,18,9555.12,7,3,233.73,1,Mobile,0
305501,Social Media,25,8931.23,11,2,201.06,6,Desktop,0
305502,Social Media,23,10330.09,11,2,322.05,2,Desktop,1
305503,Social Media,52,5985.73,5,0,74.42,2,Mobile,0
305504,Email,51,5691.17,4,3,100.82,4,Mobile,0
305505,Referral,32,5592.35,10,3,34.86,3,Desktop,0
305506,Search,45,10352.13,12,1,211.37,4,Desktop,0
305507,Social Media,49,7623.46,15,1,32.74,1,Mobile,0
305508,Social Media,43,11147.77,5,4,183.86,2,Desktop,0
305509,Search,21,7510.65,4,4,365.02,3,Mobile,0
305510,Search,39,8004.22,14,1,346.11,1,Mobile,0
305511,Search,33,12774.41,3,0,108.88,1,Desktop,0
305512,Display,21,12865.55,8,4,813.04,1,Tablet,0
305513,Social Media,26,15391.48,1,1,68.56,4,Mobile,0
305514,Email,44,7555.6,14,2,140.3,1,Mobile,1
305515,Email,62,2477.26,14,4,117.85,2,Mobile,0
305516,Referral,35,8831.04,15,5,355.23,2,Mobile,0
305517,Search,58,14966.9,4,4,230.68,4,Mobile,1
305518,Email,51,4664.68,13,4,94.38,2,Desktop,0
305519,Email,63,9786.29,5,3,197.23,3,Desktop,0
305520,Display,52,8056.31,8,6,482.25,0,Desktop,1
305521,Social Media,29,8609.72,3,3,110.63,2,Mobile,0
305522,Email,33,2557.58,8,1,301.58,3,Tablet,0
305523,Social Media,49,8682.44,1,1,112.93,5,Mobile,0
305524,Search,20,7618.85,7,3,520.01,1,Mobile,1
305525,Social Media,18,11452.12,9,1,129.72,1,Mobile,0
305526,Social Media,54,2793.16,14,2,219.48,2,Desktop,0
305527,Email,54,10369.92,8,3,315.91,1,Mobile,0
305528,Search,61,14360.41,6,2,456.67,5,Mobile,0
305529,Display,33,2000.0,8,3,37.75,2,Mobile,1
305530,Social Media,37,11871.3,7,6,357.32,5,Mobile,0
305531,Referral,58,7297.94,2,2,265.62,2,Desktop,0
305532,Search,36,4987.75,9,2,130.14,6,Tablet,0
305533,Referral,62,2000.0,10,4,169.18,5,Desktop,0
305534,Referral,40,15514.87,9,5,217.51,6,Mobile,0
305535,Social Media,47,3177.6,1,1,53.77,2,Desktop,0
305536,Search,42,10247.79,6,2,74.37,3,Mobile,0
305537,Search,28,8897.02,2,2,142.25,4,Mobile,0
305538,Search,64,8383.32,15,5,42.93,0,Mobile,0
305539,Referral,33,9425.72,10,2,457.91,5,Desktop,0
305540,Search,25,4593.77,13,2,252.55,1,Mobile,0
305541,Social Media,59,7865.55,1,1,90.85,3,Desktop,0
305542,Email,61,7191.4,13,3,266.38,4,Desktop,1
305543,Email,48,7486.9,1,1,375.72,0,,0
305544,Email,61,2751.28,2,1,281.1,4,Tablet,0
305545,Social Media,47,5533.92,7,4,60.08,0,Desktop,0
305546,Display,37,12108.22,4,3,90.08,0,Mobile,0
305547,Referral,54,2864.62,8,8,59.21,3,Desktop,1
305548,Email,60,6447.07,2,2,132.13,3,Desktop,0
305549,Display,58,10943.59,14,2,119.9,1,Tablet,0
305550,Email,19,5963.81,13,4,95.38,4,Desktop,0
305551,Social Media,33,7423.83,6,2,250.18,2,Desktop,0
305552,Email,59,10310.64,6,2,272.47,6,Tablet,0
305553,Display,58,14242.92,8,1,180.82,4,Mobile,0
305554,Display,24,9163.0,15,5,224.12,4,Mobile,0
305555,Social Media,21,10903.52,8,2,212.89,5,Mobile,0
305556,Email,25,9395.19,2,2,99.39,1,Mobile,0
305557,Email,21,5418.41,6,5,280.96,3,Mobile,1
305558,Email,29,7019.87,11,4,107.01,4,Tablet,1
305559,Referral,35,9619.48,2,0,230.2,2,Mobile,1
305560,Email,31,10547.21,3,1,145.53,4,Desktop,0
305561,Search,46,7668.02,13,4,355.21,1,Desktop,0
305562,Search,45,8506.97,14,3,300.48,2,Mobile,0
305563,Search,54,5598.93,9,1,308.77,0,Mobile,0
305564,Search,60,6425.82,13,2,135.25,2,Desktop,0
305565,Social Media,58,5884.66,3,1,80.23,5,Desktop,0
305566,Referral,50,10213.57,5,1,166.14,3,Desktop,0
305567,Referral,57,4151.34,1,1,95.92,3,Mobile,0
305568,Email,37,11895.69,15,2,283.76,0,Tablet,0
305569,Email,62,8933.28,9,2,174.46,6,Tablet,0
305570,Social Media,19,9739.48,4,4,142.43,2,Mobile,0
305571,Social Media,45,15097.49,14,3,53.21,4,Tablet,1
305572,Social Media,59,8538.12,5,3,159.51,0,Desktop,1
305573,Email,21,12193.82,4,4,420.47,3,Mobile,0
305574,Referral,41,5450.95,2,2,86.27,0,Desktop,0
305575,Referral,19,9591.93,2,1,151.83,2,Desktop,0
305576,Referral,42,6196.09,3,1,330.35,0,Desktop,0
305577,Search,53,3523.2,5,2,216.96,6,Mobile,0
305578,Referral,18,10261.01,11,4,49.85,4,Desktop,0
305579,Email,56,11637.94,10,3,48.64,4,Desktop,0
305580,Display,37,10921.13,2,2,486.99,0,Mobile,0
305581,Social Media,52,13600.75,12,3,358.27,5,Mobile,0
305582,Referral,36,5167.37,10,2,173.57,4,Desktop,1
305583,Email,31,11227.54,6,5,249.34,1,Desktop,1
305584,Search,21,4099.15,4,2,197.11,2,Tablet,0
305585,Search,48,8934.45,15,6,114.61,1,Desktop,0
305586,Email,38,8073.51,10,5,178.69,5,Desktop,0
305587,Email,62,5619.78,1,1,410.35,6,Desktop,0
305588,Email,25,7090.23,1,1,291.24,5,Mobile,0
305589,Social Media,60,6754.75,8,2,211.09,2,Tablet,0
305590,Email,40,5777.46,1,1,303.23,6,Desktop,1
305591,Email,18,5441.67,5,1,111.64,1,Desktop,0
305592,Social Media,46,8112.88,8,2,288.37,5,Desktop,0
305593,Email,28,3444.34,2,2,327.14,6,Desktop,0
305594,Referral,64,6929.47,12,7,57.15,6,Tablet,1
305595,Search,33,8796.66,11,2,182.09,2,Mobile,1
305596,Email,20,10921.94,4,3,247.0,1,Mobile,0
305597,Email,63,10238.86,9,5,226.44,3,Mobile,1
305598,Display,20,5338.47,12,1,67.52,0,Desktop,0
305599,Referral,39,4875.29,15,2,105.46,2,Mobile,0
305600,Social Media,56,6739.67,2,2,86.04,0,Mobile,0
305601,Social Media,39,5687.95,13,7,120.62,5,Desktop,1
305602,Search,51,8004.9,3,3,96.91,3,Mobile,0
305603,Search,60,2483.4,1,1,38.69,1,Mobile,0
305604,Display,39,8236.2,9,5,122.54,4,Mobile,0
305605,,44,9021.19,3,3,362.34,1,Desktop,0
305606,Social Media,38,8677.6,12,4,306.44,0,Mobile,0
305607,Display,48,3892.51,3,3,81.98,2,Tablet,1
305608,Search,48,12676.52,9,2,139.28,3,Mobile,0
305609,Email,54,14079.89,10,4,301.77,2,Mobile,0
305610,Email,62,2912.13,13,2,125.07,1,Desktop,0
305611,Social Media,53,12392.64,1,1,567.67,0,Tablet,0
305612,Email,0,9563.2,13,2,320.95,5,Mobile,0
305613,Search,48,7224.93,11,3,415.12,1,Desktop,1
305614,Search,44,8803.06,12,2,176.37,6,Mobile,1
305615,Referral,55,5670.03,2,2,286.59,3,Mobile,0
305616,Referral,43,2000.0,9,3,132.32,5,Tablet,0
305617,Referral,26,7497.58,14,1,282.07,0,Mobile,0
305618,Email,65,9863.44,3,3,194.26,1,Desktop,0
305619,Referral,20,7048.13,11,2,255.13,0,Mobile,0
305620,Social Media,23,3809.42,5,1,290.63,0,Desktop,1
305621,Display,30,11995.44,1,1,94.86,4,Desktop,0
305622,Social Media,34,9099.12,13,5,58.77,6,Mobile,0
305623,Referral,48,,10,3,130.53,2,Mobile,0
305624,Referral,34,11545.61,8,5,122.02,6,Mobile,1
305625,Display,46,10094.93,13,1,201.2,5,Desktop,0
305626,Social Media,62,5358.96,15,1,520.56,2,Desktop,0
305627,Referral,33,2831.96,3,2,253.87,3,Tablet,0
305628,Search,28,3781.14,3,3,42.19,4,Tablet,0
305629,Social Media,55,9617.78,12,1,189.17,1,Mobile,0
305630,Search,39,10549.75,13,2,192.89,1,Tablet,0
305631,Email,58,7732.28,8,3,513.49,2,Desktop,0
305632,Search,63,9291.25,3,3,611.2,4,Mobile,0
305633,Email,19,10443.97,11,4,140.08,6,Desktop,0
305634,Search,62,8680.41,14,2,243.65,5,Mobile,0
305635,Referral,62,14053.81,10,3,101.43,1,Tablet,0
305636,Referral,24,6661.97,15,4,43.24,2,Mobile,0
305637,Social Media,37,9593.82,11,4,214.47,3,Mobile,0
305638,Search,22,7184.2,4,2,41.99,3,Mobile,0
305639,Social Media,22,10001.71,6,2,55.32,2,Desktop,1
305640,Social Media,51,7496.39,13,1,423.2,0,Mobile,0
305641,Email,56,4322.46,8,2,298.4,4,Mobile,0
305642,Email,42,10467.92,10,2,142.89,3,Mobile,1
305643,Search,56,5793.3,6,1,59.58,1,Mobile,0
305644,Search,63,9647.65,12,5,423.9,6,Desktop,0
305645,Email,64,8480.0,4,1,107.77,1,Mobile,0
305646,Referral,57,9262.72,4,4,107.04,3,Mobile,1
305647,Social Media,28,4667.23,3,3,137.83,5,Desktop,1
305648,Display,49,12110.31,14,3,350.14,3,Mobile,0
305649,Search,25,12357.27,6,4,288.47,1,Mobile,1
305650,Referral,59,9776.66,9,1,44.36,5,Tablet,0
305651,Referral,62,5611.27,9,2,386.95,4,Desktop,0
305652,Email,45,9865.07,5,4,210.92,4,Desktop,0
305653,Search,38,10371.05,11,4,213.05,4,Desktop,1
305654,Social Media,63,8172.3,7,5,191.25,4,Mobile,1
305655,Social Media,37,4338.92,11,0,146.45,3,Mobile,0
305656,Referral,38,8872.83,5,3,398.79,0,Mobile,0
305657,Referral,38,,14,4,133.15,6,Desktop,1
305658,Referral,65,3150.22,11,4,449.43,4,Desktop,1
305659,Social Media,31,3513.17,7,3,63.98,4,Desktop,0
305660,Referral,30,10268.18,1,1,221.87,0,Desktop,0
305661,Social Media,42,10386.68,3,3,68.17,5,Desktop,0
305662,Referral,47,10537.55,1,1,141.0,6,Mobile,0
305663,Social Media,43,13052.32,13,2,141.21,0,Desktop,0
305664,Email,22,11898.27,7,2,195.15,1,Desktop,0
305665,Email,40,8226.43,9,6,162.79,2,Mobile,0
305666,Search,45,5208.63,8,1,114.63,3,Mobile,1
305667,Display,44,11640.55,1,1,146.8,4,Mobile,0
305668,Email,39,10983.42,7,3,80.23,0,Desktop,0
305669,Social Media,57,5854.56,10,3,182.47,5,Desktop,0
305670,Search,23,10023.51,11,4,267.52,5,Mobile,1
305671,Display,22,4137.27,8,2,58.45,0,Desktop,0
305672,Social Media,65,7179.15,4,3,225.25,6,Desktop,1
305673,Search,36,9019.92,12,2,129.31,5,Mobile,0
305674,Social Media,32,4611.53,15,3,110.02,5,Mobile,1
305675,Email,27,7567.04,7,1,146.86,5,Mobile,0
305676,Referral,46,7217.44,2,2,105.01,6,Mobile,1
305677,Display,51,14020.18,1,1,206.38,0,Desktop,0
305678,Email,63,5609.54,4,4,155.5,6,Mobile,0
305679,Display,23,11472.14,11,5,270.01,6,Desktop,0
305680,Social Media,32,7001.29,8,3,182.56,6,Mobile,0
305681,Email,28,7806.72,2,2,201.84,0,Desktop,0
305682,Search,55,4824.31,1,1,182.76,1,Mobile,0
305683,Display,20,11062.95,6,3,127.0,4,Desktop,0
305684,Email,61,10174.18,8,2,316.81,0,Mobile,0
305685,Display,35,15695.25,13,3,150.93,6,Mobile,0
305686,Referral,31,4797.6,14,3,131.32,4,Desktop,0
305687,Display,54,11312.62,15,1,186.58,2,Tablet,0
305688,Referral,52,5431.1,11,4,158.22,3,Mobile,1
305689,Referral,37,,4,1,178.15,2,Mobile,0
305690,Display,30,8929.38,7,2,341.36,6,Desktop,0
305691,Display,18,4522.88,1,1,288.35,4,Mobile,0
305692,Social Media,35,5100.0,8,5,73.97,1,Tablet,0
305693,Search,42,14783.22,9,2,228.94,3,Tablet,0
305694,,36,2000.0,11,2,207.54,2,Desktop,0
305695,Email,35,9198.84,12,0,251.89,4,Mobile,1
305696,Social Media,42,11620.12,1,1,90.7,4,Mobile,1
305697,Email,29,8648.26,3,3,226.63,0,Mobile,0
305698,Referral,51,10589.38,6,3,250.06,6,Desktop,1
305699,Referral,28,7259.02,12,4,191.65,0,Desktop,1
305700,,26,13130.45,8,0,36.31,0,Mobile,0
305701,Email,24,11703.59,9,4,27.8,2,Mobile,0
305702,Search,63,8132.85,1,1,161.67,5,Desktop,0
305703,Email,43,11015.06,9,4,165.79,1,Tablet,0
305704,Social Media,43,9349.24,1,1,352.52,0,Desktop,0
305705,Email,34,9914.7,6,3,246.25,6,Mobile,0
305706,Social Media,57,6511.38,10,3,257.04,1,Desktop,0
305707,Search,59,2523.1,6,3,10.04,1,Mobile,0
305708,Display,58,16532.69,12,3,344.67,2,Mobile,0
305709,Display,54,11232.75,1,1,738.56,0,Desktop,0
305710,Email,40,12958.54,12,0,461.52,1,Mobile,0
305711,Search,50,10090.91,2,2,129.3,1,Mobile,0
305712,Social Media,35,8874.76,9,2,182.87,4,Mobile,0
305713,Referral,64,13941.29,7,4,71.46,1,Mobile,1
305714,Referral,18,8090.62,10,2,120.66,1,Mobile,0
305715,Search,44,7931.63,10,8,148.96,4,Desktop,1
305716,Search,48,8598.55,14,3,193.11,1,Mobile,0
305717,Search,28,11858.73,8,3,91.62,6,Mobile,0
305718,Display,57,8965.42,10,2,288.45,4,Desktop,0
305719,Social Media,36,9596.67,6,3,53.43,3,Mobile,0
305720,Email,36,8654.08,6,1,45.38,3,Tablet,0
305721,Social Media,29,10136.42,13,3,83.84,2,Desktop,0
305722,Email,27,10018.29,3,3,259.49,6,Desktop,1
305723,Email,24,10161.46,4,0,161.17,4,Mobile,0
305724,Display,35,11913.65,6,3,156.74,3,Desktop,0
305725,Referral,23,4675.41,10,2,310.2,6,,0
305726,Referral,64,9284.66,10,1,355.67,1,Desktop,0
305727,Email,61,9203.16,8,2,147.83,5,Tablet,0
305728,Social Media,54,2822.47,6,4,240.63,6,Desktop,0
305729,Referral,58,5044.36,10,5,51.08,1,Mobile,0
305730,Social Media,46,5322.23,13,8,176.33,0,Desktop,0
305731,Referral,60,5286.71,8,1,257.57,1,Mobile,0
305732,Social Media,53,6149.91,13,2,55.03,6,Mobile,0
305733,Referral,22,7253.44,4,3,50.02,5,Mobile,0
305734,Search,46,9491.79,3,1,224.11,3,Desktop,0
305735,Social Media,48,5313.25,11,5,462.78,0,Mobile,0
305736,Email,38,7892.62,12,6,366.66,1,Mobile,1
305737,Email,33,2000.0,12,2,143.44,6,Desktop,1
305738,Display,51,7388.28,3,1,201.44,3,Mobile,1
305739,Referral,61,5691.15,1,1,307.28,2,Desktop,0
305740,Referral,50,2842.05,7,5,251.47,6,Mobile,0
305741,Social Media,22,11311.2,3,3,301.09,5,Desktop,0
305742,Social Media,53,9143.25,5,4,63.38,6,Mobile,1
305743,Email,61,7049.74,5,3,220.85,2,Desktop,0
305744,Display,36,10665.43,10,1,114.52,0,Tablet,0
305745,Social Media,49,13440.33,8,6,103.42,3,Mobile,0
305746,Search,40,8410.14,2,0,94.28,1,Tablet,0
305747,Email,33,6625.62,15,2,112.46,4,Mobile,0
305748,Referral,23,6480.69,12,5,200.23,5,Mobile,1
305749,Email,65,7146.46,10,2,187.95,6,Tablet,0
305750,Social Media,59,10589.19,5,2,151.64,1,Desktop,0
305751,Search,39,10212.26,1,1,307.45,4,Mobile,0
305752,Email,51,9979.64,13,5,290.79,2,Desktop,0
305753,Display,49,8366.44,8,3,263.36,2,Mobile,0
305754,Social Media,33,11887.41,2,2,178.21,1,Mobile,0
305755,Search,52,8966.46,4,4,379.15,6,Mobile,0
305756,Social Media,60,11328.06,2,1,461.14,0,Mobile,0
305757,Search,39,4405.65,8,6,39.97,6,Desktop,1
305758,Referral,51,15547.12,8,4,91.34,4,Mobile,0
305759,Referral,64,7787.54,5,3,277.49,3,Desktop,0
305760,Referral,36,7463.82,6,5,177.25,5,Mobile,0
305761,Referral,65,11573.35,11,2,138.46,0,Desktop,0
305762,Referral,54,3620.95,4,4,67.77,5,Mobile,0
305763,Social Media,60,14314.71,5,5,94.72,2,Desktop,0
305764,Search,30,6256.84,5,2,122.94,5,Mobile,0
305765,Referral,55,8226.63,13,2,68.25,4,Tablet,0
305766,Email,58,13016.78,5,4,61.03,4,Desktop,1
305767,Social Media,41,5443.21,2,0,221.67,0,Tablet,0
305768,Display,56,9248.85,9,1,282.62,5,Mobile,0
305769,Social Media,35,16050.23,9,2,253.59,2,Mobile,0
305770,Search,18,8381.21,5,3,159.46,3,Tablet,0
305771,,60,9468.88,4,3,227.91,2,Mobile,1
305772,Display,58,9532.11,5,3,276.07,1,Desktop,0
305773,Search,41,6002.17,9,4,63.01,3,Tablet,1
305774,Social Media,65,,1,1,243.19,1,Tablet,0
305775,Social Media,61,8880.66,11,6,87.79,5,Desktop,0
305776,Referral,44,13636.82,9,5,130.57,4,Mobile,0
305777,Email,40,10192.77,15,4,102.98,1,Tablet,1
305778,Display,23,8684.22,1,1,113.93,6,Tablet,0
305779,Social Media,29,11148.74,15,3,259.05,4,Mobile,0
305780,Search,62,6573.08,4,4,125.97,1,Mobile,0
305781,Search,32,9628.6,8,4,139.76,4,Mobile,0
305782,Search,63,6907.8,14,4,206.79,6,Tablet,0
305783,Social Media,40,7721.78,3,3,82.51,2,Tablet,0
305784,Email,38,8680.39,6,3,284.94,6,Desktop,0
305785,Social Media,24,10158.58,13,7,114.18,3,Mobile,1
305786,Search,65,5650.84,9,3,97.14,1,Mobile,0
305787,Referral,22,17559.44,2,2,182.42,1,Mobile,0
305788,Email,20,4017.05,11,5,25.77,3,Mobile,0
305789,Display,61,8664.93,3,3,178.43,2,Mobile,0
305790,Search,55,8780.24,12,6,80.01,2,Desktop,0
305791,Search,57,5393.13,2,2,117.0,5,Mobile,1
305792,Referral,19,6063.04,6,3,246.02,5,Mobile,1
305793,Social Media,58,7143.89,7,6,37.32,6,Mobile,0
305794,Search,31,8434.99,15,1,387.23,4,Tablet,0
305795,Referral,42,8703.04,11,2,246.16,5,Tablet,0
305796,Referral,44,13120.18,7,7,275.1,0,Mobile,0
305797,Referral,64,6107.11,11,1,69.09,1,Mobile,0
305798,Display,31,10038.25,11,3,109.89,5,Desktop,0
305799,Social Media,48,9528.88,6,3,220.28,3,Mobile,0
305800,Social Media,61,12031.29,15,3,152.38,1,Desktop,0
305801,Social Media,59,10447.25,8,3,76.38,1,Mobile,0
305802,Social Media,28,5503.65,5,4,225.6,4,Mobile,1
305803,Referral,38,6451.32,11,1,226.27,5,Desktop,0
305804,Referral,33,10909.63,4,1,302.5,5,Desktop,0
305805,Search,48,9770.74,1,1,98.35,1,Desktop,0
305806,Social Media,63,4491.14,15,2,82.8,4,Desktop,0
305807,Display,19,10915.59,5,4,35.89,6,Desktop,0
305808,Email,61,2995.48,15,2,32.91,3,Mobile,0
305809,Display,19,7009.0,12,0,168.05,2,Mobile,0
305810,Search,38,7075.88,6,3,362.41,6,Tablet,0
305811,Email,33,3261.71,7,2,84.33,5,Mobile,0
305812,Social Media,35,9323.13,8,2,381.68,5,Desktop,0
305813,Referral,31,8253.76,2,0,284.06,2,Desktop,0
305814,Referral,47,,8,1,59.17,4,Desktop,0
305815,Email,53,10970.59,8,2,192.6,4,Desktop,1
305816,Email,40,5238.83,2,2,113.52,0,Desktop,1
305817,Email,50,8190.95,1,1,323.84,1,Desktop,0
305818,Search,55,10076.3,12,2,360.96,4,Tablet,0
305819,Search,57,10941.61,2,2,312.46,1,Desktop,0
305820,Referral,36,10955.7,1,1,153.86,0,Desktop,0
305821,Social Media,32,8498.78,14,2,34.73,4,Mobile,1
305822,Social Media,33,12865.83,4,1,73.16,1,Desktop,0
305823,Social Media,23,9581.23,2,2,296.66,0,Mobile,0
305824,Search,21,11253.94,13,1,184.46,0,Desktop,1
305825,Referral,35,5082.27,1,1,234.08,0,Mobile,0
305826,Email,57,9553.23,4,1,204.68,1,Mobile,0
305827,Display,27,4578.48,7,1,135.76,6,Mobile,0
305828,Email,18,12270.64,8,4,164.75,0,Desktop,0
305829,Display,43,10299.65,12,4,213.61,3,,0
305830,Search,37,6778.49,11,5,44.99,6,Desktop,0
305831,Referral,37,9372.89,3,3,285.88,3,Mobile,0
305832,Email,24,4847.13,4,3,79.46,6,Mobile,0
305833,Social Media,41,9496.64,12,1,464.74,3,Desktop,0
305834,Display,56,13927.74,9,3,152.11,2,Mobile,0
305835,Search,39,4411.12,12,4,303.39,3,Mobile,1
305836,Social Media,23,8036.3,9,0,406.54,2,Mobile,1
305837,Social Media,59,10520.99,12,1,228.39,4,Mobile,0
305838,Social Media,22,10667.77,5,4,185.82,4,Desktop,0
305839,Social Media,65,10452.54,10,0,293.24,5,Mobile,0
305840,Email,53,8008.79,4,4,398.91,1,Mobile,0
305841,Referral,60,12521.2,3,3,127.3,0,Tablet,0
305842,Referral,19,14117.85,13,1,145.73,6,Mobile,0
305843,Social Media,18,5616.18,6,3,233.93,6,Mobile,0
305844,Social Media,52,8919.34,6,4,177.89,4,Desktop,0
305845,Display,38,9208.37,14,1,323.6,3,Desktop,0
305846,Referral,28,9807.15,4,4,327.01,0,Mobile,0
305847,Search,54,12662.29,9,2,305.19,1,Mobile,0
305848,Search,64,2000.0,3,0,26.26,4,Mobile,0
305849,Referral,28,7522.35,5,5,66.32,0,Desktop,0
305850,Referral,29,9691.0,13,6,234.9,0,Mobile,1
305851,Social Media,52,7614.46,15,4,210.65,2,Desktop,1
305852,Social Media,18,8039.51,3,0,296.34,3,Mobile,0
305853,Display,26,10079.1,3,3,501.22,2,Desktop,0
305854,Social Media,25,6475.48,10,3,265.59,1,Desktop,0
305855,Social Media,42,10687.75,3,3,109.72,1,Desktop,0
305856,Search,40,8543.11,1,1,220.34,0,Mobile,0
305857,Referral,49,13472.22,8,4,112.2,2,Mobile,0
305858,Email,31,14165.76,11,4,245.51,6,Mobile,0
305859,Social Media,32,7822.11,3,2,129.03,4,Tablet,0
305860,Social Media,45,6679.25,8,2,78.3,2,Mobile,0
305861,Referral,55,11732.82,2,2,275.36,5,Desktop,0
305862,Referral,29,8200.2,2,2,206.62,0,Mobile,0
305863,Social Media,51,4866.9,1,1,42.12,3,Desktop,0
305864,Display,39,6785.12,14,2,117.26,1,Tablet,0
305865,,62,3269.86,2,2,273.47,4,Mobile,1
305866,Display,39,10849.51,12,4,167.05,1,Mobile,0
305867,Social Media,42,8946.34,8,4,329.24,5,Mobile,1
305868,Search,48,2000.0,6,4,175.38,2,Mobile,0
305869,Email,46,16019.99,7,3,144.54,2,Tablet,0
305870,Email,54,2000.0,5,3,48.81,4,Desktop,1
305871,Email,32,3281.79,9,4,93.38,0,Mobile,1
305872,Search,30,10286.41,5,1,157.07,1,Mobile,0
305873,Referral,44,9193.72,2,2,271.37,0,Mobile,0
305874,Search,27,12626.85,15,1,76.27,3,Mobile,0
305875,Referral,40,11433.2,15,9,15.56,1,Desktop,1
305876,Social Media,42,8846.19,4,3,106.74,2,Tablet,0
305877,Social Media,63,2092.81,11,4,124.63,4,Tablet,0
305878,Social Media,52,3537.56,3,1,417.69,0,Mobile,0
305879,Referral,31,9372.85,15,6,169.51,6,Mobile,1
305880,Display,53,7200.84,3,3,337.46,4,Tablet,1
305881,Referral,28,11015.47,12,6,188.56,4,Mobile,1
305882,Search,61,9419.84,13,5,122.82,3,Mobile,1
305883,Email,25,7284.73,2,1,48.32,1,Mobile,0
305884,Display,19,10498.93,7,4,237.07,1,Mobile,0
305885,Social Media,31,7256.08,10,4,19.14,1,Desktop,0
305886,Search,42,10097.33,12,1,153.36,2,Desktop,0
305887,Social Media,20,9574.53,13,0,174.19,3,Mobile,1
305888,Search,55,7465.08,2,1,25.01,5,Desktop,0
305889,Referral,26,10996.07,6,3,64.56,6,Desktop,0
305890,Social Media,60,11557.72,2,2,261.18,2,Mobile,0
305891,Referral,39,12231.56,14,3,32.82,1,Desktop,0
305892,Referral,44,8157.58,2,2,101.1,0,Desktop,0
305893,Referral,59,7671.2,5,1,92.59,3,Mobile,1
305894,Email,18,3872.55,15,2,434.36,3,Mobile,0
305895,Search,52,11690.69,7,1,101.69,3,Desktop,1
305896,Referral,48,13569.21,5,3,88.71,5,Mobile,1
305897,Display,46,2813.08,1,1,134.07,0,Mobile,0
305898,Social Media,24,11352.43,6,2,58.93,6,Desktop,0
305899,Referral,24,,4,4,22.32,2,Tablet,0
305900,Email,53,12218.45,10,4,27.92,6,Desktop,0
305901,Display,62,4598.08,9,3,16.3,6,Mobile,1
305902,Referral,56,9623.49,2,2,293.09,3,Desktop,0
305903,Email,44,5358.71,14,1,242.32,2,Mobile,0
305904,Social Media,54,10687.89,13,4,254.25,2,Mobile,1
305905,Email,45,8715.96,8,3,248.03,1,Mobile,0
305906,Search,19,4458.1,4,4,327.13,6,Mobile,0
305907,Email,46,3440.72,1,1,240.61,1,Desktop,0
305908,Search,46,7935.96,4,4,155.82,4,Tablet,1
305909,Email,18,11253.45,2,2,54.94,6,Mobile,0
305910,Search,29,8128.51,7,7,256.95,5,Mobile,0
305911,Social Media,57,14057.2,9,4,266.96,0,Desktop,0
305912,Referral,64,2515.45,7,1,366.81,2,Mobile,0
305913,Email,31,8017.71,11,4,394.06,4,Mobile,0
305914,Search,56,11911.2,13,0,272.64,2,Desktop,0
305915,Email,50,8114.66,2,2,174.2,3,Mobile,0
305916,Referral,22,8951.28,12,2,126.53,0,Mobile,0
305917,Social Media,32,7011.06,7,6,190.64,4,Desktop,0
305918,Social Media,57,9475.84,8,3,248.12,5,Mobile,0
305919,Referral,65,5838.49,8,1,312.52,3,Mobile,0
305920,Social Media,31,7310.19,13,3,32.75,5,Desktop,0
305921,Display,38,11727.07,13,2,290.43,5,Mobile,0
305922,Email,43,10082.66,2,1,201.14,3,Mobile,0
305923,Search,28,12776.54,1,1,159.5,1,Mobile,0
305924,Display,35,6282.57,9,5,73.79,5,Desktop,0
305925,Referral,28,11760.6,7,5,125.79,2,Mobile,1
305926,Email,34,5530.63,9,5,213.6,1,Desktop,0
305927,Search,52,7483.3,1,1,175.41,1,Mobile,0
305928,Referral,60,3684.55,15,3,574.57,2,Mobile,0
305929,Referral,24,10359.19,10,1,340.12,5,Desktop,0
305930,Search,60,9207.44,9,1,474.94,3,Mobile,0
305931,Referral,50,8263.45,8,0,326.5,2,Desktop,0
305932,Email,40,8700.82,4,0,93.93,6,Mobile,0
305933,Social Media,120,4518.9,12,3,232.81,6,Mobile,0
305934,Referral,37,8188.33,9,1,252.37,5,Desktop,0
305935,Search,0,8511.96,11,0,44.39,5,Mobile,0
305936,Social Media,53,14991.27,15,3,148.98,4,Mobile,0
305937,Referral,45,12342.81,3,2,111.97,5,Tablet,0
305938,Social Media,56,2823.41,8,3,429.77,4,Mobile,0
305939,Display,19,11585.83,13,3,566.47,2,Mobile,1
305940,Display,62,8146.32,8,3,110.98,6,Mobile,1
305941,Search,28,13580.98,15,3,224.03,5,Mobile,0
305942,Email,29,13478.82,5,5,38.99,5,Mobile,0
305943,Social Media,46,9925.49,13,5,84.69,5,Mobile,1
305944,Referral,63,9425.71,10,3,52.7,4,Mobile,1
305945,Email,51,11559.02,12,2,79.66,5,Mobile,0
305946,Display,44,10006.77,9,4,389.56,6,Tablet,0
305947,Referral,47,12088.58,12,4,90.47,2,Desktop,0
305948,Social Media,45,11634.8,2,2,152.36,0,Desktop,1
305949,Social Media,38,4757.86,14,1,132.0,0,Desktop,0
305950,Display,31,8358.49,14,1,148.27,5,Desktop,0
305951,Email,39,5237.78,6,1,246.22,4,Mobile,0
305952,Referral,54,3212.69,8,1,77.45,6,Tablet,1
305953,Search,62,5820.14,13,5,38.21,4,Mobile,0
305954,Search,48,5306.11,3,1,202.9,3,Mobile,0
305955,Social Media,19,12461.59,4,4,205.55,4,Desktop,0
305956,Social Media,27,12944.45,15,2,252.2,6,Mobile,0
305957,Email,54,5159.31,6,2,62.4,0,Mobile,0
305958,Email,36,10874.87,14,6,345.04,5,Mobile,1
305959,Social Media,51,10950.02,14,5,549.04,3,Desktop,0
305960,Social Media,45,10991.7,14,3,109.74,0,Desktop,0
305961,Display,51,8723.06,14,1,192.11,1,Mobile,0
305962,Social Media,62,8113.42,9,3,124.97,6,Mobile,1
305963,Display,49,7887.77,11,4,303.44,1,Mobile,0
305964,Social Media,21,8296.14,2,2,115.64,2,,0
305965,Social Media,29,7720.23,6,1,253.61,4,Tablet,0
305966,Email,60,4554.3,11,4,206.7,1,Mobile,1
305967,Display,63,5747.29,2,2,384.53,0,Mobile,0
305968,Referral,31,7329.17,6,1,157.48,3,Mobile,1
305969,Email,24,10095.04,11,5,202.21,0,Desktop,0
305970,Display,60,12957.73,4,1,163.4,0,Mobile,0
305971,Social Media,38,4347.91,15,1,58.49,4,Mobile,0
305972,Social Media,37,9232.99,2,1,50.24,5,Tablet,0
305973,Search,40,7919.81,8,2,80.18,3,Mobile,0
305974,Social Media,32,3138.93,4,1,119.84,2,Desktop,0
305975,Display,32,2635.56,11,4,262.05,1,Mobile,0
305976,Search,41,3528.13,4,0,150.67,6,Mobile,0
305977,Referral,59,8625.21,6,3,511.12,4,Mobile,0
305978,Search,53,7392.02,13,5,320.67,4,Mobile,1
305979,Social Media,18,7629.84,9,4,91.08,2,Mobile,0
305980,Referral,36,8338.83,8,5,73.27,2,Desktop,0
305981,Email,44,11607.13,6,4,319.28,3,Mobile,0
305982,Email,33,7074.76,15,2,119.22,4,Mobile,0
305983,Search,35,5209.68,3,0,520.19,1,Desktop,0
305984,Display,52,4315.2,5,2,259.75,2,Desktop,0
305985,Display,52,8385.54,4,3,221.38,5,Desktop,0
305986,Social Media,57,,2,2,325.21,3,Mobile,0
305987,Display,28,2000.0,1,1,225.69,2,Mobile,0
305988,Social Media,22,2553.81,12,3,227.22,5,Desktop,0
305989,Email,36,4213.72,5,2,219.56,3,Mobile,0
305990,Social Media,19,8292.3,6,1,213.42,3,Desktop,0
305991,Email,18,11669.16,9,5,220.75,4,Desktop,1
305992,Social Media,29,9857.39,11,5,417.88,5,Mobile,1
305993,Search,45,12299.65,15,5,192.04,0,Desktop,0
305994,Search,36,8848.79,15,9,238.04,5,Desktop,0
305995,Search,26,11725.76,5,1,127.6,3,Mobile,0
305996,Social Media,22,4986.9,9,3,222.8,5,Mobile,0
305997,Search,61,7293.02,4,2,258.46,4,Mobile,0
305998,Email,19,4155.2,6,0,245.7,3,Mobile,0
305999,Email,18,9561.09,4,4,64.02,2,Desktop,0
306000,Social Media,20,2941.76,12,3,175.86,4,Mobile,0
306001,Email,43,7200.74,3,2,19.58,6,Tablet,1
306002,Social Media,55,12141.53,13,5,190.89,6,Desktop,0
306003,Social Media,27,6148.49,2,2,405.67,2,Mobile,0
306004,Email,56,6073.24,6,4,131.8,2,Desktop,0
306005,Search,64,8349.72,1,1,153.1,4,Mobile,1
306006,Display,29,9393.14,6,4,152.55,6,Mobile,0
306007,Email,63,6976.89,8,1,63.74,4,Desktop,0
306008,Social Media,50,11727.98,4,3,166.15,2,Mobile,1
306009,Email,34,10741.26,1,1,490.96,5,Tablet,0
306010,Search,64,8877.71,11,5,55.42,6,Mobile,1
306011,Referral,19,2042.7,6,4,260.59,5,Mobile,0
306012,Referral,64,13050.59,4,4,232.63,4,Desktop,1
306013,Social Media,36,6145.16,3,1,214.62,4,Mobile,0
306014,Referral,39,6304.61,10,3,196.44,3,Desktop,0
306015,Referral,22,7831.05,13,4,140.92,6,Tablet,0
306016,Social Media,40,5998.81,11,3,228.01,2,Tablet,0
306017,Search,26,11260.53,10,4,152.03,2,Mobile,0
306018,Referral,21,15766.89,5,1,456.82,5,Desktop,0
306019,Display,32,14186.45,14,5,278.34,5,Desktop,0
306020,Search,30,11162.37,14,3,162.93,6,Desktop,0
306021,Referral,30,4907.56,14,3,695.87,4,Desktop,0
306022,Search,22,6569.27,1,1,102.78,4,Mobile,0
306023,Display,54,2375.59,8,5,88.15,3,Desktop,0
306024,Social Media,39,6544.61,8,3,174.26,3,Tablet,0
306025,Search,57,5977.41,13,0,205.44,5,Mobile,0
306026,Display,26,10205.24,2,2,192.73,1,Desktop,0
306027,Email,40,10467.03,7,1,43.27,2,Mobile,0
306028,Search,18,,5,3,52.87,0,Mobile,0
306029,Display,57,6035.74,5,3,127.15,5,Desktop,0
306030,Referral,48,5971.47,14,5,228.96,3,Mobile,0
306031,Search,63,8473.79,6,3,83.33,6,Mobile,1
306032,Search,42,10476.28,12,4,250.11,6,Desktop,0
306033,Display,41,13421.41,3,3,180.69,0,,1
306034,Display,28,7386.78,5,2,108.07,3,Desktop,0
306035,Display,23,8228.63,11,2,139.12,4,Desktop,0
306036,Display,27,9883.48,2,2,224.66,0,Mobile,0
306037,Display,36,2000.0,3,2,121.96,5,Desktop,0
306038,,34,10293.94,8,2,173.49,6,Desktop,0
306039,Display,27,6816.99,6,6,206.78,3,Mobile,0
306040,Referral,25,5258.98,10,2,198.22,0,Mobile,0
306041,Email,55,10890.82,11,1,99.83,2,Tablet,0
306042,Display,57,8153.05,15,1,324.82,6,Mobile,0
306043,Display,33,9443.23,9,2,109.63,6,Mobile,0
306044,Social Media,59,13950.93,1,1,615.2,0,Desktop,1
306045,Search,47,10470.17,6,5,71.98,1,Mobile,0
306046,Social Media,51,7186.15,7,5,115.16,3,Desktop,1
306047,Email,55,5546.98,2,1,194.69,1,Mobile,0
306048,Email,33,2000.0,3,2,208.07,0,Mobile,0
306049,Search,27,2064.16,10,1,143.22,3,Desktop,0
306050,Email,48,7618.39,12,1,243.48,1,Mobile,0
306051,Email,25,5127.64,1,1,188.06,4,Desktop,0
306052,Referral,24,9881.92,14,3,191.48,4,Mobile,0
306053,Social Media,31,5522.2,6,4,241.91,6,Mobile,1
306054,Display,49,10491.91,7,2,220.53,3,Mobile,0
306055,Social Media,50,4782.73,3,3,141.6,0,Mobile,0
306056,Email,45,5638.7,10,3,245.21,6,Mobile,0
306057,Email,55,10327.8,12,2,357.42,5,Mobile,1
306058,Social Media,35,7287.97,3,3,81.9,0,Mobile,0
306059,Email,28,8004.69,5,5,83.76,3,Desktop,0
306060,Email,22,7518.07,9,3,132.44,6,Mobile,0
306061,Search,37,15035.98,5,1,197.24,2,Mobile,0
306062,Search,28,5366.18,11,4,279.22,3,Mobile,0
306063,Search,27,7023.3,10,1,26.37,6,Mobile,1
306064,Search,41,7122.16,10,1,140.12,3,Mobile,0
306065,Email,50,10527.15,9,6,140.77,0,Tablet,0
306066,Social Media,47,9847.82,12,3,381.44,5,Desktop,0
306067,Social Media,43,11959.51,10,3,303.65,0,Tablet,0
306068,Referral,24,8968.78,13,2,529.87,3,Mobile,1
306069,Search,32,5357.91,11,3,157.63,5,Mobile,0
306070,Display,46,3327.29,3,3,145.66,5,Mobile,0
306071,Search,23,4835.69,15,6,115.14,2,Mobile,0
306072,Referral,63,9345.29,13,4,253.1,4,Mobile,0
306073,Referral,34,6440.26,6,3,404.63,6,Mobile,1
306074,Email,26,17323.8,3,2,162.9,3,Mobile,0
306075,Referral,58,11832.1,4,3,296.73,5,Desktop,0
306076,Email,58,6901.65,14,4,212.25,6,Desktop,0
306077,Search,42,6457.58,14,5,663.67,6,Mobile,0
306078,Display,24,5387.6,7,3,271.27,1,Mobile,1
306079,Email,35,7160.55,9,1,175.45,2,Mobile,0
306080,Search,34,12002.49,1,1,229.91,2,Mobile,0
306081,Email,43,9968.17,15,1,142.78,4,Desktop,0
306082,Search,22,8260.45,14,2,203.12,0,Mobile,0
306083,Social Media,58,9776.92,10,3,25.85,6,Mobile,1
306084,Email,22,9292.94,12,0,85.3,0,Desktop,0
306085,Referral,37,13569.83,1,1,128.51,0,Mobile,0
306086,Social Media,46,9369.41,1,1,199.24,5,Tablet,1
306087,Social Media,52,12988.49,15,3,188.31,0,Mobile,0
306088,Display,55,8695.83,4,2,130.35,0,Desktop,1
306089,Search,40,15419.49,11,1,214.03,2,Mobile,0
306090,Referral,56,9576.14,10,8,143.35,5,Mobile,0
306091,Email,43,8556.48,7,2,202.07,0,Desktop,0
306092,Referral,25,9828.94,5,4,170.66,2,Mobile,1
306093,Display,35,,2,2,61.38,2,Tablet,0
306094,Referral,63,10669.3,4,4,50.41,1,Mobile,0
306095,Referral,28,8145.32,3,3,176.06,3,Mobile,0
306096,Social Media,44,3847.08,12,5,245.61,4,Tablet,0
306097,,28,10819.06,11,1,59.55,5,Desktop,0
306098,Display,20,8968.75,12,4,489.9,4,Mobile,0
306099,Email,56,5030.99,15,1,232.25,2,Tablet,1
306100,Social Media,45,11305.81,3,2,269.87,2,Mobile,0
306101,Referral,34,14210.74,1,1,374.25,5,Desktop,0
306102,Social Media,41,7796.59,7,6,256.2,4,Tablet,0
306103,Referral,56,3761.81,6,4,276.13,2,Mobile,0
306104,Search,45,7569.8,6,2,127.41,5,Tablet,0
306105,Display,27,6228.78,2,2,179.95,0,Mobile,0
306106,Social Media,19,7047.22,7,3,93.86,4,Desktop,0
306107,Referral,22,9659.84,9,4,63.44,4,Mobile,0
306108,Referral,32,10680.25,15,1,312.71,1,Mobile,0
306109,Social Media,59,7197.88,9,2,121.0,0,Mobile,0
306110,Social Media,18,5841.09,15,1,302.19,3,Mobile,0
306111,Referral,31,6467.58,3,1,165.39,6,Mobile,0
306112,Email,31,9676.21,7,4,303.4,2,Mobile,0
306113,Referral,37,9078.42,3,3,167.16,5,Desktop,1
306114,Referral,58,10141.45,13,1,71.41,2,Mobile,0
306115,Social Media,47,2000.0,5,4,198.4,2,Mobile,0
306116,Referral,45,12211.55,14,3,217.4,4,Desktop,0
306117,Email,26,4067.07,7,3,76.24,1,Mobile,0
306118,Social Media,40,8631.84,13,3,304.76,3,Mobile,0
306119,Email,23,7323.76,10,2,93.56,1,Mobile,0
306120,Email,36,3976.21,11,3,162.75,5,Desktop,1
306121,Referral,22,10136.4,4,0,47.6,5,Mobile,1
306122,Referral,43,11119.31,13,3,62.22,1,Mobile,1
306123,Email,31,10666.13,8,2,60.36,2,Mobile,0
306124,Referral,58,12993.87,8,2,106.69,3,Mobile,0
306125,Email,46,7754.07,11,1,416.19,1,Mobile,0
306126,Display,49,10946.01,11,4,143.82,1,Mobile,0
306127,Search,25,5850.55,7,4,34.02,6,Mobile,0
306128,Referral,19,9837.99,7,1,433.38,5,Desktop,0
306129,Referral,39,10495.08,1,1,134.56,5,Desktop,0
306130,Social Media,30,11734.1,13,3,178.95,6,Tablet,0
306131,Search,34,7858.88,11,3,157.06,1,Desktop,0
306132,Social Media,58,10724.53,12,3,110.48,4,Desktop,1
306133,Referral,26,10335.87,9,1,38.65,5,Mobile,0
306134,Display,38,10340.85,14,5,21.68,2,Mobile,0
306135,Email,28,12647.93,2,2,567.16,5,Desktop,0
306136,Referral,54,5949.86,12,3,152.57,4,Mobile,1
306137,Email,41,5919.82,9,1,80.28,2,Desktop,0
306138,Referral,51,10713.93,2,1,92.36,0,Mobile,0
306139,Email,45,7489.92,15,7,424.36,6,Tablet,1
306140,Search,55,11516.63,2,1,346.69,3,Mobile,0
306141,Referral,22,8211.55,12,5,197.66,4,Desktop,0
306142,Display,58,5920.75,3,1,253.84,3,Mobile,0
306143,Email,28,8687.56,3,3,604.15,2,Desktop,0
306144,Referral,59,2000.0,5,4,120.58,5,Desktop,1
306145,Email,51,10735.12,15,3,519.1,5,Mobile,1
306146,Social Media,40,8875.84,14,5,139.44,4,Mobile,1
306147,Social Media,36,8185.09,6,1,235.92,6,Desktop,0
306148,Referral,29,8408.78,5,3,93.01,3,Mobile,1
306149,Social Media,53,9086.62,8,1,123.38,1,Mobile,0
306150,Display,20,2856.57,12,3,229.91,4,Tablet,0
306151,Social Media,43,11637.02,8,1,248.83,6,Tablet,0
306152,Search,41,4851.41,5,3,234.7,0,Desktop,1
306153,Email,27,4854.11,11,2,136.14,0,Mobile,1
306154,Email,40,6893.05,8,4,282.2,2,Tablet,0
306155,Referral,42,6600.3,15,0,177.18,4,Mobile,0
306156,Search,20,4762.92,11,3,192.02,2,Desktop,1
306157,Social Media,35,11761.62,5,5,172.2,6,Mobile,0
306158,Referral,34,12526.29,2,2,161.01,1,Mobile,1
306159,Display,28,10827.71,10,1,135.74,3,Tablet,0
306160,Email,35,8554.44,12,2,106.8,3,Tablet,0
306161,Display,47,8253.89,4,1,147.33,6,Tablet,0
306162,Social Media,49,5273.29,10,1,199.33,2,Tablet,0
306163,Search,58,11322.38,9,3,79.96,4,Desktop,1
306164,Email,29,7470.04,4,3,229.52,4,Tablet,0
306165,Referral,40,11447.53,14,0,84.29,6,Mobile,0
306166,Email,56,7567.61,8,1,362.13,2,Mobile,0
306167,Social Media,48,12749.18,12,3,128.26,6,Desktop,0
306168,Display,23,12995.03,7,2,121.86,3,Mobile,1
306169,Display,39,8331.07,8,1,98.8,3,Mobile,0
306170,Search,41,5357.35,12,3,93.03,6,Mobile,0
306171,Search,36,10444.39,3,3,157.66,6,Mobile,0
306172,Email,63,13874.68,12,3,285.47,4,Desktop,0
306173,Referral,62,15056.56,13,2,237.06,1,Desktop,0
306174,Email,34,11056.46,13,7,71.13,1,Mobile,0
306175,Display,35,9611.08,5,3,147.82,5,Desktop,0
306176,Search,22,3595.05,14,3,117.08,6,Desktop,1
306177,Display,25,10245.57,10,3,213.73,4,Tablet,0
306178,Email,56,4038.98,8,2,216.77,3,Mobile,0
306179,Email,31,10146.53,11,3,151.04,2,Mobile,0
306180,Referral,56,11913.79,11,3,171.03,4,Desktop,0
306181,Display,30,5890.2,8,2,128.45,1,Mobile,0
306182,Email,58,8642.7,13,3,204.08,3,Mobile,0
306183,Search,49,7682.19,11,2,165.67,4,Mobile,0
306184,Social Media,18,10811.43,9,1,414.03,3,Desktop,0
306185,Display,32,7289.58,8,1,264.2,1,Desktop,0
306186,Referral,48,7289.48,14,3,30.77,6,Mobile,0
306187,Search,20,6328.15,5,5,184.26,0,Desktop,0
306188,Search,63,9390.72,6,0,49.04,5,Desktop,0
306189,,38,7419.29,14,1,112.02,5,Mobile,0
306190,Email,52,9654.49,13,2,126.48,1,Mobile,0
306191,Email,42,10143.58,12,2,116.05,3,Desktop,0
306192,Referral,64,7393.38,5,5,248.37,3,Desktop,0
306193,Display,58,8289.73,4,3,56.95,0,Mobile,0
306194,Referral,19,5136.32,10,1,356.81,3,Mobile,0
306195,Email,41,4563.32,11,1,243.99,6,Mobile,0
306196,Social Media,39,7639.07,12,2,89.56,4,Mobile,1
306197,Social Media,41,9595.71,12,6,35.78,5,Mobile,0
306198,Social Media,42,7844.9,8,2,55.91,1,Mobile,0
306199,Search,43,11535.25,12,3,210.45,1,Desktop,0
306200,Email,62,4576.55,6,2,58.84,3,Desktop,0
306201,Search,20,9326.13,5,4,274.47,5,Mobile,0
306202,Search,27,8230.37,3,2,314.93,4,Desktop,0
306203,Search,50,15271.69,9,6,59.34,6,Mobile,0
306204,Display,49,9561.65,2,2,271.64,2,Tablet,1
306205,Display,30,8962.71,14,4,184.65,6,Mobile,0
306206,Referral,53,6334.75,3,2,126.34,5,Desktop,0
306207,Social Media,21,8370.2,7,3,152.21,5,Mobile,1
306208,Social Media,29,10122.66,2,1,119.38,5,Mobile,0
306209,Referral,35,6407.39,10,1,256.11,4,Mobile,1
306210,Referral,37,10892.61,11,2,73.39,5,Mobile,1
306211,Email,42,10017.0,11,4,343.3,4,Tablet,0
306212,Display,56,9587.73,3,3,147.7,6,Tablet,0
306213,Social Media,54,8515.25,4,3,10.65,6,Tablet,0
306214,Social Media,45,7461.53,7,4,20.99,1,Desktop,0
306215,Email,33,9899.72,11,2,242.32,2,Mobile,0
306216,Email,25,7865.13,7,1,326.69,5,Mobile,0
306217,Email,54,6241.17,5,4,399.15,5,Desktop,1
306218,Social Media,37,8568.92,3,1,137.0,3,Desktop,0
306219,Search,21,7266.52,4,4,399.04,3,Mobile,0
306220,Search,65,7943.38,10,1,-174.56,5,Mobile,0
306221,Email,43,3392.23,8,1,224.0,1,Mobile,0
306222,Referral,39,4132.94,1,1,136.11,1,Desktop,0
306223,Email,57,11284.94,10,4,85.14,0,Mobile,1
306224,Search,28,9440.69,3,3,345.54,5,Mobile,0
306225,Referral,40,8657.67,15,3,101.82,2,Mobile,0
306226,Email,59,4986.39,14,1,65.25,1,Tablet,0
306227,Social Media,39,11670.34,4,4,264.76,2,Mobile,0
306228,Referral,18,7281.12,8,1,212.49,0,Mobile,0
306229,Search,25,10246.82,6,3,226.21,2,Desktop,0
306230,Email,38,8579.15,10,3,207.84,0,Desktop,0
306231,Email,42,8622.52,2,2,142.13,4,Mobile,0
306232,Display,37,8956.78,6,3,245.55,4,Mobile,1
306233,Display,40,8066.51,11,3,106.31,6,Desktop,0
306234,Email,21,9482.88,12,6,89.98,4,Mobile,1
306235,Email,36,7928.76,12,4,73.83,6,Mobile,0
306236,Referral,39,2000.0,2,2,203.47,2,Desktop,1
306237,Search,23,2332.56,10,4,3.43,5,Mobile,1
306238,Social Media,24,11201.99,14,7,255.27,6,Mobile,0
306239,Referral,49,7303.91,11,5,170.11,3,Desktop,0
306240,Display,54,7277.84,14,2,88.18,1,Desktop,1
306241,Email,38,4198.86,14,1,192.34,4,Mobile,0
306242,Search,62,11076.38,14,5,132.42,0,Mobile,1
306243,Social Media,62,5104.14,9,6,232.18,6,Mobile,0
306244,Email,62,4331.04,13,2,206.06,5,Mobile,0
306245,Email,36,12094.19,12,1,314.38,5,Desktop,0
306246,Referral,51,7214.97,12,4,165.67,3,Mobile,0
306247,Display,24,9459.2,15,7,137.99,4,Mobile,0
306248,Referral,48,8976.26,14,3,182.14,2,Tablet,0
306249,Social Media,43,8039.5,7,3,305.89,3,Desktop,0
306250,Search,23,5466.6,8,2,170.98,2,Mobile,0
306251,Search,19,7202.77,5,2,146.65,6,Mobile,0
306252,Display,33,3802.15,11,2,303.93,2,Mobile,0
306253,Search,62,12946.0,14,1,86.39,3,Mobile,0
306254,Email,60,9031.69,11,3,58.25,2,Mobile,0
306255,Email,54,5641.94,7,3,206.5,2,Desktop,0
306256,Social Media,46,8760.45,7,4,236.44,2,Mobile,1
306257,Search,48,7420.27,7,3,124.86,5,Mobile,1
306258,Display,22,2000.0,6,4,66.7,0,Desktop,1
306259,Display,22,7848.62,5,3,215.65,6,Mobile,0
306260,Email,43,3189.53,2,2,115.07,4,Mobile,0
306261,Referral,46,7812.55,5,3,284.06,6,Mobile,0
306262,Social Media,18,10082.38,5,3,92.86,0,Mobile,0
306263,Social Media,52,7151.52,8,5,283.37,2,Mobile,0
306264,Email,45,6007.62,9,3,363.94,2,Mobile,1
306265,Search,32,10692.7,5,2,79.32,1,Mobile,0
306266,Email,25,8580.98,10,4,187.61,5,Desktop,0
306267,Display,43,9035.5,1,1,22.39,3,Desktop,0
306268,Search,54,9139.21,9,6,494.85,1,Mobile,0
306269,Social Media,57,9682.41,11,2,390.42,5,Desktop,1
306270,Social Media,40,13466.1,3,3,305.76,2,Desktop,0
306271,Referral,54,5266.4,3,3,160.59,5,Desktop,0
306272,Email,53,9561.85,8,5,124.0,1,Desktop,0
306273,Referral,26,11099.47,14,5,164.05,6,Mobile,1
306274,Email,62,7322.71,14,0,233.11,4,Desktop,0
306275,Email,63,2738.89,11,3,367.1,5,Desktop,0
306276,Search,26,4129.24,5,5,202.5,6,Desktop,1
306277,Email,49,8950.5,13,3,109.74,2,Mobile,0
306278,Email,64,11605.87,8,4,127.19,3,Desktop,0
306279,Email,54,7730.44,12,7,161.03,6,Desktop,0
306280,Display,30,11334.76,8,1,97.39,2,Desktop,0
306281,Email,63,7005.0,2,2,170.62,2,Desktop,0
306282,Display,60,5937.83,8,1,173.2,2,Desktop,0
306283,Referral,41,8108.53,3,2,199.96,5,Tablet,1
306284,Referral,54,11383.13,8,1,57.15,3,Tablet,0
306285,Referral,52,8878.15,12,2,232.29,3,Mobile,0
306286,Social Media,38,9254.95,6,6,158.22,6,Mobile,1
306287,Search,27,8013.53,11,5,198.19,5,Desktop,0
306288,Email,49,2268.55,1,1,62.11,6,Desktop,0
306289,Social Media,54,5877.7,12,5,132.06,6,Desktop,1
306290,Social Media,62,8127.54,3,3,185.58,2,Mobile,0
306291,Referral,54,7042.99,4,2,295.21,2,Mobile,0
306292,Search,25,9584.56,11,5,429.26,4,Mobile,0
306293,Search,31,9141.99,11,7,196.65,4,Mobile,1
306294,Referral,52,8242.17,1,1,110.93,6,Mobile,0
306295,Email,19,10851.99,13,2,279.28,2,Desktop,0
306296,Referral,37,8014.41,12,2,162.41,0,Desktop,0
306297,Social Media,54,6918.94,7,5,161.1,3,Mobile,0
306298,Referral,22,8623.89,7,2,42.72,4,Desktop,0
306299,Email,59,6398.84,11,4,7.57,2,Mobile,0
306300,Social Media,31,9726.54,5,4,180.34,6,Mobile,1
306301,Email,50,10776.61,3,3,127.48,3,Desktop,1
306302,Referral,64,11586.26,13,2,233.06,4,Mobile,0
306303,Email,57,3834.03,3,3,319.72,2,Mobile,0
306304,Referral,24,5930.55,6,5,200.07,5,Desktop,0
306305,Referral,23,5619.12,6,6,388.87,1,Tablet,1
306306,Referral,47,10747.67,2,2,292.86,4,Desktop,0
306307,Search,59,2000.0,6,3,108.54,3,Mobile,0
306308,Social Media,55,8411.45,6,3,245.59,6,Tablet,1
306309,Social Media,60,7512.04,1,1,289.47,0,Mobile,0
306310,Search,33,16386.6,4,4,278.56,5,Desktop,1
306311,Social Media,19,6330.56,5,1,77.62,1,Tablet,1
306312,Display,38,5349.2,9,4,285.75,4,Mobile,0
306313,Display,59,3611.11,9,3,522.73,0,Mobile,1
306314,Referral,34,7754.49,14,2,138.99,6,Mobile,0
306315,Search,61,13339.89,14,4,216.81,0,Mobile,0
306316,Email,24,10532.17,8,5,189.44,2,Mobile,1
306317,Email,30,7539.18,11,4,308.61,2,Mobile,0
306318,Search,63,16093.06,10,3,157.58,5,Desktop,0
306319,Referral,63,6430.37,6,6,233.61,6,Mobile,1
306320,Email,63,9282.27,8,6,120.97,3,Mobile,1
306321,Email,47,6460.7,13,2,150.48,0,Tablet,1
306322,Search,19,6645.94,4,4,102.34,5,Desktop,0
306323,Referral,36,4161.93,7,2,88.81,5,Tablet,0
306324,Search,28,7378.66,2,2,200.37,1,Tablet,0
306325,Social Media,30,10678.21,4,4,271.23,4,Desktop,0
306326,Search,41,8788.75,10,3,111.03,5,Tablet,1
306327,Email,51,6674.19,12,4,361.74,6,Desktop,0
306328,Social Media,19,9085.86,11,2,216.3,6,Desktop,0
306329,Social Media,46,4116.33,14,2,290.9,1,Mobile,0
306330,Email,37,6117.66,7,1,44.03,2,Mobile,0
306331,Referral,18,8411.79,8,2,123.08,2,Mobile,0
306332,Email,36,2000.0,13,1,225.4,3,Tablet,0
306333,Social Media,43,7230.56,4,2,206.56,4,Mobile,0
306334,Display,41,,11,2,290.16,5,Desktop,0
306335,Search,27,10321.43,1,1,107.01,5,Desktop,0
306336,Referral,30,6709.09,7,0,96.55,3,Desktop,0
306337,Search,37,7351.81,4,2,241.41,4,Desktop,0
306338,Email,31,10066.19,15,3,122.71,2,Mobile,0
306339,Social Media,39,10759.25,9,3,70.59,3,Mobile,0
306340,Email,64,5656.79,9,3,327.73,6,Tablet,0
306341,Referral,26,7521.14,9,2,392.52,2,Desktop,0
306342,Search,23,12060.02,15,5,600.96,4,Desktop,0
306343,Email,33,8453.32,7,4,39.29,4,Desktop,0
306344,Search,65,8113.71,11,2,185.1,6,Desktop,0
306345,Search,40,13193.25,10,3,133.98,1,Desktop,1
306346,Referral,45,4585.1,14,5,60.37,6,Tablet,1
306347,Search,24,10484.78,7,6,122.99,1,Desktop,1
306348,Search,29,8862.56,14,4,58.13,4,Mobile,0
306349,Search,43,6424.63,11,1,263.09,0,Desktop,0
306350,Search,25,5129.08,7,5,96.39,2,Desktop,0
306351,Email,18,5468.47,7,2,195.84,6,Mobile,0
306352,Social Media,30,4594.52,7,5,575.33,6,Mobile,0
306353,Email,30,12574.4,8,3,457.14,3,Mobile,0
306354,Referral,52,12446.36,12,7,194.79,4,Tablet,0
306355,Search,36,7786.48,10,2,235.48,2,Mobile,0
306356,Search,32,8045.64,10,4,231.32,6,Desktop,0
306357,Social Media,37,11146.73,14,2,252.81,5,Mobile,0
306358,Email,54,9405.79,11,2,61.3,3,Mobile,1
306359,Search,54,7633.01,4,4,86.71,4,Mobile,0
306360,Referral,55,8913.46,8,3,193.46,5,Mobile,0
306361,Email,40,6116.58,4,3,264.72,3,Desktop,0
306362,Email,47,8491.86,5,3,540.57,1,Mobile,1
306363,Email,34,12412.53,7,3,65.71,2,Mobile,0
306364,Email,45,14716.37,11,3,248.72,1,Tablet,0
306365,Email,42,3708.19,15,6,244.89,0,Desktop,1
306366,Social Media,42,5038.9,11,2,71.7,4,Desktop,1
306367,Display,25,9274.58,7,2,213.43,3,Mobile,1
306368,Search,49,9489.75,10,3,52.59,5,Desktop,0
306369,Search,49,2474.14,8,1,169.15,3,Tablet,0
306370,Search,19,11167.58,11,1,102.22,5,Mobile,0
306371,Social Media,30,12122.36,10,2,444.92,1,Desktop,0
306372,Display,53,4120.47,13,2,395.84,0,Mobile,1
306373,Email,25,5521.44,4,4,234.37,0,Mobile,0
306374,Social Media,56,10364.04,11,1,139.08,6,Desktop,0
306375,Referral,36,12703.74,13,3,71.76,6,Mobile,0
306376,Display,43,5735.26,11,2,449.3,0,Mobile,0
306377,Referral,56,9393.99,10,2,241.17,5,Desktop,1
306378,Display,57,9949.13,1,1,174.14,3,Mobile,0
306379,Social Media,63,5132.83,12,5,180.25,5,Desktop,0
306380,Email,45,13542.58,12,3,276.68,1,Mobile,0
306381,Display,65,4300.87,4,4,227.06,2,Mobile,0
306382,Email,37,9794.77,7,2,175.34,4,Mobile,0
306383,Referral,34,12067.29,14,4,285.74,0,Mobile,0
306384,Search,36,11198.76,9,3,631.77,1,Mobile,0
306385,Referral,40,10866.98,12,3,273.98,1,Mobile,1
306386,Search,36,2584.91,12,1,100.02,0,Mobile,0
306387,Email,63,14648.74,10,0,301.43,1,Mobile,0
306388,Social Media,22,11882.58,3,2,119.41,2,Mobile,0
306389,Social Media,29,,1,1,65.71,2,Tablet,0
306390,Email,43,8678.37,11,1,111.83,4,Mobile,0
306391,Search,65,2791.83,1,1,332.37,0,Desktop,0
306392,Email,19,6920.06,3,2,77.78,0,Tablet,0
306393,Referral,45,11532.72,9,7,325.08,6,Desktop,1
306394,Social Media,29,7339.34,13,3,155.15,0,Mobile,0
306395,Email,50,5868.34,12,2,199.05,5,Mobile,0
306396,Social Media,50,6528.1,3,2,419.73,1,Mobile,0
306397,Social Media,19,2181.78,6,1,103.0,4,Desktop,0
306398,Referral,63,6688.24,9,2,131.95,2,Mobile,0
306399,Display,51,7535.26,6,4,404.04,6,Desktop,0
306400,Email,46,7470.67,9,6,146.79,2,Desktop,1
306401,Search,39,12758.18,3,3,107.16,1,Mobile,0
306402,Display,38,3948.15,3,2,89.61,3,Mobile,0
306403,Social Media,46,11445.13,8,1,11.06,1,Desktop,1
306404,Social Media,46,6501.56,4,2,230.79,0,Desktop,0
306405,Social Media,49,10980.21,7,3,271.06,0,Mobile,0
306406,Social Media,25,11836.54,3,3,167.84,2,,0
306407,Referral,24,4293.01,1,1,190.59,5,Mobile,1
306408,Search,65,4073.6,11,3,86.73,2,Tablet,0
306409,Social Media,27,9367.32,7,2,240.06,2,Desktop,1
306410,Social Media,46,12091.38,10,4,183.76,3,Desktop,0
306411,Email,42,7604.17,6,2,76.55,3,Desktop,0
306412,Social Media,52,9494.51,10,2,110.91,0,Desktop,0
306413,Email,26,9191.25,9,3,403.88,6,Mobile,1
306414,Email,43,4874.08,6,2,285.57,2,Mobile,0
306415,Social Media,43,6596.48,10,5,82.61,1,Mobile,0
306416,Email,41,5403.01,9,2,158.84,3,Mobile,0
306417,Display,43,11713.82,15,5,199.28,2,Mobile,0
306418,Email,34,5265.23,2,2,199.7,1,Tablet,0
306419,Email,23,9044.24,9,7,126.24,2,Mobile,0
306420,Email,48,12365.82,7,4,91.72,5,Tablet,0
306421,Referral,33,4672.92,8,3,111.54,3,Mobile,0
306422,Referral,42,9692.32,7,3,334.22,2,Mobile,0
306423,Email,21,7247.28,4,2,76.27,0,Mobile,0
306424,Social Media,25,11515.14,2,2,264.48,6,Mobile,0
306425,Search,24,4921.88,11,3,340.65,0,Mobile,0
306426,Email,35,2000.0,9,1,270.62,6,Mobile,1
306427,Social Media,52,6868.42,14,4,107.36,5,Tablet,0
306428,Display,39,10720.89,3,2,339.56,4,Mobile,0
306429,Email,42,8802.51,7,7,137.59,1,Mobile,1
306430,Social Media,45,13922.56,1,1,320.75,6,Desktop,1
306431,Email,58,9251.91,6,3,286.3,5,Tablet,0
306432,Search,23,9221.83,13,2,183.83,4,Mobile,0
306433,Referral,19,14081.81,14,5,278.26,5,Desktop,1
306434,Social Media,65,14930.61,3,3,118.77,1,Mobile,0
306435,Email,62,7123.7,12,0,253.3,5,Mobile,0
306436,Social Media,38,10291.31,14,3,269.04,4,Tablet,1
306437,Search,63,11825.2,2,2,256.99,0,Mobile,0
306438,Social Media,31,12274.93,2,2,619.16,0,Mobile,0
306439,Social Media,22,9050.03,13,2,87.46,3,Mobile,0
306440,Search,64,14149.79,9,4,200.94,4,Mobile,0
306441,Email,51,7734.54,2,1,158.71,4,Mobile,0
306442,Social Media,42,2315.44,1,1,214.08,5,Mobile,0
306443,Referral,28,12416.97,11,5,120.32,2,Mobile,0
306444,Referral,54,7123.95,4,1,47.75,5,Mobile,0
306445,Email,43,8261.59,3,2,55.79,2,Mobile,0
306446,Referral,33,8294.03,4,4,45.67,0,Mobile,1
306447,Display,19,2000.0,12,1,73.67,3,Desktop,0
306448,Display,63,14082.42,3,3,111.76,6,Mobile,0
306449,Search,44,9108.23,5,4,228.62,0,Desktop,0
306450,Search,41,8483.33,12,6,205.83,2,Desktop,0
306451,Search,41,7807.42,11,4,88.96,4,Mobile,0
306452,Referral,43,8678.45,5,4,83.49,4,Mobile,0
306453,Email,56,9999.75,1,1,436.39,4,Desktop,0
306454,Referral,59,9647.7,10,4,106.77,0,Mobile,0
306455,Email,24,13234.08,1,1,39.79,4,Mobile,0
306456,Email,40,10882.43,7,4,101.95,0,Desktop,0
306457,Email,27,17040.03,2,2,188.04,6,Mobile,0
306458,Referral,43,3952.79,11,4,48.41,5,Mobile,0
306459,Social Media,54,6890.74,11,2,289.09,6,Tablet,0
306460,Display,54,11193.29,1,1,165.57,2,Mobile,0
306461,Email,52,2000.0,7,3,370.66,6,Mobile,1
306462,Social Media,42,13544.76,4,2,426.46,1,Desktop,0
306463,Email,41,3860.42,4,4,112.08,0,Mobile,0
306464,Referral,43,7836.65,6,2,536.6,4,Desktop,0
306465,Email,48,7623.36,15,4,110.09,6,Tablet,0
306466,Search,45,2998.3,9,3,211.7,6,Tablet,0
306467,Social Media,60,6862.92,8,2,105.08,0,Mobile,0
306468,Search,23,13606.45,2,2,156.76,3,Mobile,0
306469,Social Media,36,9331.99,11,3,526.68,1,Mobile,1
306470,Search,39,5780.17,12,1,187.27,4,Mobile,0
306471,Social Media,21,8458.5,1,1,248.43,1,Desktop,0
306472,Search,33,8410.53,9,1,581.86,3,Desktop,0
306473,Email,48,12872.51,15,5,88.51,1,Tablet,0
306474,Social Media,58,9519.26,10,4,457.01,6,Mobile,0
306475,Referral,20,7545.88,14,1,195.41,2,Mobile,1
306476,Social Media,20,5938.93,4,3,219.7,0,Mobile,0
306477,Social Media,48,8537.54,14,3,247.79,1,Tablet,1
306478,Search,18,9928.04,7,2,189.8,1,Mobile,0
306479,Referral,42,2000.0,8,2,61.62,4,Desktop,0
306480,Referral,20,9956.71,4,0,196.39,6,Mobile,0
306481,Social Media,63,2000.0,1,1,208.61,6,Mobile,0
306482,Referral,24,2000.0,6,3,339.07,1,Mobile,1
306483,Social Media,54,9185.61,3,2,215.69,4,,0
306484,Referral,59,15635.43,10,3,320.54,3,Mobile,0
306485,Search,32,7605.69,9,3,145.95,6,Mobile,0
306486,Social Media,52,7451.38,9,2,352.27,4,Mobile,1
306487,Social Media,38,8365.71,11,3,160.58,0,Mobile,0
306488,,35,10614.2,6,4,195.32,5,Desktop,1
306489,Social Media,50,10482.65,2,2,50.74,3,Desktop,0
306490,Email,55,9055.05,2,2,410.44,2,Mobile,0
306491,Display,58,8226.37,4,0,134.76,6,Mobile,0
306492,Social Media,20,8407.73,11,4,41.43,3,Tablet,1
306493,Social Media,41,8848.73,3,0,111.52,5,Mobile,0
306494,Email,44,2227.63,8,8,411.8,2,Mobile,1
306495,Social Media,34,9233.25,14,7,158.97,4,Mobile,1
306496,Social Media,51,3330.08,3,3,-61.13,1,Mobile,1
306497,Social Media,49,8475.12,10,5,339.19,4,Mobile,0
306498,Referral,54,11202.69,11,2,405.67,3,Mobile,0
306499,Social Media,64,11106.35,4,4,26.88,0,Desktop,0
306500,Email,57,8739.48,8,3,39.55,2,Mobile,0
300001,Social Media,27,11145.1,4,2,327.84,4,Mobile,0
300002,Email,54,13787.6,13,6,159.8,2,Desktop,0
300003,Social Media,53,11333.17,15,5,96.61,0,Mobile,0
300004,Referral,54,3492.53,6,2,323.26,3,Desktop,0
300005,Email,-5,11726.26,13,2,107.22,2,Mobile,0
300006,Social Media,41,16511.38,3,3,514.65,2,Mobile,1
300007,Search,46,4477.92,10,2,324.34,3,Mobile,0
300008,Referral,43,10535.41,2,2,211.79,2,Mobile,0
300009,Social Media,60,6451.4,14,2,145.23,1,Mobile,0
300010,Display,47,8113.55,4,4,67.29,4,Desktop,1
300011,Social Media,36,10122.47,7,5,260.0,1,Desktop,0
300012,Referral,22,10321.37,11,6,356.97,2,Mobile,0
300013,Search,25,2000.0,10,3,197.91,1,Mobile,0
300014,Display,54,10843.81,4,2,106.86,5,Mobile,0
300015,Display,22,11757.81,13,4,417.27,3,Mobile,0
300016,Social Media,42,8439.62,2,2,56.41,6,Desktop,0
300017,Display,38,12816.88,14,3,82.12,0,Mobile,0
300018,Referral,54,5261.13,15,3,150.1,4,Mobile,1
300019,Search,52,9939.04,13,4,174.56,0,Desktop,0
300020,Display,63,12042.44,6,1,152.19,4,Desktop,1
300021,Search,34,6875.0,10,2,133.78,6,Desktop,0
300022,Email,45,5830.09,5,3,74.79,1,Mobile,0
300023,Referral,40,5136.44,11,1,419.01,5,Mobile,0
300024,Referral,64,9144.51,7,1,317.38,1,Desktop,0
300025,Search,22,12089.05,3,3,28.83,3,,1
300026,Search,52,10907.95,14,2,61.58,4,Mobile,0
300027,Search,55,8367.29,8,2,211.47,2,Mobile,0
300028,Email,39,6861.93,4,0,67.88,2,Desktop,0
300029,Referral,20,10964.87,8,3,325.8,3,Mobile,0
300030,Email,54,5449.34,14,1,21.04,3,Mobile,0
300031,Email,60,5759.25,8,4,50.67,1,Mobile,0
300032,Referral,0,9332.71,4,3,233.63,4,Mobile,0
300033,Social Media,39,4953.15,13,1,116.28,3,Mobile,0
300034,Email,43,8381.65,3,3,60.97,1,Tablet,0
300035,Email,31,10652.51,5,4,187.55,2,Mobile,0
300036,Social Media,65,6684.78,2,2,128.16,1,Desktop,0
300037,Display,54,10470.71,8,4,409.69,1,Mobile,0
300038,Display,41,13338.15,6,3,352.5,5,Desktop,1
300039,Email,21,11599.17,6,2,221.49,1,Mobile,0
300040,Social Media,65,11564.03,12,0,131.12,4,Mobile,0
300041,Email,37,9358.83,9,1,7.9,6,Desktop,0
300042,Search,44,8441.12,12,4,308.3,4,Mobile,0
300043,Email,29,5436.98,2,2,48.79,3,Tablet,0
300044,Referral,58,12823.51,13,3,215.1,6,Desktop,0
300045,Search,23,13156.63,6,3,222.88,5,Desktop,0
300046,Display,41,9882.12,11,3,160.52,3,Desktop,0
300047,Social Media,36,10715.05,1,1,179.15,0,Tablet,0
300048,Referral,20,13022.27,10,4,200.51,6,,0
300049,Email,30,7741.15,6,4,169.21,0,Mobile,0
300050,Email,35,9609.77,12,5,115.37,4,Mobile,0
300051,Search,59,12014.22,3,3,272.95,5,,1
300052,Referral,23,8256.88,6,2,96.85,0,Mobile,0
300053,Email,36,10491.36,13,1,280.89,6,Mobile,0
300054,Referral,40,4207.53,3,2,135.87,4,Mobile,0
300055,Email,50,9247.51,13,1,114.28,1,Mobile,0
300056,Referral,49,13937.27,3,1,332.37,2,Desktop,0
300057,Social Media,35,12280.74,12,2,75.67,4,Mobile,0
300058,Referral,54,8220.83,3,3,103.13,4,Tablet,0
300059,Email,54,7358.31,9,4,701.07,0,Mobile,1
300060,Display,18,12312.6,7,3,206.83,1,Mobile,1
300061,Display,59,9287.51,1,1,107.66,1,Desktop,0
300062,Referral,62,9275.87,7,1,175.98,5,,0
300063,Display,25,18076.51,10,2,237.07,0,Desktop,0
300064,Search,18,14118.28,14,3,238.09,4,Mobile,1
300065,Referral,38,13907.98,7,3,86.15,5,Mobile,0
300066,Search,22,8602.12,8,3,103.15,5,Mobile,0
300067,Referral,65,9921.79,3,3,109.2,3,Desktop,1
300068,Email,55,4164.79,2,2,359.82,4,Mobile,0
300069,Email,54,14207.84,8,4,380.29,5,Mobile,0
300070,Referral,43,8963.52,11,7,144.32,0,Mobile,0
300071,Social Media,44,2742.34,13,5,174.64,5,Tablet,0
300072,Social Media,34,8960.68,12,4,57.4,4,Desktop,0
300073,Email,29,5179.24,15,2,117.07,1,Mobile,1
300074,Email,39,7344.42,4,4,220.31,1,Tablet,0
300075,Referral,56,10206.38,15,2,650.07,1,Desktop,0
300076,Referral,18,5894.12,1,1,175.01,2,Mobile,0
300077,Email,18,8120.23,6,4,79.89,2,Mobile,0
300078,Search,42,7170.77,15,4,97.68,6,Mobile,0
300079,Display,62,8774.49,8,1,204.02,5,Mobile,0
300080,Display,63,4284.9,13,5,151.75,6,Desktop,1
300081,Email,55,7572.04,2,2,67.21,4,Desktop,0
300082,Email,26,7950.24,8,3,235.27,6,Desktop,1
300083,Email,59,6965.13,15,4,116.42,6,Tablet,0
300084,Referral,27,9135.79,10,1,196.04,6,Mobile,0
300085,Email,32,6408.05,12,6,15.69,4,Tablet,0
300086,Email,51,3589.1,14,1,29.46,0,Desktop,0
300087,Referral,26,10093.16,2,2,313.81,2,Mobile,0
300088,Referral,51,5900.68,15,2,165.27,6,Mobile,0
300089,Email,41,8210.26,15,2,137.18,2,Mobile,0
300090,Display,32,7429.59,4,4,102.4,2,Tablet,0
300091,Display,56,10052.0,9,3,419.63,0,Desktop,1
300092,Referral,46,2000.0,4,3,333.55,6,Mobile,0
300093,Social Media,40,5471.37,11,7,123.87,0,Mobile,0
300094,Referral,52,12110.51,14,4,407.53,4,Desktop,1
300095,Referral,25,11017.78,6,6,111.19,2,Desktop,0
300096,Email,50,10394.4,15,4,233.26,5,Tablet,0
300097,Social Media,61,7283.56,10,5,228.6,2,Mobile,0
300098,Referral,56,6435.2,3,3,183.27,4,Mobile,0
300099,Display,38,6016.45,4,2,107.72,1,Tablet,1
300100,Search,35,6490.82,8,7,151.3,5,Tablet,1
