Employee_ID,Department,Job_Level,Age,Years_At_Company,Monthly_Salary,Overtime,Job_Satisfaction,Training_Hours,Remote_Work,Attrition
200001,Finance,Associate,59,12,8031.99,No,2.0,1,No,0
200002,Operations,Analyst,45,4,8350.91,Yes,4.0,4,No,0
200003,HR,Specialist,46,6,3965.67,No,5.0,8,Yes,0
200004,IT,Manager,53,3,5818.06,No,3.0,2,No,0
200005,Sales,Associate,38,15,7755.01,No,4.0,5,No,0
200006,IT,Specialist,43,1,5204.37,No,2.0,5,Yes,0
200007,Operations,Associate,44,5,11224.94,No,5.0,1,Yes,0
200008,HR,Associate,22,8,4738.69,Yes,5.0,8,No,1
200009,Sales,Specialist,49,4,3023.15,Yes,3.0,3,No,0
200010,Operations,Specialist,-2,2,9121.75,No,5.0,6,Yes,0
200011,Operations,Engineer,34,9,8193.51,No,5.0,0,Yes,1
200012,Finance,Engineer,33,4,2685.15,No,2.0,5,No,0
200013,IT,Specialist,35,1,5268.88,No,3.0,7,Yes,0
200014,HR,Specialist,30,2,11121.92,No,2.0,5,No,0
200015,Operations,Engineer,32,4,11437.87,No,1.0,3,No,1
200016,Marketing,Manager,52,12,11953.66,No,4.0,3,No,0
200017,IT,Specialist,36,15,8350.4,No,5.0,2,No,1
200018,Marketing,Associate,22,12,,Yes,5.0,4,No,1
200019,HR,Specialist,40,0,8726.89,Yes,1.0,1,Yes,0
200020,Marketing,Analyst,41,0,5255.49,No,5.0,5,Yes,0
200021,Operations,Analyst,55,0,6373.35,Yes,2.0,2,Yes,1
200022,HR,Manager,37,1,6553.33,No,5.0,0,No,1
200023,IT,Specialist,25,9,4695.39,No,2.0,1,No,0
200024,Sales,Manager,48,15,9421.91,Yes,3.0,2,No,1
200025,Operations,Specialist,55,5,4946.84,No,5.0,1,No,0
200026,Finance,Engineer,49,12,6239.04,No,4.0,6,Yes,1
200027,Sales,Associate,60,4,8038.25,No,2.0,6,Yes,1
200028,Sales,Specialist,54,4,6446.07,Yes,2.0,5,Yes,0
200029,Finance,Engineer,33,15,,Yes,1.0,7,No,0
200030,IT,Specialist,38,0,3753.05,Yes,4.0,7,No,0
200031,IT,Engineer,23,4,5248.68,No,1.0,2,Yes,0
200032,,Associate,30,13,6219.22,No,5.0,4,Yes,0
200033,Marketing,Engineer,29,1,8563.99,No,5.0,5,No,0
200034,Sales,Specialist,58,10,7947.47,No,4.0,7,No,0
200035,Sales,Manager,51,0,6927.77,No,3.0,6,Yes,0
200036,Operations,Specialist,31,4,8667.34,No,2.0,2,No,0
200037,Operations,Analyst,48,2,9693.89,No,4.0,8,No,0
200038,Finance,Manager,56,3,2500.0,No,1.0,5,Yes,1
200039,Sales,Associate,29,13,8319.11,No,1.0,2,Yes,1
200040,HR,Manager,54,8,10634.73,No,5.0,2,No,1
200041,Operations,Associate,21,10,4039.49,No,4.0,4,Yes,0
200042,Marketing,Associate,52,10,5816.42,No,4.0,1,Yes,0
200043,Operations,Specialist,43,5,10369.8,No,2.0,7,No,0
200044,Operations,Engineer,45,9,10853.48,No,2.0,1,Yes,0
200045,Marketing,Manager,46,14,4114.46,Yes,5.0,1,No,1
200046,IT,Associate,48,15,8756.99,No,4.0,5,Yes,0
200047,Marketing,Specialist,42,4,5551.2,No,5.0,3,No,1
200048,IT,Engineer,38,13,7309.28,No,2.0,8,Yes,0
200049,Operations,Manager,47,11,7174.91,No,5.0,1,No,0
200050,HR,Engineer,43,5,8436.95,No,2.0,2,Yes,0
200051,Sales,Associate,26,3,10544.84,No,5.0,2,No,0
200052,HR,Engineer,42,15,8559.15,Yes,2.0,4,No,0
200053,Finance,Analyst,47,8,10891.0,No,2.0,7,No,0
200054,Marketing,Analyst,36,0,4261.56,No,1.0,6,No,0
200055,IT,Engineer,25,15,6211.69,No,4.0,5,No,0
200056,IT,Engineer,60,3,5389.07,No,5.0,7,No,0
200057,HR,Associate,53,10,8410.17,Yes,5.0,8,Yes,0
200058,Operations,Engineer,39,4,10380.31,Yes,4.0,6,Yes,0
200059,Operations,Analyst,59,5,5862.27,No,1.0,5,No,1
200060,IT,Analyst,55,3,8769.2,No,1.0,5,Yes,0
200061,Finance,Specialist,46,15,11225.65,No,4.0,0,Yes,0
200062,Sales,Associate,48,4,10767.05,No,5.0,3,Yes,0
200063,Marketing,Manager,33,0,4528.66,No,4.0,2,Yes,0
200064,Sales,Associate,47,0,5810.88,No,1.0,2,No,0
200065,Operations,Engineer,41,3,4932.48,No,5.0,2,No,1
200066,Sales,Engineer,58,5,5481.07,Yes,5.0,0,Yes,1
200067,Sales,Analyst,31,12,3942.66,No,1.0,8,No,1
200068,IT,Manager,39,1,5068.86,Yes,1.0,5,No,0
200069,Marketing,Analyst,42,1,6148.22,No,5.0,6,No,0
200070,Marketing,Analyst,27,2,5139.88,Yes,5.0,5,Yes,0
200071,Sales,Engineer,60,6,6962.8,No,4.0,5,No,1
200072,IT,Engineer,32,15,10959.16,Yes,1.0,7,Yes,0
200073,Operations,Associate,43,4,7253.15,Yes,2.0,0,No,0
200074,Operations,Analyst,50,15,6055.46,No,4.0,5,Yes,0
200075,Marketing,Analyst,33,0,13233.95,No,1.0,3,No,0
200076,Finance,Manager,42,10,7725.52,No,3.0,1,No,0
200077,Operations,Engineer,41,8,8443.01,No,4.0,5,No,0
200078,Operations,Analyst,21,11,9147.04,No,5.0,2,No,0
200079,HR,Specialist,37,12,2834.48,Yes,1.0,3,Yes,1
200080,Operations,Analyst,31,5,4375.88,No,2.0,7,Yes,1
200081,Finance,Specialist,50,3,7922.71,Yes,1.0,6,No,0
200082,Sales,Engineer,45,13,4705.13,No,5.0,2,No,0
200083,Operations,Engineer,37,4,5330.95,Yes,1.0,5,No,0
200084,IT,Engineer,23,4,8648.65,No,1.0,2,Yes,1
200085,Marketing,Associate,59,13,5804.14,No,2.0,4,Yes,0
200086,HR,Analyst,31,7,9828.12,Yes,3.0,8,No,0
200087,IT,Analyst,39,10,2500.0,No,5.0,4,Yes,0
200088,Marketing,Manager,33,4,9410.36,Yes,3.0,0,Yes,0
200089,IT,Analyst,51,8,3290.99,No,5.0,0,Yes,0
200090,Operations,Specialist,28,9,,No,5.0,2,Yes,0
200091,HR,Manager,32,5,5260.51,No,1.0,2,No,0
200092,IT,Specialist,23,4,9383.36,Yes,1.0,4,Yes,1
200093,,Engineer,37,7,6054.54,Yes,2.0,0,Yes,0
200094,Sales,Engineer,30,14,9055.86,No,3.0,1,No,0
200095,Operations,Associate,58,0,10331.59,Yes,2.0,6,No,1
200096,Operations,Manager,34,12,9654.63,No,4.0,4,No,0
200097,Marketing,Associate,39,8,8944.51,No,1.0,7,No,0
200098,Sales,Analyst,38,3,5497.8,No,2.0,3,Yes,0
200099,Operations,Analyst,46,0,6167.23,No,3.0,7,Yes,0
200100,IT,Specialist,-1,6,4007.47,No,5.0,6,Yes,0
200101,Operations,Manager,22,0,5330.9,Yes,3.0,1,No,1
200102,Sales,Engineer,47,1,3395.53,No,5.0,2,No,0
200103,Operations,Analyst,44,2,12106.54,No,1.0,1,Yes,0
200104,Sales,Specialist,27,6,12608.72,Yes,3.0,2,No,0
200105,Sales,Engineer,27,12,7674.04,Yes,1.0,0,Yes,0
200106,Sales,Associate,36,8,7285.91,No,1.0,6,No,0
200107,Marketing,Specialist,38,14,9083.85,No,5.0,2,No,0
200108,Finance,Engineer,57,7,10671.23,No,2.0,5,Yes,1
200109,Sales,Specialist,44,1,6746.7,Yes,4.0,6,No,0
200110,Sales,Manager,48,13,5618.3,Yes,3.0,6,Yes,0
200111,IT,Associate,21,4,5802.98,No,4.0,8,No,1
200112,Finance,Manager,60,10,11014.74,No,4.0,5,No,0
200113,HR,Associate,53,10,10710.59,No,1.0,2,Yes,0
200114,Sales,Associate,53,12,9043.66,Yes,4.0,5,No,0
200115,Sales,Associate,60,7,3525.65,Yes,1.0,5,Yes,1
200116,Marketing,Associate,41,10,3419.83,Yes,2.0,4,No,0
200117,IT,Specialist,25,3,11789.07,No,2.0,6,Yes,0
200118,Operations,Manager,46,10,5438.23,No,4.0,7,No,0
200119,Marketing,Engineer,47,2,8621.68,No,3.0,3,Yes,0
200120,IT,Engineer,26,5,7448.09,No,3.0,3,No,0
200121,Sales,Associate,60,15,8214.83,No,2.0,0,No,0
200122,Finance,Associate,38,3,6814.96,Yes,3.0,8,Yes,0
200123,Sales,Associate,46,6,2977.51,Yes,3.0,8,No,1
200124,Operations,Engineer,25,8,9139.26,No,5.0,8,No,0
200125,Sales,Associate,54,4,9624.21,Yes,5.0,1,No,0
200126,Operations,Associate,58,8,2500.0,No,2.0,0,Yes,1
200127,Operations,Manager,53,15,7974.72,Yes,4.0,3,No,0
200128,Finance,Engineer,46,9,8469.19,Yes,1.0,7,No,0
200129,Marketing,Manager,26,2,8019.04,No,2.0,1,Yes,0
200130,Marketing,Engineer,58,5,3805.95,No,4.0,2,No,0
200131,Marketing,Engineer,27,0,11564.83,No,2.0,4,No,0
200132,Operations,Analyst,33,3,8008.11,No,2.0,0,Yes,0
200133,IT,Associate,38,12,5876.96,Yes,1.0,8,No,0
200134,Operations,Associate,21,14,7505.86,Yes,1.0,6,No,0
200135,Finance,Specialist,35,7,6980.84,No,4.0,5,Yes,0
200136,IT,Manager,31,1,7001.92,Yes,3.0,3,Yes,0
200137,Operations,Analyst,37,15,7264.37,No,2.0,4,Yes,0
200138,Finance,Analyst,25,5,12999.77,No,2.0,4,No,0
200139,Sales,Specialist,38,10,4258.09,Yes,5.0,7,Yes,1
200140,Marketing,Engineer,44,14,4245.67,Yes,3.0,4,No,1
200141,Sales,Associate,55,11,6810.28,No,1.0,6,No,0
200142,IT,Analyst,60,0,8003.99,No,2.0,8,No,0
200143,IT,Associate,38,2,4246.18,No,5.0,2,No,1
200144,IT,Associate,44,15,6847.51,Yes,1.0,7,No,1
200145,Finance,Specialist,43,8,4515.15,No,4.0,6,Yes,1
200146,IT,Analyst,59,7,6168.29,No,3.0,1,No,0
200147,Marketing,Associate,47,7,4011.73,Yes,3.0,8,No,1
200148,Sales,Analyst,46,0,7124.13,No,2.0,6,Yes,0
200149,Marketing,Manager,32,3,7053.12,No,3.0,8,Yes,0
200150,Operations,Specialist,38,5,8267.33,No,2.0,5,No,0
200151,Sales,Associate,46,0,7637.09,No,4.0,8,Yes,0
200152,Operations,Engineer,28,12,4812.38,Yes,4.0,5,Yes,1
200153,Marketing,Manager,30,1,7194.16,No,5.0,2,No,0
200154,Marketing,Engineer,40,0,2500.0,No,1.0,5,Yes,0
200155,Finance,Associate,51,14,5925.97,Yes,2.0,2,Yes,0
200156,Operations,Analyst,43,3,11844.0,No,2.0,4,Yes,0
200157,HR,Associate,53,13,9835.68,No,2.0,0,Yes,0
200158,IT,Manager,49,6,6002.44,Yes,5.0,6,No,0
200159,IT,Specialist,59,2,8891.51,Yes,3.0,3,No,0
200160,Sales,Engineer,54,15,2500.0,No,5.0,7,No,0
200161,Marketing,Analyst,53,6,3731.96,No,1.0,0,Yes,1
200162,Finance,Specialist,59,7,6714.3,No,1.0,6,No,0
200163,IT,Engineer,26,14,11883.2,Yes,3.0,0,No,0
200164,Sales,Associate,39,0,4950.37,No,4.0,8,Yes,0
200165,Finance,Specialist,50,11,11837.3,No,2.0,0,Yes,0
200166,Operations,Analyst,32,0,5002.16,No,3.0,5,No,0
200167,Finance,Associate,28,15,6182.78,Yes,3.0,1,No,0
200168,Marketing,Analyst,50,13,5364.29,No,3.0,1,Yes,0
200169,IT,Associate,33,4,11051.18,Yes,1.0,1,Yes,0
200170,HR,Associate,49,3,5939.42,No,2.0,1,No,0
200171,IT,Manager,25,10,6326.3,No,5.0,8,No,0
200172,IT,Manager,29,6,9131.71,Yes,4.0,5,No,0
200173,Marketing,Specialist,26,2,7101.25,No,5.0,2,Yes,1
200174,Finance,Specialist,21,11,6362.4,No,1.0,6,No,0
200175,Sales,Specialist,25,5,7062.25,No,2.0,2,No,1
200176,IT,Specialist,59,13,6189.15,No,5.0,3,Yes,0
200177,Operations,Manager,38,10,6638.31,Yes,1.0,1,No,0
200178,IT,Engineer,22,6,2500.0,No,4.0,4,No,0
200179,Sales,Specialist,28,7,9992.18,No,2.0,8,No,0
200180,Marketing,Analyst,24,5,7416.35,No,3.0,8,No,0
200181,Marketing,Manager,48,15,10789.13,Yes,5.0,5,Yes,0
200182,Sales,Manager,34,11,4317.83,No,2.0,5,No,0
200183,Operations,Analyst,50,5,7065.12,No,5.0,3,No,0
200184,Marketing,Associate,53,0,15252.59,Yes,2.0,8,No,1
200185,HR,Analyst,48,11,10117.46,Yes,4.0,2,Yes,0
200186,Sales,Associate,52,10,5956.73,No,1.0,4,No,0
200187,Sales,Specialist,59,1,7533.0,Yes,4.0,5,Yes,1
200188,Sales,Engineer,38,13,2500.0,Yes,2.0,6,Yes,0
200189,Sales,Specialist,58,9,4856.31,Yes,,1,Yes,1
200190,Finance,Manager,49,13,9613.46,No,1.0,6,No,0
200191,Marketing,Manager,50,11,7572.11,No,1.0,6,Yes,0
200192,Sales,Associate,43,7,7041.41,Yes,4.0,4,No,0
200193,Finance,Manager,30,6,8924.09,No,1.0,8,No,0
200194,Marketing,Specialist,35,4,10187.45,No,2.0,7,Yes,1
200195,Finance,Associate,46,12,7478.46,No,4.0,3,Yes,0
200196,Operations,Specialist,59,3,7233.43,No,5.0,5,No,0
200197,Finance,Engineer,27,9,8792.61,No,2.0,7,Yes,1
200198,Finance,Engineer,49,7,8707.81,Yes,4.0,0,No,0
200199,IT,Engineer,53,11,6317.71,No,1.0,3,No,1
200200,Finance,Associate,38,6,8952.41,Yes,3.0,8,Yes,1
200201,Operations,Analyst,44,10,4427.25,No,2.0,1,No,0
200202,Finance,Manager,29,5,9326.52,No,,7,No,0
200203,Operations,Associate,21,13,8158.88,Yes,4.0,6,No,1
200204,Finance,Associate,46,9,7449.93,No,4.0,8,Yes,0
200205,IT,Specialist,34,7,6298.1,No,2.0,2,No,0
200206,IT,Manager,27,5,6720.14,Yes,5.0,3,Yes,0
200207,Sales,Specialist,53,13,5190.25,Yes,5.0,7,No,0
200208,IT,Engineer,38,13,2500.0,Yes,5.0,3,No,0
200209,IT,Manager,29,1,5105.18,No,5.0,3,No,1
200210,HR,Analyst,50,12,6740.57,No,3.0,1,No,0
200211,Finance,Associate,55,5,5525.51,No,3.0,6,Yes,0
200212,Operations,Manager,37,6,4887.84,No,5.0,6,No,0
200213,Operations,Manager,26,7,4304.58,No,4.0,3,No,0
200214,Marketing,Manager,22,2,7752.11,No,4.0,1,Yes,0
200215,HR,Engineer,45,11,9179.03,No,4.0,2,No,0
200216,HR,Specialist,59,4,7019.72,No,2.0,6,No,0
200217,Sales,Engineer,41,6,6090.59,No,1.0,5,No,0
200218,HR,Engineer,48,11,10289.26,Yes,5.0,3,Yes,1
200219,Sales,Manager,24,4,6593.52,No,1.0,1,No,1
200220,IT,Associate,52,7,6307.9,No,4.0,0,Yes,0
200221,Sales,Associate,45,1,,No,2.0,2,No,0
200222,Finance,Engineer,57,10,8944.2,No,5.0,0,No,0
200223,Marketing,Manager,23,10,3747.14,No,5.0,2,No,0
200224,HR,Analyst,59,0,7463.1,Yes,1.0,0,No,1
200225,IT,Engineer,49,2,10693.1,No,1.0,8,Yes,1
200226,IT,Analyst,30,13,2554.75,Yes,5.0,3,Yes,0
200227,HR,Engineer,28,3,8160.08,No,3.0,1,No,0
200228,HR,Engineer,59,11,6594.4,No,3.0,0,Yes,0
200229,Finance,Analyst,46,6,10096.08,No,2.0,5,No,0
200230,Sales,Associate,42,15,6600.62,No,1.0,7,No,0
200231,Operations,Associate,46,14,3810.29,No,4.0,6,No,0
200232,Operations,Specialist,45,15,4969.49,No,1.0,1,No,0
200233,Marketing,Associate,43,13,5444.28,No,4.0,8,No,0
200234,IT,Manager,54,13,10495.21,No,1.0,1,Yes,1
200235,HR,Specialist,37,11,9529.06,No,2.0,3,No,0
200236,IT,Specialist,52,15,12481.04,Yes,3.0,5,Yes,0
200237,Sales,Associate,46,15,5998.23,No,1.0,2,No,1
200238,Sales,Associate,54,7,10180.01,No,2.0,6,Yes,0
200239,Marketing,Associate,44,14,7651.66,No,3.0,7,Yes,0
200240,Finance,Analyst,50,11,7866.62,No,5.0,5,Yes,0
200241,IT,Specialist,53,8,2500.0,No,1.0,0,Yes,1
200242,Operations,Engineer,48,1,7265.44,No,3.0,0,Yes,0
200243,Sales,Specialist,46,9,10738.36,No,4.0,4,Yes,0
200244,IT,Manager,44,12,7858.29,Yes,1.0,3,No,1
200245,IT,Analyst,24,10,4703.22,Yes,1.0,1,Yes,0
200246,Finance,Engineer,48,0,8535.06,Yes,3.0,7,No,0
200247,Sales,Manager,56,6,9118.19,No,3.0,5,No,0
200248,Sales,Manager,37,13,7780.73,No,1.0,3,No,0
200249,IT,Associate,52,12,12652.11,No,5.0,2,Yes,0
200250,Finance,Analyst,55,15,8482.12,No,3.0,8,Yes,0
200251,Sales,Analyst,55,1,6750.6,Yes,4.0,6,No,0
200252,HR,Associate,56,8,9414.07,No,2.0,6,No,0
200253,Finance,Specialist,41,8,7621.52,No,3.0,7,Yes,0
200254,Sales,Associate,22,1,10399.33,No,4.0,6,Yes,1
200255,Operations,Specialist,37,12,7201.0,No,5.0,5,Yes,0
200256,Marketing,Specialist,59,3,3778.79,No,2.0,3,No,1
200257,HR,Specialist,27,11,7873.67,Yes,3.0,3,No,0
200258,Operations,Manager,58,4,6820.06,No,2.0,7,No,0
200259,IT,Specialist,38,7,8808.26,No,4.0,5,No,0
200260,Operations,Analyst,56,3,7051.08,No,3.0,1,No,0
200261,Operations,Manager,35,11,4583.92,Yes,4.0,0,No,0
200262,Sales,Associate,25,11,8196.68,No,3.0,5,No,0
200263,Sales,Analyst,42,1,12275.57,No,4.0,0,Yes,1
200264,Marketing,Engineer,58,15,7333.43,No,5.0,6,No,1
200265,Operations,Associate,25,13,8571.56,Yes,5.0,2,No,1
200266,IT,Associate,45,1,7982.58,No,1.0,6,No,0
200267,HR,Analyst,59,1,8547.44,Yes,1.0,4,Yes,1
200268,Finance,Associate,37,11,4536.7,No,1.0,8,No,0
200269,Marketing,Specialist,33,8,6914.52,No,5.0,3,Yes,1
200270,Operations,Analyst,26,10,10072.94,No,5.0,3,Yes,0
200271,Finance,Engineer,47,5,4408.8,Yes,3.0,7,No,1
200272,Finance,Analyst,21,2,2500.0,No,3.0,8,Yes,0
200273,IT,Specialist,25,6,6298.36,No,3.0,8,No,0
200274,Marketing,Associate,25,0,8095.57,No,2.0,3,Yes,0
200275,Sales,Manager,26,13,5066.81,No,2.0,3,No,0
200276,Finance,Specialist,54,12,4968.9,No,2.0,7,Yes,0
200277,Marketing,Specialist,24,9,9234.8,No,3.0,7,Yes,0
200278,Sales,Analyst,41,3,5471.27,No,3.0,0,Yes,0
200279,Sales,Engineer,54,9,8028.88,Yes,3.0,1,Yes,0
200280,Finance,Analyst,33,0,5750.96,No,5.0,1,No,1
200281,Finance,Specialist,31,9,7226.92,Yes,3.0,7,No,0
200282,Sales,Specialist,51,15,3793.67,No,1.0,5,No,0
200283,IT,Analyst,30,11,8423.07,No,2.0,1,No,1
200284,HR,Manager,54,10,4284.75,No,1.0,2,No,1
200285,IT,Manager,30,0,5313.67,No,1.0,8,Yes,0
200286,HR,Specialist,30,6,11747.02,Yes,3.0,0,Yes,0
200287,Finance,Engineer,30,13,4866.17,No,1.0,7,No,0
200288,Sales,Engineer,59,2,7355.39,No,,3,No,0
200289,IT,Engineer,55,3,10324.73,No,5.0,8,No,0
200290,HR,Manager,21,2,2500.0,Yes,3.0,8,No,0
200291,Finance,Engineer,55,15,10212.62,No,3.0,8,Yes,0
200292,IT,Associate,60,11,10381.92,No,1.0,8,Yes,0
200293,Marketing,Analyst,32,15,8687.21,No,5.0,5,No,0
200294,HR,Specialist,33,13,5809.45,No,2.0,0,Yes,0
200295,IT,Associate,33,2,4734.92,No,5.0,4,Yes,0
200296,Operations,Engineer,51,3,6069.2,No,2.0,1,Yes,0
200297,Operations,Manager,25,2,8774.6,No,4.0,4,No,1
200298,HR,Manager,23,6,9898.14,No,2.0,6,No,0
200299,Operations,Specialist,21,3,6038.77,Yes,5.0,7,Yes,1
200300,Sales,Specialist,23,7,5040.59,No,1.0,5,Yes,0
200301,Finance,Specialist,45,0,9132.42,No,2.0,0,Yes,1
200302,Operations,Analyst,42,11,7756.43,Yes,5.0,0,Yes,0
200303,IT,Engineer,42,1,8210.63,No,5.0,6,No,0
200304,Finance,Engineer,33,12,3400.51,No,4.0,1,Yes,0
200305,IT,Specialist,53,8,6907.47,No,1.0,0,No,0
200306,Finance,Specialist,47,13,10136.32,No,4.0,2,Yes,0
200307,Finance,Analyst,57,7,6049.43,Yes,5.0,7,Yes,0
200308,Sales,Specialist,48,14,8900.9,Yes,5.0,5,No,1
200309,Operations,Manager,42,15,2500.0,No,1.0,1,Yes,0
200310,Sales,Analyst,36,11,11103.63,No,2.0,3,Yes,0
200311,Sales,Manager,29,12,7788.18,Yes,4.0,7,No,1
200312,Finance,Manager,42,7,,No,4.0,7,No,0
200313,Finance,Engineer,57,7,5373.59,No,3.0,6,No,0
200314,Sales,Specialist,52,5,5037.44,No,4.0,6,No,0
200315,HR,Analyst,55,2,8196.36,No,1.0,2,Yes,0
200316,IT,Manager,55,11,7179.26,No,2.0,1,Yes,0
200317,IT,Manager,51,15,6457.28,No,4.0,7,No,1
200318,Operations,Analyst,25,13,7625.44,No,2.0,7,Yes,0
200319,Marketing,Engineer,37,8,10401.4,No,4.0,5,No,0
200320,HR,Analyst,32,13,9159.77,No,4.0,7,No,1
200321,Sales,Specialist,34,2,4016.82,No,1.0,1,Yes,0
200322,Operations,Specialist,38,10,5361.1,Yes,1.0,5,No,0
200323,HR,Analyst,57,13,4822.62,No,2.0,4,No,0
200324,Sales,Engineer,23,14,,Yes,5.0,1,Yes,0
200325,Sales,Engineer,43,3,5718.38,No,2.0,6,No,1
200326,IT,Manager,42,3,5769.92,No,2.0,3,No,1
200327,IT,Analyst,54,7,5677.52,No,4.0,7,Yes,0
200328,Marketing,Engineer,34,13,5043.56,Yes,2.0,8,No,1
200329,IT,Engineer,24,9,7051.83,Yes,1.0,3,Yes,1
200330,Sales,Associate,44,13,6984.14,No,4.0,7,Yes,0
200331,Marketing,Manager,30,10,5350.02,No,3.0,1,Yes,0
200332,Marketing,Manager,49,13,7825.89,No,1.0,5,Yes,1
200333,Finance,Manager,57,15,7587.41,Yes,3.0,6,No,0
200334,HR,Engineer,21,3,6873.99,Yes,1.0,8,No,1
200335,Marketing,Associate,37,4,6939.81,No,4.0,4,No,0
200336,IT,Specialist,45,5,6900.97,No,1.0,1,Yes,0
200337,HR,Analyst,34,6,4138.14,Yes,4.0,3,No,0
200338,Marketing,Engineer,24,6,6108.78,Yes,3.0,0,No,0
200339,HR,Associate,32,8,5150.1,No,5.0,5,No,1
200340,Finance,Engineer,52,12,7496.23,No,3.0,3,Yes,1
200341,IT,Associate,60,13,6898.34,Yes,4.0,0,No,0
200342,Operations,Engineer,59,15,5397.24,No,2.0,0,No,1
200343,Marketing,Analyst,37,5,6542.29,No,2.0,8,Yes,0
200344,Marketing,Engineer,43,4,8475.95,No,3.0,8,Yes,0
200345,HR,Analyst,45,14,10522.44,No,4.0,0,No,0
200346,Operations,Engineer,60,11,8735.92,No,4.0,0,Yes,0
200347,Finance,Specialist,57,15,5462.33,No,2.0,6,No,1
200348,Operations,Engineer,30,5,5827.45,No,5.0,3,No,1
200349,IT,Manager,21,0,3874.38,No,2.0,1,Yes,1
200350,Marketing,Manager,22,10,5548.57,No,4.0,2,No,0
200351,Sales,Analyst,56,12,4603.71,No,4.0,5,No,0
200352,,Manager,49,10,4663.81,No,1.0,3,No,1
200353,HR,Associate,48,7,8457.61,No,4.0,0,Yes,0
200354,IT,Engineer,54,5,8516.31,Yes,3.0,2,No,1
200355,Operations,Engineer,53,10,5631.38,Yes,2.0,5,Yes,1
200356,HR,Manager,34,2,3470.22,No,5.0,0,Yes,0
200357,Marketing,Associate,33,6,10270.31,Yes,3.0,5,No,0
200358,Sales,Manager,55,8,7826.71,No,2.0,2,No,0
200359,IT,Manager,27,4,12648.55,No,5.0,3,No,0
200360,HR,Analyst,56,13,10721.6,No,4.0,6,No,1
200361,Marketing,Associate,48,4,2914.0,No,1.0,0,No,1
200362,Operations,Analyst,24,4,9605.99,No,3.0,8,No,1
200363,Operations,Manager,32,4,4409.84,No,4.0,6,No,0
200364,Finance,Associate,57,7,8773.47,Yes,3.0,1,Yes,0
200365,Operations,Associate,41,5,9890.16,No,5.0,7,Yes,0
200366,IT,Analyst,30,1,5703.84,No,3.0,6,No,1
200367,Operations,Engineer,34,11,,No,5.0,4,Yes,0
200368,Sales,Specialist,41,5,8350.97,No,3.0,5,No,1
200369,IT,Engineer,41,2,6169.91,Yes,1.0,2,Yes,1
200370,IT,Analyst,56,8,6420.15,Yes,4.0,6,No,0
200371,HR,Analyst,53,9,4244.75,No,3.0,1,No,1
200372,Marketing,Specialist,22,9,7017.28,Yes,1.0,8,Yes,0
200373,Marketing,Analyst,38,5,9825.73,Yes,2.0,8,No,0
200374,Marketing,Analyst,35,9,7019.43,Yes,3.0,8,No,1
200375,Operations,Manager,34,14,5928.33,Yes,3.0,0,Yes,0
200376,Finance,Analyst,49,3,2500.0,No,4.0,1,Yes,0
200377,Finance,Analyst,48,11,5145.95,Yes,2.0,8,No,0
200378,Operations,Associate,38,13,2996.52,Yes,4.0,7,No,1
200379,IT,Engineer,47,5,6779.65,No,2.0,3,No,0
200380,HR,Engineer,50,0,2500.0,No,1.0,4,No,0
200381,HR,Analyst,42,5,10953.14,No,1.0,4,Yes,0
200382,IT,Associate,23,8,6671.42,Yes,2.0,1,No,0
200383,Operations,Engineer,22,3,7950.6,No,3.0,7,Yes,0
200384,IT,Specialist,59,6,7864.58,No,4.0,1,No,0
200385,Marketing,Engineer,25,14,5696.95,No,2.0,6,No,0
200386,Sales,Analyst,48,7,7293.57,Yes,2.0,3,No,1
200387,IT,Associate,39,12,4108.37,No,1.0,3,No,0
200388,Operations,Engineer,32,6,4619.33,Yes,4.0,6,No,1
200389,IT,Associate,55,3,4984.01,No,1.0,4,Yes,0
200390,Sales,Specialist,47,9,6963.31,No,2.0,6,No,0
200391,IT,Manager,57,2,10312.16,No,3.0,7,Yes,0
200392,Operations,Associate,48,11,6632.41,No,3.0,5,Yes,1
200393,Marketing,Associate,38,11,6527.13,No,3.0,7,No,0
200394,Operations,Specialist,37,12,7865.39,No,1.0,8,No,1
200395,Operations,Manager,57,14,7229.02,No,3.0,0,No,1
200396,Operations,Engineer,35,9,8025.53,No,5.0,1,No,0
200397,Operations,Specialist,55,9,7809.66,No,2.0,4,Yes,0
200398,Finance,Associate,59,15,12079.81,Yes,2.0,6,Yes,1
200399,IT,Associate,46,1,7656.39,No,5.0,0,Yes,0
200400,Operations,Engineer,53,14,4148.76,No,5.0,7,No,1
200401,IT,Analyst,40,8,6871.52,No,3.0,6,No,0
200402,Operations,Associate,49,5,5975.15,Yes,1.0,6,No,1
200403,Operations,Engineer,47,6,5447.98,Yes,2.0,1,No,0
200404,Finance,Engineer,26,11,9511.4,No,4.0,0,Yes,0
200405,HR,Specialist,42,9,7770.45,No,2.0,3,No,0
200406,Marketing,Specialist,42,6,6098.84,Yes,1.0,0,Yes,0
200407,IT,Analyst,52,9,5298.49,No,1.0,5,Yes,0
200408,Finance,Analyst,31,9,5726.51,No,5.0,7,Yes,0
200409,Finance,Analyst,21,0,9255.71,No,5.0,5,No,0
200410,IT,Manager,60,4,5762.9,No,4.0,1,No,1
200411,Operations,Analyst,42,4,5577.8,Yes,4.0,0,No,1
200412,IT,Associate,23,5,10177.23,Yes,3.0,3,No,1
200413,Sales,Analyst,57,2,8810.12,Yes,2.0,7,No,0
200414,Operations,Engineer,58,14,4172.46,No,2.0,3,No,0
200415,HR,Specialist,22,15,3774.71,No,4.0,7,No,0
200416,Operations,Manager,57,1,9942.15,No,1.0,2,Yes,1
200417,HR,Specialist,25,3,5035.58,No,1.0,6,No,0
200418,Sales,Associate,33,0,10362.25,No,4.0,6,No,0
200419,IT,Analyst,35,6,5272.13,No,3.0,3,Yes,0
200420,Sales,Analyst,33,10,6570.38,No,5.0,0,Yes,1
200421,Finance,Associate,28,8,6877.8,No,3.0,6,Yes,0
200422,Finance,Associate,28,0,5467.17,Yes,2.0,2,Yes,0
200423,Marketing,Analyst,59,1,5141.32,No,5.0,7,Yes,0
200424,Marketing,Analyst,46,12,8781.43,No,5.0,6,No,0
200425,Finance,Specialist,43,13,5971.71,No,1.0,7,No,0
200426,Finance,Analyst,60,6,5357.47,No,4.0,8,No,0
200427,Finance,Analyst,43,3,13526.07,No,2.0,6,Yes,1
200428,Marketing,Analyst,23,13,7171.57,No,3.0,6,No,1
200429,Marketing,Manager,31,9,7260.73,Yes,3.0,1,No,0
200430,Operations,Manager,57,12,4523.11,No,4.0,6,Yes,0
200431,Marketing,Engineer,42,10,9635.05,No,1.0,2,No,0
200432,Operations,Engineer,46,9,5693.08,No,3.0,4,Yes,0
200433,Operations,Manager,46,10,4179.18,No,2.0,5,Yes,1
200434,IT,Analyst,51,9,7341.79,No,4.0,1,Yes,1
200435,Operations,Associate,36,7,4178.09,No,4.0,6,No,0
200436,Sales,Engineer,37,10,6477.37,Yes,1.0,2,No,1
200437,Operations,Specialist,56,0,11886.13,No,3.0,8,No,0
200438,IT,Specialist,26,6,7447.9,No,2.0,3,No,0
200439,IT,Engineer,42,5,5160.4,No,2.0,7,No,0
200440,Finance,Engineer,57,6,8018.57,Yes,3.0,4,Yes,1
200441,HR,Manager,58,14,7249.15,No,4.0,1,No,0
200442,HR,Analyst,39,1,6280.8,No,5.0,3,No,0
200443,Operations,Analyst,52,10,7554.4,No,5.0,8,No,0
200444,Sales,Engineer,31,15,8552.43,No,3.0,5,No,0
200445,IT,Analyst,48,4,9124.5,Yes,5.0,7,No,0
200446,IT,Associate,28,4,10156.76,No,5.0,4,No,0
200447,Finance,Specialist,58,7,7015.95,No,2.0,3,No,0
200448,HR,Associate,34,13,5486.03,No,3.0,1,No,0
200449,Sales,Manager,39,3,3983.92,No,5.0,5,No,0
200450,Operations,Analyst,49,13,4087.23,No,5.0,0,Yes,0
200451,IT,Associate,58,14,9275.7,No,1.0,2,No,1
200452,Sales,Engineer,52,5,6956.31,No,1.0,5,No,0
200453,Finance,Engineer,25,1,9000.04,Yes,3.0,5,No,0
200454,Operations,Manager,44,11,7606.94,No,2.0,8,No,0
200455,HR,Analyst,23,9,7658.82,No,5.0,8,No,0
200456,IT,Analyst,48,6,8482.37,No,2.0,2,No,0
200457,IT,Manager,52,12,8919.01,Yes,1.0,2,Yes,0
200458,Operations,Specialist,29,1,8078.79,Yes,3.0,5,Yes,0
200459,IT,Manager,23,7,6952.05,No,1.0,5,Yes,0
200460,Finance,Associate,26,1,11003.34,No,5.0,7,No,0
200461,Finance,Manager,33,6,7669.94,No,2.0,5,Yes,0
200462,IT,Associate,55,5,9742.22,No,3.0,2,No,0
200463,HR,Associate,35,15,9588.66,No,1.0,7,No,0
200464,HR,Analyst,23,14,2500.0,No,4.0,2,No,0
200465,Sales,Associate,50,6,7491.54,No,2.0,1,No,0
200466,Marketing,Specialist,57,6,7085.24,No,1.0,4,Yes,0
200467,HR,Associate,30,8,10052.07,Yes,4.0,1,No,0
200468,Finance,Manager,34,15,7757.18,Yes,3.0,3,No,0
200469,Sales,Engineer,32,1,7137.08,No,2.0,2,No,0
200470,Marketing,Engineer,42,10,6128.67,No,1.0,2,No,1
200471,Sales,Associate,34,13,5676.28,No,2.0,2,No,0
200472,HR,Associate,24,8,6417.58,Yes,4.0,7,Yes,0
200473,Sales,Specialist,50,5,4919.36,No,4.0,1,No,0
200474,Operations,Manager,33,8,6142.78,No,5.0,3,No,0
200475,Operations,Analyst,26,12,9931.95,No,3.0,4,Yes,1
200476,Operations,Engineer,38,4,4290.26,No,4.0,3,No,0
200477,IT,Engineer,42,0,2500.0,No,2.0,2,No,1
200478,IT,Associate,57,13,3313.6,Yes,5.0,0,No,0
200479,Operations,Associate,55,5,6964.11,No,5.0,1,Yes,1
200480,Finance,Engineer,49,3,4667.94,No,4.0,8,No,1
200481,HR,Associate,21,12,10160.03,No,1.0,4,No,0
200482,Operations,Analyst,47,0,8169.05,No,1.0,8,No,0
200483,Operations,Analyst,40,6,5460.73,Yes,3.0,4,Yes,0
200484,IT,Analyst,51,4,11324.33,Yes,2.0,5,Yes,1
200485,Finance,Analyst,57,15,2500.0,Yes,2.0,0,Yes,1
200486,Sales,Analyst,58,9,6237.19,Yes,5.0,1,No,0
200487,Sales,Manager,28,4,8139.88,Yes,5.0,0,Yes,1
200488,HR,Associate,25,12,9108.21,No,3.0,8,Yes,0
200489,Sales,Specialist,27,5,5527.09,No,5.0,1,Yes,1
200490,Marketing,Specialist,32,2,11835.89,No,5.0,1,Yes,0
200491,Operations,Manager,21,12,4461.16,No,1.0,8,Yes,0
200492,IT,Engineer,39,1,5731.96,No,2.0,3,No,0
200493,HR,Engineer,30,3,7889.76,No,1.0,5,No,0
200494,Marketing,Specialist,56,12,9795.05,Yes,3.0,3,No,0
200495,Finance,Analyst,57,7,8642.32,No,4.0,7,Yes,0
200496,Sales,Manager,27,9,5566.17,No,4.0,1,Yes,0
200497,HR,Manager,21,8,6256.9,Yes,1.0,6,No,1
200498,Marketing,Engineer,60,10,8646.98,Yes,4.0,2,No,0
200499,IT,Specialist,48,13,6203.83,No,4.0,7,No,0
200500,Operations,Specialist,53,2,6180.86,Yes,3.0,0,No,0
200501,Sales,Manager,60,11,7717.75,Yes,1.0,1,Yes,1
200502,Finance,Engineer,46,14,10258.06,No,1.0,4,No,1
200503,Operations,Associate,39,3,9821.89,No,3.0,8,No,0
200504,Operations,Manager,31,6,6597.48,No,1.0,3,Yes,0
200505,IT,Analyst,56,7,7799.48,No,1.0,1,No,0
200506,Finance,Specialist,38,8,8906.13,Yes,3.0,3,Yes,0
200507,HR,Analyst,34,11,,Yes,1.0,2,No,0
200508,Sales,Specialist,38,3,10452.41,No,2.0,3,No,0
200509,Operations,Analyst,45,12,11578.95,No,3.0,0,No,0
200510,Operations,Engineer,41,9,11800.25,Yes,4.0,7,No,0
200511,Sales,Manager,48,14,9831.6,No,5.0,3,Yes,0
200512,Operations,Manager,27,9,2767.52,Yes,5.0,1,No,0
200513,IT,Analyst,58,0,6711.88,No,2.0,8,Yes,0
200514,HR,Associate,29,7,10927.16,No,1.0,7,No,0
200515,Marketing,Manager,55,6,4036.26,Yes,1.0,7,No,1
200516,Finance,Specialist,30,5,8916.62,No,2.0,0,No,0
200517,Sales,Engineer,27,11,5484.92,No,5.0,1,No,0
200518,,Specialist,31,1,6394.5,No,4.0,0,No,0
200519,Marketing,Analyst,47,6,11291.04,Yes,1.0,7,No,0
200520,Finance,Manager,32,2,5417.16,No,2.0,5,Yes,1
200521,Marketing,Analyst,45,13,7354.19,No,2.0,7,Yes,0
200522,Marketing,Specialist,48,3,8423.45,No,4.0,3,No,0
200523,Sales,Manager,36,9,4903.3,Yes,5.0,0,Yes,0
200524,Finance,Associate,34,7,12112.33,No,5.0,4,No,0
200525,IT,Specialist,47,5,13304.77,No,1.0,6,No,0
200526,Finance,Associate,23,15,3715.99,No,4.0,4,No,1
200527,Marketing,Analyst,31,7,5953.16,No,2.0,1,No,0
200528,Finance,Manager,22,11,2500.0,No,5.0,7,Yes,0
200529,IT,Associate,49,9,8736.57,Yes,4.0,1,Yes,0
200530,Finance,Associate,35,6,8417.46,Yes,3.0,2,No,0
200531,Operations,Manager,43,15,7462.81,No,2.0,5,Yes,0
200532,Operations,Associate,44,6,8849.61,No,1.0,8,No,0
200533,Operations,Associate,46,15,10810.26,No,1.0,0,No,0
200534,IT,Associate,55,4,9567.93,No,3.0,2,No,0
200535,Operations,Engineer,51,9,7761.24,No,5.0,2,Yes,0
200536,Operations,Associate,43,12,5159.02,Yes,4.0,7,No,1
200537,Operations,Associate,52,12,4516.01,No,2.0,5,Yes,1
200538,IT,Engineer,45,3,10648.06,Yes,5.0,5,No,1
200539,IT,Engineer,39,12,5604.97,No,5.0,0,No,0
200540,Operations,Analyst,34,11,8111.96,No,1.0,1,No,1
200541,Operations,Engineer,37,1,2500.0,No,1.0,5,Yes,0
200542,Finance,Engineer,45,7,5283.24,No,1.0,4,Yes,0
200543,Operations,Engineer,49,8,11208.29,No,3.0,1,Yes,0
200544,HR,Manager,53,11,9165.17,No,5.0,0,Yes,0
200545,Marketing,Analyst,42,3,4496.09,No,2.0,7,No,1
200546,IT,Specialist,48,4,9427.29,No,2.0,7,No,0
200547,IT,Manager,28,4,3228.53,No,1.0,7,Yes,0
200548,Sales,Associate,53,0,8786.14,No,1.0,7,No,1
200549,IT,Associate,33,9,11618.76,No,4.0,2,Yes,0
200550,IT,Manager,53,14,4647.49,Yes,2.0,6,Yes,0
200551,IT,Manager,34,4,7963.73,No,5.0,3,Yes,0
200552,IT,Analyst,33,10,7297.38,No,2.0,1,Yes,0
200553,Operations,Associate,48,11,5663.27,No,2.0,2,No,0
200554,Operations,Specialist,43,4,8794.41,No,2.0,2,No,1
200555,Marketing,Specialist,52,2,4033.63,No,3.0,5,No,0
200556,Operations,Specialist,51,14,2500.0,No,2.0,4,No,0
200557,Sales,Associate,42,9,8942.09,No,3.0,0,Yes,1
200558,HR,Manager,29,13,9144.31,No,1.0,0,No,0
200559,IT,Engineer,26,7,10078.84,No,3.0,3,No,0
200560,HR,Engineer,36,14,4676.11,No,5.0,3,No,0
200561,IT,Analyst,37,8,5194.92,Yes,3.0,7,Yes,0
200562,Marketing,Associate,21,8,2696.79,Yes,2.0,5,Yes,0
200563,Sales,Specialist,35,3,8748.43,No,2.0,2,Yes,1
200564,Operations,Associate,57,14,7749.9,Yes,1.0,1,No,1
200565,IT,Manager,37,9,11357.56,No,4.0,7,Yes,0
200566,,Manager,37,3,9255.73,No,3.0,5,Yes,0
200567,Sales,Specialist,60,14,7769.52,No,4.0,1,Yes,0
200568,Marketing,Analyst,22,13,8070.11,Yes,2.0,8,No,0
200569,IT,Analyst,30,3,8531.27,No,5.0,3,Yes,1
200570,Sales,Engineer,54,2,4548.17,No,1.0,1,Yes,1
200571,Marketing,Engineer,35,8,7278.12,No,3.0,2,Yes,0
200572,IT,Analyst,39,10,4367.75,No,1.0,0,Yes,0
200573,Operations,Analyst,50,14,4344.61,Yes,5.0,3,Yes,1
200574,Operations,Manager,49,11,5006.94,Yes,,1,No,0
200575,,Analyst,56,15,7834.6,Yes,2.0,0,Yes,0
200576,Sales,Manager,24,7,3110.09,No,5.0,3,No,0
200577,HR,Associate,30,7,7702.4,No,4.0,2,Yes,0
200578,Operations,Engineer,52,3,8592.8,No,2.0,3,No,0
200579,Sales,Manager,42,11,7951.66,No,2.0,6,Yes,0
200580,Marketing,Analyst,44,15,4686.69,No,5.0,8,Yes,1
200581,HR,Specialist,60,2,5723.65,No,3.0,1,No,0
200582,Sales,Engineer,46,7,9631.81,Yes,4.0,2,Yes,0
200583,IT,Specialist,57,12,8439.84,No,5.0,5,Yes,0
200584,Operations,Engineer,21,4,6869.48,No,2.0,8,No,0
200585,IT,Associate,54,10,2500.0,Yes,3.0,2,Yes,0
200586,IT,Associate,44,14,10575.36,Yes,2.0,4,No,1
200587,Operations,Manager,60,7,5156.01,No,1.0,7,Yes,1
200588,Operations,Specialist,48,10,8604.4,No,2.0,1,No,0
200589,Sales,Manager,58,2,7754.85,No,2.0,3,No,0
200590,Marketing,Analyst,47,6,6257.3,Yes,,7,No,0
200591,IT,Analyst,32,7,6634.15,No,4.0,8,No,0
200592,Finance,Engineer,36,9,,Yes,2.0,8,No,1
200593,IT,Specialist,40,8,9562.7,No,5.0,0,Yes,0
200594,Marketing,Engineer,44,8,10236.67,No,3.0,0,No,0
200595,IT,Associate,34,11,10982.18,No,4.0,6,No,0
200596,IT,Manager,24,8,8468.67,No,5.0,2,No,0
200597,Marketing,Manager,32,14,6509.36,No,5.0,5,No,1
200598,Sales,Manager,34,12,2500.0,No,1.0,3,Yes,0
200599,Operations,Engineer,47,3,10719.07,No,2.0,6,No,0
200600,Finance,Specialist,54,15,9920.48,No,4.0,1,No,0
200601,HR,Associate,27,15,3000.36,No,2.0,1,No,1
200602,Sales,Engineer,24,9,7057.82,No,4.0,0,Yes,0
200603,IT,Specialist,52,3,10186.89,No,1.0,1,No,0
200604,HR,Manager,25,0,4165.09,No,3.0,5,Yes,0
200605,IT,Associate,46,4,12304.92,Yes,5.0,3,Yes,0
200606,IT,Associate,46,9,8020.57,No,4.0,5,No,0
200607,Sales,Associate,60,3,8717.68,Yes,4.0,5,Yes,0
200608,Sales,Analyst,45,1,6834.1,Yes,1.0,8,Yes,0
200609,IT,Specialist,34,7,4919.55,No,5.0,2,No,0
200610,HR,Associate,39,15,3956.26,Yes,4.0,4,Yes,1
200611,Sales,Analyst,41,10,7353.94,No,2.0,0,No,0
200612,Marketing,Manager,48,11,2500.0,No,1.0,6,No,1
200613,,Analyst,25,2,7757.88,Yes,5.0,1,No,0
200614,Sales,Specialist,60,14,8088.34,No,5.0,3,Yes,1
200615,Finance,Specialist,23,13,3428.76,No,4.0,7,No,0
200616,IT,Analyst,37,15,3329.37,No,1.0,0,No,0
200617,Sales,Specialist,58,10,6680.34,No,5.0,8,No,0
200618,,Specialist,57,10,6675.73,No,1.0,0,No,0
200619,Finance,Analyst,59,10,4352.68,No,2.0,1,Yes,0
200620,IT,Manager,51,5,3744.43,No,1.0,1,No,0
200621,IT,Manager,46,6,8766.31,No,2.0,2,No,0
200622,IT,Associate,51,11,7514.58,No,2.0,1,No,0
200623,HR,Analyst,26,14,9047.57,No,1.0,4,Yes,0
200624,Finance,Specialist,33,3,9366.95,Yes,3.0,1,No,0
200625,Operations,Associate,31,14,9299.92,No,2.0,2,No,0
200626,HR,Manager,46,9,,Yes,2.0,5,Yes,1
200627,Finance,Manager,50,15,7215.18,No,2.0,6,Yes,0
200628,IT,Manager,30,13,7306.25,No,5.0,7,No,1
200629,IT,Associate,34,8,2500.0,Yes,1.0,7,No,1
200630,Sales,Manager,23,13,2500.0,Yes,2.0,7,No,0
200631,Operations,Manager,46,11,9996.53,Yes,4.0,7,No,0
200632,Marketing,Associate,40,1,6995.21,No,5.0,7,No,0
200633,IT,Engineer,54,1,2911.5,No,1.0,7,No,0
200634,HR,Associate,44,15,2500.0,No,2.0,6,No,0
200635,Operations,Analyst,39,12,5570.04,No,4.0,5,Yes,0
200636,Operations,Associate,46,0,12576.43,Yes,4.0,0,No,0
200637,Sales,Analyst,43,14,9061.76,No,3.0,8,No,0
200638,Operations,Manager,59,2,9379.84,No,4.0,2,No,0
200639,Finance,Manager,56,8,5168.07,No,5.0,3,Yes,0
200640,Marketing,Analyst,28,3,10881.64,Yes,4.0,5,No,0
200641,Finance,Manager,59,10,9369.95,No,1.0,2,No,1
200642,HR,Manager,48,3,3548.03,No,3.0,3,Yes,0
200643,HR,Manager,56,9,8915.17,No,3.0,1,No,0
200644,IT,Engineer,53,12,7273.54,No,3.0,5,Yes,0
200645,IT,Associate,32,5,8570.21,No,5.0,5,Yes,0
200646,IT,Specialist,31,2,7551.79,No,5.0,4,Yes,1
200647,Marketing,Manager,21,8,5789.37,No,1.0,2,No,0
200648,Finance,Manager,44,1,7179.51,No,3.0,7,No,0
200649,Operations,Associate,40,2,4841.7,No,1.0,0,No,0
200650,IT,Analyst,52,7,9188.32,No,5.0,8,No,0
200651,Sales,Manager,23,2,11501.92,Yes,4.0,8,No,0
200652,Finance,Manager,22,12,9642.31,Yes,4.0,0,Yes,0
200653,Finance,Engineer,56,0,6538.62,Yes,,7,No,0
200654,Marketing,Specialist,32,11,3970.57,Yes,3.0,7,No,1
200655,HR,Analyst,41,2,3916.93,No,5.0,7,Yes,0
200656,IT,Specialist,21,14,5551.0,No,1.0,8,Yes,0
200657,HR,Manager,53,11,7645.9,No,2.0,4,No,0
200658,Finance,Specialist,39,2,5866.45,No,4.0,5,Yes,1
200659,Sales,Manager,43,2,8788.45,No,4.0,8,Yes,0
200660,IT,Analyst,50,9,3039.25,No,3.0,4,No,0
200661,Finance,Engineer,39,9,2500.0,No,1.0,5,No,0
200662,IT,Specialist,40,9,8449.07,No,5.0,0,No,0
200663,Sales,Manager,47,3,6016.12,Yes,4.0,3,No,0
200664,Sales,Specialist,59,10,9099.5,No,2.0,5,Yes,0
200665,IT,Associate,53,11,7151.17,Yes,1.0,1,Yes,1
200666,HR,Manager,60,2,8823.33,No,1.0,1,No,0
200667,IT,Associate,40,14,7819.59,No,5.0,1,No,0
200668,Marketing,Associate,27,13,6433.33,No,5.0,3,No,0
200669,Finance,Analyst,43,1,7052.9,Yes,1.0,3,No,0
200670,Finance,Analyst,48,5,9034.56,No,1.0,5,Yes,0
200671,Operations,Associate,23,10,2500.0,Yes,1.0,2,No,1
200672,IT,Specialist,43,2,3025.56,No,3.0,3,No,0
200673,Sales,Engineer,49,1,5094.95,No,2.0,4,No,0
200674,Finance,Associate,25,2,6923.53,Yes,1.0,6,No,0
200675,Operations,Associate,60,12,4771.45,Yes,5.0,0,Yes,0
200676,Sales,Analyst,49,8,4840.86,No,3.0,8,Yes,0
200677,HR,Associate,22,7,13932.31,No,4.0,8,No,0
200678,IT,Engineer,25,15,9575.95,No,3.0,3,No,0
200679,IT,Associate,40,8,5688.22,No,5.0,5,No,0
200680,Sales,Associate,32,10,7292.9,No,3.0,3,No,0
200681,Marketing,Manager,36,3,4663.68,Yes,1.0,7,No,1
200682,Sales,Engineer,37,9,5730.37,No,5.0,2,No,0
200683,HR,Associate,24,1,8271.13,No,3.0,5,Yes,1
200684,Operations,Analyst,45,11,6319.33,No,5.0,4,No,0
200685,IT,Specialist,25,0,8268.43,No,2.0,7,No,0
200686,IT,Manager,25,1,4697.75,Yes,4.0,2,No,0
200687,IT,Specialist,37,9,7321.6,Yes,2.0,6,No,1
200688,Sales,Specialist,47,10,10625.79,Yes,3.0,3,Yes,1
200689,Sales,Specialist,34,14,10065.46,Yes,5.0,2,Yes,0
200690,Operations,Manager,29,6,10445.57,No,,3,Yes,1
200691,Finance,Associate,31,2,6444.84,No,4.0,7,Yes,0
200692,Sales,Specialist,25,9,7151.06,Yes,3.0,3,Yes,0
200693,Finance,Manager,31,10,8791.41,Yes,4.0,7,Yes,1
200694,IT,Specialist,42,5,8776.89,No,4.0,5,Yes,0
200695,Finance,Associate,55,7,6714.41,Yes,4.0,5,No,1
200696,IT,Associate,58,9,10181.76,No,5.0,1,Yes,0
200697,Sales,Manager,43,14,9144.84,Yes,3.0,1,Yes,0
200698,Finance,Analyst,41,6,7582.58,No,3.0,4,No,0
200699,Sales,Engineer,42,0,5615.34,No,1.0,5,Yes,1
200700,Marketing,Associate,28,7,3106.12,Yes,3.0,5,Yes,0
200701,Sales,Analyst,31,2,2500.0,No,3.0,6,No,1
200702,HR,Engineer,29,5,2506.72,No,3.0,3,No,0
200703,Sales,Specialist,54,6,6217.43,No,2.0,1,No,0
200704,Marketing,Manager,29,11,10032.27,No,4.0,0,No,1
200705,IT,Manager,51,10,4832.05,Yes,4.0,3,Yes,0
200706,Operations,Manager,31,0,9535.53,No,3.0,4,Yes,0
200707,Operations,Analyst,22,13,5308.5,No,1.0,5,No,0
200708,IT,Engineer,33,1,11361.1,No,3.0,3,No,1
200709,Operations,Specialist,25,11,11982.49,No,4.0,7,No,0
200710,Operations,Specialist,29,14,7636.49,No,4.0,3,Yes,1
200711,HR,Specialist,32,10,3181.75,Yes,5.0,8,Yes,1
200712,IT,Specialist,38,10,8065.81,Yes,5.0,1,No,0
200713,Operations,Specialist,59,5,2550.65,No,3.0,3,Yes,0
200714,Operations,Specialist,47,14,7044.86,No,1.0,8,Yes,1
200715,Operations,Specialist,46,6,6205.92,No,5.0,7,Yes,0
200716,Sales,Engineer,41,7,7531.49,No,4.0,2,No,1
200717,Marketing,Analyst,34,10,8869.96,Yes,4.0,3,No,0
200718,Marketing,Engineer,59,13,,No,3.0,7,No,0
200719,Marketing,Manager,26,7,3369.59,No,4.0,8,No,0
200720,HR,Analyst,35,6,9216.45,No,5.0,0,Yes,0
200721,Marketing,Associate,43,10,7871.12,No,4.0,6,No,0
200722,Marketing,Engineer,24,6,7577.38,No,2.0,1,No,0
200723,Sales,Analyst,22,7,9355.26,No,1.0,3,No,0
200724,IT,Associate,40,11,5247.61,No,5.0,5,No,1
200725,Marketing,Associate,58,14,11797.82,No,5.0,0,No,0
200726,Sales,Specialist,25,9,7253.22,No,3.0,6,No,1
200727,Finance,Engineer,29,0,3436.53,No,1.0,7,Yes,0
200728,Marketing,Analyst,33,0,6633.5,Yes,3.0,8,No,0
200729,Marketing,Analyst,36,2,10474.11,No,1.0,7,No,0
200730,Operations,Manager,34,10,4838.66,Yes,3.0,7,No,0
200731,IT,Associate,25,0,5541.93,Yes,2.0,8,Yes,0
200732,HR,Associate,24,9,10011.59,No,3.0,1,Yes,0
200733,Finance,Engineer,29,15,9728.76,Yes,2.0,4,Yes,0
200734,Sales,Manager,25,4,7387.27,No,5.0,2,Yes,0
200735,Sales,Manager,29,0,7964.84,Yes,3.0,1,No,1
200736,IT,Engineer,39,8,10316.75,Yes,3.0,6,No,0
200737,Marketing,Analyst,28,7,7689.56,No,1.0,3,No,0
200738,Marketing,Specialist,47,13,14024.0,Yes,1.0,8,No,0
200739,Marketing,Engineer,57,14,2500.0,No,3.0,5,No,0
200740,Sales,Associate,45,10,6630.96,Yes,3.0,5,No,0
200741,Marketing,Engineer,24,14,9226.86,No,2.0,7,No,0
200742,IT,Specialist,43,5,3539.43,No,5.0,7,Yes,0
200743,Operations,Specialist,40,1,4197.08,Yes,5.0,2,Yes,0
200744,IT,Analyst,57,9,6963.53,Yes,2.0,2,Yes,0
200745,Operations,Manager,38,1,9454.2,No,1.0,0,No,1
200746,Marketing,Manager,36,6,7183.22,Yes,5.0,5,No,0
200747,Finance,Engineer,48,15,3263.23,No,5.0,4,Yes,0
200748,Finance,Associate,49,7,3996.27,No,2.0,4,Yes,1
200749,Sales,Associate,51,8,7494.22,Yes,3.0,4,No,0
200750,Sales,Manager,25,7,8286.32,No,3.0,1,Yes,0
200751,Finance,Associate,51,3,9062.04,No,2.0,8,No,1
200752,Sales,Specialist,60,6,8297.07,No,4.0,0,No,0
200753,Sales,Engineer,36,7,11455.97,Yes,2.0,0,No,1
200754,Sales,Associate,29,2,5804.57,Yes,1.0,4,Yes,0
200755,HR,Manager,39,2,5396.0,No,4.0,1,Yes,0
200756,Finance,Analyst,25,2,5979.13,Yes,5.0,2,No,0
200757,Operations,Analyst,34,14,6931.57,No,3.0,4,No,0
200758,Finance,Engineer,33,14,11575.03,No,4.0,6,No,0
200759,,Specialist,60,11,4953.07,No,3.0,4,No,0
200760,Sales,Associate,46,14,9138.85,No,3.0,3,Yes,0
200761,IT,Associate,21,4,5290.34,Yes,3.0,8,No,1
200762,Operations,Analyst,60,3,6434.92,No,1.0,8,Yes,0
200763,Marketing,Engineer,31,15,7612.95,No,3.0,5,No,0
200764,IT,Engineer,30,5,6500.44,Yes,5.0,3,No,0
200765,Sales,Analyst,58,5,4618.13,No,4.0,8,No,0
200766,IT,Analyst,43,4,9006.41,No,5.0,3,Yes,0
200767,IT,Specialist,45,4,7390.08,No,5.0,6,No,1
200768,Marketing,Manager,31,12,6342.58,No,4.0,1,No,0
200769,Marketing,Associate,56,13,10102.24,No,1.0,2,No,1
200770,Sales,Engineer,59,10,6249.04,No,2.0,4,No,0
200771,Sales,Manager,35,14,7363.17,No,4.0,4,No,0
200772,Finance,Specialist,60,12,4145.07,No,3.0,3,No,0
200773,Operations,Engineer,21,5,,Yes,1.0,0,No,1
200774,Marketing,Associate,28,13,9875.47,No,2.0,3,Yes,0
200775,Operations,Specialist,36,11,9977.02,No,5.0,5,No,0
200776,IT,Specialist,38,14,8903.82,No,4.0,6,Yes,0
200777,Sales,Specialist,54,4,4821.36,No,5.0,3,Yes,0
200778,IT,Associate,52,9,8665.26,No,4.0,6,Yes,0
200779,Operations,Specialist,50,14,5360.63,No,4.0,4,No,0
200780,Operations,Manager,29,9,12047.53,No,3.0,3,No,0
200781,Operations,Engineer,50,8,6419.31,No,3.0,7,Yes,1
200782,Sales,Specialist,58,2,6266.31,Yes,5.0,1,No,0
200783,Operations,Analyst,50,10,,No,2.0,8,No,0
200784,Sales,Engineer,32,1,9018.47,Yes,3.0,2,Yes,0
200785,Marketing,Specialist,52,3,5723.5,No,5.0,6,No,0
200786,HR,Engineer,36,2,2500.0,Yes,3.0,4,Yes,0
200787,IT,Analyst,59,15,9474.67,No,4.0,5,No,0
200788,HR,Associate,37,10,8108.43,No,2.0,1,Yes,1
200789,Operations,Manager,49,7,4052.14,No,1.0,8,No,0
200790,Sales,Manager,49,1,7177.98,No,2.0,0,Yes,0
200791,IT,Specialist,60,5,5699.11,No,3.0,2,No,0
200792,Sales,Specialist,28,5,6247.45,Yes,3.0,3,Yes,0
200793,IT,Associate,56,12,5091.97,No,4.0,3,Yes,1
200794,HR,Associate,40,4,10392.51,Yes,3.0,3,No,0
200795,IT,Associate,23,2,4024.15,No,1.0,6,No,0
200796,Marketing,Engineer,47,11,2500.0,Yes,4.0,5,No,0
200797,Operations,Specialist,34,0,8698.78,No,2.0,4,No,0
200798,Sales,Engineer,29,5,10224.28,Yes,2.0,3,No,1
200799,IT,Engineer,60,10,6083.34,Yes,3.0,6,No,1
200800,Operations,Analyst,32,12,12547.94,Yes,5.0,4,No,0
200801,Finance,Manager,40,14,6003.79,No,2.0,3,No,1
200802,Operations,Specialist,50,2,8488.03,No,5.0,6,Yes,1
200803,Finance,Engineer,55,10,8616.21,Yes,2.0,5,No,1
200804,Marketing,Associate,48,14,9243.07,No,1.0,2,Yes,0
200805,Operations,Engineer,21,0,8686.83,Yes,4.0,5,Yes,0
200806,Marketing,Associate,28,10,8425.12,Yes,3.0,7,No,0
200807,IT,Manager,32,12,,No,2.0,1,Yes,0
200808,Operations,Manager,59,4,11799.36,No,1.0,0,No,1
200809,Finance,Associate,28,13,7266.93,No,1.0,8,No,0
200810,HR,Specialist,54,0,5561.25,No,4.0,0,No,0
200811,Operations,Manager,52,2,9000.04,No,3.0,1,No,0
200812,Sales,Analyst,33,7,4899.37,Yes,1.0,7,No,1
200813,IT,Analyst,43,13,5538.32,No,1.0,8,Yes,0
200814,Operations,Specialist,23,11,5354.48,No,4.0,1,No,0
200815,Marketing,Specialist,54,1,7534.31,Yes,1.0,4,Yes,1
200816,Sales,Associate,25,4,7606.68,Yes,2.0,6,No,1
200817,Marketing,Associate,46,5,9138.02,Yes,1.0,6,Yes,0
200818,Marketing,Analyst,58,15,4258.59,Yes,2.0,4,No,0
200819,HR,Engineer,60,6,9789.67,No,3.0,3,No,0
200820,HR,Specialist,25,5,8792.84,Yes,2.0,7,No,0
200821,IT,Manager,30,4,6206.45,Yes,4.0,3,Yes,1
200822,Sales,Manager,50,6,5658.4,No,4.0,3,Yes,0
200823,Finance,Associate,58,6,8803.05,No,5.0,4,Yes,0
200824,IT,Specialist,59,9,2740.86,No,3.0,5,No,0
200825,Marketing,Analyst,47,1,4079.83,Yes,4.0,1,Yes,1
200826,HR,Engineer,-6,8,7114.85,No,4.0,1,No,0
200827,,Analyst,48,1,6265.07,No,5.0,4,No,1
200828,IT,Manager,45,3,4118.09,No,3.0,4,No,0
200829,HR,Engineer,52,0,8867.02,No,4.0,2,No,1
200830,Sales,Engineer,53,11,9403.84,Yes,4.0,6,Yes,0
200831,Sales,Manager,59,8,7110.25,Yes,4.0,7,No,0
200832,Finance,Specialist,22,12,6618.69,Yes,4.0,5,No,1
200833,IT,Associate,52,11,9065.1,No,2.0,1,Yes,0
200834,HR,Analyst,34,11,6973.44,No,1.0,8,Yes,0
200835,Sales,Specialist,35,6,5956.08,No,1.0,3,Yes,0
200836,Operations,Engineer,36,14,5586.32,No,2.0,7,Yes,0
200837,Finance,Specialist,23,0,8294.22,No,1.0,6,Yes,0
200838,Finance,Manager,21,3,8869.81,Yes,1.0,0,No,0
200839,HR,Engineer,-3,15,6900.57,Yes,1.0,5,No,1
200840,HR,Analyst,56,9,5623.88,No,3.0,5,Yes,0
200841,Marketing,Manager,26,5,9187.72,No,4.0,6,No,0
200842,Sales,Manager,38,0,8136.77,No,2.0,0,No,0
200843,Sales,Associate,60,13,6976.46,No,5.0,8,Yes,0
200844,Sales,Specialist,49,2,5931.1,No,2.0,5,Yes,0
200845,Sales,Manager,26,5,8716.73,No,1.0,0,No,0
200846,IT,Analyst,43,11,8739.54,Yes,1.0,0,No,1
200847,Marketing,Specialist,38,11,7622.56,No,2.0,3,No,1
200848,Marketing,Engineer,53,6,6092.08,Yes,1.0,7,No,1
200849,Marketing,Analyst,56,9,8929.48,Yes,1.0,3,No,0
200850,Finance,Associate,52,10,10694.54,No,3.0,0,Yes,0
200851,Operations,Engineer,22,13,2500.0,No,3.0,4,No,0
200852,Sales,Specialist,40,1,4972.8,No,3.0,1,No,0
200853,Sales,Manager,48,2,4749.11,No,5.0,6,Yes,0
200854,HR,Specialist,42,4,3474.08,No,4.0,6,No,0
200855,HR,Analyst,31,0,4722.48,No,1.0,8,Yes,1
200856,HR,Manager,53,5,6362.25,No,2.0,0,Yes,1
200857,Operations,Manager,58,8,5610.82,Yes,5.0,6,Yes,1
200858,Finance,Analyst,41,5,6022.29,No,4.0,0,Yes,0
200859,IT,Manager,35,11,2500.0,No,4.0,7,No,0
200860,Operations,Manager,45,2,9698.66,Yes,3.0,4,No,0
200861,Finance,Manager,45,3,8484.27,No,2.0,5,No,0
200862,Finance,Specialist,59,15,6407.62,No,5.0,3,No,0
200863,IT,Associate,54,15,9573.59,No,3.0,3,No,0
200864,HR,Specialist,39,12,9849.63,Yes,5.0,0,Yes,0
200865,Marketing,Analyst,49,12,2500.0,No,4.0,2,No,0
200866,Marketing,Analyst,26,3,7903.09,No,2.0,5,Yes,1
200867,Operations,Engineer,31,5,3600.0,No,3.0,2,Yes,0
200868,HR,Associate,56,8,6846.25,Yes,2.0,4,No,0
200869,Operations,Specialist,53,8,7278.7,Yes,5.0,3,No,0
200870,Operations,Analyst,43,11,4978.99,No,1.0,4,Yes,1
200871,IT,Associate,59,11,8413.27,No,4.0,3,Yes,0
200872,Finance,Associate,29,14,7634.03,No,2.0,1,No,0
200873,Sales,Engineer,32,13,9518.19,Yes,1.0,0,No,0
200874,Finance,Associate,41,2,4261.35,No,4.0,3,Yes,1
200875,Operations,Manager,29,9,8124.53,No,3.0,4,Yes,0
200876,IT,Associate,25,9,8141.27,No,5.0,0,Yes,0
200877,Operations,Manager,50,7,5303.73,No,1.0,2,Yes,0
200878,Finance,Associate,-1,13,5018.39,Yes,2.0,8,Yes,1
200879,Finance,Manager,56,4,6037.74,No,1.0,2,No,0
200880,Marketing,Specialist,30,7,6291.32,No,2.0,0,Yes,0
200881,Operations,Specialist,33,2,8311.51,Yes,2.0,6,No,0
200882,HR,Engineer,40,0,3539.25,No,5.0,0,No,0
200883,IT,Engineer,53,15,7321.74,No,4.0,7,Yes,0
200884,IT,Manager,38,8,4847.04,No,4.0,4,No,0
200885,Marketing,Analyst,-1,14,8521.7,No,4.0,5,Yes,1
200886,Marketing,Engineer,39,14,4752.52,No,4.0,8,Yes,0
200887,Sales,Analyst,32,2,10090.55,Yes,3.0,2,No,0
200888,Finance,Specialist,40,14,4769.6,No,3.0,5,No,0
200889,Operations,Engineer,54,6,4009.83,Yes,3.0,1,No,0
200890,HR,Manager,54,14,5345.3,Yes,3.0,0,No,0
200891,Marketing,Analyst,60,7,8968.84,No,4.0,0,No,0
200892,Operations,Manager,22,13,5567.6,Yes,3.0,3,No,0
200893,IT,Associate,33,15,8750.58,Yes,1.0,5,Yes,1
200894,Finance,Specialist,59,9,7213.96,No,5.0,6,Yes,0
200895,IT,Engineer,26,6,11512.24,No,3.0,6,Yes,0
200896,HR,Manager,51,15,4153.69,No,1.0,2,No,0
200897,Operations,Engineer,60,0,4057.88,Yes,2.0,4,Yes,0
200898,HR,Associate,56,1,2643.87,Yes,2.0,6,Yes,1
200899,HR,Engineer,39,6,9190.81,No,4.0,5,Yes,0
200900,Finance,Manager,58,5,7551.28,Yes,4.0,7,No,0
200901,IT,Engineer,45,11,,No,3.0,6,No,0
200902,IT,Engineer,48,14,9762.29,No,2.0,8,No,0
200903,Sales,Analyst,29,3,11042.29,No,5.0,4,Yes,0
200904,IT,Associate,27,13,3312.38,Yes,2.0,8,Yes,0
200905,HR,Engineer,53,6,2500.0,Yes,3.0,4,Yes,0
200906,IT,Manager,25,2,9894.97,No,1.0,2,Yes,0
200907,HR,Associate,57,2,2984.23,No,3.0,1,No,0
200908,Operations,Analyst,37,4,7817.11,No,4.0,8,No,0
200909,Operations,Analyst,22,13,10897.41,No,5.0,1,No,0
200910,Finance,Associate,45,2,10298.22,No,1.0,8,Yes,1
200911,Sales,Manager,51,2,6457.69,Yes,2.0,1,No,1
200912,IT,Manager,51,12,4637.32,Yes,4.0,8,No,0
200913,Sales,Engineer,43,11,8611.28,No,2.0,5,Yes,0
200914,Finance,Specialist,54,15,,No,5.0,5,No,1
200915,Sales,Associate,33,7,7302.88,No,2.0,6,Yes,0
200916,Marketing,Specialist,41,3,8368.44,Yes,1.0,3,Yes,0
200917,Operations,Specialist,59,3,9633.51,No,4.0,0,Yes,0
200918,Operations,Specialist,39,0,3893.03,Yes,4.0,0,No,0
200919,HR,Manager,54,13,7304.67,No,5.0,8,No,0
200920,IT,Analyst,47,10,7564.33,No,5.0,1,Yes,1
200921,IT,Analyst,44,4,3464.88,No,5.0,2,No,1
200922,Sales,Specialist,39,8,3714.12,No,4.0,4,No,0
200923,Operations,Manager,33,10,7429.22,No,2.0,2,Yes,0
200924,Operations,Manager,29,3,7454.16,No,4.0,6,No,0
200925,Operations,Analyst,26,13,7931.67,No,3.0,8,No,0
200926,IT,Manager,31,11,7009.49,No,5.0,2,No,0
200927,Marketing,Associate,24,14,10533.75,No,1.0,4,Yes,0
200928,Finance,Associate,52,8,11047.67,No,3.0,5,No,1
200929,Finance,Associate,31,5,6865.62,Yes,2.0,4,Yes,0
200930,HR,Engineer,55,3,,No,5.0,0,Yes,0
200931,Operations,Manager,52,2,5771.86,Yes,1.0,1,Yes,0
200932,Operations,Analyst,56,8,7798.58,No,2.0,6,No,0
200933,Marketing,Engineer,51,0,4870.88,Yes,2.0,5,Yes,1
200934,,Associate,53,9,6443.54,No,5.0,2,Yes,0
200935,Operations,Analyst,59,6,4020.84,No,5.0,7,Yes,0
200936,Operations,Engineer,55,12,9914.52,No,2.0,1,Yes,0
200937,IT,Analyst,36,3,4863.3,No,4.0,4,Yes,0
200938,Operations,Manager,28,5,5258.91,Yes,5.0,8,Yes,0
200939,Marketing,Analyst,27,9,5801.1,No,4.0,3,No,0
200940,Sales,Analyst,23,4,13430.58,Yes,4.0,7,No,1
200941,Operations,Associate,37,8,6101.72,No,2.0,5,No,0
200942,Sales,Analyst,29,15,6356.08,No,2.0,0,Yes,0
200943,IT,Manager,60,6,6172.03,Yes,5.0,7,Yes,0
200944,Operations,Specialist,23,15,6743.98,No,1.0,2,No,0
200945,IT,Associate,37,13,5350.65,Yes,1.0,5,No,0
200946,Marketing,Specialist,51,14,6881.38,No,3.0,3,No,0
200947,Operations,Specialist,29,10,6748.48,No,3.0,8,No,0
200948,Sales,Specialist,47,12,8557.34,No,1.0,5,Yes,0
200949,,Analyst,42,6,3593.07,Yes,2.0,3,No,0
200950,Finance,Engineer,25,2,9772.55,No,1.0,4,Yes,0
200951,Operations,Associate,44,8,5935.28,No,1.0,8,Yes,0
200952,HR,Analyst,37,6,7654.04,No,5.0,8,No,0
200953,HR,Engineer,52,2,5299.71,No,3.0,3,No,0
200954,Finance,Engineer,37,12,5269.58,Yes,3.0,2,No,0
200955,Operations,Associate,57,7,4996.68,No,4.0,0,Yes,0
200956,Sales,Associate,52,5,6315.96,Yes,4.0,6,No,0
200957,Finance,Engineer,52,14,7566.85,Yes,5.0,6,Yes,0
200958,,Manager,25,11,7933.97,No,2.0,5,Yes,0
200959,Marketing,Engineer,40,10,3855.27,No,2.0,5,Yes,0
200960,IT,Associate,51,6,10111.38,No,4.0,8,Yes,0
200961,Marketing,Analyst,43,0,4652.22,Yes,2.0,1,No,0
200962,Sales,Manager,25,2,6650.72,No,3.0,7,No,1
200963,Operations,Analyst,29,14,7785.37,No,3.0,1,Yes,0
200964,Finance,Manager,40,3,5281.91,No,1.0,0,No,0
200965,Marketing,Engineer,39,3,7619.95,Yes,2.0,2,No,0
200966,Marketing,Associate,32,10,5925.38,No,1.0,7,No,1
200967,HR,Analyst,52,9,5367.4,No,5.0,3,No,0
200968,Operations,Manager,26,4,5720.23,Yes,2.0,2,Yes,0
200969,IT,Analyst,32,9,5085.09,No,2.0,8,Yes,0
200970,Sales,Engineer,24,15,8408.79,No,1.0,0,Yes,0
200971,Operations,Specialist,43,9,2500.0,No,4.0,1,Yes,0
200972,Sales,Associate,43,12,2684.44,No,4.0,8,Yes,0
200973,IT,Associate,24,4,2658.56,No,3.0,4,No,0
200974,IT,Analyst,27,8,5686.53,No,1.0,1,No,0
200975,Finance,Specialist,33,0,9131.32,No,3.0,7,No,0
200976,Operations,Analyst,54,1,4649.79,No,4.0,8,Yes,1
200977,Sales,Engineer,40,15,6609.67,No,1.0,7,No,0
200978,Sales,Specialist,31,12,4411.68,No,2.0,6,No,1
200979,Marketing,Manager,25,12,8493.55,No,5.0,4,No,1
200980,Sales,Analyst,47,3,8408.64,No,3.0,1,Yes,0
200981,Marketing,Analyst,22,9,7604.37,No,5.0,8,Yes,0
200982,IT,Specialist,38,5,2500.0,No,4.0,0,Yes,0
200983,Finance,Analyst,41,14,6137.08,No,4.0,4,No,1
200984,Operations,Specialist,28,3,6404.52,Yes,3.0,7,No,0
200985,Sales,Analyst,32,11,10017.35,No,1.0,2,No,0
200986,Finance,Engineer,40,9,5490.2,No,4.0,7,No,0
200987,,Engineer,37,2,10144.55,Yes,5.0,5,No,1
200988,Marketing,Associate,53,8,4480.03,No,3.0,8,No,0
200989,Sales,Engineer,30,8,5359.24,No,4.0,2,Yes,0
200990,Sales,Analyst,37,1,9938.61,No,1.0,7,No,0
200991,IT,Engineer,59,14,2500.0,Yes,3.0,0,No,1
200992,Operations,Associate,24,15,7516.14,No,3.0,1,No,0
200993,Sales,Specialist,29,15,8677.56,Yes,2.0,4,No,1
200994,Marketing,Specialist,32,7,8612.06,Yes,1.0,7,Yes,0
200995,IT,Analyst,43,6,6583.82,No,1.0,7,No,0
200996,HR,Associate,37,2,3456.92,No,4.0,4,Yes,1
200997,Sales,Analyst,56,3,8065.03,Yes,3.0,6,No,1
200998,Finance,Associate,28,3,5950.59,No,3.0,7,No,0
200999,Sales,Engineer,34,1,3288.68,Yes,4.0,8,Yes,1
201000,Finance,Manager,49,3,6450.37,Yes,1.0,7,Yes,0
201001,Operations,Specialist,25,14,8268.73,No,2.0,7,No,0
201002,IT,Associate,41,7,6319.26,Yes,5.0,1,Yes,0
201003,IT,Associate,41,6,9966.68,Yes,5.0,5,No,1
201004,HR,Specialist,49,1,4889.02,No,5.0,0,No,0
201005,Sales,Manager,54,9,6309.05,No,1.0,3,No,1
201006,Sales,Associate,60,0,4605.74,No,3.0,0,No,1
201007,Sales,Associate,36,0,6952.47,Yes,3.0,7,Yes,1
201008,IT,Associate,39,3,8928.1,Yes,1.0,5,No,1
201009,IT,Analyst,37,1,13962.02,No,5.0,8,Yes,0
201010,HR,Engineer,47,4,4898.54,No,1.0,4,No,0
201011,IT,Associate,53,6,9096.48,Yes,1.0,3,Yes,0
201012,Finance,Specialist,27,11,11314.56,Yes,1.0,0,Yes,1
201013,HR,Associate,36,4,2500.0,Yes,2.0,1,No,1
201014,HR,Associate,48,12,11628.94,Yes,2.0,3,No,1
201015,Marketing,Analyst,21,1,7689.28,No,2.0,6,No,0
201016,Operations,Specialist,29,0,6885.2,No,4.0,2,Yes,1
201017,IT,Engineer,36,14,3654.05,No,5.0,6,No,1
201018,Marketing,Analyst,37,9,7577.13,No,5.0,1,Yes,0
201019,Operations,Analyst,59,14,9647.07,No,3.0,8,Yes,0
201020,Finance,Analyst,55,14,3307.35,No,2.0,6,No,0
201021,Finance,Engineer,35,0,4339.84,No,5.0,5,No,0
201022,Operations,Analyst,40,2,6559.15,No,3.0,5,Yes,1
201023,Sales,Analyst,37,9,4339.28,No,3.0,4,No,0
201024,Marketing,Engineer,60,10,6386.38,No,4.0,6,No,0
201025,Finance,Analyst,49,3,7964.33,Yes,5.0,7,No,0
201026,Operations,Manager,32,4,4179.49,Yes,4.0,8,No,1
201027,Marketing,Associate,59,10,4335.95,Yes,3.0,6,No,1
201028,Finance,Specialist,50,13,7255.82,No,5.0,0,Yes,0
201029,Marketing,Specialist,26,1,9658.32,Yes,3.0,4,No,1
201030,Sales,Analyst,34,7,7036.77,No,5.0,3,Yes,0
201031,Sales,Specialist,23,5,6682.6,No,1.0,6,Yes,0
201032,Operations,Associate,22,9,5431.29,No,1.0,3,No,1
201033,Sales,Engineer,57,7,4909.36,No,1.0,3,Yes,0
201034,IT,Engineer,32,4,6826.67,No,1.0,5,Yes,0
201035,Marketing,Specialist,44,12,3673.11,No,4.0,5,Yes,0
201036,Operations,Specialist,37,13,7141.85,No,1.0,8,No,0
201037,Sales,Manager,44,10,4783.37,No,5.0,5,Yes,1
201038,Operations,Engineer,50,1,2500.0,No,3.0,8,No,0
201039,Finance,Manager,60,14,3724.88,No,5.0,7,Yes,0
201040,Sales,Specialist,27,8,7367.43,No,1.0,5,Yes,0
201041,IT,Specialist,59,10,9732.12,No,5.0,1,Yes,0
201042,Sales,Specialist,31,12,6602.43,No,5.0,3,No,0
201043,IT,Analyst,47,5,8289.46,No,5.0,4,Yes,0
201044,Operations,Analyst,25,13,7705.74,No,5.0,7,No,0
201045,HR,Associate,40,10,7032.88,No,2.0,6,Yes,0
201046,Marketing,Engineer,51,3,5913.44,Yes,1.0,5,No,1
201047,Operations,Associate,29,3,7679.55,No,,4,No,0
201048,Sales,Engineer,53,13,7727.79,No,3.0,4,Yes,0
201049,Sales,Manager,34,2,4395.35,Yes,2.0,2,No,1
201050,HR,Manager,35,7,6690.75,No,5.0,3,No,0
201051,Operations,Manager,50,14,6860.05,Yes,4.0,4,No,0
201052,,Manager,35,15,9521.44,Yes,4.0,3,No,0
201053,Sales,Manager,52,2,2597.48,No,4.0,2,No,0
201054,Finance,Specialist,43,7,6984.66,No,5.0,7,No,0
201055,Operations,Specialist,58,8,5019.81,Yes,1.0,1,Yes,0
201056,Finance,Associate,26,5,6297.44,No,5.0,3,No,0
201057,IT,Specialist,57,6,6148.67,Yes,1.0,0,Yes,1
201058,IT,Associate,-1,13,4548.11,Yes,4.0,1,No,1
201059,Finance,Engineer,46,3,10415.62,No,1.0,5,Yes,0
201060,Operations,Specialist,54,13,3166.7,Yes,5.0,0,No,1
201061,Finance,Associate,57,7,8043.19,No,2.0,8,No,1
201062,Operations,Associate,57,3,7118.95,No,2.0,4,Yes,0
201063,Sales,Analyst,60,8,7072.78,No,5.0,7,No,0
201064,Sales,Analyst,34,3,10273.57,No,5.0,7,No,1
201065,HR,Engineer,28,1,6545.87,No,3.0,8,Yes,1
201066,Sales,Engineer,43,8,6688.69,No,4.0,7,Yes,0
201067,Operations,Specialist,44,8,7349.26,Yes,1.0,4,Yes,1
201068,IT,Associate,37,12,3999.43,No,2.0,5,No,0
201069,Marketing,Manager,55,0,6585.31,Yes,4.0,5,Yes,0
201070,Operations,Associate,23,14,,Yes,5.0,6,No,0
201071,IT,Associate,57,10,5392.76,No,2.0,8,Yes,0
201072,HR,Manager,54,12,4060.67,No,2.0,5,No,0
201073,IT,Engineer,58,13,10097.24,Yes,2.0,5,No,0
201074,Operations,Associate,49,7,11016.66,Yes,1.0,1,No,1
201075,IT,Specialist,46,8,2915.18,No,5.0,5,Yes,1
201076,IT,Manager,38,5,9016.38,Yes,4.0,4,No,0
201077,Finance,Manager,44,4,9390.28,No,1.0,5,Yes,1
201078,IT,Analyst,31,9,8704.51,No,1.0,8,Yes,0
201079,IT,Engineer,30,15,6769.01,Yes,3.0,4,No,0
201080,IT,Manager,23,12,8775.04,Yes,1.0,5,Yes,0
201081,IT,Engineer,24,9,4347.86,No,5.0,8,No,0
201082,Marketing,Manager,49,9,5430.71,No,4.0,8,No,0
201083,Marketing,Engineer,34,3,8746.89,No,1.0,7,Yes,0
201084,Finance,Associate,55,6,4227.09,No,1.0,3,Yes,0
201085,Finance,Specialist,43,13,7834.45,Yes,2.0,1,Yes,1
201086,Sales,Manager,30,6,6839.44,No,3.0,1,Yes,0
201087,Sales,Manager,46,1,10798.23,No,3.0,6,No,0
201088,Finance,Specialist,25,5,7427.7,No,4.0,3,No,0
201089,Sales,Manager,34,13,2500.0,No,5.0,5,No,0
201090,IT,Engineer,39,1,2753.16,No,2.0,0,No,0
201091,IT,Specialist,38,9,11025.43,No,3.0,8,No,0
201092,Marketing,Analyst,42,9,7928.56,No,3.0,2,Yes,1
201093,Operations,Specialist,31,15,7337.36,No,1.0,0,No,0
201094,Operations,Associate,54,6,2500.0,Yes,2.0,8,Yes,0
201095,Sales,Analyst,39,9,9627.76,Yes,4.0,7,No,1
201096,Sales,Manager,58,8,7276.58,No,3.0,4,No,0
201097,Marketing,Specialist,60,10,8638.98,No,2.0,7,Yes,0
201098,HR,Analyst,53,9,8335.96,Yes,2.0,3,No,0
201099,Sales,Engineer,37,8,7850.47,Yes,4.0,8,No,0
201100,IT,Specialist,46,1,6754.25,No,4.0,2,Yes,0
201101,Sales,Engineer,23,13,3109.26,No,5.0,6,Yes,1
201102,Sales,Associate,32,7,3849.7,No,3.0,2,Yes,1
201103,HR,Associate,54,12,6071.97,No,3.0,8,Yes,1
201104,Operations,Associate,38,0,2838.17,No,4.0,7,No,1
201105,Operations,Engineer,29,7,8701.38,Yes,1.0,3,No,1
201106,Operations,Analyst,21,14,6197.24,No,2.0,7,No,0
201107,Finance,Analyst,21,11,,No,1.0,1,No,0
201108,Marketing,Specialist,29,12,2500.0,No,4.0,2,Yes,0
201109,HR,Associate,43,14,8092.46,Yes,5.0,3,Yes,1
201110,IT,Engineer,50,2,5744.48,No,5.0,8,No,0
201111,IT,Associate,55,15,7515.99,No,,0,No,0
201112,,Specialist,28,3,6352.14,No,3.0,7,Yes,1
201113,Sales,Manager,50,14,9837.16,Yes,4.0,0,Yes,0
201114,IT,Specialist,56,6,7980.23,No,3.0,0,No,0
201115,Finance,Analyst,57,0,6337.29,No,1.0,7,Yes,1
201116,Sales,Specialist,45,13,4373.07,Yes,5.0,1,No,0
201117,Operations,Specialist,47,4,10897.87,No,2.0,6,No,1
201118,Marketing,Engineer,36,9,8096.14,No,3.0,3,Yes,0
201119,HR,Engineer,44,10,4805.51,Yes,5.0,8,No,0
201120,Sales,Analyst,28,3,5186.03,No,1.0,2,Yes,0
201121,Finance,Specialist,39,7,7117.07,No,3.0,2,No,0
201122,Operations,Specialist,45,5,10574.12,Yes,2.0,8,No,0
201123,Operations,Associate,30,12,5811.78,No,4.0,5,No,0
201124,Sales,Manager,23,15,4361.78,No,5.0,5,No,0
201125,Operations,Specialist,52,6,8453.44,No,5.0,4,No,0
201126,Marketing,Analyst,48,10,3807.63,No,2.0,8,Yes,1
201127,Marketing,Engineer,33,14,8741.62,No,4.0,4,Yes,0
201128,Operations,Associate,27,15,3010.57,No,2.0,5,No,1
201129,Operations,Analyst,51,0,6591.19,No,4.0,5,Yes,0
201130,Finance,Manager,33,6,2500.0,No,2.0,0,Yes,1
201131,Sales,Specialist,56,6,8048.61,Yes,1.0,0,Yes,1
201132,IT,Manager,24,13,8131.42,No,3.0,3,No,0
201133,IT,Analyst,42,14,6975.77,No,4.0,3,No,0
201134,Operations,Associate,45,10,4422.39,Yes,2.0,6,No,1
201135,IT,Specialist,53,6,4689.81,No,4.0,6,Yes,0
201136,IT,Engineer,44,14,8395.0,No,2.0,0,No,1
201137,Sales,Analyst,56,13,2500.0,No,3.0,4,Yes,0
201138,Marketing,Manager,52,5,7113.34,No,3.0,3,No,0
201139,HR,Manager,47,10,7564.89,No,,2,Yes,0
201140,Operations,Associate,50,9,6462.6,Yes,1.0,2,Yes,1
201141,Operations,Specialist,32,11,4980.46,No,2.0,5,No,1
201142,Marketing,Specialist,29,12,6150.1,No,1.0,0,Yes,1
201143,Marketing,Engineer,52,0,8427.13,No,1.0,4,Yes,1
201144,Operations,Engineer,30,9,,Yes,2.0,4,No,0
201145,Sales,Associate,54,0,2500.0,Yes,1.0,0,No,1
201146,Finance,Engineer,55,3,6189.91,No,2.0,0,Yes,1
201147,IT,Analyst,37,10,7432.04,No,5.0,3,Yes,0
201148,Marketing,Specialist,32,14,2612.65,No,4.0,8,No,0
201149,IT,Associate,34,9,6587.14,No,3.0,6,No,1
201150,Finance,Manager,56,9,6884.65,No,5.0,8,No,0
201151,Finance,Associate,46,3,5245.83,No,5.0,3,No,0
201152,Operations,Specialist,60,10,4095.0,No,3.0,7,Yes,0
201153,Operations,Engineer,37,5,4713.77,No,1.0,0,No,0
201154,IT,Engineer,43,6,6501.51,No,1.0,6,No,1
201155,Operations,Analyst,28,3,5728.66,No,4.0,2,No,0
201156,Marketing,Analyst,52,14,4265.94,No,4.0,7,Yes,0
201157,Marketing,Analyst,60,4,7114.9,No,3.0,2,No,0
201158,HR,Analyst,43,1,5798.49,No,1.0,0,No,0
201159,Operations,Associate,54,8,11679.67,No,5.0,5,Yes,0
201160,Sales,Engineer,30,11,8991.4,No,3.0,6,No,0
201161,HR,Manager,34,0,8871.71,No,4.0,0,No,0
201162,Sales,Manager,29,9,9355.89,Yes,1.0,4,No,1
201163,Marketing,Manager,59,8,8338.57,No,2.0,2,No,0
201164,Sales,Manager,50,2,12244.49,No,1.0,7,No,1
201165,Marketing,Analyst,29,8,8629.55,No,5.0,1,Yes,0
201166,Sales,Manager,46,1,9736.09,No,5.0,5,No,1
201167,IT,Analyst,35,2,9225.29,No,1.0,4,Yes,1
201168,Sales,Specialist,47,6,10291.87,No,2.0,1,Yes,0
201169,Operations,Specialist,57,7,4177.56,No,2.0,3,No,1
201170,Sales,Specialist,52,1,3748.92,No,3.0,5,No,1
201171,Operations,Associate,44,8,7332.98,No,1.0,5,No,0
201172,HR,Engineer,34,1,11006.1,No,5.0,4,No,1
201173,Finance,Analyst,58,12,6711.52,No,5.0,3,No,0
201174,Operations,Associate,41,1,6641.6,No,1.0,3,Yes,0
201175,HR,Specialist,34,2,9687.32,No,1.0,6,No,0
201176,IT,Engineer,37,6,6171.05,Yes,3.0,8,No,0
201177,Marketing,Specialist,60,6,9584.48,No,1.0,1,No,0
201178,IT,Analyst,52,3,10626.25,No,1.0,8,No,0
201179,HR,Analyst,45,10,3432.85,Yes,2.0,8,No,0
201180,Marketing,Manager,42,4,11417.54,Yes,4.0,6,Yes,1
201181,Sales,Manager,45,11,3855.75,No,3.0,0,No,1
201182,Sales,Manager,32,14,8650.37,No,3.0,5,No,0
201183,Sales,Associate,59,10,6337.69,No,5.0,3,Yes,0
201184,IT,Specialist,25,5,7579.0,No,3.0,3,No,1
201185,Sales,Manager,53,2,2500.0,No,5.0,8,No,0
201186,Operations,Analyst,58,13,9580.63,No,2.0,3,No,0
201187,Operations,Analyst,47,2,9166.04,No,,0,No,0
201188,IT,Engineer,25,12,4419.97,No,2.0,1,No,0
201189,Operations,Analyst,36,12,8217.47,No,1.0,6,No,0
201190,Operations,Associate,50,3,4698.1,Yes,5.0,8,No,0
201191,IT,Manager,22,7,9715.37,Yes,5.0,4,Yes,1
201192,Operations,Manager,35,2,8149.92,No,4.0,8,No,0
201193,Marketing,Associate,42,7,10719.88,No,4.0,4,Yes,1
201194,IT,Analyst,40,7,9244.97,Yes,3.0,8,Yes,0
201195,IT,Associate,60,4,5324.96,No,3.0,8,No,1
201196,Sales,Analyst,54,11,15110.85,No,5.0,7,No,0
201197,HR,Associate,33,5,10336.17,No,3.0,8,No,1
201198,Operations,Specialist,37,6,4408.3,No,4.0,6,No,0
201199,IT,Specialist,59,8,6802.01,No,3.0,6,Yes,0
201200,Sales,Associate,45,9,7652.3,No,4.0,6,Yes,0
201201,IT,Analyst,53,14,5480.53,Yes,2.0,0,No,0
201202,Sales,Associate,44,12,6030.44,Yes,2.0,7,No,1
201203,Marketing,Engineer,29,2,8065.09,No,4.0,8,No,0
201204,Marketing,Engineer,57,6,2526.27,No,4.0,3,No,0
201205,IT,Manager,60,3,9179.11,No,4.0,8,No,0
201206,Operations,Engineer,53,7,7073.08,No,2.0,0,No,0
201207,HR,Analyst,52,13,6989.43,No,5.0,2,No,0
201208,IT,Associate,42,8,6479.46,No,4.0,0,No,0
201209,Marketing,Engineer,30,15,8553.68,No,3.0,2,Yes,0
201210,Marketing,Specialist,29,2,7111.16,No,2.0,7,Yes,0
201211,Marketing,Manager,36,13,9440.23,No,4.0,2,No,0
201212,Operations,Manager,32,13,9021.04,No,4.0,6,No,0
201213,,Manager,30,8,7911.27,No,,1,Yes,1
201214,IT,Manager,42,8,7570.34,No,5.0,5,No,0
201215,Finance,Analyst,47,15,11296.07,Yes,5.0,4,No,1
201216,IT,Manager,39,7,4558.63,No,3.0,6,Yes,0
201217,HR,Manager,60,9,10150.36,No,3.0,6,Yes,0
201218,Operations,Engineer,38,12,9703.85,No,5.0,3,No,0
201219,IT,Manager,58,0,8154.79,No,4.0,5,No,1
201220,HR,Engineer,46,0,6258.18,Yes,1.0,8,No,0
201221,IT,Engineer,49,3,7441.29,No,1.0,7,No,1
201222,IT,Associate,38,11,11432.37,No,2.0,0,No,0
201223,IT,Manager,29,10,5141.5,No,1.0,8,No,0
201224,Sales,Engineer,39,0,7339.75,No,5.0,7,Yes,0
201225,HR,Manager,59,15,10095.35,Yes,3.0,2,No,0
201226,HR,Specialist,38,6,10982.97,No,3.0,6,Yes,0
201227,Operations,Manager,24,8,5855.07,No,1.0,2,Yes,0
201228,IT,Analyst,33,0,6557.38,No,5.0,0,No,1
201229,IT,Analyst,40,2,6027.09,No,5.0,4,No,1
201230,Marketing,Specialist,50,10,7304.9,No,2.0,0,No,0
201231,Finance,Associate,35,12,4375.7,No,3.0,7,Yes,0
201232,IT,Engineer,60,3,2500.0,No,1.0,0,Yes,0
201233,Marketing,Engineer,28,9,5301.84,No,4.0,8,Yes,1
201234,Operations,Engineer,29,9,4601.26,No,3.0,1,No,0
201235,Operations,Specialist,45,12,7219.94,No,4.0,0,No,1
201236,Operations,Analyst,31,2,6774.78,No,1.0,1,No,1
201237,Operations,Analyst,44,4,9571.93,No,3.0,0,Yes,0
201238,IT,Specialist,50,12,11811.21,No,2.0,0,Yes,1
201239,IT,Analyst,32,6,3634.23,Yes,2.0,1,No,1
201240,Marketing,Manager,24,10,5540.39,No,2.0,2,No,0
201241,Sales,Specialist,50,1,6048.71,Yes,3.0,0,No,0
201242,Operations,Specialist,27,9,4326.13,No,4.0,0,No,0
201243,Marketing,Analyst,32,2,8436.77,Yes,2.0,1,No,0
201244,Operations,Associate,52,9,6731.1,No,4.0,0,No,1
201245,IT,Associate,54,5,10615.72,Yes,5.0,4,No,0
201246,Sales,Specialist,48,14,8287.11,No,1.0,1,No,0
201247,Operations,Specialist,53,5,8729.15,No,4.0,2,Yes,0
201248,IT,Specialist,44,10,8420.79,No,4.0,6,Yes,0
201249,Finance,Engineer,57,3,3991.24,No,4.0,4,No,0
201250,Finance,Engineer,27,8,5924.73,No,4.0,6,Yes,0
201251,Sales,Specialist,28,15,8521.21,Yes,5.0,8,No,0
201252,Operations,Specialist,42,8,10083.54,No,3.0,7,Yes,1
201253,IT,Analyst,60,9,6886.94,No,1.0,6,No,1
201254,Finance,Analyst,58,13,6624.04,No,4.0,3,No,0
201255,Operations,Specialist,44,7,,Yes,5.0,3,Yes,0
201256,Operations,Analyst,35,6,4688.86,No,5.0,8,No,0
201257,Operations,Manager,40,11,11005.51,No,1.0,6,No,1
201258,Finance,Manager,37,3,2500.0,Yes,1.0,5,Yes,1
201259,Sales,Manager,39,2,2500.0,No,1.0,7,Yes,0
201260,Marketing,Specialist,25,2,5630.93,No,1.0,6,No,0
201261,HR,Associate,52,5,8353.0,Yes,3.0,1,Yes,1
201262,IT,Analyst,49,11,7824.85,No,5.0,0,No,0
201263,Marketing,Engineer,38,4,4436.7,Yes,4.0,7,Yes,0
201264,Marketing,Specialist,34,11,7680.7,No,5.0,2,No,0
201265,Finance,Manager,23,7,3201.92,No,1.0,0,No,1
201266,IT,Manager,56,8,8355.26,No,5.0,8,No,0
201267,Sales,Associate,25,4,,No,1.0,0,Yes,0
201268,Finance,Associate,45,8,2912.04,No,4.0,8,No,0
201269,Operations,Analyst,30,3,5508.9,No,1.0,7,No,1
201270,IT,Associate,59,9,9524.81,No,3.0,2,No,0
201271,Marketing,Associate,44,15,9642.35,No,1.0,7,Yes,0
201272,Sales,Analyst,46,1,4610.98,Yes,3.0,5,No,0
201273,Operations,Manager,47,10,7543.86,Yes,3.0,5,No,1
201274,Marketing,Manager,45,7,9422.94,No,5.0,0,Yes,0
201275,Operations,Analyst,47,2,11468.18,No,4.0,5,No,0
201276,IT,Analyst,45,5,8465.26,No,2.0,2,No,0
201277,Sales,Manager,21,7,6323.87,No,5.0,3,No,0
201278,Marketing,Manager,21,6,8530.5,Yes,3.0,5,Yes,0
201279,Sales,Engineer,47,15,9489.61,No,3.0,7,No,1
201280,Operations,Associate,38,3,11362.95,No,5.0,7,Yes,0
201281,Marketing,Associate,46,10,5411.32,No,5.0,4,No,0
201282,Finance,Specialist,30,5,6106.88,Yes,3.0,7,No,0
201283,IT,Specialist,37,2,9367.91,No,3.0,6,No,0
201284,Marketing,Associate,48,7,2500.0,No,3.0,2,No,0
201285,Operations,Associate,59,9,3293.94,No,1.0,1,No,1
201286,Finance,Associate,21,6,5839.43,Yes,4.0,4,No,0
201287,Finance,Specialist,53,11,2500.0,No,4.0,0,Yes,1
201288,IT,Associate,39,0,5856.6,No,5.0,8,Yes,0
201289,IT,Analyst,48,8,3085.09,No,5.0,1,No,0
201290,HR,Analyst,34,7,2500.0,No,1.0,0,Yes,0
201291,Operations,Manager,33,13,9078.76,No,4.0,3,Yes,0
201292,Sales,Analyst,33,4,5011.3,No,1.0,2,No,1
201293,IT,Specialist,31,15,9669.59,No,3.0,2,No,1
201294,Finance,Specialist,37,3,5768.69,Yes,3.0,2,Yes,0
201295,HR,Manager,28,1,8388.04,Yes,3.0,7,No,0
201296,Operations,Manager,40,2,8472.04,No,3.0,2,Yes,0
201297,Operations,Engineer,31,2,5326.84,Yes,4.0,7,Yes,0
201298,Marketing,Engineer,60,8,9295.18,No,5.0,2,No,0
201299,Operations,Associate,34,5,6295.49,No,1.0,4,No,0
201300,Finance,Manager,23,1,9109.38,Yes,1.0,5,No,0
201301,HR,Specialist,33,10,3882.61,No,4.0,4,Yes,1
201302,Operations,Manager,49,12,4991.86,No,2.0,6,No,0
201303,Sales,Associate,51,10,5555.46,No,1.0,5,No,0
201304,Operations,Associate,34,14,5854.72,Yes,5.0,5,Yes,0
201305,Operations,Analyst,34,13,9336.54,No,4.0,3,No,0
201306,IT,Engineer,-4,4,4847.6,Yes,5.0,4,No,0
201307,Sales,Associate,46,10,10850.14,Yes,1.0,6,No,0
201308,Finance,Engineer,52,11,8206.75,No,1.0,8,Yes,0
201309,IT,Engineer,52,12,5206.76,Yes,3.0,8,Yes,0
201310,Operations,Associate,44,14,9500.95,No,1.0,4,No,0
201311,Sales,Associate,40,3,8742.43,No,2.0,6,Yes,0
201312,Marketing,Specialist,48,0,5230.62,Yes,5.0,0,Yes,1
201313,IT,Analyst,23,5,8623.11,No,4.0,2,No,0
201314,Marketing,Manager,26,1,5378.9,No,4.0,2,Yes,0
201315,Operations,Specialist,23,3,8321.3,Yes,4.0,2,No,0
201316,Operations,Analyst,58,14,10230.27,Yes,2.0,1,No,1
201317,IT,Associate,59,6,,No,2.0,2,No,0
201318,Sales,Manager,47,4,2747.8,Yes,3.0,6,No,0
201319,Operations,Specialist,24,2,5063.6,No,2.0,5,Yes,1
201320,Sales,Specialist,56,1,7222.85,No,3.0,7,No,0
201321,Marketing,Specialist,29,9,9315.45,Yes,3.0,5,No,0
201322,IT,Engineer,28,13,4621.04,Yes,2.0,1,No,1
201323,IT,Associate,24,15,10291.21,No,2.0,8,No,0
201324,Sales,Manager,59,1,6771.38,No,1.0,3,No,0
201325,Operations,Analyst,39,13,4743.93,No,3.0,3,No,0
201326,IT,Specialist,24,8,5763.34,Yes,5.0,8,No,0
201327,Finance,Analyst,53,8,9081.34,No,2.0,2,Yes,0
201328,Sales,Manager,56,0,5262.6,No,1.0,0,No,0
201329,Sales,Engineer,22,4,7538.96,No,4.0,7,No,0
201330,Operations,Engineer,23,4,9373.76,No,3.0,6,No,0
201331,IT,Associate,46,1,7706.84,No,3.0,8,Yes,0
201332,Finance,Analyst,44,4,3370.04,Yes,3.0,2,Yes,1
201333,HR,Analyst,27,9,7585.78,No,1.0,3,Yes,0
201334,Marketing,Specialist,41,7,7905.86,No,1.0,0,Yes,1
201335,Finance,Manager,59,0,7910.6,No,1.0,2,No,0
201336,IT,Engineer,24,3,10128.9,Yes,1.0,2,No,0
201337,Finance,Analyst,26,7,6800.22,No,4.0,1,No,0
201338,Operations,Engineer,46,15,5578.89,Yes,3.0,7,No,1
201339,IT,Analyst,50,14,4569.57,No,3.0,0,Yes,0
201340,Operations,Manager,60,11,5015.9,No,2.0,8,Yes,0
201341,Marketing,Engineer,58,2,8899.12,Yes,4.0,4,Yes,0
201342,Operations,Engineer,43,14,8012.69,Yes,5.0,6,Yes,1
201343,HR,Associate,58,14,11198.48,No,5.0,3,No,0
201344,Marketing,Specialist,33,3,3813.56,No,2.0,2,Yes,0
201345,Finance,Engineer,56,8,7756.26,No,5.0,4,Yes,0
201346,IT,Associate,45,2,6907.87,Yes,5.0,4,No,0
201347,IT,Associate,41,12,5820.34,Yes,2.0,6,No,1
201348,HR,Manager,28,6,3802.43,Yes,2.0,5,No,0
201349,HR,Engineer,36,7,8797.46,No,4.0,7,Yes,0
201350,Operations,Associate,57,0,4043.34,No,5.0,2,No,0
201351,IT,Manager,38,10,6081.6,No,4.0,1,No,0
201352,Sales,Analyst,39,10,2500.0,No,5.0,8,No,0
201353,Sales,Associate,39,13,3549.19,No,1.0,2,No,0
201354,Sales,Engineer,35,10,7216.1,No,4.0,1,Yes,0
201355,Sales,Specialist,22,2,8510.38,No,5.0,6,Yes,0
201356,IT,Analyst,48,5,9530.24,Yes,3.0,4,Yes,0
201357,IT,Manager,51,4,9204.28,Yes,3.0,8,No,1
201358,Sales,Engineer,30,2,3912.19,No,2.0,7,Yes,0
201359,Finance,Specialist,39,4,8915.02,No,3.0,0,Yes,0
201360,Marketing,Manager,44,15,5104.72,Yes,5.0,7,No,0
201361,Marketing,Analyst,28,5,9724.2,No,3.0,2,No,0
201362,Sales,Manager,31,9,10061.76,No,4.0,4,Yes,0
201363,Operations,Analyst,25,1,4921.7,Yes,3.0,3,No,1
201364,Finance,Associate,53,13,8468.76,No,1.0,6,No,0
201365,HR,Analyst,35,3,9496.04,No,4.0,8,No,1
201366,Finance,Specialist,40,12,6030.92,No,3.0,8,Yes,1
201367,Sales,Associate,60,11,6001.02,Yes,2.0,7,No,0
201368,Operations,Associate,54,13,8390.09,No,3.0,6,Yes,0
201369,Sales,Specialist,37,3,9017.7,No,4.0,7,Yes,0
201370,Sales,Engineer,58,1,9302.46,Yes,4.0,4,Yes,0
201371,Operations,Analyst,23,10,2628.81,No,4.0,6,No,0
201372,IT,Associate,59,14,3837.6,No,4.0,8,No,0
201373,Marketing,Manager,54,11,8360.07,Yes,4.0,3,No,0
201374,Marketing,Analyst,34,0,,Yes,4.0,7,Yes,0
201375,Marketing,Specialist,32,3,4458.34,No,1.0,7,No,0
201376,Operations,Engineer,29,3,10411.83,Yes,2.0,5,No,1
201377,Finance,Analyst,27,12,2916.09,Yes,,7,Yes,1
201378,Sales,Specialist,26,0,2794.04,No,3.0,6,Yes,1
201379,IT,Specialist,51,5,7373.84,No,1.0,3,Yes,0
201380,IT,Specialist,30,4,9980.62,Yes,3.0,3,No,0
201381,IT,Specialist,44,7,6513.52,No,3.0,1,Yes,0
201382,Sales,Engineer,46,5,9276.1,No,3.0,8,Yes,0
201383,Sales,Specialist,39,10,2500.0,No,4.0,8,No,1
201384,Marketing,Engineer,22,5,6933.67,No,3.0,2,Yes,1
201385,Operations,Specialist,25,7,7727.12,No,1.0,6,No,1
201386,IT,Manager,33,0,7836.82,No,2.0,0,Yes,1
201387,HR,Manager,43,4,11118.21,No,3.0,3,No,0
201388,IT,Associate,21,15,9100.67,Yes,2.0,7,No,0
201389,Marketing,Associate,26,6,8602.22,Yes,5.0,6,Yes,0
201390,Finance,Associate,27,15,10159.06,No,5.0,4,No,0
201391,Finance,Manager,51,11,6059.05,No,5.0,4,No,0
201392,Operations,Specialist,60,10,2605.71,No,3.0,8,Yes,0
201393,Finance,Associate,39,8,4495.79,No,1.0,1,Yes,0
201394,Marketing,Specialist,41,11,6382.83,No,1.0,2,No,1
201395,Finance,Analyst,34,6,2500.0,No,1.0,1,Yes,0
201396,Operations,Specialist,55,11,10838.23,No,1.0,6,No,0
201397,IT,Associate,36,0,7521.53,No,1.0,1,No,0
201398,Finance,Specialist,54,9,6273.43,No,4.0,5,Yes,1
201399,HR,Analyst,34,12,3420.48,Yes,2.0,2,Yes,0
201400,Finance,Specialist,38,0,5384.81,No,4.0,4,Yes,0
201401,Sales,Analyst,33,10,4971.92,No,2.0,4,No,0
201402,Sales,Specialist,39,2,7853.14,Yes,2.0,4,No,0
201403,Finance,Engineer,24,10,2500.0,No,5.0,7,No,0
201404,Marketing,Manager,51,2,3368.2,No,2.0,2,No,0
201405,IT,Associate,21,7,8491.94,No,5.0,8,Yes,0
201406,Sales,Specialist,32,8,9971.7,No,5.0,7,Yes,0
201407,Marketing,Engineer,39,14,5705.93,No,1.0,2,No,0
201408,HR,Analyst,51,11,10440.48,No,5.0,8,No,0
201409,Sales,Manager,42,11,6404.37,No,3.0,3,No,0
201410,IT,Associate,41,7,5794.04,No,5.0,1,Yes,0
201411,Marketing,Engineer,52,1,6048.53,Yes,4.0,3,No,1
201412,Operations,Associate,52,1,7869.74,No,3.0,5,No,0
201413,Operations,Engineer,46,14,7321.15,No,3.0,6,No,0
201414,Operations,Analyst,55,4,10567.95,No,3.0,4,No,1
201415,Sales,Manager,49,2,6098.25,Yes,5.0,0,No,0
201416,IT,Specialist,31,9,5965.9,Yes,1.0,4,Yes,0
201417,Sales,Manager,47,1,5737.94,No,5.0,3,Yes,0
201418,IT,Specialist,30,12,7386.35,No,1.0,7,Yes,0
201419,Operations,Analyst,35,3,7151.63,No,3.0,6,No,0
201420,IT,Analyst,25,9,2500.0,No,4.0,4,Yes,0
201421,Finance,Associate,55,6,3674.29,No,2.0,0,No,1
201422,Marketing,Engineer,46,0,6690.04,No,1.0,1,Yes,0
201423,Operations,Engineer,21,12,6317.28,Yes,2.0,6,Yes,0
201424,Operations,Manager,50,14,3411.82,No,4.0,3,Yes,0
201425,Operations,Manager,48,10,6942.85,No,5.0,2,No,1
201426,Operations,Specialist,34,5,5465.68,Yes,1.0,6,Yes,1
201427,Finance,Specialist,60,13,10185.21,No,4.0,5,No,0
201428,Marketing,Analyst,27,8,11891.78,No,4.0,7,No,0
201429,Operations,Engineer,29,10,3948.6,No,2.0,7,No,0
201430,Marketing,Analyst,38,9,9242.8,No,2.0,4,No,0
201431,IT,Associate,49,10,2527.26,No,5.0,6,No,0
201432,Operations,Manager,23,4,10051.03,No,5.0,6,No,0
201433,Operations,Associate,55,12,6364.14,Yes,4.0,1,No,0
201434,Operations,Engineer,44,4,3698.49,No,3.0,2,No,0
201435,Sales,Engineer,54,5,8504.49,Yes,5.0,7,No,0
201436,IT,Analyst,50,7,7501.51,No,2.0,7,Yes,0
201437,Sales,Manager,25,4,9487.84,No,3.0,8,Yes,1
201438,Operations,Engineer,60,15,7657.85,No,2.0,5,No,0
201439,Operations,Analyst,49,10,5235.54,No,4.0,4,No,0
201440,Sales,Associate,27,1,7900.32,No,1.0,7,Yes,0
201441,Operations,Manager,29,6,8066.68,No,1.0,1,No,0
201442,Finance,Associate,49,7,9491.72,Yes,4.0,8,No,1
201443,Marketing,Analyst,60,6,,No,5.0,0,No,0
201444,Operations,Engineer,47,9,9642.25,No,2.0,2,Yes,1
201445,IT,Manager,22,9,6466.92,No,1.0,4,Yes,1
201446,Operations,Manager,24,6,10588.04,No,1.0,7,Yes,0
201447,Operations,Engineer,53,15,8857.96,No,3.0,0,No,0
201448,IT,Specialist,36,4,4556.89,No,5.0,5,Yes,0
201449,Marketing,Manager,37,12,6753.33,Yes,4.0,6,Yes,1
201450,Marketing,Manager,21,0,7491.43,No,4.0,0,No,0
201451,IT,Associate,34,4,11351.47,No,4.0,7,No,0
201452,Sales,Analyst,57,10,3235.25,Yes,3.0,0,No,0
201453,Sales,Analyst,42,8,4995.47,No,4.0,7,No,0
201454,IT,Engineer,45,15,8096.03,Yes,5.0,0,Yes,1
201455,Finance,Associate,49,2,7634.96,No,2.0,1,Yes,0
201456,Finance,Specialist,40,11,5192.96,No,5.0,4,No,0
201457,Finance,Specialist,59,6,7953.09,Yes,4.0,8,Yes,1
201458,Operations,Associate,41,2,5534.56,No,3.0,6,No,0
201459,Sales,Engineer,29,2,6875.48,No,1.0,8,No,0
201460,Operations,Analyst,52,9,4762.53,No,4.0,1,No,0
201461,Operations,Engineer,50,1,8244.37,No,5.0,5,Yes,0
201462,IT,Manager,48,15,6429.12,No,4.0,1,No,0
201463,Operations,Specialist,23,11,10107.85,Yes,1.0,1,Yes,0
201464,Sales,Specialist,60,6,7314.6,No,3.0,1,No,0
201465,HR,Associate,53,12,7247.31,Yes,3.0,7,No,0
201466,Marketing,Manager,37,8,9036.8,No,3.0,6,No,0
201467,IT,Manager,50,2,8351.48,No,3.0,2,Yes,0
201468,Operations,Analyst,55,15,6565.41,No,4.0,6,Yes,1
201469,IT,Specialist,24,14,7994.39,Yes,1.0,7,No,1
201470,Marketing,Associate,38,9,8178.78,Yes,5.0,1,No,0
201471,Operations,Analyst,52,12,7642.93,No,2.0,0,No,0
201472,HR,Engineer,33,15,5961.36,Yes,3.0,8,No,1
201473,HR,Manager,49,3,7808.98,No,4.0,1,No,0
201474,Marketing,Analyst,22,9,2500.0,No,3.0,3,Yes,0
201475,HR,Engineer,26,1,8182.67,No,1.0,8,Yes,0
201476,Sales,Specialist,60,7,6785.19,No,3.0,2,Yes,0
201477,IT,Analyst,36,13,7486.71,No,3.0,3,Yes,0
201478,IT,Analyst,26,9,5980.98,No,2.0,1,Yes,1
201479,HR,Associate,38,1,4855.48,No,4.0,1,No,1
201480,Sales,Analyst,27,5,5608.21,No,2.0,3,Yes,0
201481,IT,Specialist,36,5,13146.01,No,2.0,1,Yes,1
201482,Operations,Specialist,46,5,7879.33,No,4.0,1,Yes,0
201483,Operations,Specialist,47,7,6442.78,No,3.0,5,Yes,1
201484,Marketing,Associate,40,12,8405.9,Yes,3.0,0,No,1
201485,IT,Analyst,53,2,5757.84,No,2.0,8,No,0
201486,HR,Analyst,49,10,10417.73,No,5.0,1,No,1
201487,IT,Engineer,51,9,10805.58,Yes,3.0,1,Yes,1
201488,IT,Analyst,28,6,2513.69,No,5.0,7,Yes,0
201489,Marketing,Specialist,57,7,12086.21,Yes,5.0,6,No,0
201490,Operations,Specialist,40,8,8304.75,No,1.0,4,No,0
201491,Marketing,Analyst,21,13,3671.04,No,5.0,2,Yes,0
201492,IT,Analyst,31,1,9049.62,No,1.0,8,No,0
201493,IT,Manager,49,2,5243.04,No,3.0,6,No,0
201494,Sales,Analyst,38,13,8670.37,No,5.0,7,No,0
201495,HR,Specialist,22,8,9848.34,Yes,4.0,2,No,0
201496,HR,Engineer,30,14,5101.44,No,1.0,4,No,0
201497,IT,Engineer,60,14,3790.54,No,4.0,1,No,0
201498,Marketing,Associate,56,12,10049.77,No,1.0,8,No,0
201499,Sales,Specialist,37,5,6439.34,No,5.0,7,Yes,1
201500,Operations,Specialist,57,13,8228.55,No,2.0,1,No,0
201501,Operations,Engineer,49,15,4359.16,No,5.0,3,Yes,0
201502,IT,Manager,58,6,7650.99,No,1.0,5,No,0
201503,Finance,Specialist,53,7,2500.0,No,5.0,3,No,0
201504,IT,Analyst,57,1,5862.92,No,3.0,5,No,0
201505,Operations,Specialist,55,15,8117.0,No,1.0,6,No,0
201506,IT,Engineer,45,13,6852.26,No,3.0,8,No,1
201507,IT,Manager,53,3,5800.65,Yes,1.0,0,Yes,0
201508,Finance,Associate,33,7,8802.63,No,4.0,7,No,1
201509,Finance,Engineer,51,5,9132.55,Yes,1.0,0,Yes,0
201510,Sales,Specialist,30,1,3611.05,No,3.0,2,No,0
201511,Sales,Manager,33,6,5151.74,No,2.0,7,No,0
201512,Operations,Specialist,43,1,6763.58,No,5.0,8,Yes,1
201513,Finance,Manager,31,2,3833.21,No,3.0,1,Yes,0
201514,Operations,Specialist,25,8,5057.24,No,1.0,6,No,0
201515,Sales,Engineer,59,15,6208.62,No,2.0,4,Yes,1
201516,Marketing,Manager,60,10,5961.2,Yes,1.0,2,No,0
201517,IT,Specialist,38,11,8244.99,No,4.0,8,No,0
201518,IT,Associate,22,5,6379.57,No,3.0,5,No,0
201519,Marketing,Manager,27,2,3090.27,No,2.0,0,No,0
201520,HR,Analyst,43,1,4833.92,No,3.0,0,Yes,0
201521,Sales,Engineer,40,10,2500.0,No,1.0,0,No,1
201522,IT,Associate,51,14,6596.19,No,3.0,0,Yes,0
201523,Operations,Associate,45,14,4654.75,No,5.0,7,No,1
201524,HR,Analyst,34,8,6974.11,Yes,4.0,2,Yes,0
201525,Sales,Manager,26,11,7404.69,No,1.0,4,No,0
201526,IT,Analyst,58,11,9389.46,No,1.0,6,Yes,0
201527,Marketing,Analyst,25,3,2895.01,Yes,3.0,4,Yes,0
201528,Sales,Specialist,36,12,4417.69,No,3.0,7,No,0
201529,Sales,Specialist,43,11,4895.86,No,4.0,7,No,0
201530,HR,Manager,34,2,8249.36,No,3.0,8,No,0
201531,Marketing,Specialist,25,6,10917.58,No,2.0,8,No,0
201532,Operations,Specialist,29,10,7091.96,No,1.0,2,No,0
201533,IT,Analyst,31,5,7448.09,No,4.0,4,No,0
201534,HR,Analyst,33,11,9816.88,No,4.0,6,Yes,1
201535,Sales,Manager,57,2,4816.36,No,5.0,7,Yes,0
201536,HR,Engineer,33,14,2500.0,No,3.0,2,Yes,0
201537,Operations,Analyst,39,10,6990.31,No,4.0,4,Yes,0
201538,Sales,Analyst,36,8,6288.84,No,1.0,4,Yes,0
201539,Finance,Engineer,41,2,3540.67,No,2.0,7,No,0
201540,Marketing,Analyst,23,15,4465.57,No,3.0,7,Yes,0
201541,Finance,Analyst,49,5,4206.1,Yes,2.0,3,Yes,0
201542,Operations,Manager,24,1,4995.96,No,3.0,4,Yes,1
201543,HR,Analyst,35,14,7154.39,No,3.0,0,Yes,1
201544,HR,Associate,59,3,6964.11,No,5.0,0,No,0
201545,Sales,Associate,47,11,12138.81,No,1.0,2,No,0
201546,Marketing,Associate,33,3,7507.62,No,5.0,8,No,0
201547,Marketing,Associate,59,4,4687.6,No,2.0,8,Yes,1
201548,Finance,Manager,59,13,5059.71,No,2.0,8,No,1
201549,HR,Analyst,48,3,8367.97,No,2.0,5,No,0
201550,Operations,Associate,59,0,4698.32,Yes,4.0,1,No,1
201551,Operations,Specialist,53,15,7017.11,No,5.0,0,No,0
201552,Operations,Specialist,21,4,3834.95,Yes,5.0,1,No,0
201553,Operations,Engineer,30,13,7376.2,Yes,3.0,3,Yes,0
201554,Sales,Associate,45,2,6932.73,No,3.0,8,No,0
201555,Marketing,Engineer,47,0,2500.0,No,3.0,4,No,0
201556,IT,Manager,46,3,9290.68,No,5.0,2,Yes,1
201557,Finance,Manager,21,11,7483.45,No,2.0,8,Yes,0
201558,Finance,Analyst,29,13,4976.83,No,4.0,4,No,0
201559,Sales,Analyst,56,6,12491.73,Yes,4.0,5,Yes,0
201560,Operations,Engineer,46,5,6986.54,No,1.0,5,Yes,0
201561,IT,Manager,59,2,3827.47,No,3.0,1,No,0
201562,Operations,Manager,56,3,7081.51,Yes,3.0,5,No,0
201563,IT,Analyst,34,14,6724.28,No,3.0,3,Yes,0
201564,Finance,Analyst,26,9,11213.83,No,4.0,4,No,0
201565,HR,Manager,60,0,7538.37,Yes,5.0,8,No,0
201566,Sales,Analyst,40,0,13167.0,Yes,5.0,3,No,0
201567,Operations,Analyst,31,9,6625.45,No,1.0,3,No,0
201568,Marketing,Analyst,27,0,7422.02,No,3.0,2,Yes,0
201569,Operations,Specialist,38,14,5448.01,Yes,2.0,1,No,1
201570,Marketing,Associate,44,7,3148.53,Yes,2.0,7,No,0
201571,IT,Analyst,49,5,8936.48,No,1.0,1,Yes,0
201572,Operations,Analyst,24,4,8162.46,No,1.0,8,No,0
201573,Sales,Engineer,50,0,9220.02,No,4.0,2,Yes,0
201574,Finance,Specialist,53,3,8369.61,No,5.0,1,No,0
201575,Sales,Engineer,52,3,5038.21,No,4.0,4,Yes,0
201576,Sales,Associate,23,13,5727.02,No,2.0,1,Yes,0
201577,Finance,Engineer,32,4,6821.27,No,5.0,8,No,0
201578,IT,Associate,30,6,5409.42,No,4.0,2,Yes,0
201579,Sales,Specialist,40,15,8599.19,Yes,5.0,6,Yes,0
201580,Sales,Specialist,36,12,8553.29,No,1.0,7,No,1
201581,Operations,Associate,28,10,5665.21,Yes,3.0,6,Yes,0
201582,Marketing,Associate,23,2,8874.21,Yes,3.0,8,No,0
201583,Marketing,Specialist,24,4,5126.6,No,5.0,8,Yes,0
201584,HR,Manager,29,0,11293.25,No,5.0,6,No,0
201585,Marketing,Associate,48,2,6698.51,No,5.0,1,Yes,0
201586,HR,Associate,56,10,11130.12,Yes,3.0,7,No,0
201587,Marketing,Analyst,59,12,8611.79,No,5.0,3,No,0
201588,Sales,Analyst,49,1,11848.09,No,2.0,1,No,0
201589,HR,Manager,-2,13,3683.69,No,5.0,4,Yes,0
201590,Marketing,Engineer,42,2,10019.6,No,1.0,2,No,0
201591,IT,Analyst,29,15,4529.17,No,5.0,4,Yes,1
201592,Marketing,Associate,56,9,3619.25,Yes,4.0,5,No,0
201593,Finance,Specialist,28,12,8698.79,Yes,4.0,3,Yes,0
201594,HR,Manager,56,14,4962.5,Yes,2.0,1,No,1
201595,Finance,Specialist,42,2,7250.98,Yes,4.0,7,No,0
201596,Operations,Specialist,45,4,8416.24,No,4.0,5,No,0
201597,HR,Specialist,54,4,8598.81,No,5.0,2,Yes,1
201598,Marketing,Manager,28,8,4110.58,No,5.0,0,No,0
201599,Finance,Analyst,35,14,6383.16,Yes,5.0,2,Yes,0
201600,Finance,Associate,21,10,5670.57,No,3.0,3,Yes,0
201601,IT,Engineer,21,9,11021.44,No,3.0,2,Yes,0
201602,Sales,Specialist,55,1,6191.18,No,2.0,5,Yes,0
201603,Sales,Analyst,36,1,7392.19,Yes,5.0,6,No,1
201604,HR,Specialist,59,6,5157.81,No,5.0,7,Yes,0
201605,Operations,Specialist,55,5,4548.03,Yes,3.0,4,No,0
201606,Marketing,Manager,53,7,13261.01,No,5.0,6,No,0
201607,Sales,Associate,21,2,8806.88,No,1.0,6,No,1
201608,Sales,Engineer,54,1,2500.0,Yes,5.0,8,Yes,1
201609,Operations,Analyst,23,1,5951.98,No,3.0,2,Yes,0
201610,Sales,Engineer,26,13,11071.08,No,1.0,3,No,1
201611,HR,Specialist,31,13,6324.5,No,4.0,6,Yes,0
201612,Operations,Associate,53,8,9002.74,No,2.0,4,Yes,1
201613,Sales,Specialist,35,1,,Yes,2.0,3,No,1
201614,Marketing,Engineer,29,15,6818.51,No,2.0,1,No,0
201615,Sales,Specialist,22,1,7516.26,No,5.0,6,Yes,0
201616,,Analyst,49,14,7199.94,No,2.0,8,No,0
201617,Operations,Manager,29,2,4959.27,No,1.0,3,No,1
201618,IT,Analyst,60,12,6328.28,No,4.0,1,No,0
201619,Sales,Associate,54,15,6285.15,No,5.0,5,Yes,0
201620,Operations,Specialist,23,3,7703.61,No,2.0,5,No,0
201621,Operations,Manager,45,10,9264.92,No,4.0,5,No,0
201622,Finance,Manager,51,7,6421.95,No,5.0,4,Yes,0
201623,HR,Engineer,52,5,2500.0,No,5.0,7,No,0
201624,Marketing,Engineer,53,15,5992.55,No,3.0,8,No,1
201625,IT,Engineer,27,5,2500.0,No,1.0,4,No,1
201626,Marketing,Associate,54,6,6504.7,No,3.0,3,Yes,0
201627,Operations,Analyst,47,6,5489.89,No,2.0,7,Yes,0
201628,Sales,Analyst,30,2,6027.19,No,5.0,3,Yes,0
201629,Operations,Associate,60,8,4485.23,No,2.0,1,Yes,0
201630,HR,Associate,57,5,6015.76,No,2.0,5,No,0
201631,IT,Engineer,27,10,3727.32,No,4.0,5,Yes,0
201632,IT,Manager,44,12,5482.28,No,2.0,0,No,0
201633,Finance,Associate,27,11,4949.36,Yes,1.0,2,Yes,0
201634,Operations,Analyst,35,7,11224.89,No,3.0,4,Yes,0
201635,Sales,Analyst,43,10,4264.83,No,1.0,7,No,0
201636,IT,Engineer,56,9,3612.18,Yes,4.0,7,Yes,0
201637,Marketing,Engineer,28,10,4059.36,No,1.0,6,No,0
201638,Finance,Analyst,46,13,3708.56,No,2.0,7,Yes,0
201639,Operations,Associate,26,7,2500.0,No,2.0,8,Yes,0
201640,Marketing,Manager,50,14,8609.7,No,5.0,0,Yes,0
201641,IT,Engineer,41,7,2500.0,No,5.0,4,Yes,0
201642,Operations,Analyst,34,2,7534.46,No,1.0,7,No,1
201643,IT,Analyst,25,10,2956.18,No,1.0,1,Yes,1
201644,Operations,Analyst,41,2,3578.94,No,5.0,1,No,0
201645,IT,Analyst,29,14,6645.05,No,5.0,6,No,0
201646,IT,Manager,43,7,9980.44,No,4.0,4,Yes,0
201647,Sales,Manager,24,2,11793.27,Yes,5.0,4,No,0
201648,IT,Associate,37,11,8361.04,No,1.0,7,Yes,0
201649,Operations,Analyst,43,6,6859.25,Yes,2.0,7,No,0
201650,Marketing,Manager,32,3,7709.64,No,2.0,2,No,0
201651,Finance,Specialist,49,14,3175.51,Yes,5.0,2,Yes,0
201652,IT,Associate,48,13,7156.28,No,4.0,1,Yes,0
201653,Finance,Associate,58,0,9794.64,No,4.0,2,No,0
201654,Sales,Analyst,47,6,3287.52,Yes,4.0,4,No,0
201655,Marketing,Specialist,43,9,9307.29,No,4.0,5,No,0
201656,IT,Engineer,30,10,7054.3,No,5.0,4,No,1
201657,HR,Specialist,48,5,7995.73,No,2.0,0,Yes,0
201658,Finance,Manager,36,13,4580.47,No,3.0,2,No,1
201659,Finance,Specialist,52,10,7138.79,No,,4,No,0
201660,Sales,Manager,25,5,7285.4,Yes,1.0,8,Yes,0
201661,IT,Associate,40,4,2757.78,No,2.0,6,Yes,0
201662,IT,Engineer,44,4,8059.34,No,5.0,3,Yes,0
201663,Sales,Specialist,38,14,7639.12,Yes,4.0,2,No,0
201664,Sales,Specialist,34,12,8744.17,No,4.0,8,No,0
201665,Operations,Manager,40,6,8583.57,No,4.0,4,No,0
201666,Sales,Engineer,42,10,8673.45,Yes,2.0,5,No,0
201667,IT,Specialist,28,14,5407.14,No,3.0,2,No,0
201668,Sales,Associate,49,5,8072.0,Yes,2.0,3,No,1
201669,Marketing,Engineer,56,3,6351.7,No,3.0,3,Yes,0
201670,Finance,Analyst,49,9,6143.72,No,4.0,3,No,0
201671,HR,Analyst,33,13,,No,1.0,5,No,1
201672,IT,Analyst,60,4,11362.89,No,1.0,3,Yes,1
201673,Finance,Manager,45,8,7018.65,Yes,2.0,7,No,0
201674,Marketing,Specialist,43,9,8905.48,No,5.0,7,Yes,0
201675,Finance,Analyst,-5,5,9448.35,No,3.0,4,No,0
201676,Sales,Associate,32,7,8471.25,Yes,2.0,6,No,0
201677,Operations,Engineer,36,11,8853.94,No,3.0,3,No,0
201678,Marketing,Engineer,44,6,11200.96,Yes,1.0,3,Yes,0
201679,Operations,Analyst,46,10,3374.75,No,5.0,6,No,0
201680,Sales,Engineer,21,12,11933.72,Yes,3.0,3,No,0
201681,HR,Specialist,24,3,5408.95,No,3.0,8,Yes,0
201682,Marketing,Engineer,51,10,7279.45,No,1.0,5,No,1
201683,Sales,Analyst,35,15,3183.48,Yes,4.0,8,No,0
201684,IT,Associate,39,2,3427.7,Yes,2.0,6,No,0
201685,IT,Specialist,37,7,10918.94,No,4.0,5,No,0
201686,Marketing,Analyst,30,9,7079.8,Yes,2.0,7,No,0
201687,Marketing,Specialist,23,11,7143.85,Yes,4.0,1,No,0
201688,Sales,Associate,42,9,10443.98,No,3.0,6,Yes,1
201689,Operations,Engineer,60,4,8389.01,No,2.0,4,No,1
201690,IT,Engineer,48,4,4865.03,No,3.0,2,No,0
201691,Sales,Engineer,25,14,7472.85,No,3.0,7,No,1
201692,Operations,Engineer,33,15,8764.43,Yes,5.0,2,Yes,1
201693,IT,Engineer,43,4,9059.03,No,3.0,0,No,0
201694,Sales,Specialist,31,5,11152.44,Yes,3.0,7,Yes,1
201695,HR,Manager,22,12,7231.95,No,5.0,8,No,0
201696,Marketing,Manager,38,10,11449.86,No,5.0,8,Yes,0
201697,Sales,Analyst,28,2,3796.81,Yes,5.0,6,No,1
201698,Sales,Analyst,41,11,8196.5,Yes,5.0,8,No,0
201699,Marketing,Associate,41,0,8249.76,No,5.0,7,Yes,1
201700,Operations,Analyst,22,0,7980.08,No,4.0,4,No,0
201701,Finance,Specialist,32,8,9163.88,No,5.0,0,No,1
201702,Sales,Manager,50,13,9652.93,No,5.0,0,No,1
201703,IT,Analyst,36,13,8200.68,No,3.0,7,No,0
201704,Finance,Associate,30,14,7698.01,Yes,5.0,7,No,0
201705,Sales,Associate,54,0,8549.63,Yes,2.0,4,No,0
201706,Operations,Manager,53,13,8041.51,Yes,4.0,6,No,0
201707,Operations,Analyst,30,7,7425.85,Yes,5.0,7,No,1
201708,Finance,Analyst,37,4,6233.42,No,1.0,2,No,0
201709,Operations,Analyst,46,6,6179.99,No,1.0,7,No,1
201710,Operations,Manager,26,14,5539.2,Yes,2.0,1,No,1
201711,IT,Analyst,43,2,3625.64,Yes,3.0,1,No,0
201712,Finance,Analyst,59,1,6333.69,No,3.0,8,Yes,0
201713,Operations,Associate,37,5,9066.79,Yes,3.0,7,Yes,0
201714,Marketing,Specialist,38,9,10902.45,No,3.0,3,No,0
201715,IT,Analyst,48,0,4832.6,No,3.0,5,No,0
201716,IT,Analyst,34,2,2500.0,No,4.0,2,No,0
201717,Finance,Specialist,58,2,5669.0,Yes,3.0,3,Yes,0
201718,Finance,Associate,41,10,10141.08,No,1.0,3,No,0
201719,Sales,Analyst,44,5,6118.42,No,4.0,1,Yes,0
201720,Marketing,Engineer,25,6,9269.87,No,1.0,6,Yes,0
201721,Marketing,Specialist,21,7,10386.31,No,5.0,8,No,0
201722,Operations,Analyst,48,12,7540.77,No,4.0,4,No,0
201723,IT,Manager,35,11,2500.0,No,2.0,1,No,0
201724,Operations,Analyst,58,15,7107.38,No,4.0,2,No,0
201725,Operations,Specialist,49,2,9621.94,No,3.0,8,No,0
201726,Finance,Associate,45,6,7954.65,Yes,4.0,6,No,0
201727,Sales,Specialist,57,13,10471.26,No,1.0,8,No,0
201728,Operations,Manager,33,2,2666.17,Yes,4.0,4,No,1
201729,,Analyst,43,10,4830.5,No,2.0,0,Yes,0
201730,Finance,Manager,41,7,6165.24,No,1.0,7,Yes,0
201731,IT,Manager,29,7,4653.38,No,4.0,8,Yes,1
201732,,Manager,25,6,5946.75,No,3.0,0,No,0
201733,Operations,Manager,58,2,5579.93,Yes,4.0,4,No,0
201734,IT,Specialist,21,13,8717.72,No,5.0,5,Yes,0
201735,Operations,Associate,37,5,6679.83,No,5.0,4,No,0
201736,Operations,Associate,21,2,8050.75,No,5.0,8,Yes,0
201737,Operations,Specialist,22,11,9397.06,No,3.0,3,Yes,0
201738,Operations,Analyst,42,11,5229.45,Yes,2.0,3,No,0
201739,Finance,Specialist,32,15,,Yes,5.0,5,No,1
201740,IT,Manager,51,4,6299.07,Yes,5.0,8,No,1
201741,Operations,Specialist,44,10,7484.17,Yes,3.0,3,Yes,1
201742,IT,Engineer,37,2,5836.86,No,2.0,6,No,0
201743,Operations,Specialist,50,9,11514.98,No,3.0,5,No,0
201744,Operations,Specialist,48,0,5533.97,No,4.0,5,No,1
201745,IT,Specialist,31,9,6772.08,No,5.0,7,Yes,1
201746,Operations,Analyst,55,13,4271.29,Yes,2.0,1,Yes,1
201747,Finance,Manager,27,10,7525.2,Yes,2.0,6,No,0
201748,Operations,Manager,33,13,7104.61,No,2.0,0,Yes,0
201749,IT,Associate,40,13,5223.29,No,4.0,0,No,0
201750,Operations,Specialist,29,7,8560.0,No,4.0,7,No,0
201751,Marketing,Associate,50,15,6230.12,Yes,2.0,5,Yes,1
201752,HR,Specialist,60,10,7044.08,No,5.0,5,No,1
201753,IT,Manager,37,12,6810.65,Yes,1.0,8,No,0
201754,Sales,Associate,42,2,2500.0,No,5.0,4,No,0
201755,IT,Analyst,35,11,11356.14,No,2.0,4,No,0
201756,Finance,Analyst,56,11,4565.73,Yes,3.0,0,No,1
201757,Finance,Associate,42,11,6253.11,No,3.0,2,Yes,0
201758,IT,Associate,42,2,6396.87,No,3.0,4,No,1
201759,Operations,Analyst,45,12,5760.61,No,4.0,6,No,0
201760,IT,Manager,54,2,7552.24,No,4.0,7,Yes,0
201761,Marketing,Manager,36,1,4493.58,No,2.0,4,No,1
201762,Operations,Engineer,52,10,9032.67,No,3.0,1,Yes,1
201763,Sales,Specialist,32,5,5591.45,No,1.0,5,No,0
201764,Finance,Associate,46,7,6353.48,No,5.0,4,Yes,0
201765,Marketing,Analyst,56,4,6139.7,No,5.0,0,No,0
201766,Marketing,Manager,49,7,7509.53,Yes,2.0,1,No,1
201767,Sales,Manager,42,0,8563.97,No,4.0,7,Yes,0
201768,Marketing,Manager,48,14,,No,4.0,5,Yes,1
201769,Operations,Analyst,41,15,4221.39,No,3.0,6,Yes,1
201770,Finance,Engineer,28,0,8717.16,No,2.0,8,No,0
201771,Operations,Manager,54,3,7887.72,No,3.0,6,No,0
201772,Sales,Analyst,54,8,4893.14,No,3.0,3,No,0
201773,IT,Specialist,49,4,6521.19,No,2.0,2,No,0
201774,IT,Manager,41,9,9935.18,No,5.0,1,Yes,0
201775,Operations,Analyst,43,0,5486.57,No,5.0,2,No,0
201776,Marketing,Manager,56,8,3455.34,No,4.0,0,Yes,0
201777,HR,Engineer,31,9,,Yes,3.0,8,No,1
201778,Sales,Engineer,35,13,7819.79,No,5.0,2,No,0
201779,,Specialist,35,0,3413.41,No,4.0,5,No,0
201780,Operations,Manager,56,2,7641.86,Yes,1.0,4,No,0
201781,Operations,Associate,26,4,5761.18,No,4.0,5,No,1
201782,Sales,Engineer,32,4,5693.84,No,5.0,3,No,0
201783,Sales,Analyst,41,0,10098.4,No,2.0,5,No,0
201784,Finance,Specialist,41,6,7791.52,No,1.0,4,No,1
201785,HR,Engineer,51,11,8720.03,Yes,4.0,1,Yes,1
201786,Sales,Analyst,56,9,5613.25,Yes,1.0,4,No,0
201787,Sales,Associate,26,14,4764.13,No,2.0,0,Yes,1
201788,IT,Analyst,34,7,5278.51,No,2.0,3,No,0
201789,IT,Engineer,22,7,,No,2.0,0,No,1
201790,Marketing,Analyst,59,11,8764.65,No,4.0,8,No,0
201791,HR,Specialist,22,15,4688.97,Yes,3.0,7,No,0
201792,Marketing,Manager,43,15,7447.57,No,1.0,1,No,0
201793,Marketing,Analyst,35,6,10026.17,Yes,2.0,8,No,0
201794,,Associate,22,1,5206.52,No,5.0,1,No,0
201795,Finance,Manager,55,2,12589.2,No,1.0,4,No,1
201796,HR,Analyst,22,1,2500.0,Yes,3.0,7,No,0
201797,,Associate,38,14,10301.9,Yes,5.0,3,Yes,1
201798,Operations,Specialist,22,5,6100.17,No,3.0,2,Yes,1
201799,IT,Analyst,21,0,10043.96,No,4.0,8,No,0
201800,Sales,Associate,60,14,9888.54,No,5.0,8,No,0
201801,Sales,Manager,38,11,9596.68,No,2.0,4,No,0
201802,Operations,Associate,33,9,5502.4,No,2.0,8,No,0
201803,HR,Engineer,40,4,10680.42,No,3.0,3,No,0
201804,Sales,Analyst,58,6,6360.6,No,5.0,1,No,0
201805,Marketing,Manager,44,1,5823.68,No,1.0,5,No,0
201806,HR,Analyst,47,3,8690.34,No,5.0,7,No,0
201807,IT,Analyst,57,12,6132.15,No,1.0,2,Yes,0
201808,HR,Manager,21,4,7515.4,No,2.0,5,Yes,0
201809,Operations,Engineer,48,5,4894.16,No,4.0,2,Yes,0
201810,Operations,Specialist,35,12,6125.88,Yes,1.0,1,No,0
201811,Marketing,Manager,25,13,11726.73,No,5.0,7,No,0
201812,Sales,Engineer,46,3,3782.59,No,5.0,1,Yes,0
201813,HR,Analyst,59,12,7584.75,No,1.0,5,Yes,0
201814,Operations,Manager,33,9,9255.68,Yes,4.0,7,Yes,0
201815,Finance,Manager,39,4,7274.93,No,1.0,4,No,0
201816,Operations,Associate,53,7,2896.09,Yes,3.0,4,Yes,1
201817,IT,Specialist,54,4,3783.1,No,5.0,1,Yes,1
201818,Operations,Manager,25,6,6291.73,No,3.0,6,Yes,0
201819,Finance,Manager,32,8,2500.0,Yes,5.0,6,Yes,1
201820,IT,Specialist,29,9,4039.34,No,1.0,0,No,1
201821,Sales,Analyst,29,2,7545.63,No,2.0,8,No,0
201822,IT,Associate,21,0,9325.93,No,4.0,0,Yes,0
201823,Sales,Associate,60,12,10253.11,Yes,1.0,1,No,1
201824,HR,Manager,46,15,9883.27,No,3.0,0,Yes,0
201825,,Analyst,42,9,10572.22,No,1.0,4,Yes,1
201826,HR,Analyst,41,3,5838.11,No,2.0,2,Yes,0
201827,Sales,Specialist,42,1,7326.73,Yes,1.0,2,No,0
201828,Sales,Manager,44,1,,No,5.0,4,Yes,0
201829,Sales,Manager,54,1,10340.55,Yes,4.0,6,Yes,0
201830,IT,Specialist,30,12,8455.19,Yes,1.0,4,Yes,1
201831,Marketing,Specialist,49,10,6383.21,No,2.0,4,Yes,1
201832,Marketing,Associate,45,11,2500.0,No,2.0,3,No,1
201833,Sales,Specialist,57,11,6574.05,No,4.0,5,No,0
201834,Operations,Manager,53,9,7844.08,No,5.0,6,No,0
201835,Sales,Analyst,47,11,10152.25,No,5.0,8,Yes,0
201836,IT,Associate,27,1,4804.15,No,3.0,2,No,0
201837,Marketing,Specialist,29,0,8145.01,No,3.0,5,Yes,0
201838,Finance,Engineer,46,1,4433.84,No,4.0,2,No,0
201839,HR,Specialist,30,4,4169.03,No,3.0,0,No,1
201840,Sales,Analyst,21,8,2500.0,No,2.0,3,No,0
201841,IT,Analyst,46,8,6585.16,Yes,2.0,1,No,1
201842,IT,Specialist,38,11,9907.95,Yes,3.0,8,No,1
201843,IT,Analyst,58,4,4433.92,No,4.0,7,Yes,1
201844,Sales,Manager,55,0,7265.22,No,1.0,7,No,0
201845,,Associate,45,10,8177.35,No,3.0,8,No,0
201846,IT,Specialist,51,1,6165.72,No,3.0,8,No,1
201847,Sales,Manager,50,0,4788.43,No,1.0,6,No,0
201848,IT,Analyst,36,7,8762.83,No,3.0,6,No,0
201849,Operations,Analyst,60,13,8283.63,No,4.0,5,No,0
201850,IT,Analyst,29,7,4861.86,No,4.0,7,Yes,0
201851,Operations,Manager,43,0,5549.32,Yes,4.0,8,No,0
201852,IT,Analyst,49,14,7145.89,No,2.0,0,Yes,0
201853,Marketing,Engineer,48,6,7451.39,No,2.0,6,Yes,1
201854,IT,Specialist,40,9,8386.2,No,2.0,3,No,0
201855,IT,Manager,24,10,5487.15,No,1.0,0,No,1
201856,IT,Associate,31,6,8256.45,Yes,4.0,7,No,0
201857,Operations,Manager,40,2,10409.25,Yes,2.0,4,No,0
201858,Operations,Analyst,30,15,6173.43,No,1.0,2,No,0
201859,HR,Manager,57,0,8237.43,No,5.0,8,No,0
201860,Finance,Manager,58,4,3808.32,No,3.0,0,No,0
201861,Operations,Manager,56,9,10425.91,Yes,4.0,8,No,0
201862,HR,Associate,34,2,6694.58,No,5.0,7,Yes,1
201863,,Associate,33,0,6894.33,No,3.0,1,Yes,0
201864,Marketing,Engineer,50,5,8513.02,No,5.0,3,Yes,0
201865,IT,Associate,41,7,7914.16,Yes,1.0,0,No,0
201866,Finance,Analyst,36,8,12264.68,No,5.0,0,Yes,0
201867,IT,Specialist,47,1,11579.27,No,3.0,7,No,0
201868,Operations,Specialist,46,14,11176.61,No,4.0,1,No,0
201869,Operations,Manager,33,2,8851.68,No,5.0,5,Yes,0
201870,Sales,Associate,25,2,8082.93,No,5.0,1,No,0
201871,Operations,Specialist,24,12,12761.34,Yes,3.0,1,Yes,0
201872,Finance,Engineer,56,12,6443.76,No,4.0,3,Yes,0
201873,Operations,Analyst,58,6,7264.47,No,3.0,5,No,0
201874,Operations,Engineer,43,13,7456.87,No,4.0,6,Yes,1
201875,Marketing,Specialist,56,5,6134.0,No,5.0,0,Yes,0
201876,IT,Associate,31,3,8252.76,No,1.0,1,No,0
201877,Sales,Associate,47,13,4987.06,No,3.0,3,No,0
201878,Operations,Specialist,49,6,8886.38,No,5.0,2,No,0
201879,Sales,Associate,43,13,8643.61,Yes,3.0,0,Yes,1
201880,Sales,Specialist,58,4,8175.69,Yes,3.0,2,Yes,1
201881,IT,Manager,34,1,6308.47,No,2.0,3,No,0
201882,IT,Specialist,43,1,6190.39,No,3.0,5,No,0
201883,Operations,Analyst,58,0,10435.54,No,2.0,1,Yes,1
201884,Marketing,Manager,44,10,5168.15,No,1.0,0,Yes,0
201885,HR,Associate,47,1,10441.14,No,5.0,0,No,0
201886,Operations,Analyst,59,2,7794.28,Yes,2.0,8,No,0
201887,Finance,Engineer,38,15,7760.6,Yes,1.0,3,No,1
201888,Marketing,Specialist,23,6,4980.19,No,3.0,0,No,0
201889,Marketing,Specialist,49,1,5616.94,No,1.0,2,No,0
201890,Sales,Manager,23,14,5918.45,No,2.0,4,Yes,0
201891,Operations,Analyst,52,7,5002.96,Yes,2.0,3,No,1
201892,HR,Associate,57,9,16774.64,Yes,2.0,0,Yes,1
201893,Sales,Analyst,52,3,9574.84,No,2.0,4,No,0
201894,Operations,Analyst,53,5,5079.51,Yes,5.0,7,No,0
201895,Finance,Manager,42,3,7007.12,No,5.0,2,Yes,0
201896,IT,Manager,38,5,7906.04,No,2.0,6,No,0
201897,IT,Engineer,32,10,5652.92,No,4.0,5,Yes,0
201898,Operations,Manager,44,4,10735.12,Yes,2.0,7,Yes,0
201899,IT,Engineer,53,14,7943.74,No,1.0,3,No,0
201900,IT,Specialist,28,3,7899.35,Yes,3.0,6,No,0
201901,Marketing,Manager,39,3,7254.41,No,1.0,5,No,0
201902,Sales,Specialist,46,4,3958.47,No,3.0,5,Yes,1
201903,Finance,Specialist,37,6,7605.15,No,1.0,8,Yes,0
201904,Operations,Engineer,37,0,4863.19,No,5.0,8,Yes,0
201905,Operations,Associate,46,10,6340.92,No,1.0,0,No,0
201906,IT,Manager,56,4,4617.7,Yes,2.0,8,Yes,0
201907,Operations,Associate,49,5,10237.93,Yes,4.0,6,Yes,1
201908,Operations,Associate,53,10,7280.14,Yes,1.0,1,No,0
201909,Operations,Associate,43,5,11571.92,No,4.0,7,No,0
201910,Sales,Engineer,25,2,5130.14,No,1.0,0,No,0
201911,Finance,Associate,25,0,7691.87,No,2.0,5,Yes,1
201912,Operations,Specialist,23,8,2500.0,Yes,3.0,2,No,0
201913,IT,Manager,42,7,7300.43,No,4.0,2,Yes,0
201914,IT,Specialist,59,0,11429.89,Yes,1.0,7,Yes,0
201915,HR,Engineer,23,3,2755.67,No,,6,No,0
201916,Sales,Engineer,35,9,4778.44,No,1.0,2,No,0
201917,Sales,Manager,53,8,5637.09,Yes,1.0,0,No,0
201918,Marketing,Analyst,47,1,7342.47,No,2.0,0,No,1
201919,Sales,Engineer,27,7,9107.59,No,1.0,6,Yes,0
201920,IT,Analyst,53,5,5397.41,No,3.0,8,No,0
201921,HR,Analyst,33,14,8354.79,No,3.0,0,Yes,0
201922,Operations,Analyst,45,4,8494.27,Yes,4.0,3,No,0
201923,Finance,Manager,23,0,10318.54,Yes,4.0,4,Yes,0
201924,Finance,Analyst,52,5,6076.35,No,5.0,0,Yes,0
201925,Finance,Manager,43,1,8402.36,No,3.0,0,No,0
201926,Marketing,Analyst,41,8,6463.2,No,4.0,3,Yes,0
201927,IT,Manager,49,13,9470.34,Yes,2.0,3,Yes,0
201928,Finance,Specialist,48,4,8342.45,No,4.0,8,No,0
201929,HR,Manager,53,11,10930.97,No,5.0,6,Yes,0
201930,IT,Engineer,25,15,,No,3.0,2,No,0
201931,Marketing,Associate,60,14,10937.43,No,2.0,7,No,0
201932,IT,Associate,50,15,10061.76,No,3.0,1,No,0
201933,Sales,Manager,49,1,3560.1,No,4.0,5,Yes,1
201934,IT,Engineer,44,8,4868.37,Yes,4.0,2,No,0
201935,Operations,Manager,21,15,8800.33,Yes,2.0,0,No,1
201936,Sales,Analyst,27,13,5234.33,No,4.0,0,No,1
201937,HR,Analyst,40,8,6637.31,No,3.0,6,No,0
201938,IT,Specialist,50,7,7812.9,No,1.0,7,No,0
201939,Finance,Associate,52,4,2500.0,No,5.0,0,Yes,0
201940,IT,Specialist,21,13,6248.25,No,5.0,8,No,0
201941,Sales,Engineer,25,11,6833.25,No,4.0,2,Yes,0
201942,HR,Specialist,59,13,5434.79,No,1.0,2,No,0
201943,Sales,Analyst,58,11,6157.32,No,4.0,1,No,0
201944,Finance,Analyst,52,6,8899.12,No,1.0,5,No,1
201945,Operations,Associate,43,6,8717.14,No,4.0,8,No,0
201946,Marketing,Specialist,37,11,9099.65,Yes,3.0,3,Yes,0
201947,Marketing,Analyst,46,13,8553.94,No,4.0,4,No,1
201948,Operations,Manager,22,2,11396.71,Yes,4.0,8,Yes,1
201949,Operations,Manager,26,4,2597.62,Yes,2.0,2,No,1
201950,Marketing,Associate,44,0,8398.13,No,1.0,2,No,0
201951,Sales,Engineer,35,14,9874.5,No,2.0,5,No,0
201952,Finance,Engineer,60,9,6342.04,No,1.0,8,No,0
201953,IT,Analyst,45,14,5714.42,No,2.0,5,No,0
201954,Operations,Associate,59,2,7939.44,No,5.0,0,Yes,0
201955,Sales,Specialist,26,9,2500.0,No,2.0,0,No,0
201956,Marketing,Analyst,41,5,10514.13,No,1.0,1,No,1
201957,Finance,Specialist,39,7,5644.65,No,1.0,6,Yes,0
201958,HR,Analyst,21,8,10608.73,Yes,2.0,3,No,0
201959,IT,Specialist,25,1,10039.5,No,1.0,3,No,0
201960,Finance,Specialist,52,7,5158.02,No,3.0,6,No,0
201961,Finance,Analyst,54,12,7252.31,Yes,3.0,7,Yes,0
201962,Operations,Associate,30,11,7813.11,No,3.0,1,No,1
201963,Operations,Specialist,55,12,5211.81,Yes,4.0,2,No,0
201964,Operations,Analyst,26,7,3909.93,Yes,4.0,7,No,1
201965,IT,Analyst,31,8,7762.18,No,2.0,8,Yes,0
201966,IT,Engineer,22,14,7337.7,No,3.0,8,No,0
201967,Marketing,Specialist,58,14,10530.59,Yes,4.0,5,Yes,0
201968,IT,Manager,54,4,8701.81,Yes,4.0,8,Yes,0
201969,Sales,Associate,25,7,6710.17,Yes,5.0,6,Yes,0
201970,Sales,Associate,55,10,5361.73,No,5.0,6,No,0
201971,Sales,Manager,31,7,7624.04,No,2.0,2,No,0
201972,IT,Engineer,22,4,7208.97,No,4.0,7,No,0
201973,Sales,Manager,28,15,10570.81,No,4.0,2,No,0
201974,Marketing,Engineer,34,9,7744.28,No,2.0,7,No,0
201975,Finance,Analyst,50,3,5906.95,No,3.0,2,Yes,0
201976,HR,Analyst,23,12,7943.69,No,1.0,5,Yes,1
201977,Operations,Specialist,50,9,4617.24,No,5.0,7,No,1
201978,Sales,Specialist,39,8,2500.0,No,4.0,3,No,0
201979,Operations,Analyst,57,3,12593.09,Yes,1.0,1,No,1
201980,Sales,Specialist,34,6,6392.21,No,5.0,5,Yes,0
201981,Finance,Manager,39,5,7561.5,No,3.0,5,No,0
201982,Marketing,Specialist,24,13,11064.51,No,5.0,2,Yes,1
201983,HR,Associate,47,15,5393.08,Yes,3.0,4,Yes,0
201984,HR,Analyst,54,7,6563.46,Yes,4.0,1,No,1
201985,HR,Associate,56,12,8540.21,No,2.0,3,Yes,0
201986,Sales,Associate,56,7,5733.95,No,2.0,5,Yes,0
201987,Sales,Associate,48,7,9674.75,No,5.0,3,Yes,1
201988,Operations,Engineer,48,11,8225.02,No,,7,No,0
201989,HR,Manager,40,9,8079.87,No,1.0,3,No,0
201990,Finance,Engineer,44,13,7752.0,Yes,3.0,0,No,0
201991,Finance,Engineer,53,12,7417.83,Yes,3.0,4,No,0
201992,IT,Associate,50,7,6958.56,No,5.0,5,No,1
201993,HR,Engineer,35,7,6077.91,No,3.0,8,No,0
201994,Finance,Associate,37,1,8061.98,No,3.0,4,No,0
201995,HR,Analyst,56,11,6151.5,No,5.0,3,No,0
201996,Operations,Engineer,25,11,3868.29,Yes,2.0,5,No,1
201997,Finance,Associate,56,9,6113.1,Yes,1.0,8,No,1
201998,IT,Specialist,54,11,8446.84,No,2.0,2,No,1
201999,Operations,Engineer,46,2,8461.74,No,1.0,8,No,0
202000,Operations,Manager,48,1,4559.63,No,4.0,7,Yes,1
202001,Operations,Analyst,32,5,5383.15,No,,0,Yes,0
202002,IT,Analyst,44,2,4927.72,Yes,3.0,6,No,1
202003,HR,Engineer,24,9,7141.75,No,3.0,6,Yes,0
202004,Sales,Engineer,28,10,8627.09,No,4.0,5,No,0
202005,HR,Engineer,38,3,9546.18,No,5.0,0,No,0
202006,Sales,Engineer,34,14,8961.18,No,3.0,1,Yes,0
202007,IT,Manager,21,12,4487.58,Yes,3.0,3,No,0
202008,Sales,Associate,42,15,8153.9,Yes,,7,No,1
202009,Finance,Specialist,46,4,7129.67,No,1.0,1,No,1
202010,HR,Engineer,50,4,6564.42,No,4.0,0,No,1
202011,Operations,Engineer,52,13,5441.29,Yes,4.0,6,No,1
202012,IT,Analyst,33,0,7117.94,No,1.0,6,No,1
202013,IT,Associate,21,7,9214.92,Yes,2.0,7,Yes,0
202014,Sales,Specialist,39,14,7222.69,Yes,3.0,2,Yes,0
202015,Marketing,Engineer,51,8,6640.55,Yes,5.0,4,No,0
202016,Sales,Analyst,25,9,6325.92,No,4.0,2,Yes,1
202017,Sales,Specialist,21,15,8395.72,No,1.0,4,Yes,0
202018,Marketing,Manager,27,7,9334.54,No,1.0,0,Yes,1
202019,Finance,Manager,33,4,12504.26,No,4.0,8,No,0
202020,Finance,Specialist,59,15,2500.0,No,2.0,3,No,1
202021,Sales,Specialist,33,5,6949.47,No,1.0,2,Yes,1
202022,HR,Engineer,35,10,7562.41,No,2.0,8,No,0
202023,IT,Specialist,37,12,8822.87,No,1.0,4,No,1
202024,Finance,Engineer,53,12,5504.62,No,2.0,6,No,0
202025,Finance,Engineer,36,6,4387.47,No,2.0,4,No,1
202026,Sales,Engineer,31,14,10555.59,No,4.0,4,Yes,1
202027,IT,Manager,21,5,3951.71,Yes,5.0,1,No,0
202028,Sales,Manager,41,11,9354.07,Yes,2.0,4,No,1
202029,Marketing,Analyst,26,9,4556.95,No,1.0,3,Yes,1
202030,Marketing,Analyst,33,0,7409.87,No,3.0,2,Yes,0
202031,Operations,Analyst,36,12,9358.98,No,3.0,0,No,0
202032,Finance,Manager,59,5,6969.08,No,4.0,5,No,1
202033,IT,Analyst,56,0,6771.74,No,5.0,4,Yes,0
202034,Operations,Engineer,45,2,5998.88,No,4.0,2,Yes,0
202035,Sales,Manager,29,14,8037.62,No,3.0,6,Yes,0
202036,Operations,Manager,21,0,6258.5,No,2.0,4,No,0
202037,IT,Engineer,60,11,7091.39,No,4.0,8,Yes,0
202038,Finance,Associate,29,10,4964.83,No,4.0,1,Yes,1
202039,Sales,Associate,41,6,11394.2,Yes,5.0,5,Yes,1
202040,Finance,Associate,52,10,6135.4,No,4.0,8,Yes,0
202041,Operations,Associate,25,0,6766.8,No,1.0,6,No,0
202042,Operations,Analyst,27,6,6626.72,Yes,5.0,7,Yes,0
202043,IT,Analyst,48,4,6116.65,No,3.0,6,No,0
202044,Marketing,Associate,39,12,5552.73,No,4.0,5,No,0
202045,Sales,Manager,42,13,2692.48,No,5.0,3,Yes,0
202046,Sales,Specialist,43,11,11382.14,Yes,1.0,8,Yes,0
202047,IT,Specialist,49,1,6772.01,Yes,2.0,2,No,0
202048,IT,Engineer,47,2,11392.24,Yes,3.0,3,Yes,0
202049,Marketing,Associate,29,1,6887.64,No,3.0,0,Yes,0
202050,IT,Associate,31,12,7325.01,Yes,4.0,2,No,1
202051,Operations,Analyst,42,5,8429.53,No,5.0,5,No,1
202052,Sales,Engineer,29,9,8606.15,No,5.0,6,No,0
202053,Sales,Associate,51,15,12641.28,Yes,2.0,4,No,0
202054,IT,Analyst,52,2,4009.58,No,1.0,6,No,0
202055,Operations,Engineer,22,3,8425.05,No,3.0,2,No,0
202056,HR,Specialist,57,11,2500.0,No,2.0,2,No,0
202057,IT,Analyst,35,14,8834.88,No,2.0,6,Yes,1
202058,Operations,Associate,45,10,7663.84,No,4.0,2,Yes,0
202059,Operations,Engineer,44,1,4985.45,No,1.0,5,Yes,1
202060,Marketing,Associate,56,7,7411.71,Yes,2.0,3,Yes,0
202061,IT,Analyst,38,3,12262.12,Yes,3.0,1,Yes,0
202062,Operations,Analyst,24,1,5827.95,No,4.0,5,No,0
202063,Finance,Analyst,25,9,8896.77,No,4.0,1,Yes,0
202064,IT,Specialist,35,9,6094.58,No,2.0,7,No,0
202065,IT,Associate,26,8,8822.04,No,4.0,1,Yes,1
202066,Finance,Engineer,48,6,7803.71,Yes,1.0,2,No,0
202067,Marketing,Specialist,37,10,3596.37,No,4.0,0,Yes,0
202068,IT,Engineer,41,11,5686.37,Yes,1.0,0,No,0
202069,Operations,Manager,31,2,3096.83,Yes,1.0,0,No,0
202070,Sales,Engineer,34,0,7215.11,No,4.0,8,No,1
202071,Operations,Specialist,32,13,4452.06,No,3.0,3,No,1
202072,Marketing,Associate,42,2,7669.13,No,4.0,5,Yes,0
202073,Marketing,Specialist,42,15,6042.83,No,5.0,8,No,0
202074,Sales,Engineer,26,1,3668.09,No,3.0,0,No,0
202075,IT,Specialist,53,7,5657.92,No,4.0,7,No,0
202076,Marketing,Specialist,24,9,11789.76,No,1.0,1,No,0
202077,Operations,Specialist,57,15,5387.99,No,4.0,0,No,0
202078,Operations,Associate,38,14,5660.72,No,3.0,5,No,0
202079,Sales,Specialist,56,9,8444.34,No,4.0,1,Yes,0
202080,Marketing,Associate,58,11,8978.38,No,1.0,4,Yes,0
202081,HR,Associate,25,6,2651.86,No,3.0,3,Yes,1
202082,Finance,Associate,48,13,10093.7,No,2.0,0,Yes,1
202083,Finance,Specialist,50,10,8476.92,No,2.0,0,No,0
202084,Finance,Specialist,24,9,10654.72,No,2.0,6,No,0
202085,Sales,Engineer,39,4,9831.3,No,5.0,3,No,1
202086,Finance,Manager,30,8,7212.35,Yes,3.0,8,No,1
202087,Operations,Engineer,30,13,2500.0,No,2.0,2,No,1
202088,Sales,Engineer,24,4,7340.32,No,5.0,8,Yes,0
202089,Finance,Engineer,27,5,9464.59,No,3.0,5,No,0
202090,HR,Associate,32,15,7533.65,No,4.0,0,Yes,0
202091,Sales,Manager,25,12,2500.0,No,5.0,7,Yes,1
202092,IT,Specialist,34,14,8066.82,No,1.0,2,No,0
202093,IT,Associate,33,6,5395.65,Yes,4.0,4,Yes,0
202094,Finance,Associate,44,6,2501.24,Yes,4.0,8,No,1
202095,Marketing,Manager,25,7,9378.21,No,2.0,0,Yes,0
202096,Finance,Engineer,54,12,9557.55,No,5.0,6,Yes,0
202097,Finance,Engineer,31,11,9294.94,Yes,2.0,7,No,0
202098,Finance,Manager,53,1,2500.0,No,3.0,2,Yes,0
202099,Sales,Analyst,42,4,7164.93,No,1.0,3,No,1
202100,Marketing,Specialist,37,6,11262.05,Yes,3.0,4,Yes,0
202101,Sales,Manager,26,5,8996.22,Yes,2.0,5,Yes,1
202102,Sales,Analyst,29,3,9778.51,No,3.0,0,No,0
202103,Sales,Manager,52,5,4309.27,No,5.0,6,No,0
202104,Operations,Engineer,27,5,8170.38,Yes,1.0,3,Yes,1
202105,Finance,Manager,29,11,7555.42,No,1.0,5,No,0
202106,Finance,Engineer,39,14,7121.96,Yes,5.0,1,Yes,1
202107,Finance,Specialist,37,7,3844.56,Yes,2.0,7,Yes,0
202108,Finance,Analyst,34,0,10320.52,No,5.0,8,No,0
202109,IT,Associate,28,1,4169.73,Yes,5.0,8,Yes,0
202110,Operations,Associate,31,10,7928.94,Yes,1.0,1,No,1
202111,Marketing,Analyst,40,10,8120.72,No,4.0,2,No,1
202112,Operations,Manager,51,2,10481.85,No,2.0,3,No,0
202113,Finance,Manager,55,7,6531.89,No,5.0,5,No,0
202114,Sales,Associate,39,7,5375.5,No,3.0,8,No,0
202115,Operations,Analyst,24,4,9377.3,No,1.0,0,Yes,1
202116,IT,Manager,26,4,9547.1,No,1.0,2,No,0
202117,Sales,Manager,42,0,12807.52,No,4.0,5,Yes,0
202118,Operations,Manager,23,2,8295.8,Yes,4.0,3,Yes,0
202119,Sales,Analyst,-5,14,6783.24,No,5.0,3,No,1
202120,Operations,Associate,48,1,7970.66,No,3.0,1,No,0
202121,Operations,Specialist,38,13,4560.0,No,5.0,0,No,1
202122,,Analyst,39,12,8728.93,Yes,5.0,0,Yes,0
202123,Operations,Specialist,38,5,8137.72,Yes,5.0,6,Yes,0
202124,HR,Analyst,31,5,7607.53,No,2.0,8,No,0
202125,Finance,Associate,39,3,7827.11,No,3.0,2,Yes,1
202126,IT,Associate,46,5,4394.14,Yes,5.0,4,No,0
202127,Operations,Engineer,54,9,6800.55,Yes,4.0,2,No,0
202128,HR,Specialist,30,1,9492.92,No,3.0,5,No,0
202129,HR,Engineer,34,8,8141.99,No,2.0,3,No,0
202130,Marketing,Analyst,60,5,6344.81,No,5.0,3,No,0
202131,HR,Analyst,21,11,5775.29,No,1.0,2,No,0
202132,Finance,Associate,41,6,6935.2,Yes,1.0,4,No,0
202133,Finance,Associate,60,9,7088.2,No,1.0,7,No,1
202134,Finance,Engineer,33,5,7746.31,No,1.0,2,Yes,0
202135,Finance,Analyst,47,4,4984.75,No,1.0,6,No,1
202136,Sales,Specialist,40,10,5950.51,No,4.0,2,Yes,0
202137,Sales,Specialist,31,13,8189.8,No,2.0,6,No,0
202138,Marketing,Associate,21,15,5021.11,Yes,2.0,5,Yes,0
202139,IT,Manager,52,0,8387.74,No,4.0,2,No,0
202140,Sales,Specialist,51,13,7236.89,Yes,2.0,1,Yes,0
202141,IT,Associate,23,2,9949.18,No,2.0,2,No,0
202142,Finance,Specialist,32,13,8485.01,No,4.0,7,No,0
202143,IT,Specialist,44,7,9797.79,No,4.0,6,Yes,0
202144,Finance,Associate,23,8,8609.76,No,4.0,5,No,0
202145,IT,Analyst,28,7,6610.45,No,2.0,1,Yes,0
202146,IT,Analyst,28,9,10524.2,No,4.0,8,No,0
202147,Operations,Manager,32,3,6321.26,No,1.0,2,Yes,0
202148,Operations,Analyst,22,5,8150.74,Yes,3.0,7,Yes,0
202149,Finance,Associate,36,9,7349.17,No,5.0,6,No,1
202150,IT,Manager,49,15,5920.73,No,1.0,8,Yes,1
202151,IT,Specialist,43,2,6662.75,Yes,4.0,1,Yes,0
202152,IT,Specialist,30,7,8096.86,Yes,1.0,4,Yes,0
202153,Sales,Analyst,29,10,9633.26,Yes,2.0,6,Yes,0
202154,Sales,Manager,40,11,8941.02,Yes,3.0,0,No,0
202155,IT,Engineer,43,7,5518.57,No,3.0,1,No,1
202156,IT,Associate,46,3,7300.94,No,4.0,6,No,0
202157,IT,Associate,35,14,4981.28,Yes,1.0,3,Yes,0
202158,HR,Analyst,50,13,5837.71,No,5.0,5,No,0
202159,Operations,Analyst,43,7,5945.02,Yes,4.0,1,No,1
202160,Finance,Analyst,27,15,9717.12,No,4.0,4,No,0
202161,Sales,Specialist,24,13,7424.27,Yes,4.0,3,Yes,0
202162,HR,Specialist,45,10,5390.95,No,4.0,1,Yes,1
202163,Marketing,Manager,49,6,4360.2,No,3.0,8,No,1
202164,IT,Manager,50,14,10096.61,No,2.0,8,No,1
202165,Operations,Manager,59,5,6168.1,No,1.0,5,Yes,0
202166,Sales,Associate,28,14,3758.79,No,2.0,5,No,0
202167,Sales,Associate,47,8,8267.05,No,2.0,4,No,0
202168,Finance,Manager,35,4,5726.31,No,1.0,7,No,0
202169,Sales,Analyst,43,3,8325.77,No,2.0,4,No,1
202170,Operations,Associate,53,8,8658.36,No,5.0,2,Yes,1
202171,Operations,Engineer,34,5,7835.69,Yes,1.0,2,No,0
202172,IT,Associate,50,5,9804.24,Yes,1.0,7,No,1
202173,Operations,Analyst,30,14,8898.14,No,5.0,8,No,0
202174,Sales,Specialist,24,7,9252.71,Yes,3.0,5,No,1
202175,Operations,Specialist,25,8,7215.38,No,4.0,8,Yes,0
202176,Operations,Analyst,59,0,2500.0,Yes,5.0,1,No,1
202177,Operations,Engineer,60,1,9701.53,No,2.0,1,Yes,1
202178,IT,Specialist,25,11,3390.71,Yes,4.0,7,No,0
202179,Finance,Specialist,41,9,5512.07,Yes,4.0,0,No,0
202180,Marketing,Analyst,31,10,7414.41,Yes,5.0,8,No,0
202181,IT,Analyst,39,6,8723.81,No,5.0,2,No,0
202182,Marketing,Manager,43,12,8196.24,No,3.0,6,Yes,0
202183,Sales,Specialist,32,1,7628.62,No,5.0,4,No,0
202184,Operations,Manager,23,6,6069.62,Yes,1.0,5,No,0
202185,Operations,Manager,42,14,8675.05,No,3.0,6,No,0
202186,IT,Analyst,28,5,9263.47,No,5.0,0,No,0
202187,Sales,Manager,60,14,3150.47,No,3.0,4,No,0
202188,Operations,Analyst,60,12,10737.81,Yes,4.0,7,No,0
202189,Sales,Analyst,48,14,5981.13,No,1.0,8,No,1
202190,Operations,Manager,45,1,6338.8,No,4.0,6,Yes,0
202191,IT,Engineer,58,5,11023.05,Yes,3.0,0,No,0
202192,Finance,Analyst,50,10,14582.13,No,5.0,4,No,0
202193,Operations,Engineer,46,12,7245.99,No,2.0,2,No,0
202194,IT,Manager,21,5,8737.87,No,2.0,5,Yes,1
202195,IT,Engineer,45,7,4311.3,No,2.0,6,No,0
202196,Marketing,Analyst,36,12,8524.95,No,4.0,8,No,0
202197,Operations,Specialist,44,0,11748.06,No,5.0,8,No,0
202198,Sales,Specialist,33,3,8660.53,Yes,1.0,5,No,0
202199,Sales,Specialist,56,10,9618.91,Yes,4.0,5,No,0
202200,Sales,Analyst,48,8,8610.68,Yes,3.0,5,Yes,0
202201,Sales,Engineer,31,11,7903.16,No,5.0,5,No,0
202202,HR,Engineer,51,4,8285.99,No,3.0,6,No,0
202203,Operations,Associate,32,10,11356.35,No,2.0,7,No,1
202204,Operations,Manager,38,14,6123.47,No,3.0,7,No,0
202205,IT,Associate,33,6,4926.28,Yes,3.0,6,Yes,1
202206,Sales,Analyst,40,12,9464.2,No,3.0,7,No,0
202207,IT,Specialist,49,8,10391.38,No,3.0,8,Yes,1
202208,Finance,Specialist,32,8,7792.63,No,1.0,2,No,0
202209,Finance,Specialist,27,9,8750.6,Yes,3.0,0,Yes,0
202210,Operations,Specialist,40,15,10312.61,No,4.0,2,No,0
202211,Finance,Associate,31,11,11687.83,Yes,2.0,2,No,0
202212,Marketing,Associate,24,13,7389.37,No,1.0,5,No,0
202213,IT,Engineer,39,1,6653.56,No,1.0,3,No,1
202214,Operations,Associate,44,10,11639.17,Yes,5.0,0,No,0
202215,Operations,Associate,55,2,11326.31,No,5.0,7,No,0
202216,IT,Engineer,55,10,6975.08,No,3.0,6,No,0
202217,Sales,Manager,54,13,6157.88,No,3.0,8,No,0
202218,Sales,Associate,49,3,9955.83,No,2.0,2,Yes,0
202219,IT,Manager,25,6,10789.2,No,4.0,2,No,0
202220,Finance,Associate,27,12,7122.74,Yes,2.0,6,Yes,1
202221,Sales,Analyst,33,9,8880.47,No,5.0,3,No,0
202222,HR,Manager,30,1,7166.0,No,5.0,7,Yes,0
202223,Operations,Analyst,24,15,6062.62,No,3.0,3,No,0
202224,Marketing,Engineer,28,3,9665.99,No,1.0,2,No,0
202225,HR,Manager,31,7,8267.22,Yes,4.0,7,No,0
202226,Marketing,Manager,42,6,6356.27,No,3.0,1,No,0
202227,IT,Engineer,55,11,2724.98,No,1.0,2,No,1
202228,Operations,Engineer,40,2,8383.91,No,1.0,0,No,1
202229,Operations,Analyst,27,15,7695.56,No,4.0,2,No,0
202230,IT,Engineer,58,9,5726.25,No,3.0,4,Yes,0
202231,HR,Analyst,58,12,3746.9,No,4.0,6,No,1
202232,IT,Manager,31,5,7741.39,No,4.0,4,Yes,0
202233,Finance,Engineer,23,10,6115.47,Yes,5.0,0,No,0
202234,Sales,Analyst,41,2,7116.5,No,4.0,8,No,0
202235,Marketing,Analyst,57,0,8245.77,Yes,3.0,3,Yes,1
202236,HR,Associate,60,15,5987.57,No,1.0,8,No,1
202237,IT,Specialist,24,11,6572.8,Yes,2.0,1,No,0
202238,Operations,Engineer,33,4,6947.29,No,1.0,6,No,1
202239,Finance,Associate,51,1,4652.61,Yes,1.0,6,No,0
202240,Marketing,Specialist,35,4,2500.0,No,1.0,8,No,0
202241,Sales,Engineer,28,10,7016.35,Yes,5.0,7,No,0
202242,Operations,Engineer,45,15,7177.43,No,4.0,6,No,0
202243,Marketing,Analyst,59,5,7859.55,No,2.0,6,No,0
202244,Operations,Manager,60,13,13099.77,No,4.0,8,No,0
202245,Finance,Manager,35,14,3822.83,No,2.0,1,Yes,0
202246,Operations,Engineer,34,13,6156.54,No,2.0,3,No,0
202247,Finance,Manager,53,2,6987.17,No,2.0,1,No,1
202248,IT,Manager,32,2,8617.4,Yes,2.0,6,Yes,1
202249,Sales,Specialist,58,15,6418.23,Yes,3.0,3,No,0
202250,Sales,Manager,23,10,6738.8,No,3.0,5,No,0
202251,HR,Analyst,42,3,6400.86,No,1.0,1,Yes,1
202252,Marketing,Manager,45,4,7530.59,Yes,2.0,4,No,1
202253,Finance,Associate,55,12,5847.24,No,3.0,7,No,0
202254,Marketing,Manager,37,5,8344.06,No,5.0,6,Yes,0
202255,Operations,Engineer,49,6,2844.28,Yes,5.0,1,No,1
202256,Sales,Associate,41,9,8778.37,Yes,4.0,6,No,1
202257,Finance,Specialist,60,10,10392.04,No,5.0,8,No,1
202258,Marketing,Manager,50,3,6413.23,No,5.0,5,Yes,0
202259,HR,Analyst,47,4,4498.25,Yes,3.0,1,No,1
202260,Sales,Specialist,23,2,6552.06,No,5.0,4,No,0
202261,HR,Specialist,46,12,7068.78,Yes,3.0,0,No,0
202262,HR,Engineer,27,8,2907.58,No,3.0,6,No,0
202263,IT,Associate,22,0,2500.0,No,5.0,8,Yes,0
202264,Marketing,Analyst,32,13,7341.77,No,4.0,7,Yes,0
202265,Marketing,Engineer,39,12,8279.76,No,3.0,2,Yes,0
202266,Marketing,Engineer,50,3,7212.42,No,1.0,1,Yes,1
202267,Marketing,Specialist,57,10,9040.04,No,5.0,6,Yes,0
202268,Operations,Manager,34,11,6301.88,No,3.0,2,No,0
202269,IT,Analyst,58,4,9315.65,No,3.0,1,No,0
202270,Operations,Engineer,36,12,7452.29,No,5.0,7,Yes,0
202271,IT,Manager,35,13,8483.15,Yes,4.0,2,No,1
202272,Marketing,Manager,35,12,7893.99,No,1.0,4,No,0
202273,IT,Analyst,59,4,4248.78,Yes,1.0,8,No,1
202274,IT,Specialist,27,0,5662.4,No,3.0,2,Yes,0
202275,Operations,Specialist,59,13,5321.75,No,5.0,2,No,1
202276,Operations,Manager,25,3,12464.21,Yes,4.0,0,No,0
202277,Sales,Manager,59,2,9928.39,No,2.0,0,No,0
202278,Sales,Analyst,22,14,10713.34,No,2.0,5,No,0
202279,IT,Specialist,44,8,4630.76,No,1.0,8,No,0
202280,Marketing,Manager,43,7,7105.18,Yes,1.0,3,No,0
202281,Operations,Associate,35,5,6830.36,Yes,5.0,3,Yes,1
202282,Sales,Specialist,41,6,10750.79,Yes,4.0,7,Yes,1
202283,HR,Associate,21,15,2500.0,Yes,3.0,2,No,0
202284,Finance,Engineer,47,5,8532.81,No,2.0,7,No,0
202285,Operations,Specialist,53,7,8028.84,No,3.0,6,No,1
202286,Sales,Manager,55,11,5039.58,No,3.0,8,No,1
202287,Sales,Engineer,27,3,6212.43,No,3.0,6,No,0
202288,Operations,Analyst,53,7,7943.27,Yes,2.0,4,Yes,1
202289,Operations,Analyst,43,4,,No,5.0,0,No,0
202290,Sales,Analyst,45,12,7533.44,No,2.0,4,No,0
202291,Finance,Engineer,55,12,5172.75,No,5.0,3,Yes,1
202292,Marketing,Analyst,26,8,6643.62,No,4.0,0,No,1
202293,HR,Manager,38,1,6105.33,No,1.0,7,No,0
202294,HR,Engineer,29,9,5528.67,No,2.0,7,Yes,1
202295,IT,Analyst,34,9,5117.59,Yes,4.0,8,Yes,1
202296,IT,Associate,50,9,2500.0,No,5.0,1,No,0
202297,Operations,Manager,31,14,9335.09,No,1.0,8,Yes,0
202298,Sales,Analyst,21,2,8642.07,No,1.0,3,No,0
202299,Finance,Associate,43,4,2500.0,No,1.0,0,No,0
202300,Sales,Analyst,50,15,7284.95,Yes,5.0,3,No,0
202301,Marketing,Associate,30,7,2500.0,No,1.0,4,Yes,0
202302,Finance,Specialist,59,13,10127.14,No,1.0,6,No,0
202303,HR,Associate,42,9,5902.23,No,3.0,6,No,0
202304,IT,Analyst,50,5,8729.59,No,3.0,4,No,0
202305,Marketing,Engineer,56,13,4428.91,No,2.0,2,No,1
202306,Finance,Manager,37,2,7171.52,No,1.0,8,No,0
202307,Marketing,Manager,53,2,5329.45,Yes,5.0,2,No,0
202308,Finance,Associate,53,0,7310.48,Yes,1.0,1,No,0
202309,HR,Manager,27,11,5177.85,No,3.0,5,Yes,0
202310,Finance,Specialist,39,12,6850.58,No,3.0,5,No,0
202311,Finance,Engineer,52,5,6814.53,No,3.0,2,No,0
202312,Finance,Engineer,37,6,7438.5,Yes,3.0,2,No,0
202313,IT,Associate,54,15,3007.38,No,1.0,8,No,1
202314,Sales,Manager,54,4,8366.0,No,1.0,7,Yes,0
202315,Operations,Analyst,46,9,8742.59,No,5.0,7,No,1
202316,Finance,Analyst,59,8,7504.46,Yes,2.0,7,Yes,1
202317,IT,Engineer,57,13,5884.69,No,3.0,2,No,0
202318,Finance,Specialist,56,6,4366.07,Yes,5.0,4,No,0
202319,Operations,Engineer,26,9,7171.49,Yes,2.0,1,Yes,1
202320,Sales,Specialist,48,9,6570.84,No,2.0,7,Yes,0
202321,Finance,Associate,29,12,7337.35,No,4.0,5,No,0
202322,IT,Manager,55,6,8620.87,No,1.0,0,No,0
202323,Operations,Specialist,42,0,6301.77,No,4.0,0,No,0
202324,HR,Engineer,51,12,6375.26,No,3.0,0,No,0
202325,HR,Analyst,41,4,3922.98,No,4.0,4,Yes,0
202326,Sales,Analyst,34,1,5597.04,No,1.0,4,No,1
202327,Sales,Engineer,33,3,5408.36,No,2.0,5,No,0
202328,Sales,Manager,40,9,3830.71,Yes,1.0,6,Yes,1
202329,Finance,Engineer,36,12,6839.93,No,1.0,4,No,0
202330,Finance,Engineer,60,12,8287.13,No,1.0,7,Yes,0
202331,Operations,Specialist,30,13,6521.44,No,1.0,4,No,0
202332,IT,Associate,59,9,8388.81,No,3.0,6,No,0
202333,IT,Analyst,27,8,10008.59,No,4.0,6,Yes,0
202334,Marketing,Analyst,59,10,11230.73,No,1.0,0,No,1
202335,HR,Analyst,39,9,11131.59,No,1.0,4,No,0
202336,Operations,Manager,40,6,5235.58,No,5.0,6,No,1
202337,IT,Engineer,28,15,7127.25,Yes,2.0,1,No,0
202338,Finance,Specialist,41,6,6835.27,No,1.0,4,No,0
202339,Sales,Analyst,56,2,4971.22,No,4.0,5,No,0
202340,Operations,Analyst,43,14,10156.68,Yes,3.0,2,Yes,1
202341,Finance,Engineer,57,7,6570.55,No,3.0,0,No,1
202342,Operations,Manager,30,11,4957.47,No,3.0,1,No,0
202343,Finance,Specialist,35,3,10086.99,No,1.0,3,No,0
202344,IT,Specialist,28,4,7078.14,No,5.0,5,No,0
202345,Finance,Analyst,45,8,6192.61,No,3.0,1,Yes,0
202346,,Analyst,51,1,4912.43,No,5.0,0,Yes,0
202347,Operations,Analyst,53,5,7026.41,Yes,1.0,4,Yes,0
202348,Sales,Engineer,23,9,4459.16,No,1.0,5,No,0
202349,IT,Associate,41,5,2500.0,No,5.0,6,Yes,0
202350,Sales,Analyst,49,4,7926.56,Yes,3.0,1,No,1
202351,IT,Analyst,40,14,6908.6,No,3.0,2,No,0
202352,Marketing,Manager,50,14,3965.59,No,4.0,2,No,0
202353,Sales,Associate,46,13,2956.81,No,3.0,3,No,0
202354,IT,Associate,49,6,6684.85,Yes,4.0,5,No,0
202355,Finance,Engineer,29,15,8165.79,No,4.0,2,No,0
202356,IT,Engineer,45,13,4783.0,No,3.0,5,No,0
202357,Operations,Manager,28,0,6503.54,No,1.0,0,Yes,0
202358,HR,Engineer,54,11,6004.61,Yes,3.0,7,No,0
202359,HR,Analyst,37,1,12268.52,Yes,1.0,7,No,0
202360,Operations,Specialist,58,6,8580.17,Yes,1.0,0,No,1
202361,Sales,Associate,51,13,10450.69,Yes,2.0,8,No,1
202362,Sales,Engineer,29,7,2500.0,Yes,1.0,2,Yes,1
202363,Operations,Analyst,41,9,6158.64,No,2.0,5,No,0
202364,Operations,Analyst,34,12,4267.06,Yes,4.0,3,No,1
202365,Operations,Associate,29,9,6750.5,No,4.0,3,No,0
202366,IT,Analyst,54,12,5816.84,No,5.0,0,No,0
202367,Operations,Engineer,26,0,10223.8,No,3.0,2,Yes,0
202368,Marketing,Manager,54,0,2500.0,No,2.0,8,Yes,1
202369,Finance,Analyst,25,1,7196.97,No,5.0,3,Yes,1
202370,Finance,Associate,53,2,8705.46,Yes,1.0,0,Yes,1
202371,HR,Associate,58,0,10500.41,No,2.0,6,No,0
202372,Finance,Analyst,43,0,9450.83,Yes,4.0,0,Yes,0
202373,IT,Analyst,59,10,8635.58,Yes,5.0,7,Yes,0
202374,Sales,Analyst,50,4,4188.76,Yes,4.0,7,No,1
202375,Sales,Associate,24,0,10087.3,No,5.0,1,No,0
202376,HR,Analyst,36,8,2500.0,Yes,3.0,2,No,0
202377,HR,Manager,48,9,5264.85,No,5.0,8,No,0
202378,,Manager,45,0,5542.67,No,1.0,0,No,1
202379,Operations,Specialist,50,13,2500.0,No,1.0,0,No,0
202380,IT,Specialist,34,12,5339.5,Yes,4.0,5,Yes,0
202381,Finance,Engineer,60,2,7340.91,No,3.0,6,No,0
202382,IT,Analyst,52,5,10050.61,No,3.0,8,Yes,0
202383,IT,Analyst,26,7,9172.26,Yes,5.0,1,Yes,0
202384,Sales,Analyst,42,13,7367.56,No,1.0,5,No,0
202385,HR,Engineer,23,0,11492.06,No,3.0,6,Yes,0
202386,Sales,Analyst,35,7,7840.68,No,5.0,0,No,0
202387,Sales,Specialist,51,6,8440.38,No,2.0,2,No,0
202388,Finance,Manager,34,12,8579.77,No,5.0,8,No,0
202389,HR,Manager,23,12,11135.24,No,2.0,5,No,0
202390,Operations,Manager,30,10,8519.56,No,4.0,7,No,1
202391,Marketing,Associate,50,2,6892.41,No,4.0,8,No,0
202392,Finance,Specialist,34,5,4388.69,No,3.0,8,Yes,0
202393,Sales,Analyst,40,9,9464.64,No,1.0,5,No,0
202394,Finance,Analyst,36,6,12012.06,No,4.0,1,No,0
202395,Operations,Associate,30,15,3133.64,No,4.0,2,No,1
202396,IT,Associate,39,6,7533.61,Yes,2.0,3,Yes,0
202397,Operations,Analyst,32,4,6636.38,Yes,1.0,4,Yes,0
202398,Sales,Analyst,59,8,4997.07,No,1.0,3,Yes,0
202399,HR,Manager,59,2,6868.98,No,1.0,1,Yes,0
202400,,Associate,24,7,2500.0,Yes,2.0,7,No,1
202401,Sales,Analyst,60,7,10696.67,Yes,4.0,0,No,0
202402,Marketing,Analyst,57,11,10017.82,No,2.0,4,Yes,0
202403,IT,Associate,60,2,7437.89,No,3.0,5,No,0
202404,Sales,Engineer,33,14,7786.59,No,2.0,7,No,0
202405,Operations,Associate,21,3,6466.62,No,3.0,6,No,0
202406,IT,Engineer,50,11,8188.07,No,1.0,0,Yes,1
202407,Operations,Manager,53,15,6095.69,No,3.0,3,No,0
202408,Operations,Engineer,48,14,7008.96,No,3.0,7,Yes,0
202409,Operations,Engineer,34,1,6005.46,No,2.0,0,Yes,1
202410,Sales,Associate,42,9,10838.67,No,2.0,4,No,0
202411,Sales,Associate,33,10,3727.93,No,5.0,8,No,0
202412,Marketing,Manager,59,3,5875.93,No,3.0,7,Yes,0
202413,Operations,Associate,58,15,6787.3,No,3.0,7,No,0
202414,Sales,Associate,57,3,5291.01,No,3.0,3,Yes,1
202415,Sales,Manager,55,15,8763.1,Yes,2.0,2,No,0
202416,Sales,Specialist,27,5,6756.85,No,1.0,1,Yes,0
202417,Marketing,Analyst,27,5,6815.12,No,1.0,7,Yes,0
202418,IT,Associate,27,10,3748.76,Yes,5.0,1,No,1
202419,HR,Analyst,35,9,3417.65,Yes,4.0,1,Yes,1
202420,Sales,Engineer,29,8,6298.56,No,4.0,7,No,1
202421,Marketing,Analyst,21,7,6812.01,No,4.0,0,Yes,0
202422,IT,Manager,48,1,7153.53,No,2.0,7,Yes,1
202423,Operations,Specialist,44,7,8493.15,No,2.0,3,No,0
202424,Marketing,Analyst,27,5,5822.08,Yes,3.0,4,No,1
202425,Finance,Specialist,52,11,4630.76,Yes,1.0,3,Yes,0
202426,IT,Specialist,55,8,4679.8,No,1.0,3,Yes,0
202427,IT,Analyst,45,13,6862.37,No,3.0,7,Yes,0
202428,Marketing,Associate,42,2,5670.36,Yes,2.0,2,No,1
202429,Operations,Engineer,31,9,8445.41,No,1.0,6,No,0
202430,Sales,Associate,47,0,8553.7,No,5.0,1,No,0
202431,Sales,Analyst,26,0,3815.09,No,1.0,5,No,0
202432,Sales,Analyst,46,10,7215.5,No,3.0,4,No,0
202433,HR,Specialist,31,3,5561.46,No,2.0,3,No,0
202434,Marketing,Analyst,36,0,7381.08,No,3.0,2,Yes,0
202435,Sales,Associate,43,2,8462.32,No,4.0,1,Yes,0
202436,Finance,Analyst,30,4,4548.42,Yes,4.0,8,Yes,1
202437,Operations,Analyst,23,11,8132.15,No,1.0,2,Yes,0
202438,Finance,Associate,32,15,3992.02,No,2.0,6,Yes,0
202439,HR,Specialist,42,6,8078.63,No,3.0,4,No,0
202440,Sales,Engineer,25,4,8156.82,No,1.0,1,Yes,0
202441,Finance,Manager,49,4,10285.35,Yes,,4,Yes,0
202442,Finance,Engineer,60,9,10890.25,No,3.0,3,No,0
202443,HR,Associate,27,2,9217.76,Yes,5.0,1,No,1
202444,HR,Manager,24,7,7800.4,No,1.0,5,Yes,0
202445,IT,Manager,40,13,3147.17,Yes,2.0,1,No,1
202446,Sales,Associate,58,5,5435.27,No,3.0,1,Yes,0
202447,,Engineer,39,11,10136.02,Yes,2.0,4,No,0
202448,Sales,Associate,48,2,2701.9,No,5.0,0,No,1
202449,HR,Engineer,46,12,3350.84,No,2.0,1,No,0
202450,IT,Associate,49,10,6484.82,No,4.0,8,No,0
202451,Finance,Engineer,43,12,9743.49,No,1.0,4,No,0
202452,IT,Analyst,29,7,6228.49,No,1.0,1,No,0
202453,HR,Specialist,35,10,4396.01,Yes,1.0,4,Yes,0
202454,Operations,Specialist,53,15,2500.0,No,2.0,0,No,0
202455,IT,Engineer,50,0,4968.62,No,4.0,2,No,1
202456,IT,Associate,49,7,4423.17,No,1.0,3,No,1
202457,HR,Associate,37,8,5982.62,Yes,3.0,2,No,0
202458,Marketing,Analyst,42,15,9726.96,No,5.0,8,Yes,0
202459,HR,Analyst,40,4,7010.44,No,2.0,1,No,0
202460,Sales,Associate,23,12,3182.32,Yes,5.0,4,No,1
202461,HR,Associate,36,5,9451.53,No,5.0,8,No,0
202462,Finance,Specialist,26,13,2857.55,No,3.0,0,Yes,0
202463,Sales,Manager,45,8,6145.2,No,,6,Yes,0
202464,IT,Analyst,39,14,10095.62,Yes,2.0,4,No,0
202465,Marketing,Engineer,47,9,7653.55,Yes,1.0,1,No,1
202466,IT,Manager,60,11,4785.23,No,1.0,4,Yes,1
202467,Operations,Engineer,54,3,7633.29,Yes,1.0,5,No,1
202468,Marketing,Analyst,44,14,7092.19,No,2.0,4,No,0
202469,HR,Engineer,41,6,5924.89,Yes,2.0,6,Yes,0
202470,HR,Manager,60,1,10088.9,No,4.0,8,Yes,1
202471,Operations,Specialist,30,12,6410.72,No,5.0,2,No,0
202472,Sales,Engineer,46,15,9933.96,Yes,4.0,4,No,0
202473,Sales,Specialist,36,8,5117.72,Yes,4.0,2,No,0
202474,Marketing,Manager,54,0,5022.79,No,4.0,0,No,0
202475,Sales,Associate,25,15,8371.75,No,1.0,0,No,0
202476,Operations,Analyst,21,12,9159.57,No,5.0,5,No,0
202477,Sales,Analyst,39,8,11983.81,No,3.0,2,No,1
202478,IT,Analyst,32,11,5610.65,No,4.0,2,No,0
202479,Operations,Engineer,48,4,7449.91,No,1.0,3,No,0
202480,Sales,Analyst,31,4,9576.39,No,1.0,8,No,0
202481,Operations,Engineer,38,15,8063.63,No,5.0,6,Yes,0
202482,IT,Associate,53,1,7985.1,No,2.0,5,No,1
202483,Marketing,Analyst,39,3,9343.41,Yes,4.0,2,No,1
202484,Finance,Manager,28,13,10236.26,Yes,4.0,1,No,0
202485,Marketing,Associate,30,15,11999.36,Yes,5.0,3,No,1
202486,Marketing,Engineer,22,12,6622.53,No,4.0,3,Yes,0
202487,IT,Associate,57,10,7775.23,Yes,5.0,8,Yes,1
202488,Operations,Associate,50,9,4951.84,No,5.0,4,Yes,0
202489,Sales,Associate,38,5,9541.98,No,1.0,7,No,0
202490,Sales,Manager,28,15,9116.61,No,4.0,3,Yes,0
202491,IT,Associate,30,2,5584.75,No,5.0,2,Yes,0
202492,Finance,Specialist,44,12,3925.03,No,2.0,4,Yes,0
202493,Finance,Analyst,51,1,12187.46,Yes,2.0,2,No,0
202494,Operations,Analyst,41,14,4844.51,Yes,1.0,6,No,1
202495,Finance,Specialist,41,4,6390.95,No,1.0,7,Yes,1
202496,IT,Engineer,39,9,8212.49,Yes,2.0,3,No,0
202497,Finance,Analyst,52,1,4678.48,No,1.0,6,No,0
202498,Operations,Engineer,31,5,10461.23,Yes,4.0,0,Yes,0
202499,Operations,Analyst,23,2,4777.05,Yes,,5,No,0
202500,Sales,Analyst,25,1,5565.16,No,3.0,2,Yes,0
202501,Operations,Associate,52,9,6716.96,No,5.0,1,Yes,0
202502,IT,Manager,37,4,5655.62,No,3.0,3,No,0
202503,IT,Manager,51,7,6650.96,No,4.0,2,Yes,0
202504,HR,Engineer,28,11,5267.53,No,5.0,5,No,1
202505,Operations,Specialist,53,7,6246.4,No,3.0,7,No,0
202506,HR,Associate,46,5,5658.03,No,4.0,0,No,0
202507,Operations,Analyst,49,2,11739.97,No,5.0,4,Yes,0
202508,Finance,Analyst,44,13,8146.61,Yes,4.0,1,No,1
202509,IT,Analyst,57,8,6086.57,No,2.0,6,No,1
202510,Sales,Analyst,49,12,5375.12,Yes,5.0,5,No,0
202511,Finance,Analyst,35,11,8649.22,Yes,2.0,0,Yes,0
202512,Marketing,Specialist,31,15,5362.35,Yes,1.0,5,No,1
202513,HR,Engineer,42,12,8083.38,No,5.0,8,Yes,0
202514,HR,Manager,44,15,7681.66,No,2.0,6,No,0
202515,Operations,Manager,41,12,4410.0,No,3.0,5,Yes,1
202516,Operations,Engineer,32,11,9273.53,No,2.0,2,No,0
202517,Sales,Manager,58,12,3175.82,No,1.0,2,No,0
202518,IT,Engineer,56,6,6378.44,Yes,5.0,1,No,0
202519,Sales,Analyst,60,6,2500.0,No,1.0,3,No,0
202520,HR,Manager,55,11,9278.56,No,1.0,7,No,0
202521,Operations,Associate,37,4,4435.94,No,3.0,8,Yes,1
202522,IT,Analyst,60,12,6138.85,No,1.0,4,No,1
202523,IT,Manager,31,5,8662.24,No,5.0,4,No,0
202524,IT,Specialist,47,12,2592.34,No,4.0,7,No,0
202525,Finance,Specialist,46,5,7051.19,No,5.0,7,No,0
202526,Finance,Engineer,45,12,7024.41,No,3.0,7,No,0
202527,IT,Associate,54,14,5933.24,No,4.0,5,No,0
202528,HR,Associate,31,1,10281.84,No,5.0,7,Yes,1
202529,HR,Specialist,28,13,8191.42,Yes,5.0,2,Yes,1
202530,,Associate,55,8,9440.41,No,3.0,3,Yes,0
202531,Operations,Analyst,58,0,4553.73,Yes,5.0,4,Yes,0
202532,Marketing,Manager,59,8,8463.1,No,4.0,7,No,0
202533,Operations,Specialist,47,8,2500.0,No,1.0,6,No,0
202534,HR,Associate,42,11,7509.8,No,5.0,8,Yes,0
202535,IT,Analyst,45,7,6774.08,No,4.0,4,Yes,0
202536,Finance,Engineer,50,3,6453.6,Yes,2.0,3,No,0
202537,IT,Specialist,35,10,2500.0,No,3.0,5,No,0
202538,Operations,Specialist,48,0,9203.03,Yes,4.0,2,No,1
202539,IT,Manager,28,13,6130.52,Yes,2.0,7,No,1
202540,IT,Specialist,57,14,3780.04,No,2.0,2,Yes,0
202541,HR,Associate,49,14,6424.09,No,4.0,7,No,0
202542,Marketing,Specialist,54,8,5957.75,No,1.0,6,No,1
202543,Sales,Engineer,48,6,4370.77,No,3.0,6,Yes,0
202544,HR,Analyst,32,10,6918.08,No,2.0,3,No,1
202545,Sales,Specialist,59,9,8534.19,No,2.0,6,No,1
202546,Operations,Manager,33,11,4509.44,No,1.0,5,Yes,0
202547,Sales,Associate,28,3,3441.27,No,3.0,1,Yes,0
202548,Sales,Engineer,39,7,10420.43,No,1.0,2,No,0
202549,Operations,Analyst,40,10,8582.88,No,1.0,3,No,1
202550,Marketing,Analyst,34,10,6220.81,No,4.0,0,Yes,0
202551,HR,Analyst,28,8,12233.69,No,1.0,0,No,0
202552,Sales,Engineer,24,13,7702.5,No,2.0,5,Yes,0
202553,Sales,Analyst,46,3,9032.44,No,4.0,0,Yes,0
202554,Operations,Associate,34,12,5426.41,No,2.0,4,No,0
202555,IT,Analyst,33,8,5935.04,No,5.0,3,Yes,0
202556,Sales,Manager,30,4,11243.96,No,1.0,8,No,0
202557,IT,Manager,35,4,8790.25,No,3.0,0,No,0
202558,HR,Analyst,33,13,4505.05,No,3.0,6,Yes,1
202559,IT,Specialist,52,10,4259.07,No,3.0,4,No,0
202560,Sales,Manager,32,1,9004.17,No,5.0,8,Yes,0
202561,HR,Analyst,32,8,9688.56,Yes,1.0,2,Yes,0
202562,Sales,Engineer,35,11,3907.97,Yes,2.0,4,No,0
202563,Marketing,Manager,31,8,2863.03,No,4.0,3,No,0
202564,IT,Associate,53,10,3728.35,No,4.0,6,Yes,0
202565,IT,Analyst,46,14,11083.51,Yes,4.0,7,Yes,1
202566,Operations,Engineer,30,10,7824.45,No,1.0,0,Yes,0
202567,Operations,Manager,53,5,5318.91,No,5.0,1,No,0
202568,IT,Manager,59,15,10515.73,No,2.0,3,Yes,1
202569,Operations,Engineer,24,9,4064.95,No,1.0,1,Yes,0
202570,HR,Specialist,49,4,9327.95,Yes,5.0,5,No,0
202571,Operations,Engineer,56,7,7971.92,Yes,4.0,1,Yes,0
202572,Sales,Specialist,21,12,6065.47,No,5.0,5,No,0
202573,IT,Associate,29,6,7300.07,No,1.0,4,Yes,0
202574,,Manager,32,1,5692.94,No,4.0,2,Yes,0
202575,HR,Engineer,40,7,6552.25,Yes,4.0,2,Yes,0
202576,Marketing,Specialist,30,8,13724.46,Yes,4.0,1,No,0
202577,Marketing,Engineer,27,12,6739.98,No,5.0,7,No,0
202578,IT,Analyst,57,10,2500.0,Yes,1.0,8,No,1
202579,Sales,Associate,38,13,9185.22,Yes,2.0,5,No,0
202580,IT,Manager,57,9,5481.38,Yes,2.0,6,No,0
202581,IT,Analyst,52,13,5950.91,No,5.0,3,No,0
202582,Finance,Manager,36,10,11589.82,No,2.0,5,No,0
202583,Finance,Analyst,29,4,7413.14,No,5.0,1,No,0
202584,Finance,Associate,51,0,5062.19,No,4.0,0,Yes,1
202585,Sales,Specialist,25,7,4947.3,No,1.0,3,Yes,0
202586,Operations,Associate,38,0,6316.95,No,1.0,6,Yes,0
202587,HR,Associate,27,3,8559.81,Yes,3.0,8,No,0
202588,Operations,Specialist,22,14,9146.7,Yes,5.0,8,No,0
202589,Operations,Analyst,40,5,10681.05,No,3.0,6,Yes,1
202590,Sales,Analyst,55,15,8706.78,No,,5,No,0
202591,Operations,Associate,31,3,10462.04,No,5.0,5,No,0
202592,HR,Associate,25,5,5281.35,No,1.0,6,No,0
202593,Operations,Analyst,21,10,5614.43,No,3.0,0,No,0
202594,Marketing,Associate,22,10,8438.71,Yes,5.0,3,Yes,1
202595,Operations,Specialist,51,5,5442.72,No,3.0,5,No,0
202596,Finance,Analyst,42,11,7044.35,No,1.0,1,No,0
202597,Sales,Associate,43,0,6744.24,No,1.0,8,Yes,1
202598,Marketing,Manager,50,7,9005.06,Yes,5.0,7,No,0
202599,Operations,Specialist,52,14,5090.21,No,1.0,7,No,0
202600,Operations,Associate,40,10,7760.45,No,5.0,5,No,1
202601,Finance,Specialist,31,9,9027.81,Yes,4.0,7,No,0
202602,Sales,Analyst,26,5,2500.0,Yes,1.0,2,No,0
202603,IT,Manager,35,3,12120.6,No,2.0,2,No,0
202604,HR,Associate,35,15,9260.77,Yes,5.0,0,No,0
202605,Finance,Specialist,31,0,9106.9,No,4.0,7,Yes,0
202606,Sales,Manager,27,15,8402.34,Yes,1.0,6,No,0
202607,Operations,Analyst,53,14,7398.16,No,1.0,0,Yes,0
202608,Operations,Manager,55,9,5662.82,No,5.0,4,No,0
202609,,Engineer,21,8,4783.92,No,1.0,0,No,0
202610,Marketing,Specialist,32,1,7777.42,No,4.0,5,No,0
202611,Sales,Analyst,58,14,12252.26,No,2.0,3,No,0
202612,HR,Engineer,52,15,4909.26,No,2.0,2,No,0
202613,IT,Manager,59,2,7395.05,No,1.0,8,No,0
202614,,Specialist,21,11,8713.12,No,3.0,6,Yes,0
202615,IT,Engineer,55,13,4727.31,Yes,2.0,7,Yes,0
202616,IT,Associate,60,7,6257.15,Yes,,3,Yes,1
202617,IT,Analyst,55,6,4303.39,No,3.0,3,No,0
202618,IT,Manager,39,12,4761.51,Yes,1.0,4,No,0
202619,Operations,Associate,43,4,2500.0,Yes,4.0,3,Yes,0
202620,Operations,Associate,32,13,5687.2,Yes,3.0,3,No,0
202621,HR,Manager,27,12,4486.65,Yes,5.0,5,No,1
202622,IT,Manager,32,14,7262.26,No,2.0,3,No,0
202623,IT,Associate,31,12,7681.25,No,4.0,7,No,1
202624,Finance,Engineer,54,1,3711.21,No,2.0,3,Yes,0
202625,Operations,Specialist,36,9,6522.73,No,2.0,8,No,1
202626,Finance,Engineer,55,15,8571.85,Yes,4.0,6,Yes,1
202627,HR,Manager,44,15,10261.78,Yes,1.0,1,Yes,1
202628,Sales,Associate,56,15,8946.91,No,4.0,5,No,0
202629,Marketing,Manager,38,7,9597.24,No,4.0,3,No,0
202630,Marketing,Analyst,26,1,7787.24,No,3.0,6,No,0
202631,IT,Specialist,59,14,10569.4,No,5.0,5,Yes,0
202632,Finance,Engineer,52,5,8128.72,No,5.0,0,Yes,0
202633,Sales,Manager,31,14,4854.27,No,1.0,6,Yes,0
202634,Sales,Associate,42,5,3064.85,No,4.0,0,Yes,0
202635,Sales,Associate,28,0,11537.61,Yes,1.0,4,No,1
202636,Finance,Manager,57,1,10254.06,Yes,3.0,3,Yes,1
202637,HR,Manager,35,14,6140.2,No,1.0,8,Yes,1
202638,Finance,Analyst,58,9,3276.62,No,3.0,0,Yes,1
202639,Operations,Engineer,28,2,6797.68,Yes,1.0,6,Yes,0
202640,Sales,Specialist,31,7,9976.58,No,5.0,8,No,0
202641,Operations,Analyst,54,6,6055.87,No,5.0,8,No,0
202642,Sales,Analyst,40,10,8775.44,No,2.0,0,No,1
202643,Operations,Analyst,35,12,5764.1,No,3.0,5,No,0
202644,Operations,Analyst,43,0,13174.71,No,5.0,8,No,0
202645,Finance,Specialist,52,13,9771.59,Yes,2.0,2,Yes,0
202646,Finance,Specialist,47,9,8020.79,No,4.0,6,Yes,0
202647,Sales,Specialist,47,13,2945.68,Yes,2.0,4,Yes,0
202648,IT,Analyst,40,1,4425.7,Yes,3.0,2,No,0
202649,Operations,Analyst,24,11,4487.76,No,3.0,3,Yes,1
202650,Marketing,Analyst,48,14,6317.27,Yes,3.0,4,No,0
202651,Operations,Specialist,45,9,8201.93,No,4.0,3,Yes,0
202652,Marketing,Associate,39,5,4363.54,No,4.0,4,Yes,1
202653,Operations,Specialist,49,13,7359.13,Yes,5.0,1,No,0
202654,Sales,Manager,22,10,5289.95,No,2.0,7,No,1
202655,Operations,Analyst,31,6,5595.73,No,2.0,7,No,1
202656,IT,Associate,54,0,8667.3,No,1.0,4,Yes,0
202657,IT,Associate,35,9,5069.31,No,5.0,6,No,0
202658,Finance,Engineer,42,12,7315.6,No,1.0,2,Yes,1
202659,Marketing,Manager,51,15,5783.55,Yes,4.0,5,No,1
202660,Finance,Manager,28,14,6757.68,No,2.0,7,No,0
202661,Sales,Engineer,32,12,2500.0,No,1.0,0,Yes,0
202662,HR,Analyst,47,7,11250.49,No,3.0,0,No,1
202663,Sales,Specialist,56,13,6887.48,No,4.0,1,Yes,0
202664,Finance,Manager,22,15,10657.02,Yes,1.0,0,No,1
202665,Sales,Analyst,44,2,4937.81,No,5.0,1,No,0
202666,Finance,Analyst,59,13,9580.33,No,5.0,2,No,0
202667,Marketing,Associate,30,15,10849.39,Yes,3.0,0,No,0
202668,IT,Associate,26,3,6489.88,Yes,1.0,4,No,0
202669,Sales,Associate,27,6,11517.84,No,1.0,8,No,1
202670,HR,Engineer,47,7,9646.71,No,5.0,7,Yes,0
202671,Sales,Analyst,27,7,6441.45,No,3.0,8,Yes,0
202672,Marketing,Associate,56,1,11494.27,Yes,5.0,7,No,0
202673,,Analyst,59,3,11821.5,No,4.0,3,No,0
202674,Finance,Engineer,59,4,5525.09,No,4.0,3,No,0
202675,Sales,Manager,30,13,12485.2,No,1.0,6,Yes,0
202676,Operations,Analyst,47,14,4029.55,No,4.0,4,Yes,1
202677,Marketing,Specialist,46,2,,No,2.0,5,No,1
202678,Operations,Associate,55,8,5901.62,Yes,4.0,3,Yes,1
202679,Finance,Manager,30,1,8725.94,No,4.0,6,Yes,0
202680,Finance,Analyst,24,1,2500.0,No,5.0,0,Yes,0
202681,Sales,Engineer,43,4,4302.37,No,3.0,5,No,0
202682,HR,Engineer,32,13,2633.78,No,1.0,8,No,0
202683,HR,Engineer,29,1,9521.89,No,1.0,4,Yes,0
202684,Sales,Analyst,42,1,6004.37,No,5.0,2,No,0
202685,Operations,Manager,28,2,8549.93,Yes,5.0,4,No,1
202686,IT,Manager,24,2,6218.58,Yes,2.0,6,No,0
202687,HR,Manager,21,13,5605.79,No,2.0,0,Yes,0
202688,IT,Specialist,56,6,8371.14,No,3.0,5,No,0
202689,Marketing,Specialist,48,8,3274.35,No,2.0,0,No,0
202690,IT,Associate,27,7,5533.13,No,4.0,7,No,0
202691,Operations,Specialist,54,3,6988.96,No,3.0,7,No,0
202692,Sales,Analyst,38,6,10956.18,No,2.0,2,Yes,0
202693,Finance,Specialist,45,14,10218.29,No,3.0,0,No,0
202694,HR,Engineer,34,6,10644.0,No,5.0,3,No,0
202695,Marketing,Engineer,41,10,7311.06,No,5.0,8,No,0
202696,Finance,Analyst,57,8,6058.63,No,2.0,8,Yes,1
202697,IT,Specialist,31,3,7296.9,No,5.0,2,Yes,0
202698,Operations,Associate,57,11,7395.61,No,1.0,6,No,0
202699,Finance,Analyst,31,12,4448.92,No,5.0,4,No,0
202700,Operations,Engineer,48,8,6149.49,No,3.0,8,Yes,1
202701,Finance,Specialist,44,2,10826.0,No,4.0,4,No,0
202702,HR,Associate,31,14,7875.01,Yes,4.0,1,No,0
202703,Sales,Analyst,23,0,7439.11,No,1.0,5,Yes,0
202704,Sales,Analyst,41,15,7978.53,Yes,4.0,2,Yes,0
202705,Marketing,Manager,38,5,5533.29,No,2.0,3,No,0
202706,Marketing,Analyst,51,4,7031.16,No,4.0,8,Yes,0
202707,Operations,Engineer,32,3,5446.5,Yes,1.0,3,No,0
202708,IT,Engineer,35,13,6366.89,No,4.0,7,No,0
202709,IT,Specialist,42,9,6177.05,No,2.0,7,No,1
202710,IT,Specialist,38,7,9839.47,No,,8,No,0
202711,Operations,Associate,46,10,7139.12,No,4.0,0,No,1
202712,Sales,Analyst,28,2,6180.99,No,5.0,2,Yes,0
202713,IT,Associate,31,2,4550.15,No,4.0,7,Yes,0
202714,Finance,Analyst,54,6,8950.48,No,4.0,0,Yes,0
202715,Operations,Associate,31,11,5285.53,No,4.0,3,Yes,1
202716,Operations,Manager,54,15,6314.46,No,5.0,8,No,1
202717,IT,Associate,56,12,5826.69,Yes,1.0,7,No,0
202718,Marketing,Manager,24,14,6857.05,Yes,2.0,3,Yes,0
202719,Sales,Specialist,56,10,5334.91,No,5.0,5,No,0
202720,Sales,Manager,47,4,3891.18,No,3.0,8,No,1
202721,Finance,Associate,57,7,2500.0,No,4.0,0,Yes,0
202722,IT,Specialist,57,3,8071.67,No,2.0,5,No,0
202723,HR,Specialist,36,5,12289.88,No,4.0,8,Yes,0
202724,HR,Engineer,25,4,3706.72,No,1.0,0,Yes,0
202725,Marketing,Specialist,21,4,9213.65,No,2.0,7,No,0
202726,Sales,Manager,54,9,8189.64,No,3.0,5,No,1
202727,Sales,Manager,28,0,6778.72,No,1.0,6,Yes,0
202728,IT,Manager,30,15,5558.61,No,1.0,4,Yes,0
202729,Sales,Specialist,56,15,8227.52,No,3.0,5,No,0
202730,Operations,Associate,31,9,6918.03,Yes,4.0,0,No,0
202731,HR,Analyst,27,15,8373.16,No,3.0,7,Yes,0
202732,IT,Associate,53,7,6428.0,No,5.0,5,Yes,0
202733,Sales,Associate,31,14,10007.17,No,4.0,1,No,1
202734,Sales,Manager,23,13,5430.0,Yes,3.0,1,Yes,1
202735,IT,Engineer,52,1,2565.56,Yes,1.0,5,Yes,1
202736,IT,Associate,34,13,6791.5,No,5.0,6,No,0
202737,Sales,Associate,39,0,4780.73,No,1.0,7,Yes,1
202738,Finance,Analyst,38,0,7104.07,No,3.0,5,Yes,0
202739,Operations,Specialist,58,5,6341.91,No,4.0,1,No,0
202740,Marketing,Associate,51,0,8130.25,No,5.0,6,Yes,0
202741,Finance,Associate,55,7,8135.59,No,1.0,6,No,0
202742,Marketing,Analyst,52,8,6953.08,No,5.0,1,No,0
202743,Marketing,Analyst,41,1,7890.22,Yes,2.0,7,Yes,0
202744,Marketing,Specialist,48,4,8580.44,No,2.0,1,Yes,0
202745,Marketing,Engineer,49,3,5309.38,Yes,2.0,8,No,0
202746,Sales,Analyst,21,14,10225.89,Yes,4.0,6,No,0
202747,HR,Engineer,48,0,7342.97,Yes,3.0,5,No,1
202748,HR,Associate,57,13,2500.0,No,4.0,3,No,0
202749,Operations,Analyst,59,11,9057.95,No,3.0,4,No,0
202750,Sales,Engineer,29,5,8439.19,No,4.0,7,No,0
202751,Marketing,Specialist,31,6,7210.47,Yes,5.0,7,No,1
202752,Operations,Analyst,25,13,5939.65,No,1.0,1,Yes,0
202753,Sales,Manager,45,11,7060.16,No,5.0,2,No,0
202754,HR,Engineer,51,5,8532.05,No,4.0,6,Yes,0
202755,Operations,Associate,26,9,2988.15,No,3.0,2,No,0
202756,Operations,Manager,29,6,7234.55,Yes,1.0,7,Yes,0
202757,Sales,Analyst,44,2,6015.2,Yes,2.0,3,No,1
202758,HR,Specialist,37,3,8396.08,Yes,1.0,5,No,1
202759,Operations,Manager,54,13,11959.52,No,4.0,1,No,0
202760,Sales,Specialist,44,14,5869.64,Yes,4.0,1,No,1
202761,Sales,Engineer,22,0,9610.73,No,2.0,6,No,0
202762,Sales,Manager,25,13,10346.29,No,5.0,1,No,0
202763,Finance,Analyst,43,8,8112.93,No,2.0,8,No,0
202764,Operations,Analyst,44,12,11410.04,No,5.0,4,No,0
202765,Finance,Analyst,41,12,8962.14,No,4.0,8,Yes,0
202766,IT,Specialist,60,3,7947.07,No,5.0,1,No,0
202767,Finance,Specialist,44,6,8017.58,No,2.0,3,No,0
202768,Operations,Analyst,47,7,4999.13,No,2.0,6,No,0
202769,HR,Engineer,28,7,3934.04,No,2.0,7,No,0
202770,Operations,Engineer,37,11,5571.33,Yes,2.0,5,No,1
202771,IT,Analyst,42,14,7431.11,No,4.0,0,Yes,0
202772,Sales,Specialist,45,13,5799.96,Yes,2.0,3,Yes,1
202773,IT,Associate,56,13,2949.4,Yes,2.0,3,Yes,0
202774,Marketing,Manager,31,5,9843.41,No,1.0,8,No,0
202775,Operations,Associate,21,10,3060.58,No,3.0,4,Yes,0
202776,Sales,Associate,52,12,6605.79,No,1.0,2,No,0
202777,Sales,Engineer,34,7,7219.8,No,1.0,7,Yes,0
202778,IT,Specialist,28,10,8081.39,Yes,2.0,4,No,0
202779,HR,Manager,55,15,11121.07,Yes,2.0,3,No,0
202780,Marketing,Specialist,38,12,8751.37,Yes,5.0,2,Yes,0
202781,Marketing,Associate,29,4,9542.53,Yes,2.0,3,No,0
202782,Operations,Associate,54,4,5965.1,No,4.0,6,No,0
202783,IT,Analyst,59,11,7543.73,Yes,5.0,3,No,0
202784,Operations,Manager,21,14,6671.81,Yes,2.0,4,No,1
202785,HR,Analyst,30,3,8218.62,No,1.0,4,No,0
202786,Operations,Analyst,50,3,5672.97,Yes,3.0,6,No,0
202787,Sales,Specialist,50,5,6713.21,No,5.0,8,No,0
202788,IT,Engineer,54,6,6358.14,No,2.0,5,No,1
202789,Finance,Associate,40,13,8208.35,No,3.0,8,Yes,0
202790,Finance,Analyst,38,6,3785.48,No,5.0,3,No,0
202791,Operations,Manager,24,3,8091.84,No,1.0,1,Yes,0
202792,IT,Engineer,47,15,2500.0,No,1.0,0,Yes,1
202793,Marketing,Manager,33,13,8143.37,No,5.0,1,No,0
202794,Sales,Analyst,54,5,3432.13,No,3.0,7,Yes,1
202795,Operations,Engineer,30,3,14071.42,No,,5,No,1
202796,Finance,Manager,30,11,6845.03,No,2.0,7,No,1
202797,,Associate,41,15,12007.55,Yes,1.0,1,Yes,0
202798,Operations,Manager,27,4,7048.24,No,1.0,1,No,0
202799,HR,Engineer,57,7,7048.95,No,4.0,4,No,0
202800,HR,Specialist,59,7,7518.68,No,1.0,5,Yes,0
202801,IT,Manager,24,15,3327.04,Yes,3.0,2,Yes,0
202802,Operations,Manager,46,4,5239.63,No,2.0,0,No,1
202803,Sales,Manager,43,10,6452.74,No,1.0,1,No,0
202804,Sales,Engineer,31,8,5917.48,No,3.0,5,Yes,0
202805,,Analyst,48,10,12339.42,No,1.0,4,No,0
202806,IT,Manager,33,4,3391.58,Yes,2.0,3,No,0
202807,Sales,Manager,33,0,4678.25,No,4.0,0,Yes,0
202808,Marketing,Analyst,33,13,4705.73,Yes,1.0,0,Yes,0
202809,IT,Manager,56,2,7142.58,No,3.0,8,No,0
202810,HR,Specialist,24,13,8153.6,Yes,2.0,1,Yes,0
202811,Finance,Engineer,36,6,8264.98,Yes,3.0,6,No,0
202812,Marketing,Engineer,50,11,5571.49,No,2.0,8,No,0
202813,Marketing,Specialist,41,1,3293.98,Yes,1.0,6,Yes,0
202814,Marketing,Associate,52,3,8369.14,No,4.0,1,No,1
202815,Sales,Specialist,40,6,4032.42,No,5.0,0,No,0
202816,Marketing,Associate,42,12,8454.52,Yes,4.0,1,No,0
202817,Marketing,Engineer,57,9,6782.77,No,1.0,6,No,0
202818,Marketing,Specialist,34,2,8094.6,Yes,2.0,3,Yes,1
202819,Marketing,Manager,59,5,8370.49,No,4.0,2,Yes,0
202820,Finance,Engineer,35,6,8600.66,No,1.0,2,Yes,0
202821,IT,Manager,33,8,10353.67,No,1.0,0,Yes,0
202822,Marketing,Engineer,24,6,5816.55,Yes,1.0,1,No,0
202823,Marketing,Manager,59,10,5329.57,No,3.0,1,Yes,0
202824,Finance,Specialist,59,5,7452.42,No,5.0,4,Yes,1
202825,Sales,Associate,58,0,7730.74,No,4.0,8,No,0
202826,HR,Specialist,54,2,9921.62,No,2.0,5,No,0
202827,IT,Engineer,-1,8,6048.3,No,,5,No,0
202828,,Analyst,33,3,5677.94,No,2.0,8,No,0
202829,Finance,Engineer,23,4,3061.12,No,2.0,1,No,0
202830,IT,Analyst,37,4,9878.04,No,1.0,0,No,0
202831,Finance,Associate,42,9,9271.64,Yes,1.0,4,No,0
202832,Sales,Analyst,59,11,4330.25,No,3.0,5,No,0
202833,IT,Specialist,42,15,11170.55,No,3.0,7,Yes,0
202834,HR,Analyst,45,9,5563.71,No,4.0,2,Yes,0
202835,IT,Manager,27,10,7571.09,No,4.0,5,Yes,0
202836,IT,Specialist,31,14,7900.48,No,3.0,4,No,0
202837,HR,Manager,27,6,4300.58,No,4.0,5,No,0
202838,Operations,Analyst,39,15,3231.12,Yes,2.0,7,No,1
202839,Operations,Manager,41,9,4911.82,Yes,1.0,1,Yes,0
202840,Operations,Specialist,54,6,7795.39,No,5.0,1,No,0
202841,HR,Specialist,59,6,7223.66,No,3.0,2,Yes,0
202842,Operations,Specialist,23,15,9437.68,No,5.0,6,No,0
202843,Sales,Engineer,36,2,,No,5.0,8,No,1
202844,Sales,Analyst,25,12,4941.21,Yes,3.0,2,No,1
202845,Marketing,Analyst,40,15,10070.43,Yes,1.0,2,No,0
202846,HR,Analyst,24,9,9264.67,No,3.0,1,No,0
202847,Sales,Analyst,47,5,5076.7,Yes,1.0,2,No,0
202848,IT,Manager,44,15,2828.86,No,2.0,8,No,0
202849,Finance,Engineer,54,4,3415.4,No,1.0,3,No,0
202850,IT,Associate,43,12,,Yes,4.0,6,Yes,0
202851,Operations,Associate,44,3,7876.02,Yes,1.0,6,Yes,0
202852,Marketing,Manager,34,1,10401.94,Yes,5.0,7,No,0
202853,Sales,Analyst,24,9,7513.28,No,2.0,0,Yes,0
202854,Marketing,Analyst,22,0,7861.93,No,1.0,0,Yes,0
202855,Operations,Analyst,26,4,3552.97,No,5.0,1,Yes,0
202856,Sales,Engineer,55,7,7266.99,Yes,4.0,4,Yes,0
202857,Marketing,Engineer,33,10,8632.51,Yes,4.0,0,Yes,0
202858,Finance,Manager,25,15,8430.05,No,2.0,6,No,0
202859,Finance,Associate,56,1,5704.32,No,2.0,4,No,0
202860,Marketing,Specialist,33,8,6589.96,Yes,4.0,3,No,0
202861,Sales,Engineer,50,8,5183.17,Yes,3.0,6,Yes,0
202862,HR,Associate,49,2,8656.94,No,2.0,3,Yes,0
202863,Operations,Analyst,54,15,2500.0,No,,2,No,0
202864,HR,Engineer,38,10,5525.33,No,3.0,5,Yes,0
202865,Finance,Analyst,36,3,4736.54,No,3.0,4,No,0
202866,Operations,Specialist,33,8,6362.48,No,1.0,7,Yes,0
202867,Operations,Engineer,47,14,5468.6,No,4.0,7,No,0
202868,IT,Engineer,25,1,8526.97,No,3.0,7,No,1
202869,HR,Engineer,25,10,2807.5,Yes,5.0,4,Yes,1
202870,Marketing,Specialist,39,13,3049.6,No,3.0,5,No,0
202871,Sales,Analyst,43,13,3472.96,No,5.0,4,No,0
202872,Finance,Specialist,33,1,5218.42,No,1.0,1,Yes,0
202873,Marketing,Analyst,60,7,7310.31,No,4.0,6,Yes,0
202874,Finance,Analyst,49,6,12284.73,No,4.0,8,Yes,0
202875,Operations,Manager,59,1,8237.45,No,3.0,1,Yes,1
202876,Finance,Manager,31,13,5004.91,Yes,1.0,6,Yes,1
202877,Operations,Analyst,24,8,9727.57,Yes,2.0,1,Yes,0
202878,HR,Associate,50,8,9088.66,Yes,3.0,0,No,0
202879,Sales,Engineer,43,2,9602.17,No,1.0,3,No,0
202880,Operations,Associate,49,7,8082.32,No,1.0,8,No,0
202881,Marketing,Analyst,51,1,10567.82,No,1.0,6,No,1
202882,IT,Analyst,59,14,9472.0,No,2.0,5,Yes,0
202883,Operations,Specialist,45,2,5702.99,No,3.0,7,Yes,0
202884,Finance,Manager,33,12,8581.42,No,1.0,8,No,0
202885,IT,Specialist,24,0,8621.4,No,5.0,3,No,0
202886,Sales,Manager,54,6,6677.09,No,1.0,4,No,0
202887,Operations,Analyst,59,14,9649.96,No,3.0,5,No,0
202888,HR,Engineer,51,2,11563.63,No,5.0,1,No,0
202889,Sales,Specialist,43,12,6815.07,No,3.0,1,Yes,0
202890,Operations,Engineer,48,13,4459.75,Yes,3.0,0,Yes,1
202891,IT,Analyst,55,14,4818.87,Yes,4.0,5,No,0
202892,Marketing,Analyst,50,10,9023.44,Yes,5.0,1,No,0
202893,Operations,Engineer,23,14,7039.72,Yes,4.0,4,No,0
202894,Sales,Engineer,36,7,7520.96,Yes,1.0,8,Yes,0
202895,Sales,Associate,57,7,2500.0,No,4.0,2,No,1
202896,Sales,Engineer,33,15,5001.81,No,1.0,5,Yes,0
202897,Operations,Analyst,43,5,3458.86,No,2.0,4,No,1
202898,IT,Analyst,38,11,4958.05,No,5.0,7,No,0
202899,Operations,Analyst,43,2,6481.05,Yes,3.0,3,Yes,0
202900,Finance,Engineer,31,2,7481.27,No,2.0,0,Yes,1
202901,IT,Associate,46,7,6452.66,No,1.0,7,Yes,0
202902,Marketing,Associate,42,6,8122.16,No,1.0,6,No,0
202903,Marketing,Manager,44,2,3455.96,Yes,4.0,0,No,0
202904,Operations,Engineer,23,15,2687.66,No,3.0,2,No,0
202905,Marketing,Analyst,27,12,5473.77,No,5.0,4,Yes,0
202906,HR,Manager,53,13,6919.3,Yes,3.0,3,Yes,1
202907,HR,Associate,42,7,9619.14,No,4.0,0,Yes,0
202908,Operations,Associate,31,10,8187.95,No,1.0,5,No,0
202909,IT,Analyst,52,7,7673.07,No,2.0,2,No,0
202910,HR,Engineer,23,13,9714.3,Yes,3.0,5,No,0
202911,Sales,Engineer,40,1,5872.17,No,3.0,4,No,0
202912,Operations,Associate,30,5,5641.28,No,2.0,6,Yes,0
202913,Finance,Analyst,35,13,7359.37,Yes,1.0,3,No,0
202914,IT,Engineer,52,14,10096.83,No,2.0,3,No,0
202915,Finance,Associate,38,15,7591.23,No,5.0,5,Yes,0
202916,Operations,Analyst,30,13,4147.5,No,5.0,3,No,1
202917,Operations,Manager,41,7,5614.51,No,3.0,0,No,0
202918,Sales,Associate,47,8,10186.18,No,5.0,7,Yes,0
202919,IT,Manager,50,2,4895.12,No,,6,Yes,1
202920,IT,Specialist,45,8,4651.58,No,5.0,7,Yes,0
202921,Operations,Manager,55,12,8621.45,No,5.0,6,No,0
202922,HR,Specialist,30,0,4402.83,No,2.0,1,Yes,0
202923,Marketing,Associate,24,3,9452.93,No,3.0,7,No,1
202924,Finance,Associate,57,7,9148.66,No,4.0,3,No,0
202925,Finance,Associate,37,15,11829.18,Yes,4.0,6,No,0
202926,Sales,Manager,48,7,3839.16,No,2.0,8,Yes,1
202927,HR,Analyst,26,15,10205.84,No,1.0,2,Yes,0
202928,Marketing,Analyst,44,15,4635.27,No,3.0,3,No,0
202929,IT,Associate,42,4,3528.34,No,2.0,2,No,1
202930,Finance,Manager,52,2,6367.8,No,2.0,5,No,0
202931,Operations,Engineer,26,3,,No,5.0,1,No,1
202932,IT,Analyst,26,10,8053.83,Yes,1.0,5,No,1
202933,Sales,Specialist,60,12,8395.0,No,1.0,1,No,0
202934,IT,Associate,43,9,8551.02,No,2.0,4,Yes,0
202935,IT,Specialist,35,12,11133.61,No,5.0,0,Yes,0
202936,IT,Engineer,36,12,12747.71,No,1.0,2,Yes,0
202937,Marketing,Associate,58,4,7007.45,Yes,2.0,7,No,0
202938,Marketing,Associate,54,14,10489.92,No,2.0,1,Yes,0
202939,IT,Specialist,54,10,9552.33,Yes,4.0,2,No,0
202940,Marketing,Manager,38,0,6502.9,Yes,4.0,2,Yes,1
202941,IT,Specialist,29,6,9004.08,Yes,4.0,6,Yes,0
202942,Finance,Manager,24,3,5396.14,No,5.0,7,Yes,0
202943,Sales,Associate,23,5,5387.44,Yes,3.0,6,Yes,0
202944,Operations,Engineer,56,10,2500.0,Yes,1.0,2,No,0
202945,Finance,Specialist,38,3,7432.37,No,2.0,5,Yes,1
202946,Operations,Associate,37,15,7710.04,Yes,1.0,8,No,0
202947,IT,Analyst,36,9,6993.41,No,4.0,6,No,0
202948,IT,Manager,28,11,10383.4,Yes,3.0,4,No,0
202949,IT,Associate,22,14,4632.35,No,2.0,5,No,1
202950,Sales,Analyst,56,10,6162.23,Yes,1.0,6,Yes,1
202951,IT,Analyst,32,4,9297.14,No,2.0,1,No,0
202952,Marketing,Specialist,39,0,10634.79,No,5.0,4,No,0
202953,Sales,Manager,43,14,5524.5,No,4.0,6,No,0
202954,Marketing,Specialist,53,11,5514.53,Yes,2.0,7,No,1
202955,Marketing,Analyst,37,6,8428.07,No,3.0,5,No,0
202956,Operations,Specialist,22,8,10339.07,No,3.0,5,No,0
202957,Finance,Analyst,32,8,2500.0,No,3.0,1,Yes,1
202958,Operations,Manager,27,12,8681.92,No,4.0,0,No,0
202959,IT,Engineer,39,14,8491.31,No,3.0,3,No,0
202960,Marketing,Engineer,52,0,6373.06,No,3.0,7,Yes,0
202961,IT,Manager,33,9,7439.21,Yes,3.0,3,No,0
202962,Sales,Engineer,35,3,3513.67,No,3.0,5,No,1
202963,IT,Manager,52,11,6512.27,No,4.0,6,Yes,0
202964,Marketing,Engineer,33,4,9215.3,No,3.0,5,No,0
202965,Finance,Engineer,38,12,7040.52,Yes,3.0,3,No,1
202966,Finance,Associate,34,7,7371.31,No,3.0,6,Yes,0
202967,Operations,Specialist,22,13,10643.36,No,5.0,4,Yes,0
202968,Sales,Associate,50,3,3140.1,No,5.0,8,Yes,0
202969,Marketing,Engineer,26,2,9838.6,No,4.0,6,No,0
202970,Sales,Specialist,38,12,9183.4,Yes,1.0,0,Yes,0
202971,Operations,Engineer,34,10,5434.92,No,1.0,8,No,0
202972,Sales,Manager,48,10,5252.69,No,5.0,2,No,0
202973,Finance,Analyst,22,0,5758.73,No,4.0,1,Yes,1
202974,,Associate,57,2,5644.54,Yes,3.0,2,Yes,0
202975,Sales,Analyst,31,7,3821.99,No,5.0,0,No,0
202976,IT,Specialist,38,14,6110.41,Yes,2.0,5,No,0
202977,Operations,Analyst,29,9,10772.61,Yes,4.0,2,Yes,1
202978,Marketing,Specialist,26,5,5178.62,No,5.0,1,No,0
202979,Finance,Manager,38,11,8609.7,Yes,5.0,2,Yes,0
202980,IT,Specialist,39,15,9359.81,No,4.0,3,No,0
202981,Finance,Manager,59,2,8252.3,No,1.0,8,No,0
202982,,Analyst,33,1,4881.13,No,5.0,2,No,0
202983,Operations,Analyst,31,3,6080.25,Yes,4.0,0,No,1
202984,Finance,Analyst,33,5,7330.34,No,2.0,3,Yes,0
202985,Operations,Engineer,57,6,7909.69,Yes,1.0,4,Yes,1
202986,Sales,Analyst,27,14,6985.84,No,2.0,5,Yes,1
202987,IT,Analyst,40,0,9716.45,Yes,4.0,3,Yes,1
202988,Marketing,Specialist,29,4,9106.78,No,2.0,5,Yes,0
202989,Marketing,Engineer,28,0,2973.81,No,4.0,0,No,0
202990,Sales,Associate,27,12,6717.24,No,3.0,8,No,1
202991,Marketing,Analyst,59,3,5061.72,No,4.0,4,Yes,1
202992,Operations,Associate,27,14,,No,2.0,3,Yes,0
202993,Operations,Associate,59,13,2500.0,No,3.0,3,No,0
202994,Operations,Analyst,59,8,7123.24,No,4.0,1,Yes,0
202995,HR,Analyst,53,7,11562.81,Yes,2.0,3,No,0
202996,IT,Manager,42,13,6393.12,No,5.0,8,No,0
202997,Sales,Manager,26,7,8409.73,No,1.0,5,Yes,0
202998,Finance,Analyst,56,13,8874.02,No,4.0,0,No,0
202999,IT,Associate,49,6,3777.86,No,3.0,1,No,0
203000,Finance,Engineer,38,5,6401.71,No,5.0,2,No,0
203001,HR,Associate,44,12,8932.67,Yes,2.0,8,No,1
203002,IT,Engineer,42,14,8368.55,No,2.0,2,No,0
203003,IT,Specialist,49,12,6227.35,No,1.0,5,Yes,0
203004,HR,Specialist,40,3,7685.43,No,1.0,0,No,0
203005,Operations,Analyst,58,0,3819.61,Yes,2.0,1,No,1
203006,Marketing,Engineer,53,6,8095.13,No,1.0,2,Yes,0
203007,Operations,Specialist,24,3,7596.55,No,1.0,4,Yes,0
203008,HR,Manager,58,0,7329.43,No,1.0,6,No,0
203009,IT,Associate,41,14,6552.09,Yes,5.0,7,No,1
203010,IT,Analyst,37,8,11714.06,No,2.0,5,Yes,0
203011,Sales,Manager,33,6,8844.41,No,1.0,3,No,1
203012,HR,Associate,60,11,3560.77,No,4.0,2,No,0
203013,Sales,Manager,23,12,6030.57,No,1.0,0,Yes,0
203014,Operations,Associate,45,13,10559.62,No,1.0,8,Yes,1
203015,Operations,Engineer,40,7,8467.46,No,3.0,3,No,0
203016,IT,Associate,58,1,6176.33,Yes,5.0,6,No,0
203017,Sales,Specialist,39,7,5372.03,No,2.0,2,No,0
203018,IT,Analyst,38,6,9226.5,No,2.0,5,No,0
203019,IT,Engineer,53,10,6099.84,No,3.0,8,No,1
203020,Operations,Manager,35,11,6152.94,No,2.0,6,No,0
203021,IT,Manager,25,5,3527.98,Yes,1.0,5,Yes,1
203022,Operations,Manager,27,7,9421.75,Yes,2.0,6,Yes,1
203023,HR,Engineer,57,1,7227.55,Yes,5.0,5,Yes,0
203024,Marketing,Engineer,31,15,8518.64,No,2.0,6,Yes,0
203025,Operations,Engineer,56,11,5216.94,No,1.0,7,Yes,0
203026,Operations,Engineer,53,2,6139.89,Yes,1.0,7,Yes,1
203027,HR,Specialist,51,2,7445.75,No,1.0,5,No,0
203028,IT,Engineer,47,3,8900.41,No,3.0,5,Yes,0
203029,Sales,Associate,34,0,8054.44,No,5.0,2,No,0
203030,Sales,Specialist,29,5,6878.91,No,5.0,1,No,1
203031,Marketing,Engineer,50,1,8063.77,No,1.0,5,Yes,1
203032,IT,Specialist,51,4,5358.05,No,3.0,1,Yes,1
203033,Marketing,Manager,49,4,5411.43,No,2.0,3,No,0
203034,Operations,Engineer,60,3,4438.42,No,4.0,7,Yes,0
203035,Operations,Associate,45,5,8072.74,No,1.0,0,No,0
203036,Sales,Associate,25,9,7468.03,No,1.0,8,No,0
203037,IT,Engineer,51,7,7606.19,Yes,2.0,0,No,0
203038,Marketing,Manager,32,9,,Yes,1.0,1,Yes,0
203039,Operations,Associate,24,3,6889.12,No,5.0,4,No,1
203040,Marketing,Associate,27,13,6377.06,Yes,5.0,2,No,0
203041,HR,Engineer,54,11,4879.07,No,5.0,8,No,0
203042,Marketing,Analyst,55,12,7756.3,No,5.0,5,No,0
203043,IT,Engineer,45,2,5842.02,No,4.0,1,No,0
203044,Operations,Associate,51,9,11561.17,No,4.0,6,Yes,0
203045,Sales,Engineer,53,2,7840.65,No,4.0,2,Yes,0
203046,IT,Analyst,28,3,6304.66,No,4.0,4,No,0
203047,Marketing,Engineer,59,2,4606.72,No,2.0,5,No,0
203048,Operations,Specialist,56,13,7521.84,No,4.0,3,Yes,0
203049,IT,Specialist,35,11,9532.05,No,1.0,8,No,0
203050,IT,Engineer,37,13,5277.95,Yes,4.0,4,No,1
203051,Operations,Manager,57,9,6331.52,No,2.0,4,Yes,1
203052,Finance,Specialist,45,0,6306.26,No,3.0,3,Yes,0
203053,Operations,Analyst,33,7,5409.27,No,5.0,2,No,0
203054,IT,Analyst,24,13,2500.0,Yes,2.0,2,Yes,1
203055,IT,Manager,51,15,5923.72,No,2.0,8,No,0
203056,IT,Specialist,55,5,7869.62,No,5.0,0,No,0
203057,Finance,Associate,49,6,4701.89,Yes,1.0,2,No,1
203058,HR,Associate,22,6,7283.22,No,1.0,4,Yes,0
203059,IT,Engineer,52,0,9090.97,No,1.0,4,No,0
203060,IT,Associate,24,5,8007.19,No,5.0,4,Yes,0
203061,Finance,Associate,59,12,4557.94,Yes,1.0,2,No,1
203062,Sales,Specialist,37,5,4224.78,No,1.0,8,Yes,1
203063,Operations,Engineer,47,15,7989.59,No,5.0,0,No,0
203064,Operations,Associate,32,12,2500.0,Yes,5.0,5,No,0
203065,IT,Manager,45,5,7397.36,No,1.0,0,No,0
203066,Finance,Associate,41,7,6454.01,No,2.0,2,No,0
203067,HR,Engineer,51,6,5923.65,No,1.0,1,Yes,1
203068,Sales,Analyst,30,10,7269.89,No,1.0,5,Yes,0
203069,Marketing,Analyst,25,5,3800.68,Yes,5.0,4,No,0
203070,Sales,Engineer,41,10,7591.61,No,4.0,2,No,0
203071,Marketing,Specialist,28,9,10088.65,No,3.0,8,No,0
203072,Marketing,Associate,56,5,12595.87,No,1.0,8,Yes,0
203073,Finance,Manager,56,5,6930.98,No,2.0,8,No,0
203074,Marketing,Associate,47,9,9383.25,No,1.0,4,No,0
203075,Finance,Specialist,51,10,8070.23,No,3.0,7,Yes,0
203076,Sales,Engineer,22,3,3010.97,No,2.0,4,No,0
203077,Finance,Manager,31,15,9609.63,Yes,3.0,4,Yes,0
203078,IT,Analyst,23,0,5083.52,No,1.0,4,Yes,1
203079,Operations,Manager,24,3,7118.14,No,5.0,1,Yes,1
203080,Finance,Specialist,59,0,5790.47,No,5.0,8,Yes,0
203081,Sales,Analyst,38,7,9481.2,Yes,1.0,0,Yes,0
203082,Marketing,Analyst,22,10,6970.47,Yes,4.0,3,No,0
203083,Marketing,Manager,56,14,7059.81,No,1.0,5,Yes,0
203084,Marketing,Associate,57,2,7648.88,No,2.0,1,Yes,0
203085,Sales,Associate,22,4,4918.44,No,1.0,4,No,0
203086,HR,Engineer,51,10,4756.73,Yes,5.0,7,No,0
203087,Marketing,Manager,56,9,5471.94,No,5.0,3,Yes,1
203088,Sales,Engineer,51,11,5070.05,No,2.0,2,No,1
203089,Finance,Specialist,42,14,10169.09,No,3.0,0,No,0
203090,Operations,Associate,21,15,10486.52,No,3.0,1,No,0
203091,IT,Associate,39,4,11245.44,No,5.0,7,No,0
203092,Marketing,Engineer,58,0,6175.24,No,4.0,3,No,1
203093,IT,Associate,59,13,11251.9,No,5.0,4,No,0
203094,Operations,Engineer,23,11,6673.5,No,3.0,1,No,1
203095,Sales,Analyst,41,15,9986.38,Yes,4.0,0,No,0
203096,Operations,Analyst,38,13,7741.56,No,5.0,3,Yes,1
203097,Sales,Specialist,37,2,7730.86,No,4.0,3,Yes,0
203098,IT,Analyst,50,15,5201.98,No,3.0,1,No,0
203099,IT,Manager,40,14,9412.46,No,5.0,1,No,0
203100,Operations,Analyst,36,7,5320.65,Yes,2.0,6,Yes,1
203101,IT,Associate,40,7,10066.91,No,1.0,3,Yes,1
203102,Finance,Specialist,41,12,4478.68,No,3.0,5,No,0
203103,Sales,Associate,28,5,7683.07,No,4.0,4,No,0
203104,Sales,Analyst,26,9,8721.64,Yes,4.0,1,No,1
203105,Marketing,Analyst,48,3,9896.62,Yes,4.0,0,No,0
203106,Operations,Engineer,35,6,6110.65,No,5.0,1,Yes,0
203107,Finance,Engineer,28,10,7811.16,Yes,4.0,4,No,1
203108,Operations,Engineer,23,12,4260.85,No,5.0,8,No,1
203109,Operations,Associate,48,12,6385.13,No,1.0,8,No,0
203110,Operations,Analyst,27,10,10011.04,No,4.0,8,No,1
203111,Finance,Associate,49,5,7663.19,Yes,2.0,2,No,0
203112,HR,Specialist,45,12,6861.16,No,2.0,3,No,0
203113,Marketing,Engineer,57,8,5380.66,Yes,5.0,3,No,0
203114,Sales,Engineer,56,8,6417.75,No,3.0,0,No,0
203115,Marketing,Analyst,44,3,9073.48,Yes,5.0,3,Yes,0
203116,IT,Manager,36,4,7095.34,No,4.0,7,No,0
203117,Finance,Specialist,27,12,6937.09,No,1.0,7,No,1
203118,IT,Engineer,46,2,4192.65,No,2.0,3,Yes,1
203119,Sales,Engineer,32,4,8539.89,No,3.0,1,Yes,0
203120,Sales,Engineer,57,8,5438.49,No,3.0,3,Yes,0
203121,IT,Associate,41,4,12941.39,No,2.0,1,No,0
203122,Sales,Associate,23,0,9879.8,Yes,5.0,5,Yes,0
203123,IT,Manager,59,9,7932.13,No,4.0,7,Yes,0
203124,Finance,Associate,59,9,4718.67,No,2.0,7,No,0
203125,HR,Specialist,56,6,8198.19,No,3.0,7,Yes,1
203126,Sales,Manager,29,7,4424.06,No,4.0,6,Yes,0
203127,Operations,Analyst,46,15,10734.19,Yes,3.0,8,Yes,0
203128,Finance,Specialist,39,2,5630.49,No,2.0,7,Yes,1
203129,Marketing,Specialist,37,5,8662.78,No,1.0,5,Yes,0
203130,Finance,Engineer,32,4,11411.55,No,3.0,2,Yes,0
203131,Finance,Analyst,47,13,4967.44,Yes,5.0,4,No,0
203132,,Associate,29,14,7617.38,No,4.0,6,No,0
203133,IT,Analyst,56,13,6402.04,Yes,1.0,1,Yes,1
203134,Sales,Manager,40,14,8237.31,Yes,3.0,8,No,1
203135,IT,Associate,23,9,4021.46,Yes,2.0,3,Yes,0
203136,IT,Analyst,49,9,7840.64,No,3.0,0,No,1
203137,IT,Specialist,54,2,7134.68,No,1.0,2,No,0
203138,HR,Manager,27,0,12277.93,No,3.0,4,No,0
203139,IT,Associate,45,1,9173.15,No,2.0,7,No,0
203140,Marketing,Analyst,40,1,12684.01,No,3.0,7,No,0
203141,Finance,Manager,40,2,10176.03,No,4.0,0,No,1
203142,Sales,Manager,53,3,8878.48,Yes,3.0,7,No,0
203143,Sales,Associate,45,7,6082.64,Yes,4.0,1,Yes,1
203144,Sales,Manager,41,14,10831.77,Yes,4.0,1,No,0
203145,Sales,Specialist,43,13,11670.09,No,3.0,4,Yes,1
203146,Sales,Associate,42,1,10542.67,No,4.0,8,Yes,0
203147,Finance,Manager,32,11,12229.0,No,2.0,6,No,1
203148,Sales,Engineer,55,12,6365.34,No,1.0,2,No,0
203149,IT,Engineer,23,12,7341.55,No,3.0,3,No,0
203150,Sales,Engineer,34,14,6518.76,No,3.0,7,No,0
203151,Sales,Manager,39,15,8298.27,No,1.0,1,No,0
203152,Marketing,Analyst,39,11,10536.33,No,5.0,4,No,0
203153,Sales,Specialist,59,3,10049.97,Yes,2.0,7,Yes,0
203154,Marketing,Specialist,54,5,6615.07,No,4.0,7,Yes,0
203155,HR,Analyst,46,9,7367.56,No,4.0,8,No,0
203156,HR,Manager,31,2,11760.95,No,2.0,7,No,0
203157,Operations,Analyst,41,7,9679.18,No,5.0,6,Yes,1
203158,Operations,Analyst,41,8,7651.6,Yes,5.0,8,No,0
203159,Marketing,Associate,55,10,6602.94,No,3.0,3,No,0
203160,Sales,Engineer,44,12,7925.54,No,5.0,4,No,0
203161,HR,Manager,34,9,11212.97,Yes,2.0,5,No,0
203162,Finance,Associate,43,4,6722.59,No,4.0,2,No,0
203163,Operations,Manager,46,13,7816.6,No,4.0,1,No,0
203164,Sales,Associate,33,1,7721.1,Yes,4.0,4,Yes,0
203165,IT,Manager,28,12,12966.73,No,5.0,2,No,1
203166,IT,Associate,54,8,7502.46,No,1.0,0,No,0
203167,Operations,Specialist,32,8,8440.04,No,5.0,6,Yes,0
203168,Marketing,Manager,57,13,7091.06,No,2.0,0,Yes,0
203169,Operations,Specialist,41,4,8339.74,Yes,5.0,3,No,0
203170,Sales,Specialist,32,7,5870.6,No,2.0,0,Yes,0
203171,Marketing,Manager,36,6,5984.41,No,4.0,3,Yes,0
203172,Marketing,Analyst,59,10,5569.24,No,1.0,2,Yes,0
203173,Operations,Engineer,54,5,7334.55,No,5.0,1,Yes,0
203174,Operations,Associate,54,6,4888.51,No,5.0,5,Yes,1
203175,Marketing,Associate,31,11,8237.14,No,1.0,5,No,0
203176,Operations,Specialist,33,12,6649.17,Yes,3.0,5,No,1
203177,IT,Manager,47,1,8928.6,No,5.0,5,No,0
203178,Operations,Engineer,47,15,5277.38,No,2.0,5,No,0
203179,Sales,Engineer,60,9,8972.37,Yes,1.0,0,Yes,1
203180,Marketing,Manager,27,0,4384.78,No,4.0,5,No,0
203181,IT,Associate,54,12,7061.73,No,5.0,2,Yes,0
203182,Sales,Analyst,49,11,6465.14,Yes,3.0,3,No,0
203183,Finance,Manager,30,4,6418.56,No,,5,Yes,0
203184,Marketing,Manager,30,0,7388.81,No,2.0,7,Yes,1
203185,IT,Associate,36,9,4107.79,No,5.0,0,No,0
203186,HR,Analyst,59,0,9303.88,No,1.0,2,No,0
203187,HR,Manager,59,9,7593.15,No,1.0,0,No,0
203188,Sales,Manager,43,7,6105.78,Yes,3.0,8,No,0
203189,HR,Engineer,42,1,6834.36,No,4.0,4,Yes,0
203190,Marketing,Manager,28,4,4061.37,Yes,1.0,7,No,0
203191,Sales,Engineer,40,13,3821.66,No,3.0,5,Yes,1
203192,Marketing,Associate,55,0,5548.78,No,4.0,2,No,0
203193,IT,Associate,40,8,4820.07,Yes,1.0,0,Yes,1
203194,Sales,Specialist,29,1,4275.14,No,3.0,3,No,0
203195,Marketing,Specialist,37,14,9792.11,Yes,5.0,6,No,0
203196,Operations,Analyst,22,13,9096.86,Yes,4.0,7,No,0
203197,Operations,Analyst,34,0,5308.56,No,2.0,3,No,0
203198,IT,Specialist,45,10,4478.73,No,3.0,5,No,0
203199,Marketing,Manager,54,14,2834.68,No,4.0,0,Yes,1
203200,Marketing,Analyst,32,5,2500.0,No,5.0,6,No,1
203201,Finance,Analyst,27,6,7355.6,No,3.0,3,Yes,0
203202,Finance,Engineer,26,8,10859.08,No,5.0,2,Yes,0
203203,Operations,Specialist,52,1,6231.99,Yes,4.0,7,Yes,1
203204,Finance,Associate,53,3,6062.94,No,3.0,0,No,0
203205,Sales,Analyst,52,2,8826.94,No,5.0,3,No,0
203206,Finance,Associate,50,5,10069.64,No,5.0,0,Yes,0
203207,Sales,Analyst,33,2,11432.96,No,2.0,3,Yes,1
203208,Operations,Engineer,47,7,8428.89,No,1.0,2,No,0
203209,Finance,Analyst,60,4,2500.0,No,2.0,8,No,0
203210,Sales,Specialist,38,1,7546.12,No,3.0,6,No,0
203211,Finance,Manager,58,5,8487.0,Yes,5.0,3,No,1
203212,Marketing,Engineer,37,6,8933.69,Yes,1.0,2,No,0
203213,Operations,Engineer,53,4,8196.59,Yes,3.0,0,Yes,0
203214,Sales,Manager,37,9,11556.63,No,5.0,5,No,0
203215,Sales,Specialist,31,12,6942.65,Yes,4.0,6,Yes,0
203216,Operations,Associate,45,1,10375.13,No,4.0,7,Yes,0
203217,Sales,Manager,50,13,9975.18,No,3.0,2,No,1
203218,Finance,Manager,47,11,2877.49,No,5.0,0,No,1
203219,Finance,Specialist,54,5,6216.35,No,5.0,7,No,0
203220,,Analyst,54,12,8961.43,No,5.0,1,No,0
203221,Operations,Associate,48,0,6774.09,No,3.0,4,Yes,0
203222,IT,Engineer,48,6,4680.86,No,5.0,4,No,0
203223,Operations,Specialist,47,14,7688.12,No,4.0,5,Yes,0
203224,Marketing,Associate,22,2,6278.21,No,1.0,6,Yes,0
203225,Marketing,Analyst,54,11,7558.5,No,3.0,8,No,0
203226,Finance,Engineer,36,10,4242.28,No,4.0,6,No,0
203227,Marketing,Engineer,23,14,9624.14,No,2.0,0,No,0
203228,Sales,Analyst,24,15,8466.62,No,3.0,8,Yes,0
203229,HR,Specialist,23,2,6982.06,Yes,1.0,4,No,1
203230,Operations,Manager,58,3,11135.74,No,5.0,1,No,0
203231,Sales,Associate,27,1,7476.55,Yes,5.0,7,Yes,1
203232,Sales,Manager,44,13,10328.86,No,2.0,3,No,0
203233,Operations,Specialist,25,12,4354.2,Yes,1.0,5,No,1
203234,Finance,Associate,58,8,6384.59,No,4.0,1,No,0
203235,Marketing,Engineer,33,12,7429.2,Yes,4.0,2,Yes,0
203236,Operations,Specialist,25,14,6497.44,Yes,2.0,7,No,0
203237,Operations,Associate,21,2,3941.05,No,1.0,7,No,1
203238,IT,Associate,43,5,6485.02,No,3.0,5,Yes,0
203239,Sales,Analyst,34,6,6253.02,No,4.0,7,Yes,0
203240,Marketing,Specialist,59,0,3790.02,Yes,4.0,6,Yes,1
203241,HR,Specialist,30,4,5642.82,No,1.0,5,Yes,0
203242,Finance,Analyst,50,6,6199.09,No,1.0,5,Yes,1
203243,HR,Analyst,46,5,5361.15,No,1.0,1,No,1
203244,Sales,Analyst,34,10,4702.27,Yes,4.0,1,Yes,0
203245,Operations,Engineer,24,7,10146.08,No,2.0,2,No,0
203246,Marketing,Specialist,52,4,7798.31,Yes,5.0,3,Yes,0
203247,Operations,Specialist,41,1,8611.41,No,5.0,4,Yes,1
203248,IT,Manager,38,5,9622.86,Yes,5.0,4,No,1
203249,Marketing,Manager,40,7,12458.85,No,3.0,5,No,0
203250,Operations,Analyst,47,9,8898.57,Yes,4.0,0,No,1
203251,Operations,Associate,34,8,5889.43,No,2.0,6,No,0
203252,Finance,Manager,54,0,8808.59,No,2.0,3,Yes,1
203253,Operations,Manager,27,5,9366.62,No,2.0,3,Yes,0
203254,HR,Engineer,44,14,7539.51,No,4.0,1,Yes,1
203255,Sales,Analyst,60,10,6106.64,Yes,4.0,2,No,0
203256,Sales,Analyst,57,11,8497.94,Yes,1.0,5,No,0
203257,IT,Manager,45,8,9061.92,No,2.0,3,No,0
203258,HR,Manager,51,14,8598.0,No,5.0,2,Yes,0
203259,Operations,Engineer,53,13,8748.85,No,4.0,4,No,0
203260,IT,Manager,26,2,3634.04,No,3.0,2,Yes,0
203261,Finance,Engineer,21,14,2500.0,Yes,3.0,2,No,0
203262,Marketing,Analyst,32,5,6231.49,No,5.0,1,No,0
203263,HR,Analyst,58,4,8308.86,No,5.0,4,Yes,0
203264,Sales,Specialist,22,11,3477.1,No,1.0,2,Yes,0
203265,Sales,Specialist,38,7,6321.95,No,3.0,5,No,1
203266,Marketing,Engineer,58,9,8904.69,No,4.0,1,Yes,0
203267,IT,Manager,23,9,4824.07,Yes,2.0,1,No,1
203268,Marketing,Analyst,58,7,8637.91,No,5.0,2,No,1
203269,Marketing,Specialist,47,4,7888.45,No,1.0,2,No,0
203270,Operations,Specialist,23,9,4548.08,Yes,1.0,2,Yes,1
203271,Operations,Manager,27,10,6744.62,No,3.0,0,Yes,0
203272,Marketing,Engineer,21,9,8415.61,Yes,3.0,5,Yes,0
203273,Sales,Associate,23,5,6100.34,No,4.0,2,No,0
203274,Finance,Associate,56,0,6311.8,No,3.0,6,Yes,0
203275,Sales,Analyst,39,14,5867.44,Yes,4.0,4,Yes,1
203276,Marketing,Analyst,36,3,10555.23,No,3.0,6,No,0
203277,Operations,Analyst,40,10,8120.67,No,3.0,7,No,0
203278,Operations,Associate,38,0,6382.26,Yes,4.0,0,Yes,0
203279,Sales,Engineer,42,15,10948.73,No,3.0,4,Yes,0
203280,Sales,Engineer,42,1,3888.66,No,5.0,5,No,1
203281,Sales,Engineer,33,6,4491.82,No,2.0,6,Yes,0
203282,Operations,Engineer,30,10,11870.87,No,1.0,3,No,0
203283,HR,Associate,51,1,4992.07,Yes,5.0,6,Yes,1
203284,IT,Specialist,22,13,7137.06,No,5.0,2,No,0
203285,Finance,Manager,44,8,2500.0,No,5.0,2,No,0
203286,Finance,Engineer,30,5,8173.22,No,4.0,6,Yes,1
203287,Operations,Engineer,38,1,9761.1,No,2.0,0,No,0
203288,HR,Manager,53,4,8130.27,No,4.0,0,No,1
203289,IT,Manager,48,1,8562.63,Yes,5.0,6,Yes,0
203290,Operations,Manager,58,0,8222.15,Yes,5.0,8,No,0
203291,HR,Manager,60,5,9224.16,No,5.0,6,No,1
203292,IT,Associate,52,7,13505.98,No,5.0,8,Yes,0
203293,IT,Associate,50,7,4953.35,No,3.0,4,Yes,0
203294,Sales,Analyst,50,2,6078.69,Yes,4.0,3,Yes,1
203295,IT,Manager,52,7,4396.35,No,2.0,0,No,1
203296,Finance,Engineer,44,5,7079.9,Yes,5.0,4,No,0
203297,IT,Manager,35,13,4968.12,No,5.0,8,No,0
203298,Operations,Associate,46,14,2500.0,No,2.0,6,No,0
203299,Marketing,Associate,34,2,,No,3.0,6,No,0
203300,Sales,Manager,26,9,9118.33,Yes,4.0,7,No,0
203301,Operations,Specialist,47,9,8958.43,No,1.0,2,No,0
203302,Sales,Engineer,32,5,7123.87,No,3.0,6,No,1
203303,Operations,Associate,37,13,5366.6,No,3.0,0,Yes,0
203304,IT,Specialist,22,12,8870.01,No,4.0,3,Yes,1
203305,IT,Specialist,23,0,8513.82,No,2.0,8,No,0
203306,Marketing,Analyst,42,5,6847.7,No,1.0,3,No,0
203307,IT,Specialist,25,15,9575.44,Yes,2.0,5,No,0
203308,Finance,Analyst,51,12,9337.53,No,3.0,0,Yes,1
203309,IT,Analyst,29,2,7163.07,No,1.0,5,Yes,1
203310,Operations,Associate,24,15,8552.99,Yes,1.0,0,No,0
203311,Sales,Associate,21,13,7071.35,Yes,1.0,8,No,0
203312,Operations,Analyst,31,13,8852.94,No,4.0,2,Yes,0
203313,Sales,Engineer,23,7,5811.63,No,1.0,3,Yes,0
203314,Marketing,Analyst,35,3,11874.73,Yes,3.0,5,Yes,0
203315,Operations,Associate,24,6,3216.88,No,,0,No,0
203316,Finance,Specialist,49,11,10477.85,No,2.0,1,No,0
203317,IT,Associate,27,13,4952.77,Yes,1.0,8,Yes,0
203318,Marketing,Associate,30,2,10664.98,No,2.0,2,Yes,0
203319,HR,Associate,29,8,6566.21,No,4.0,5,Yes,0
203320,Operations,Engineer,56,2,7289.97,No,1.0,2,No,0
203321,Sales,Specialist,56,15,6804.32,Yes,4.0,7,Yes,0
203322,Finance,Associate,43,14,5440.81,No,2.0,2,Yes,0
203323,HR,Analyst,48,2,7833.93,No,5.0,3,No,0
203324,IT,Manager,42,6,11148.88,No,2.0,3,No,0
203325,Sales,Specialist,24,11,5533.25,No,5.0,7,Yes,1
203326,Sales,Specialist,48,5,4352.45,No,2.0,5,No,0
203327,IT,Engineer,32,14,5231.57,No,3.0,7,Yes,1
203328,Sales,Engineer,57,5,9585.48,Yes,2.0,8,No,0
203329,Sales,Engineer,42,1,5180.33,No,3.0,7,No,0
203330,Finance,Engineer,49,11,5678.68,No,5.0,4,No,0
203331,Sales,Associate,47,9,8490.71,Yes,4.0,8,Yes,0
203332,Sales,Associate,39,9,13399.01,Yes,5.0,3,No,0
203333,IT,Analyst,39,13,,Yes,3.0,5,Yes,0
203334,Sales,Analyst,54,11,2500.0,Yes,5.0,2,Yes,0
203335,Finance,Engineer,44,14,9366.45,No,3.0,7,No,0
203336,HR,Analyst,50,6,7016.01,No,1.0,0,No,0
203337,Sales,Associate,41,15,11206.35,Yes,2.0,4,No,0
203338,Marketing,Analyst,59,11,4851.35,No,1.0,7,Yes,0
203339,IT,Specialist,60,5,7266.94,No,4.0,4,Yes,0
203340,Finance,Analyst,27,7,5012.51,No,3.0,8,Yes,0
203341,IT,Engineer,38,14,4466.14,No,4.0,3,Yes,0
203342,IT,Manager,36,2,5411.69,No,2.0,8,No,0
203343,Operations,Specialist,58,1,8275.53,No,4.0,5,Yes,0
203344,Operations,Specialist,31,7,5775.78,Yes,5.0,1,No,0
203345,Marketing,Associate,42,5,2740.4,No,2.0,8,No,1
203346,Finance,Specialist,43,1,6765.78,Yes,2.0,1,No,1
203347,Operations,Associate,44,7,9400.02,No,1.0,6,No,0
203348,Finance,Specialist,52,8,8199.78,No,2.0,2,Yes,1
203349,IT,Analyst,58,3,6050.95,No,1.0,5,No,0
203350,Finance,Manager,34,14,3601.54,Yes,2.0,0,Yes,1
203351,Sales,Analyst,47,6,7008.63,Yes,2.0,4,No,1
203352,Sales,Manager,22,3,10720.34,Yes,4.0,7,No,1
203353,Sales,Manager,42,10,10354.58,No,2.0,3,No,0
203354,Operations,Specialist,47,0,5056.42,No,3.0,1,No,0
203355,IT,Manager,39,15,2618.84,No,1.0,5,No,1
203356,Operations,Manager,46,4,4930.23,No,5.0,6,No,0
203357,IT,Engineer,60,12,7662.72,No,1.0,7,No,0
203358,,Associate,22,4,6141.83,Yes,2.0,7,Yes,0
203359,Marketing,Specialist,42,13,13942.13,No,1.0,0,Yes,0
203360,HR,Manager,36,1,7922.27,No,5.0,2,Yes,1
203361,Marketing,Associate,38,15,10856.95,No,2.0,8,Yes,1
203362,IT,Associate,22,0,6618.57,Yes,2.0,2,Yes,0
203363,Sales,Associate,38,7,8292.49,No,1.0,1,No,0
203364,IT,Manager,21,9,6441.53,No,5.0,5,Yes,0
203365,Marketing,Manager,37,4,5145.78,No,2.0,7,No,0
203366,Marketing,Analyst,21,3,4487.9,No,5.0,6,Yes,0
203367,Finance,Analyst,26,9,3305.02,No,1.0,0,Yes,0
203368,Sales,Analyst,45,13,7479.86,No,3.0,2,Yes,0
203369,Finance,Associate,60,4,10287.21,No,1.0,5,No,0
203370,Finance,Associate,21,9,7749.5,No,4.0,0,No,0
203371,IT,Engineer,57,10,7549.43,Yes,4.0,2,Yes,0
203372,Finance,Manager,55,1,3804.53,No,5.0,3,No,0
203373,Sales,Specialist,60,14,9713.47,No,4.0,0,Yes,0
203374,IT,Engineer,32,9,6271.27,No,4.0,8,No,0
203375,Sales,Analyst,57,12,8796.66,No,1.0,4,No,1
203376,IT,Manager,24,3,8107.05,No,4.0,3,No,0
203377,IT,Manager,52,7,7314.17,Yes,1.0,8,Yes,0
203378,Operations,Manager,45,2,7498.59,No,1.0,2,No,0
203379,HR,Manager,26,6,8217.82,No,4.0,3,Yes,0
203380,Sales,Analyst,26,1,4297.87,No,1.0,3,No,0
203381,IT,Associate,46,8,11156.21,No,4.0,3,Yes,0
203382,Marketing,Specialist,34,10,7219.09,No,1.0,3,Yes,0
203383,Sales,Specialist,44,7,7305.02,No,4.0,7,Yes,1
203384,Sales,Analyst,28,11,6593.96,No,2.0,7,No,0
203385,IT,Specialist,60,13,11077.15,No,1.0,2,No,0
203386,Marketing,Specialist,50,10,10020.6,No,1.0,8,No,0
203387,Operations,Manager,56,14,5740.03,Yes,1.0,2,Yes,0
203388,Operations,Analyst,54,5,6665.41,No,1.0,0,No,0
203389,Finance,Analyst,22,9,4423.0,Yes,1.0,5,No,0
203390,Finance,Analyst,59,6,5811.02,No,2.0,8,No,0
203391,Operations,Manager,45,8,7051.35,No,1.0,6,No,0
203392,Operations,Engineer,38,0,10453.92,No,3.0,0,No,1
203393,Finance,Manager,27,3,10975.39,No,2.0,5,No,1
203394,IT,Engineer,37,7,10414.0,Yes,3.0,2,Yes,0
203395,HR,Manager,33,6,7248.68,Yes,2.0,2,Yes,0
203396,Operations,Specialist,47,9,9137.28,Yes,2.0,8,No,0
203397,IT,Associate,51,8,4529.23,No,5.0,6,Yes,0
203398,IT,Engineer,26,3,5870.17,Yes,1.0,5,No,0
203399,Operations,Engineer,21,7,10322.72,No,5.0,1,Yes,0
203400,IT,Associate,27,1,6984.41,No,5.0,4,No,0
203401,Operations,Specialist,54,9,7886.22,No,3.0,0,No,0
203402,Marketing,Engineer,50,2,9617.24,No,2.0,8,Yes,1
203403,IT,Engineer,35,4,6625.23,No,3.0,7,No,0
203404,Operations,Analyst,54,10,6412.28,No,2.0,5,Yes,0
203405,Operations,Specialist,47,2,6855.98,Yes,4.0,0,Yes,0
203406,Operations,Specialist,40,11,7109.52,No,3.0,3,Yes,0
203407,Sales,Associate,34,5,5770.76,Yes,5.0,0,Yes,0
203408,Finance,Manager,44,7,4908.35,No,5.0,4,No,0
203409,Operations,Engineer,58,8,6725.92,No,3.0,1,No,0
203410,Sales,Analyst,25,3,8608.71,No,4.0,6,No,0
203411,Marketing,Associate,27,6,8973.7,No,4.0,5,Yes,0
203412,Marketing,Specialist,48,1,3025.31,No,5.0,0,Yes,1
203413,IT,Analyst,21,11,6076.75,Yes,1.0,1,No,1
203414,Operations,Associate,51,14,3351.86,No,2.0,4,No,0
203415,IT,Specialist,47,15,6082.12,No,3.0,3,No,0
203416,Operations,Associate,44,15,6920.55,No,2.0,5,No,1
203417,IT,Manager,44,10,7425.26,No,4.0,4,Yes,0
203418,Operations,Analyst,51,6,2719.73,No,3.0,1,Yes,0
203419,Finance,Manager,45,11,7881.59,No,1.0,5,Yes,0
203420,Finance,Manager,44,14,9562.88,No,3.0,4,No,0
203421,Operations,Associate,34,7,4028.58,Yes,5.0,8,Yes,0
203422,Operations,Manager,53,10,8547.25,No,3.0,8,Yes,0
203423,IT,Analyst,53,6,7406.52,No,2.0,3,No,0
203424,Sales,Associate,34,5,7925.79,No,1.0,2,No,0
203425,Marketing,Specialist,55,8,3656.4,No,3.0,4,Yes,0
203426,Sales,Associate,44,0,4111.05,No,4.0,8,No,0
203427,IT,Engineer,40,5,8446.27,No,2.0,7,No,1
203428,Operations,Specialist,39,14,6876.02,Yes,4.0,6,Yes,0
203429,Operations,Specialist,21,8,11396.62,No,3.0,7,No,0
203430,Marketing,Manager,22,5,7024.32,No,2.0,1,No,0
203431,Marketing,Analyst,31,0,3715.14,Yes,3.0,8,Yes,0
203432,Operations,Manager,35,15,6147.23,No,2.0,8,Yes,0
203433,IT,Manager,45,13,4117.63,Yes,4.0,6,No,0
203434,Finance,Engineer,54,2,7152.22,Yes,4.0,2,No,0
203435,Operations,Associate,45,1,7621.12,Yes,5.0,1,Yes,1
203436,Marketing,Specialist,37,7,10473.03,No,5.0,0,No,0
203437,Sales,Associate,26,7,9494.27,No,5.0,8,Yes,0
203438,Finance,Associate,43,2,4561.44,No,1.0,7,No,1
203439,HR,Analyst,55,14,4900.73,No,5.0,7,No,0
203440,Operations,Associate,40,11,2500.0,No,2.0,8,No,1
203441,IT,Specialist,34,11,6981.99,No,2.0,4,No,0
203442,Operations,Engineer,55,15,12273.57,Yes,4.0,2,No,0
203443,Operations,Associate,30,3,10153.46,No,4.0,0,Yes,1
203444,IT,Engineer,31,12,6650.19,No,3.0,2,Yes,0
203445,Operations,Specialist,34,8,8066.16,No,5.0,4,Yes,1
203446,Operations,Analyst,37,14,7666.35,No,3.0,2,Yes,1
203447,HR,Associate,49,5,4202.2,No,5.0,0,No,0
203448,Operations,Manager,46,1,10882.26,Yes,3.0,6,Yes,0
203449,IT,Associate,29,10,8033.19,No,4.0,4,Yes,0
203450,HR,Manager,26,2,4718.38,No,5.0,6,Yes,0
203451,Finance,Manager,33,13,8029.78,No,2.0,8,No,1
203452,Sales,Associate,42,3,5001.07,No,1.0,4,No,0
203453,Sales,Associate,50,9,4882.74,Yes,1.0,4,Yes,0
203454,Sales,Engineer,24,14,5490.61,No,2.0,0,No,0
203455,Operations,Engineer,21,15,9699.56,No,5.0,0,No,0
203456,Finance,Engineer,24,4,11547.84,No,2.0,2,Yes,0
203457,Sales,Analyst,33,11,6515.35,Yes,1.0,3,Yes,0
203458,Marketing,Analyst,28,2,7766.87,No,1.0,8,No,0
203459,Finance,Associate,31,12,8012.67,No,4.0,6,No,0
203460,Finance,Associate,39,11,4770.82,No,3.0,7,Yes,0
203461,Finance,Specialist,21,6,7036.03,No,4.0,2,No,0
203462,Finance,Engineer,49,3,6618.8,Yes,3.0,8,Yes,0
203463,Operations,Associate,43,12,2631.49,No,5.0,1,No,0
203464,Operations,Associate,24,2,5106.27,Yes,1.0,6,Yes,0
203465,Sales,Analyst,51,11,6337.76,No,4.0,8,No,1
203466,IT,Analyst,22,14,8853.78,No,5.0,7,No,0
203467,IT,Analyst,33,6,6334.99,Yes,2.0,5,No,0
203468,Operations,Specialist,60,8,3124.12,Yes,2.0,6,Yes,1
203469,Operations,Associate,29,9,5706.17,Yes,5.0,4,Yes,0
203470,Operations,Associate,28,1,,No,3.0,1,No,0
203471,IT,Analyst,48,10,7580.7,No,1.0,7,Yes,0
203472,Finance,Manager,40,13,11143.3,No,2.0,4,Yes,0
203473,Operations,Engineer,51,12,8192.69,Yes,1.0,7,Yes,1
203474,Sales,Specialist,46,9,13189.33,No,4.0,1,No,0
203475,Sales,Manager,24,6,2974.63,No,5.0,5,Yes,0
203476,Operations,Associate,34,3,7629.6,No,1.0,2,No,0
203477,Operations,Analyst,43,1,8178.4,No,5.0,1,Yes,0
203478,Operations,Specialist,41,11,8025.94,No,1.0,0,Yes,1
203479,HR,Manager,26,10,2500.0,No,2.0,2,No,1
203480,Sales,Specialist,40,14,8446.21,Yes,1.0,6,Yes,1
203481,Marketing,Analyst,45,3,7258.04,No,4.0,7,No,0
203482,Operations,Specialist,39,11,7441.9,Yes,2.0,7,Yes,0
203483,Finance,Engineer,23,5,5761.1,No,3.0,0,No,0
203484,IT,Manager,42,2,8098.73,Yes,4.0,4,No,0
203485,Sales,Engineer,40,15,3439.52,No,2.0,8,No,0
203486,Marketing,Specialist,30,9,3910.62,No,2.0,6,No,0
203487,Operations,Analyst,40,2,7216.76,No,2.0,4,No,1
203488,Operations,Engineer,58,6,6301.07,No,1.0,0,No,0
203489,Marketing,Engineer,50,11,5157.77,No,4.0,5,No,0
203490,IT,Analyst,52,3,3006.14,No,2.0,2,No,1
203491,Operations,Associate,32,12,7639.11,No,5.0,3,Yes,1
203492,Operations,Specialist,45,5,9576.49,No,2.0,5,No,1
203493,Operations,Specialist,26,2,6755.29,No,1.0,7,No,0
203494,Sales,Specialist,21,4,4647.82,Yes,1.0,8,Yes,1
203495,IT,Associate,51,4,8712.09,No,1.0,7,Yes,1
203496,Sales,Analyst,40,15,5765.23,Yes,1.0,4,Yes,0
203497,Finance,Manager,25,15,8871.96,No,4.0,2,Yes,0
203498,IT,Analyst,31,2,9089.02,No,4.0,1,Yes,0
203499,IT,Associate,24,5,7984.29,Yes,1.0,3,No,0
203500,Operations,Associate,22,15,8140.57,Yes,5.0,7,Yes,1
203501,Marketing,Engineer,27,9,5003.92,Yes,5.0,0,No,0
203502,Marketing,Analyst,33,15,7590.6,Yes,2.0,4,Yes,0
203503,HR,Specialist,26,12,10249.0,No,4.0,3,No,0
203504,Operations,Manager,58,13,8702.06,Yes,1.0,2,No,0
203505,Operations,Associate,60,10,10363.07,Yes,1.0,5,No,1
203506,Finance,Specialist,25,0,10984.46,No,4.0,5,No,0
203507,IT,Specialist,48,12,11832.39,No,5.0,1,Yes,1
203508,HR,Analyst,33,2,2500.0,No,3.0,8,No,1
203509,Operations,Analyst,51,8,4259.61,Yes,1.0,6,Yes,0
203510,Marketing,Analyst,45,7,10930.07,No,3.0,7,No,0
203511,Marketing,Analyst,26,15,8843.66,No,1.0,3,Yes,0
203512,Marketing,Analyst,35,11,8361.0,No,5.0,6,Yes,0
203513,Marketing,Engineer,41,1,5510.23,Yes,1.0,0,No,0
203514,Operations,Specialist,39,9,4593.26,Yes,2.0,2,No,0
203515,HR,Specialist,29,7,7196.19,Yes,2.0,6,No,0
203516,Operations,Engineer,29,11,5214.18,No,2.0,6,No,0
203517,IT,Manager,32,6,10277.99,No,4.0,5,Yes,0
203518,Marketing,Analyst,44,15,4666.63,No,1.0,0,No,0
203519,Sales,Analyst,42,2,8130.19,No,3.0,3,No,1
203520,Marketing,Analyst,32,13,6663.68,No,5.0,2,No,0
203521,Sales,Specialist,40,12,7705.79,Yes,3.0,5,Yes,0
203522,Finance,Engineer,51,6,8278.78,No,1.0,7,No,0
203523,Operations,Manager,49,11,7109.12,Yes,1.0,3,Yes,0
203524,Operations,Associate,-7,2,7976.7,No,2.0,4,No,0
203525,HR,Manager,56,0,6296.41,No,5.0,2,No,0
203526,Finance,Analyst,33,11,6569.34,No,1.0,6,No,0
203527,Finance,Specialist,50,1,7336.2,No,3.0,2,No,0
203528,IT,Specialist,46,10,11497.03,Yes,5.0,6,Yes,1
203529,Operations,Associate,34,13,9665.2,Yes,1.0,0,No,0
203530,HR,Manager,47,14,5510.15,No,4.0,6,No,0
203531,Operations,Engineer,29,1,3207.21,No,1.0,2,No,0
203532,Operations,Associate,45,6,10742.01,Yes,3.0,2,No,1
203533,Sales,Analyst,43,8,9515.54,No,4.0,5,No,0
203534,Sales,Manager,41,12,3228.54,No,3.0,5,Yes,0
203535,Operations,Manager,43,15,8591.45,Yes,3.0,5,No,0
203536,Finance,Analyst,43,9,9256.91,No,5.0,5,No,1
203537,HR,Specialist,23,9,4708.65,No,2.0,6,No,1
203538,Finance,Associate,44,7,13608.17,No,3.0,8,No,0
203539,Finance,Manager,36,12,7696.88,Yes,4.0,7,Yes,0
203540,Finance,Analyst,48,5,8748.39,No,2.0,1,Yes,0
203541,IT,Specialist,42,5,6057.47,No,5.0,0,No,1
203542,Finance,Specialist,45,6,8514.99,No,4.0,0,Yes,0
203543,HR,Manager,21,11,11465.09,No,1.0,0,No,0
203544,Finance,Analyst,33,11,3111.83,No,2.0,3,Yes,0
203545,IT,Manager,37,10,7599.62,No,3.0,5,No,0
203546,Sales,Specialist,29,6,9660.03,No,3.0,1,Yes,1
203547,Operations,Engineer,22,13,10589.52,No,3.0,3,No,0
203548,Marketing,Specialist,44,2,5573.07,No,2.0,8,Yes,0
203549,Operations,Manager,46,11,3116.8,Yes,5.0,1,Yes,0
203550,Operations,Engineer,52,8,11717.7,No,2.0,2,No,0
203551,Marketing,Associate,32,4,10617.04,No,4.0,5,No,0
203552,Operations,Engineer,21,8,2500.0,No,4.0,6,Yes,0
203553,HR,Analyst,55,14,6446.86,No,5.0,2,No,0
203554,Sales,Analyst,35,13,9371.61,No,2.0,0,Yes,0
203555,IT,Associate,54,11,9339.74,No,4.0,0,No,0
203556,Marketing,Associate,24,10,5982.15,Yes,2.0,8,No,1
203557,Sales,Analyst,23,14,7994.23,No,1.0,1,No,1
203558,Sales,Associate,50,4,8678.2,Yes,3.0,1,No,0
203559,Sales,Engineer,50,4,5516.87,Yes,1.0,4,No,0
203560,Operations,Manager,60,11,6408.02,Yes,2.0,4,No,0
203561,IT,Analyst,41,2,8835.92,No,5.0,7,Yes,0
203562,IT,Manager,23,11,4696.23,No,1.0,1,No,1
203563,IT,Analyst,36,5,5844.61,Yes,4.0,1,Yes,0
203564,Operations,Engineer,60,0,8916.35,No,1.0,7,Yes,0
203565,IT,Analyst,58,12,7884.02,No,4.0,5,Yes,0
203566,HR,Specialist,51,5,11049.6,No,1.0,7,No,0
203567,IT,Analyst,51,11,7781.67,No,4.0,5,No,0
203568,Marketing,Specialist,37,5,9749.15,No,3.0,8,No,0
203569,Sales,Manager,44,13,10004.3,No,5.0,6,No,1
203570,Sales,Engineer,29,6,9844.51,No,4.0,7,Yes,0
203571,Marketing,Specialist,39,4,7420.17,Yes,5.0,2,No,0
203572,Sales,Engineer,33,5,7825.92,No,3.0,3,No,1
203573,Marketing,Engineer,56,10,6193.54,No,3.0,7,No,0
203574,Marketing,Manager,44,12,5076.69,Yes,1.0,8,No,1
203575,Marketing,Manager,27,7,6221.13,No,4.0,6,No,0
203576,IT,Manager,39,5,10887.29,No,4.0,4,No,0
203577,Operations,Manager,25,12,7931.7,No,2.0,8,No,0
203578,HR,Associate,34,14,2500.0,No,3.0,0,Yes,0
203579,Finance,Associate,30,4,7241.68,Yes,4.0,5,Yes,0
203580,Operations,Analyst,59,4,5228.96,No,4.0,7,No,0
203581,Sales,Associate,41,5,9898.9,Yes,5.0,5,No,0
203582,Operations,Engineer,53,3,8133.29,Yes,4.0,1,Yes,0
203583,HR,Specialist,45,10,8245.15,No,4.0,0,Yes,0
203584,HR,Engineer,41,9,11275.13,Yes,5.0,2,No,0
203585,Sales,Manager,38,15,6277.03,No,4.0,8,Yes,0
203586,Operations,Specialist,34,14,9511.49,No,3.0,5,No,0
203587,Marketing,Specialist,53,1,6981.01,No,4.0,0,Yes,0
203588,IT,Engineer,47,8,5177.82,No,3.0,2,Yes,0
203589,Operations,Specialist,34,4,7600.1,No,5.0,1,Yes,1
203590,IT,Analyst,30,11,8098.9,No,5.0,6,No,0
203591,Operations,Specialist,29,0,6739.51,No,4.0,4,Yes,0
203592,Marketing,Engineer,50,4,6449.08,No,2.0,7,No,0
203593,Sales,Analyst,22,1,8468.42,No,4.0,5,Yes,1
203594,Sales,Manager,49,10,6100.43,No,4.0,3,No,0
203595,IT,Specialist,29,11,4915.15,Yes,4.0,0,Yes,1
203596,Sales,Analyst,28,3,8359.41,No,1.0,7,Yes,0
203597,IT,Analyst,42,8,5291.41,No,4.0,1,No,0
203598,Marketing,Manager,35,5,3702.02,No,2.0,3,No,0
203599,HR,Manager,60,0,5061.53,Yes,2.0,5,Yes,0
203600,IT,Specialist,46,14,7570.41,Yes,1.0,1,Yes,0
203601,HR,Engineer,59,2,12122.05,No,5.0,1,Yes,0
203602,IT,Specialist,51,3,4221.16,Yes,4.0,5,Yes,1
203603,IT,Associate,32,3,7445.61,No,1.0,5,No,1
203604,IT,Specialist,24,10,6112.48,No,2.0,0,No,0
203605,Operations,Manager,28,4,8144.44,No,5.0,3,No,0
203606,Operations,Associate,23,0,9593.36,No,3.0,2,Yes,1
203607,Finance,Associate,23,9,9193.91,No,5.0,8,Yes,0
203608,Marketing,Associate,40,6,11193.15,Yes,4.0,6,No,1
203609,Sales,Engineer,56,10,10495.48,No,1.0,8,No,1
203610,HR,Specialist,48,6,2570.67,Yes,3.0,1,No,0
203611,Sales,Engineer,28,13,7378.36,No,2.0,3,Yes,0
203612,Finance,Manager,39,7,6068.57,Yes,2.0,8,No,1
203613,Sales,Analyst,31,15,10239.46,No,1.0,5,No,0
203614,IT,Analyst,41,6,8681.19,No,2.0,1,Yes,0
203615,Operations,Manager,42,7,3860.47,No,4.0,7,Yes,0
203616,HR,Analyst,40,14,11085.46,No,3.0,3,Yes,0
203617,HR,Analyst,30,7,4952.24,No,3.0,3,Yes,0
203618,Finance,Specialist,34,4,8465.85,Yes,5.0,4,Yes,0
203619,IT,Associate,30,13,11516.01,No,1.0,4,No,0
203620,IT,Analyst,28,15,6749.63,No,2.0,1,Yes,0
203621,Operations,Engineer,29,12,5163.74,Yes,3.0,7,No,0
203622,HR,Engineer,52,0,5179.52,No,5.0,2,No,1
203623,Sales,Specialist,49,13,4482.29,No,4.0,4,No,0
203624,IT,Manager,43,1,6218.57,No,4.0,8,No,0
203625,Operations,Associate,27,12,2500.0,Yes,3.0,5,No,0
203626,Finance,Manager,58,1,8768.43,No,3.0,8,No,0
203627,Operations,Associate,51,12,5721.8,No,2.0,6,Yes,0
203628,Finance,Manager,52,15,6098.83,No,5.0,2,No,1
203629,IT,Manager,46,10,7456.75,Yes,3.0,4,No,0
203630,IT,Engineer,50,1,13261.01,No,2.0,4,No,0
203631,IT,Associate,51,2,8269.24,No,2.0,2,No,0
203632,IT,Specialist,34,13,2500.0,Yes,3.0,1,Yes,0
203633,Finance,Analyst,34,0,3565.22,No,3.0,1,No,0
203634,Operations,Manager,44,2,7080.83,No,1.0,1,Yes,0
203635,Sales,Analyst,38,3,7638.96,No,3.0,8,Yes,0
203636,Marketing,Specialist,54,12,6099.01,Yes,3.0,7,Yes,0
203637,IT,Manager,28,7,5549.09,No,5.0,6,Yes,0
203638,Finance,Engineer,52,12,7408.82,No,3.0,5,Yes,0
203639,Marketing,Specialist,57,13,2500.0,No,2.0,7,No,0
203640,,Associate,52,14,6775.22,No,4.0,2,Yes,0
203641,Marketing,Associate,52,8,2500.0,Yes,4.0,7,Yes,1
203642,Sales,Manager,41,0,9459.02,Yes,4.0,3,Yes,0
203643,Marketing,Manager,53,11,3761.93,No,2.0,6,No,0
203644,HR,Manager,53,12,5863.16,Yes,5.0,2,No,0
203645,Operations,Engineer,37,0,8645.43,No,1.0,8,No,0
203646,Sales,Engineer,29,7,2500.0,Yes,4.0,8,No,0
203647,Sales,Manager,29,1,5758.43,No,1.0,8,Yes,0
203648,Sales,Specialist,60,2,10989.74,No,3.0,1,No,0
203649,Operations,Analyst,33,1,2637.47,Yes,5.0,8,No,1
203650,Operations,Engineer,40,6,4473.47,Yes,2.0,7,No,1
203651,IT,Associate,23,5,2500.0,No,1.0,0,No,1
203652,Sales,Manager,25,2,11075.94,Yes,2.0,1,No,0
203653,Sales,Analyst,22,0,5413.45,No,3.0,1,No,0
203654,IT,Specialist,36,7,5200.21,No,1.0,1,No,0
203655,Finance,Manager,43,7,7706.86,No,1.0,0,Yes,0
203656,Sales,Manager,32,12,7144.63,No,1.0,7,Yes,0
203657,Marketing,Analyst,49,2,4604.84,No,1.0,8,No,0
203658,IT,Engineer,33,1,4825.4,No,5.0,8,Yes,0
203659,Sales,Manager,30,0,,No,4.0,8,No,0
203660,HR,Associate,25,4,6180.99,No,4.0,2,Yes,0
203661,Operations,Engineer,25,8,10047.6,No,3.0,7,Yes,0
203662,Operations,Specialist,32,8,9888.85,No,2.0,6,Yes,0
203663,Operations,Specialist,34,4,3799.96,No,1.0,2,Yes,0
203664,Operations,Specialist,59,1,6865.05,No,1.0,2,Yes,0
203665,Sales,Associate,30,6,7646.23,No,3.0,4,No,0
203666,IT,Specialist,30,12,7377.47,No,3.0,0,Yes,1
203667,Operations,Analyst,50,3,7477.23,No,3.0,1,No,0
203668,Operations,Manager,23,12,7706.33,No,4.0,2,Yes,0
203669,Finance,Manager,60,13,2500.0,Yes,5.0,8,Yes,1
203670,HR,Analyst,36,2,8843.87,No,3.0,0,No,0
203671,Operations,Analyst,24,1,8491.63,Yes,1.0,6,Yes,1
203672,IT,Manager,54,6,8992.92,No,4.0,2,No,0
203673,IT,Analyst,27,12,7867.71,No,5.0,3,Yes,0
203674,IT,Specialist,24,1,6119.0,No,1.0,8,Yes,0
203675,IT,Analyst,40,3,13609.72,Yes,2.0,0,No,0
203676,Finance,Manager,48,6,5709.57,No,3.0,6,Yes,0
203677,Sales,Manager,37,3,7405.17,No,2.0,3,No,0
203678,IT,Engineer,41,11,5591.56,No,1.0,4,No,1
203679,IT,Engineer,46,14,9088.54,No,2.0,0,Yes,0
203680,IT,Specialist,45,15,7213.11,No,4.0,2,No,1
203681,Operations,Analyst,39,7,8493.71,Yes,4.0,6,No,1
203682,Sales,Analyst,42,1,8084.14,Yes,4.0,1,No,0
203683,IT,Associate,44,0,5209.48,Yes,5.0,3,No,1
203684,Operations,Associate,51,2,10445.3,Yes,3.0,2,No,0
203685,Sales,Specialist,42,7,6475.23,No,3.0,0,No,1
203686,IT,Manager,40,8,4072.6,No,5.0,4,Yes,0
203687,Sales,Manager,51,12,2500.0,Yes,2.0,4,Yes,0
203688,Operations,Engineer,54,2,10578.98,Yes,3.0,2,No,0
203689,Operations,Specialist,57,6,8718.7,No,3.0,6,Yes,0
203690,Marketing,Manager,53,10,8826.61,No,4.0,2,No,0
203691,Operations,Manager,45,12,5861.48,No,5.0,8,No,0
203692,Marketing,Specialist,23,15,9017.94,No,2.0,7,No,0
203693,,Engineer,33,10,7837.18,No,2.0,6,No,0
203694,Sales,Engineer,54,10,3610.98,No,5.0,1,Yes,1
203695,Operations,Associate,39,9,9814.41,No,1.0,0,Yes,1
203696,Marketing,Engineer,45,0,5457.11,Yes,4.0,7,Yes,0
203697,Finance,Engineer,37,3,5280.72,No,4.0,0,No,0
203698,Marketing,Manager,29,3,9581.0,Yes,5.0,4,No,0
203699,IT,Analyst,42,3,5092.49,No,1.0,3,Yes,0
203700,HR,Specialist,46,10,2500.0,No,5.0,5,No,0
203701,Finance,Analyst,42,11,7218.21,Yes,3.0,5,No,0
203702,Sales,Manager,58,10,5107.85,Yes,1.0,2,Yes,0
203703,Finance,Associate,41,7,7821.72,No,3.0,1,No,0
203704,Sales,Associate,26,0,8625.13,No,3.0,1,No,0
203705,Sales,Specialist,60,2,8643.22,No,2.0,1,Yes,0
203706,HR,Associate,51,11,7744.76,No,3.0,4,Yes,0
203707,HR,Associate,58,13,9675.34,Yes,2.0,0,No,0
203708,IT,Associate,40,5,8231.59,No,3.0,5,No,0
203709,Sales,Associate,32,12,3426.65,Yes,2.0,7,No,0
203710,Operations,Engineer,38,8,11734.84,Yes,2.0,4,No,0
203711,IT,Engineer,44,9,6488.05,No,3.0,5,No,0
203712,Operations,Specialist,55,11,8493.34,No,2.0,4,No,0
203713,Operations,Analyst,48,2,2500.0,No,1.0,0,Yes,1
203714,Sales,Analyst,46,12,9497.48,No,4.0,8,No,0
203715,Marketing,Engineer,23,2,6248.48,Yes,5.0,0,Yes,1
203716,Finance,Engineer,22,9,6335.12,Yes,2.0,7,Yes,0
203717,Sales,Specialist,43,8,10434.88,No,4.0,8,No,0
203718,Marketing,Analyst,29,14,8333.57,No,3.0,8,Yes,1
203719,Operations,Specialist,39,11,11386.64,No,4.0,8,No,0
203720,Sales,Manager,47,12,5631.15,No,1.0,2,No,0
203721,Marketing,Associate,51,0,9482.14,No,2.0,0,Yes,0
203722,IT,Analyst,54,10,5132.2,Yes,3.0,7,No,0
203723,Marketing,Analyst,42,3,3159.8,No,5.0,6,Yes,0
203724,Sales,Specialist,26,5,5454.35,No,4.0,5,No,0
203725,Marketing,Associate,28,6,3577.22,Yes,3.0,7,Yes,1
203726,Sales,Specialist,41,13,5183.23,No,2.0,3,No,1
203727,IT,Manager,31,7,2617.72,No,4.0,7,No,0
203728,Marketing,Specialist,41,5,2500.0,No,2.0,6,No,0
203729,Sales,Associate,55,3,5023.22,No,4.0,0,No,0
203730,HR,Engineer,35,8,6964.13,No,4.0,2,No,0
203731,Operations,Specialist,40,9,9140.69,No,1.0,5,No,1
203732,Sales,Analyst,50,12,5275.81,No,1.0,5,Yes,0
203733,Finance,Specialist,34,2,7007.75,No,5.0,8,Yes,1
203734,Sales,Specialist,41,0,10146.08,No,2.0,4,No,0
203735,Operations,Engineer,28,12,8099.27,No,1.0,0,Yes,0
203736,Operations,Engineer,56,3,9838.62,No,5.0,5,No,1
203737,Sales,Engineer,32,6,8090.33,No,1.0,0,Yes,0
203738,HR,Specialist,40,7,6502.12,No,4.0,0,No,0
203739,Operations,Analyst,33,11,4377.65,No,5.0,4,No,1
203740,Marketing,Engineer,27,8,2780.42,No,1.0,3,No,0
203741,HR,Associate,46,12,5347.98,No,3.0,0,Yes,0
203742,Finance,Specialist,42,15,2500.0,No,4.0,4,No,0
203743,HR,Specialist,33,12,11505.53,No,5.0,0,No,0
203744,IT,Manager,46,11,8850.87,No,1.0,5,No,0
203745,Sales,Specialist,27,10,8553.83,No,1.0,2,Yes,0
203746,Operations,Analyst,38,15,8555.27,No,4.0,7,Yes,0
203747,Sales,Manager,31,4,10971.64,No,4.0,6,Yes,0
203748,HR,Associate,45,8,9315.15,No,5.0,5,No,0
203749,Finance,Analyst,54,4,6201.08,No,1.0,0,Yes,1
203750,Finance,Manager,29,8,4783.27,Yes,1.0,5,No,0
203751,IT,Manager,41,13,5150.03,Yes,4.0,7,No,1
203752,Operations,Engineer,53,5,12095.29,No,4.0,6,No,1
203753,Operations,Manager,52,1,6725.09,Yes,4.0,4,No,0
203754,Sales,Associate,35,5,7311.77,No,5.0,0,Yes,0
203755,Finance,Analyst,56,2,5781.76,No,3.0,7,No,0
203756,Marketing,Specialist,39,3,3930.25,No,5.0,2,No,1
203757,Marketing,Analyst,45,0,9238.63,Yes,2.0,2,Yes,0
203758,Finance,Associate,54,3,7951.57,No,3.0,3,No,1
203759,IT,Analyst,60,7,7661.93,No,2.0,1,No,0
203760,Finance,Engineer,42,12,9441.44,No,4.0,0,No,0
203761,Operations,Analyst,28,12,7648.09,Yes,3.0,2,No,0
203762,HR,Specialist,53,9,4831.93,No,3.0,3,Yes,0
203763,IT,Analyst,54,5,6751.24,No,2.0,1,No,0
203764,Sales,Analyst,57,0,7017.01,No,2.0,1,No,0
203765,,Specialist,44,2,5456.71,No,4.0,6,No,0
203766,Finance,Associate,23,5,6607.19,No,3.0,2,No,0
203767,Sales,Associate,56,3,5612.49,No,4.0,7,Yes,0
203768,Marketing,Associate,55,2,5282.29,No,4.0,6,Yes,0
203769,Sales,Analyst,56,11,2985.49,No,2.0,0,Yes,0
203770,Sales,Manager,25,6,6705.49,No,3.0,3,No,1
203771,Sales,Engineer,37,11,6481.05,Yes,2.0,2,No,0
203772,IT,Engineer,33,3,3795.3,Yes,5.0,6,No,1
203773,Sales,Manager,45,1,4379.75,No,5.0,2,No,0
203774,Sales,Manager,55,15,10398.22,Yes,1.0,3,No,0
203775,Operations,Manager,56,15,7651.69,Yes,1.0,4,Yes,0
203776,Sales,Analyst,31,12,2500.0,No,1.0,8,No,0
203777,IT,Analyst,22,7,8340.67,Yes,2.0,4,No,0
203778,IT,Manager,25,13,8754.85,No,5.0,5,No,0
203779,HR,Manager,21,3,4415.95,No,5.0,8,Yes,1
203780,Sales,Manager,41,15,8855.04,Yes,2.0,6,No,0
203781,IT,Manager,22,13,7101.43,No,1.0,3,Yes,0
203782,Marketing,Manager,55,8,6780.61,No,3.0,1,No,1
203783,IT,Associate,23,8,5911.55,No,1.0,8,No,0
203784,Operations,Manager,55,14,8388.69,No,3.0,0,Yes,0
203785,Operations,Specialist,24,4,6810.98,Yes,1.0,5,Yes,0
203786,HR,Engineer,38,11,6076.54,No,5.0,3,No,1
203787,Operations,Associate,49,7,5948.28,No,5.0,6,No,0
203788,HR,Manager,39,12,5325.86,No,5.0,5,No,0
203789,Sales,Analyst,42,6,8495.06,Yes,2.0,5,No,0
203790,Operations,Analyst,55,8,8386.89,No,4.0,5,Yes,0
203791,Operations,Specialist,32,15,3985.74,No,2.0,5,No,0
203792,Sales,Analyst,43,11,9277.61,No,3.0,2,Yes,0
203793,Operations,Manager,22,15,3646.58,No,3.0,6,Yes,0
203794,Marketing,Analyst,32,12,5792.42,No,4.0,7,Yes,0
203795,Marketing,Associate,41,3,7653.28,Yes,3.0,6,Yes,0
203796,Operations,Engineer,31,13,2500.0,No,2.0,0,Yes,0
203797,Sales,Associate,47,0,7437.34,No,4.0,3,No,0
203798,HR,Engineer,55,0,2500.0,Yes,3.0,6,No,1
203799,Marketing,Manager,30,0,7894.09,No,1.0,2,Yes,0
203800,Marketing,Specialist,42,6,2500.0,Yes,1.0,4,No,1
203801,Operations,Specialist,39,13,6968.79,No,4.0,7,No,1
203802,Marketing,Specialist,35,8,6594.33,No,3.0,2,No,0
203803,Operations,Analyst,57,0,2500.0,No,1.0,1,No,0
203804,Operations,Analyst,47,6,8708.89,No,4.0,7,No,0
203805,Sales,Specialist,23,2,8726.23,No,3.0,4,Yes,0
203806,Operations,Manager,41,5,7218.9,No,5.0,5,No,0
203807,HR,Associate,44,13,6516.69,No,5.0,5,Yes,0
203808,Marketing,Analyst,60,11,9868.12,Yes,2.0,6,No,1
203809,IT,Specialist,37,2,6204.41,No,3.0,4,Yes,0
203810,Operations,Associate,59,9,3291.43,No,2.0,4,No,0
203811,Marketing,Specialist,36,1,6329.11,No,2.0,5,Yes,1
203812,IT,Specialist,38,10,2500.0,No,3.0,8,No,0
203813,Marketing,Engineer,36,15,5949.9,Yes,5.0,2,No,1
203814,Finance,Engineer,37,11,13789.48,Yes,2.0,0,Yes,0
203815,Marketing,Manager,28,10,11330.12,Yes,4.0,4,No,0
203816,Finance,Analyst,58,4,10534.93,No,2.0,2,No,0
203817,Operations,Analyst,26,10,6037.95,No,4.0,3,No,0
203818,IT,Manager,58,10,10651.47,No,3.0,0,No,1
203819,Operations,Associate,44,3,8087.93,No,2.0,7,Yes,0
203820,Sales,Manager,60,0,10011.99,No,3.0,3,No,1
203821,Operations,Specialist,48,7,7015.13,No,1.0,1,Yes,0
203822,IT,Manager,54,1,7034.64,No,2.0,8,No,0
203823,IT,Associate,47,12,8098.83,No,5.0,0,No,0
203824,IT,Associate,39,7,7193.25,No,2.0,6,No,1
203825,Operations,Manager,34,10,6831.29,No,2.0,2,Yes,0
203826,IT,Analyst,51,2,8311.07,Yes,5.0,6,Yes,0
203827,IT,Manager,21,12,6979.5,Yes,5.0,8,No,1
203828,HR,Manager,43,6,4267.77,No,3.0,2,Yes,1
203829,Operations,Analyst,44,15,6071.79,No,5.0,6,No,0
203830,Sales,Manager,49,3,7512.5,No,1.0,4,Yes,0
203831,HR,Engineer,44,6,6909.56,No,5.0,2,No,0
203832,HR,Manager,38,4,8424.58,No,5.0,8,No,0
203833,Operations,Analyst,28,10,2500.0,No,1.0,6,No,1
203834,Marketing,Engineer,32,8,11757.97,No,1.0,0,No,0
203835,Operations,Associate,33,13,2500.0,Yes,3.0,7,No,1
203836,Marketing,Analyst,43,10,6708.61,Yes,2.0,3,Yes,0
203837,Operations,Manager,44,11,7967.75,No,5.0,4,Yes,1
203838,Marketing,Engineer,50,8,11280.67,Yes,5.0,1,No,0
203839,Operations,Specialist,33,1,6598.29,No,5.0,2,Yes,0
203840,IT,Analyst,26,14,4364.29,No,1.0,4,Yes,1
203841,Finance,Associate,59,5,4977.69,No,5.0,3,No,0
203842,Operations,Analyst,50,0,7627.89,Yes,3.0,2,No,0
203843,Marketing,Associate,59,6,6989.04,No,4.0,2,No,0
203844,Finance,Associate,33,5,5171.66,No,3.0,7,No,0
203845,HR,Engineer,47,10,3737.89,No,5.0,7,No,0
203846,Operations,Engineer,47,1,4760.86,No,4.0,2,No,0
203847,Operations,Engineer,41,10,7284.2,No,2.0,4,Yes,0
203848,Finance,Manager,32,6,4805.35,No,1.0,7,Yes,0
203849,Finance,Specialist,52,1,5918.88,Yes,3.0,6,No,1
203850,Sales,Analyst,41,7,10823.04,Yes,3.0,2,No,1
203851,Finance,Associate,22,6,14366.76,No,4.0,1,No,0
203852,IT,Manager,51,12,11252.81,No,1.0,4,No,0
203853,Sales,Specialist,53,4,12885.68,No,4.0,5,No,0
203854,Operations,Analyst,60,4,5299.84,No,3.0,5,No,0
203855,Sales,Associate,34,1,6453.43,Yes,5.0,7,Yes,0
203856,Operations,Engineer,39,3,4202.93,No,1.0,3,No,1
203857,HR,Manager,35,2,5952.07,Yes,2.0,1,Yes,0
203858,HR,Engineer,42,15,7946.3,No,4.0,4,No,1
203859,Sales,Specialist,42,7,7229.56,No,5.0,2,No,1
203860,Marketing,Associate,58,1,11240.0,Yes,5.0,7,No,0
203861,,Manager,29,7,8254.78,No,5.0,4,No,1
203862,HR,Manager,38,3,10594.42,No,5.0,2,Yes,0
203863,Marketing,Analyst,39,10,5379.07,No,3.0,5,No,1
203864,Sales,Manager,54,13,5088.39,No,2.0,3,No,0
203865,IT,Specialist,28,14,3958.41,Yes,4.0,0,Yes,1
203866,Marketing,Engineer,38,2,7846.56,No,4.0,4,No,1
203867,Operations,Specialist,34,3,8176.64,Yes,3.0,3,Yes,0
203868,Marketing,Specialist,38,3,4819.63,Yes,4.0,4,No,0
203869,IT,Engineer,48,0,6442.04,No,2.0,8,No,0
203870,Operations,Engineer,40,12,9397.51,Yes,4.0,5,No,0
203871,Sales,Associate,44,15,5804.86,No,2.0,6,No,1
203872,Finance,Analyst,29,13,11583.29,No,3.0,3,Yes,0
203873,Sales,Associate,25,9,4356.94,No,5.0,5,Yes,0
203874,Marketing,Manager,43,7,8704.44,No,5.0,4,No,0
203875,Sales,Specialist,40,3,6273.72,No,3.0,3,No,0
203876,Operations,Manager,57,13,6635.45,No,1.0,4,Yes,0
203877,Finance,Engineer,46,1,11617.88,Yes,2.0,2,Yes,1
203878,IT,Engineer,59,4,9744.55,No,3.0,4,Yes,1
203879,IT,Associate,58,0,9035.36,No,5.0,5,No,0
203880,Operations,Associate,53,11,6285.58,No,1.0,8,No,1
203881,IT,Engineer,42,9,7693.57,No,3.0,5,Yes,0
203882,IT,Engineer,50,15,13384.16,Yes,5.0,3,No,0
203883,HR,Analyst,42,9,5430.14,No,1.0,5,No,1
203884,Operations,Specialist,46,14,11526.88,No,2.0,1,Yes,1
203885,,Engineer,38,0,7847.22,No,4.0,8,Yes,0
203886,Sales,Manager,37,14,10532.7,Yes,4.0,7,Yes,1
203887,IT,Specialist,44,15,6447.03,No,3.0,8,Yes,0
203888,IT,Specialist,30,7,7962.75,Yes,2.0,3,No,0
203889,Sales,Engineer,41,11,4573.46,No,4.0,7,No,0
203890,IT,Analyst,56,6,4435.82,Yes,5.0,5,No,0
203891,Operations,Associate,31,4,5407.71,Yes,5.0,1,Yes,0
203892,IT,Analyst,45,0,9167.06,Yes,3.0,4,No,0
203893,Operations,Specialist,32,0,8055.73,No,3.0,1,No,0
203894,Operations,Associate,32,1,8451.95,No,5.0,8,No,0
203895,Operations,Specialist,52,12,6530.74,Yes,2.0,5,Yes,1
203896,Sales,Associate,32,2,7183.75,Yes,1.0,1,Yes,1
203897,Operations,Associate,32,9,9482.42,No,4.0,5,No,0
203898,Operations,Engineer,50,10,8729.82,Yes,2.0,8,Yes,1
203899,Sales,Engineer,25,4,8013.07,No,4.0,5,No,1
203900,IT,Engineer,26,7,10942.19,Yes,3.0,8,Yes,0
203901,Finance,Engineer,56,7,10520.35,No,1.0,2,Yes,0
203902,Marketing,Manager,44,4,4529.91,No,3.0,4,No,0
203903,Sales,Analyst,27,11,2500.0,Yes,1.0,2,No,0
203904,Operations,Engineer,58,4,4263.66,No,4.0,3,Yes,1
203905,Marketing,Engineer,22,14,8728.8,No,3.0,4,No,0
203906,Operations,Engineer,25,11,7362.45,No,4.0,3,Yes,0
203907,IT,Engineer,30,13,6674.34,No,1.0,6,Yes,0
203908,Operations,Manager,25,10,9357.64,No,3.0,4,No,1
203909,Marketing,Engineer,30,0,6698.01,No,5.0,3,Yes,0
203910,IT,Engineer,46,9,8681.37,No,3.0,6,No,0
203911,Operations,Manager,27,8,4666.27,Yes,3.0,5,No,0
203912,IT,Manager,34,11,12241.08,No,3.0,4,Yes,0
203913,Finance,Engineer,21,10,8529.64,Yes,3.0,2,No,0
203914,IT,Analyst,55,2,5631.47,No,1.0,5,No,0
203915,Operations,Associate,41,0,8765.93,No,4.0,8,Yes,0
203916,Sales,Analyst,59,13,8206.94,No,3.0,8,No,1
203917,Sales,Manager,59,14,10105.72,Yes,5.0,5,No,0
203918,IT,Associate,24,12,11026.48,No,2.0,2,No,0
203919,Finance,Analyst,30,8,8159.07,No,4.0,2,Yes,0
203920,Sales,Specialist,38,15,12918.71,No,1.0,4,Yes,1
203921,HR,Associate,29,5,,No,1.0,4,Yes,0
203922,HR,Analyst,53,11,5970.03,Yes,3.0,7,Yes,0
203923,Sales,Manager,23,2,7571.09,Yes,3.0,4,No,0
203924,IT,Specialist,49,12,6674.37,No,5.0,8,Yes,1
203925,HR,Analyst,55,0,5020.12,No,5.0,2,Yes,0
203926,Sales,Associate,48,7,8659.26,Yes,1.0,8,No,1
203927,Operations,Analyst,43,10,8498.06,No,4.0,0,No,0
203928,Finance,Manager,27,11,6045.85,No,2.0,0,No,0
203929,IT,Analyst,47,8,8285.98,Yes,5.0,0,Yes,0
203930,IT,Associate,27,11,9834.44,No,5.0,2,No,1
203931,Sales,Manager,31,0,12517.84,No,3.0,2,No,0
203932,Sales,Specialist,30,13,7860.64,Yes,4.0,0,No,0
203933,Operations,Engineer,42,9,5527.11,No,5.0,3,No,0
203934,Sales,Manager,52,4,8192.4,No,3.0,2,Yes,0
203935,Sales,Manager,23,14,4467.05,No,5.0,8,No,0
203936,HR,Associate,60,13,11426.47,No,4.0,6,No,1
203937,Sales,Analyst,33,15,9424.85,Yes,2.0,8,Yes,0
203938,Sales,Analyst,35,5,6694.42,Yes,2.0,7,Yes,0
203939,Operations,Manager,31,14,7713.73,No,5.0,0,No,0
203940,IT,Associate,35,15,8358.61,Yes,4.0,7,No,1
203941,Finance,Engineer,33,9,4624.19,No,4.0,0,No,1
203942,IT,Associate,28,2,7357.96,No,3.0,0,Yes,1
203943,IT,Engineer,56,1,6688.4,Yes,2.0,0,Yes,0
203944,Sales,Specialist,31,11,12253.43,Yes,3.0,3,Yes,1
203945,Marketing,Analyst,22,11,9953.16,No,4.0,7,Yes,0
203946,Finance,Analyst,57,2,12253.78,No,1.0,3,Yes,1
203947,IT,Analyst,36,12,9735.75,No,4.0,2,No,0
203948,Operations,Specialist,56,0,7420.97,No,4.0,4,No,1
203949,Sales,Specialist,38,13,8897.49,No,3.0,7,Yes,0
203950,IT,Specialist,35,9,8543.29,No,4.0,1,Yes,1
203951,HR,Specialist,59,2,3700.41,No,3.0,8,No,0
203952,Marketing,Associate,37,3,6034.01,No,4.0,7,No,0
203953,HR,Engineer,59,11,4465.85,Yes,2.0,7,No,1
203954,Sales,Analyst,45,14,2607.05,No,5.0,6,No,0
203955,Sales,Engineer,44,4,5269.22,No,4.0,3,Yes,0
203956,Marketing,Specialist,35,6,9478.48,Yes,4.0,3,No,1
203957,IT,Analyst,41,9,4510.46,No,5.0,0,No,0
203958,Sales,Analyst,37,15,4382.83,Yes,2.0,7,No,1
203959,Sales,Specialist,58,7,7795.48,Yes,2.0,7,Yes,0
203960,Sales,Analyst,57,4,2669.08,No,4.0,3,No,0
203961,Sales,Associate,30,2,4304.96,Yes,2.0,8,Yes,0
203962,Operations,Analyst,60,10,5325.13,No,3.0,3,No,0
203963,Sales,Engineer,43,8,4569.02,Yes,5.0,1,No,1
203964,Marketing,Engineer,49,7,10407.1,No,5.0,1,Yes,0
203965,Operations,Engineer,55,12,4046.71,No,1.0,6,No,1
203966,Marketing,Analyst,59,8,3102.93,No,2.0,0,No,1
203967,Operations,Manager,25,7,8060.27,No,3.0,0,Yes,0
203968,Marketing,Engineer,25,14,10243.24,Yes,4.0,7,Yes,1
203969,IT,Manager,58,15,11197.23,No,5.0,8,No,0
203970,Marketing,Analyst,44,8,8982.05,Yes,5.0,3,Yes,1
203971,Marketing,Associate,58,11,6211.93,No,4.0,2,No,0
203972,Sales,Manager,42,9,6980.3,Yes,3.0,0,Yes,0
203973,Operations,Associate,49,13,6886.86,No,1.0,8,No,0
203974,IT,Analyst,55,15,5437.38,No,4.0,8,No,0
203975,Operations,Engineer,21,4,5673.87,No,4.0,2,No,1
203976,Sales,Associate,60,1,6234.93,Yes,,5,No,0
203977,Sales,Analyst,39,2,7569.75,No,1.0,8,No,1
203978,Sales,Manager,49,6,10263.88,No,2.0,4,No,0
203979,HR,Manager,36,0,5705.34,No,1.0,4,Yes,0
203980,HR,Analyst,57,4,12306.88,Yes,3.0,7,No,0
203981,Operations,Associate,24,4,4890.79,No,5.0,2,Yes,1
203982,Finance,Analyst,47,2,8424.06,No,5.0,0,No,0
203983,IT,Associate,60,5,4366.19,No,2.0,4,No,0
203984,Marketing,Manager,42,2,3075.84,Yes,3.0,4,No,0
203985,Sales,Manager,24,6,10283.53,No,3.0,7,No,0
203986,Finance,Associate,50,2,6101.37,Yes,1.0,4,Yes,0
203987,Sales,Specialist,33,3,8406.91,Yes,2.0,0,No,1
203988,HR,Manager,58,10,9914.56,No,1.0,8,No,0
203989,Sales,Associate,56,13,9085.37,Yes,5.0,6,No,0
203990,Marketing,Analyst,55,5,9165.55,Yes,1.0,7,No,0
203991,Sales,Analyst,36,3,8011.66,No,1.0,1,No,0
203992,Operations,Associate,24,10,7881.23,No,2.0,3,Yes,0
203993,Operations,Specialist,41,5,12261.13,No,4.0,6,No,0
203994,Operations,Associate,37,14,10624.81,No,1.0,0,Yes,0
203995,IT,Associate,55,9,7046.52,No,4.0,8,No,0
203996,IT,Analyst,32,10,6029.58,No,4.0,4,No,0
203997,Marketing,Specialist,40,6,4269.0,Yes,1.0,0,No,1
203998,Sales,Engineer,42,11,5823.43,No,1.0,7,Yes,0
203999,Marketing,Specialist,54,10,6846.67,No,3.0,2,No,0
204000,HR,Associate,40,4,8033.44,No,4.0,6,Yes,0
204001,Sales,Manager,26,2,3360.42,No,2.0,6,Yes,0
204002,Sales,Analyst,24,11,2500.0,No,3.0,5,Yes,0
204003,Finance,Associate,60,6,13686.59,No,2.0,1,No,0
204004,Sales,Engineer,50,0,2627.05,Yes,1.0,0,No,0
204005,Sales,Engineer,38,0,7113.78,Yes,2.0,8,No,0
204006,Finance,Associate,51,2,7675.93,No,4.0,2,Yes,1
204007,Marketing,Associate,43,9,6301.45,No,2.0,7,Yes,0
204008,Operations,Analyst,44,4,3897.6,Yes,2.0,8,No,0
204009,Operations,Specialist,44,3,4432.06,Yes,4.0,7,No,0
204010,Sales,Analyst,58,2,8278.77,Yes,5.0,7,Yes,1
204011,IT,Engineer,29,3,6866.54,No,4.0,5,No,1
204012,HR,Engineer,45,11,3936.28,No,1.0,0,No,0
204013,Sales,Engineer,28,8,9732.33,Yes,1.0,1,No,0
204014,Finance,Engineer,41,14,7195.44,No,2.0,7,Yes,1
204015,Operations,Specialist,36,13,9467.6,No,1.0,3,Yes,0
204016,Finance,Engineer,39,6,9656.65,No,2.0,5,No,0
204017,Sales,Manager,31,10,7700.88,No,2.0,0,No,0
204018,IT,Specialist,30,6,6468.0,No,1.0,1,No,0
204019,HR,Associate,60,12,7676.65,Yes,5.0,1,No,1
204020,Sales,Associate,37,13,7996.32,No,5.0,6,No,1
204021,Marketing,Analyst,35,11,3350.63,No,4.0,6,No,0
204022,Marketing,Associate,54,12,6992.52,No,5.0,2,Yes,0
204023,Operations,Associate,47,3,11600.0,No,1.0,7,No,0
204024,Operations,Engineer,32,4,5350.94,No,1.0,0,No,1
204025,IT,Analyst,29,5,8155.13,Yes,2.0,1,Yes,1
204026,Finance,Analyst,28,10,2500.0,No,4.0,2,No,0
204027,Marketing,Associate,60,14,4473.63,Yes,3.0,4,No,0
204028,Sales,Specialist,43,5,7222.95,Yes,3.0,6,No,0
204029,Finance,Associate,36,15,5616.88,No,4.0,7,No,1
204030,Finance,Engineer,22,2,2500.0,No,4.0,4,Yes,0
204031,Operations,Associate,37,11,6324.56,Yes,3.0,5,No,0
204032,Marketing,Manager,42,8,3712.58,Yes,5.0,7,Yes,0
204033,Operations,Associate,48,11,5738.95,No,1.0,1,Yes,0
204034,HR,Analyst,30,1,6476.25,No,3.0,4,No,1
204035,Marketing,Manager,46,13,5391.6,No,2.0,3,Yes,0
204036,IT,Associate,32,14,7573.65,No,2.0,5,Yes,0
204037,Operations,Associate,47,6,10137.5,No,3.0,5,Yes,0
204038,Finance,Engineer,31,11,6003.35,Yes,2.0,1,Yes,0
204039,Sales,Engineer,35,15,8781.97,Yes,5.0,3,No,0
204040,Finance,Associate,30,12,9277.76,No,5.0,8,No,0
204041,Finance,Specialist,21,4,4280.5,No,1.0,5,No,0
204042,Sales,Specialist,60,14,8393.2,No,4.0,7,No,0
204043,Sales,Associate,27,2,4439.18,Yes,1.0,7,Yes,1
204044,Finance,Analyst,-3,5,5973.07,Yes,3.0,4,Yes,0
204045,Marketing,Associate,42,13,7077.53,No,1.0,1,No,0
204046,IT,Analyst,33,13,4454.47,No,3.0,7,No,0
204047,Marketing,Engineer,22,5,5936.13,No,2.0,0,Yes,0
204048,IT,Engineer,44,8,4535.23,No,1.0,2,No,0
204049,Sales,Engineer,51,9,8803.13,No,3.0,8,No,0
204050,IT,Analyst,45,15,3649.6,No,3.0,4,Yes,0
204051,Marketing,Associate,42,10,5287.18,No,2.0,0,No,0
204052,Operations,Associate,35,0,12948.16,Yes,2.0,6,Yes,0
204053,IT,Engineer,52,12,3925.08,No,1.0,7,No,0
204054,Finance,Manager,30,14,7408.2,Yes,4.0,4,No,0
204055,IT,Analyst,36,5,5288.35,No,1.0,4,Yes,0
204056,Finance,Analyst,57,13,9154.53,Yes,1.0,5,No,1
204057,Sales,Associate,23,1,5036.77,Yes,4.0,8,No,0
204058,Operations,Specialist,36,13,6425.17,No,2.0,0,Yes,1
204059,IT,Engineer,25,7,8386.53,No,4.0,6,Yes,0
204060,Finance,Specialist,38,2,9603.09,No,2.0,2,No,0
204061,Marketing,Associate,52,5,8210.79,No,3.0,0,Yes,0
204062,Sales,Manager,34,10,2500.0,Yes,2.0,8,Yes,0
204063,IT,Engineer,56,3,3911.16,No,3.0,5,No,0
204064,Sales,Associate,49,11,7631.45,No,2.0,3,No,1
204065,Finance,Specialist,45,1,9052.77,No,3.0,3,No,0
204066,Operations,Analyst,57,6,8444.65,No,3.0,0,Yes,0
204067,Operations,Engineer,33,8,8741.4,No,5.0,1,Yes,0
204068,IT,Associate,29,2,3936.41,No,3.0,2,No,0
204069,IT,Engineer,24,3,2500.0,No,1.0,5,No,0
204070,IT,Analyst,26,13,5384.4,No,5.0,8,Yes,0
204071,Operations,Associate,42,15,5071.43,Yes,5.0,2,No,1
204072,Operations,Analyst,22,0,4795.71,Yes,5.0,5,No,0
204073,HR,Analyst,44,6,4245.17,Yes,4.0,4,No,1
204074,,Specialist,29,9,5219.29,No,5.0,0,Yes,0
204075,IT,Analyst,50,3,5934.83,Yes,5.0,5,Yes,0
204076,Operations,Analyst,42,4,5483.38,No,5.0,8,No,0
204077,Operations,Specialist,58,13,5966.29,Yes,4.0,0,Yes,0
204078,IT,Associate,33,9,4614.12,No,1.0,4,No,0
204079,Marketing,Analyst,29,3,4989.28,No,1.0,7,No,0
204080,IT,Manager,38,3,6187.1,No,1.0,1,Yes,0
204081,Sales,Analyst,31,0,9141.02,No,4.0,0,No,0
204082,Sales,Specialist,28,4,7667.15,No,2.0,3,No,0
204083,Operations,Engineer,37,6,4064.84,No,4.0,5,No,0
204084,Operations,Associate,28,13,7110.0,Yes,1.0,1,Yes,1
204085,Sales,Analyst,50,1,8428.1,Yes,2.0,0,No,0
204086,IT,Engineer,27,10,10400.03,Yes,2.0,8,No,0
204087,Marketing,Analyst,46,14,8038.76,No,5.0,0,Yes,0
204088,Sales,Analyst,52,3,8364.78,No,1.0,5,No,0
204089,Marketing,Associate,49,4,5895.72,No,5.0,0,Yes,0
204090,Marketing,Analyst,39,11,8331.47,No,1.0,7,No,0
204091,Sales,Engineer,48,7,3676.43,No,1.0,5,No,0
204092,Operations,Analyst,47,11,6298.31,No,5.0,8,No,0
204093,Finance,Engineer,21,1,9982.99,No,1.0,8,Yes,0
204094,Operations,Engineer,49,5,6756.02,No,3.0,1,Yes,1
204095,HR,Specialist,29,1,8261.69,No,2.0,4,No,1
204096,Marketing,Specialist,39,2,6470.23,Yes,5.0,4,Yes,1
204097,Operations,Analyst,40,1,5951.07,No,5.0,5,No,0
204098,Sales,Engineer,33,14,5848.83,Yes,5.0,1,Yes,0
204099,IT,Analyst,48,14,5150.63,No,5.0,1,No,0
204100,Operations,Engineer,29,15,11192.58,No,1.0,6,No,0
204101,Sales,Associate,51,7,6115.77,No,3.0,3,Yes,1
204102,Operations,Manager,41,5,2500.0,No,5.0,7,Yes,0
204103,Operations,Associate,34,10,2500.0,Yes,1.0,4,Yes,0
204104,IT,Engineer,38,5,9915.21,No,1.0,8,No,0
204105,Operations,Specialist,25,5,3881.41,No,2.0,7,No,1
204106,,Analyst,46,9,7296.98,Yes,2.0,0,No,0
204107,Marketing,Analyst,33,11,11595.28,No,5.0,7,No,0
204108,Operations,Specialist,55,7,2500.0,No,3.0,8,No,1
204109,Marketing,Analyst,56,5,5231.56,No,5.0,5,No,0
204110,HR,Manager,23,13,5676.81,No,2.0,6,Yes,0
204111,Operations,Associate,39,8,5216.64,Yes,4.0,3,Yes,1
204112,Marketing,Manager,26,2,3709.85,No,2.0,1,No,0
204113,Marketing,Analyst,21,12,7565.14,Yes,5.0,8,Yes,0
204114,IT,Engineer,54,4,6615.79,Yes,4.0,4,Yes,0
204115,Marketing,Analyst,51,13,6362.36,Yes,1.0,6,Yes,0
204116,Finance,Specialist,38,12,6846.47,No,1.0,6,Yes,0
204117,Operations,Specialist,53,1,4098.19,No,5.0,6,Yes,1
204118,Operations,Specialist,43,11,8061.97,No,1.0,0,No,0
204119,HR,Engineer,29,12,5024.98,Yes,3.0,8,No,1
204120,Marketing,Manager,45,10,8557.84,Yes,1.0,3,No,0
204121,IT,Associate,27,12,6301.93,No,1.0,0,No,0
204122,IT,Analyst,30,9,7661.1,Yes,4.0,7,Yes,0
204123,Operations,Manager,33,12,9124.2,No,4.0,4,No,0
204124,HR,Manager,29,15,7967.82,No,5.0,8,No,1
204125,Marketing,Manager,26,12,6880.24,No,5.0,6,Yes,0
204126,Operations,Manager,54,15,5511.54,No,3.0,6,No,0
204127,Finance,Associate,60,8,8543.78,No,3.0,8,No,0
204128,IT,Analyst,34,0,5076.56,No,3.0,5,No,0
204129,Marketing,Analyst,39,0,5557.37,No,2.0,3,Yes,0
204130,IT,Associate,34,3,5965.0,No,4.0,3,No,1
204131,Operations,Engineer,46,6,3365.89,Yes,1.0,1,No,1
204132,Marketing,Manager,23,2,7614.6,No,5.0,6,No,1
204133,Sales,Associate,54,4,7078.41,No,1.0,5,No,1
204134,IT,Engineer,22,11,8871.18,Yes,4.0,7,No,0
204135,HR,Associate,51,13,7784.08,No,5.0,6,No,1
204136,,Engineer,60,0,9750.51,No,1.0,4,Yes,1
204137,IT,Specialist,49,14,8098.13,No,1.0,7,No,0
204138,IT,Engineer,47,0,4823.96,No,4.0,6,Yes,0
204139,Marketing,Specialist,56,9,7600.68,No,2.0,8,Yes,0
204140,Operations,Analyst,28,6,6764.4,No,2.0,5,Yes,1
204141,IT,Associate,32,2,7054.24,Yes,1.0,0,No,1
204142,IT,Specialist,42,7,9392.88,No,5.0,6,No,0
204143,Finance,Specialist,21,0,7686.73,No,5.0,6,No,0
204144,Marketing,Engineer,45,2,5971.98,No,3.0,8,No,1
204145,Sales,Analyst,24,15,5472.57,No,3.0,8,No,0
204146,Marketing,Manager,56,8,2680.98,Yes,2.0,7,Yes,1
204147,Sales,Associate,33,12,7790.01,No,2.0,8,No,0
204148,Operations,Analyst,44,0,10760.86,No,5.0,2,Yes,0
204149,IT,Analyst,35,5,8770.86,No,1.0,0,No,0
204150,Finance,Associate,55,0,5814.32,No,4.0,3,No,0
204151,Marketing,Analyst,46,12,10064.96,No,4.0,1,No,1
204152,Marketing,Specialist,54,12,9358.48,No,4.0,7,Yes,0
204153,Sales,Analyst,37,6,11238.67,No,2.0,7,No,0
204154,Finance,Manager,58,5,8856.02,No,5.0,1,No,0
204155,Marketing,Manager,26,9,2754.09,No,4.0,6,No,0
204156,IT,Analyst,34,2,10885.06,No,2.0,6,No,0
204157,Operations,Specialist,52,12,3654.59,Yes,4.0,8,No,0
204158,Finance,Engineer,22,1,8204.24,Yes,4.0,6,No,1
204159,Sales,Manager,23,10,9961.96,No,3.0,4,Yes,0
204160,Marketing,Associate,34,3,5273.87,No,4.0,5,Yes,0
204161,Operations,Associate,23,2,9691.25,No,2.0,1,No,0
204162,Finance,Engineer,32,3,3819.47,Yes,3.0,4,Yes,0
204163,IT,Manager,42,3,8672.47,No,4.0,5,Yes,0
204164,Operations,Analyst,40,6,8965.66,No,2.0,6,Yes,0
204165,HR,Manager,51,8,9401.04,Yes,5.0,4,No,0
204166,Operations,Engineer,60,15,6338.99,Yes,5.0,8,No,1
204167,Operations,Analyst,39,13,4755.94,Yes,4.0,1,No,0
204168,IT,Specialist,33,11,7780.99,No,3.0,2,No,0
204169,Finance,Specialist,32,6,13730.43,Yes,2.0,6,Yes,0
204170,HR,Analyst,40,11,3378.24,Yes,4.0,3,No,0
204171,Sales,Manager,55,15,2500.0,No,1.0,3,Yes,1
204172,Sales,Specialist,52,13,11628.0,Yes,4.0,5,No,0
204173,IT,Associate,31,7,5522.53,No,3.0,0,No,1
204174,Finance,Analyst,44,9,9512.65,No,2.0,4,No,0
204175,IT,Manager,26,15,6339.64,No,5.0,2,No,0
204176,Finance,Engineer,32,13,6377.54,No,3.0,4,Yes,0
204177,Operations,Engineer,40,10,7926.67,No,4.0,7,No,0
204178,Marketing,Manager,35,0,7026.22,Yes,5.0,3,No,1
204179,Operations,Associate,28,10,6996.3,Yes,2.0,0,No,0
204180,Finance,Specialist,22,3,3865.2,Yes,,4,No,0
204181,Sales,Specialist,48,11,7514.67,Yes,1.0,1,Yes,1
204182,Sales,Analyst,-2,0,4794.25,No,5.0,0,Yes,0
204183,Marketing,Specialist,56,7,6986.97,No,3.0,3,Yes,0
204184,Marketing,Specialist,32,7,8138.75,No,5.0,4,No,0
204185,HR,Analyst,44,9,11226.28,Yes,2.0,1,Yes,0
204186,Sales,Specialist,27,9,7762.07,Yes,2.0,1,Yes,0
204187,IT,Analyst,31,12,7543.0,No,5.0,7,Yes,0
204188,IT,Engineer,60,3,8548.98,No,1.0,3,No,0
204189,Finance,Associate,27,13,8549.07,No,1.0,6,No,0
204190,Sales,Associate,42,11,6826.69,Yes,2.0,7,No,0
204191,Marketing,Associate,43,4,6886.13,Yes,4.0,3,No,0
204192,Finance,Specialist,50,4,8358.78,No,3.0,0,No,0
204193,Sales,Associate,60,0,4845.73,No,5.0,4,No,0
204194,Sales,Specialist,55,2,8942.23,No,2.0,4,No,0
204195,HR,Specialist,22,9,7743.03,No,1.0,1,Yes,0
204196,Finance,Analyst,56,9,12420.16,No,3.0,6,Yes,0
204197,IT,Specialist,45,1,7668.97,No,3.0,6,No,1
204198,IT,Analyst,49,13,7589.85,No,5.0,1,No,0
204199,Operations,Associate,23,15,6515.8,Yes,2.0,2,No,0
204200,IT,Analyst,50,0,3870.6,No,5.0,1,Yes,0
204201,Marketing,Engineer,49,0,3205.21,No,3.0,0,Yes,0
204202,HR,Engineer,52,0,6669.06,No,1.0,8,Yes,0
204203,Operations,Analyst,-7,7,13664.81,No,5.0,4,No,0
204204,Sales,Associate,41,10,7317.27,Yes,2.0,2,Yes,1
204205,Operations,Associate,38,0,8594.55,Yes,3.0,1,No,0
204206,Operations,Engineer,32,2,,No,1.0,2,No,1
204207,Operations,Engineer,40,1,8014.72,No,4.0,8,No,0
204208,Finance,Manager,43,10,9072.48,No,1.0,4,No,0
204209,HR,Engineer,21,15,4920.14,Yes,4.0,3,No,1
204210,IT,Analyst,55,4,6315.98,No,1.0,0,No,0
204211,Finance,Engineer,40,1,6983.28,No,4.0,5,No,1
204212,IT,Analyst,45,2,7450.4,No,2.0,6,Yes,0
204213,Finance,Manager,44,1,6151.02,No,5.0,3,Yes,0
204214,HR,Associate,59,6,7983.65,Yes,3.0,1,No,0
204215,IT,Manager,28,14,3338.96,No,3.0,0,No,1
204216,Operations,Analyst,33,8,8258.2,No,1.0,2,Yes,0
204217,Operations,Associate,42,14,5513.33,No,3.0,6,No,0
204218,Sales,Engineer,30,12,9398.24,No,5.0,2,No,0
204219,Marketing,Engineer,23,5,4831.99,No,5.0,1,Yes,1
204220,Sales,Engineer,34,5,7437.73,Yes,1.0,7,No,0
204221,Operations,Associate,25,7,7897.63,No,5.0,6,No,1
204222,Sales,Engineer,53,0,6758.7,Yes,1.0,1,No,0
204223,Operations,Manager,57,14,5694.88,Yes,3.0,7,No,0
204224,Operations,Manager,56,13,9780.33,No,2.0,6,No,1
204225,Operations,Associate,24,1,8238.65,Yes,4.0,7,No,0
204226,Marketing,Analyst,30,4,8050.45,Yes,,2,No,0
204227,IT,Specialist,32,11,8667.87,No,3.0,5,Yes,0
204228,Operations,Associate,33,2,9929.13,No,1.0,6,Yes,0
204229,IT,Analyst,51,0,6034.41,Yes,2.0,7,No,0
204230,Finance,Specialist,42,2,5290.31,Yes,2.0,7,No,0
204231,Operations,Associate,53,4,5594.75,No,1.0,7,Yes,1
204232,Operations,Manager,60,13,6557.13,No,1.0,8,Yes,0
204233,Sales,Manager,40,15,8157.19,No,1.0,0,Yes,0
204234,Sales,Analyst,52,2,5465.87,No,5.0,1,No,0
204235,Marketing,Associate,30,12,9923.93,No,5.0,8,No,0
204236,IT,Specialist,38,9,7347.36,No,3.0,3,No,1
204237,Operations,Analyst,35,0,5576.69,No,3.0,8,No,0
204238,IT,Manager,58,11,5000.81,No,4.0,7,Yes,0
204239,Sales,Manager,28,7,2764.12,Yes,2.0,0,No,1
204240,IT,Analyst,39,2,2500.0,No,1.0,5,Yes,1
204241,Operations,Manager,46,12,8141.24,Yes,2.0,2,No,1
204242,Sales,Specialist,42,11,5275.32,No,1.0,1,No,0
204243,Marketing,Manager,48,7,8306.11,Yes,5.0,2,No,1
204244,Sales,Associate,32,2,9217.47,No,5.0,8,No,0
204245,Marketing,Manager,45,11,2500.0,No,1.0,1,Yes,0
204246,Sales,Specialist,26,8,2500.0,No,3.0,7,Yes,0
204247,IT,Specialist,37,8,3706.0,Yes,1.0,7,No,0
204248,Sales,Manager,41,2,10057.96,No,1.0,5,Yes,0
204249,Operations,Manager,49,15,8697.18,Yes,4.0,6,No,0
204250,Sales,Engineer,43,12,12512.99,No,3.0,4,No,1
204251,IT,Manager,45,11,4144.96,Yes,4.0,2,No,1
204252,HR,Manager,52,15,2500.0,No,3.0,6,Yes,0
204253,Sales,Engineer,49,15,3201.15,No,5.0,8,Yes,0
204254,Marketing,Engineer,28,6,3491.03,No,2.0,7,No,0
204255,HR,Associate,21,13,3664.67,No,3.0,1,Yes,0
204256,Marketing,Specialist,59,3,7132.47,Yes,4.0,0,No,0
204257,Operations,Manager,38,11,8159.3,Yes,4.0,3,No,0
204258,Finance,Engineer,30,7,7340.01,No,3.0,0,No,0
204259,Sales,Specialist,26,2,6904.73,Yes,5.0,6,Yes,1
204260,Marketing,Analyst,30,11,4057.69,No,4.0,6,No,1
204261,IT,Engineer,23,15,5977.26,No,4.0,1,No,0
204262,HR,Associate,50,3,2779.34,No,1.0,6,No,1
204263,Marketing,Analyst,27,12,8653.02,No,1.0,0,No,0
204264,Operations,Associate,27,12,7351.89,Yes,4.0,2,Yes,0
204265,IT,Engineer,57,7,4399.71,Yes,2.0,7,No,0
204266,Finance,Associate,30,7,7450.53,No,3.0,3,Yes,0
204267,Marketing,Analyst,33,3,9114.45,No,2.0,2,Yes,0
204268,Finance,Specialist,21,11,6879.22,No,1.0,8,Yes,0
204269,Marketing,Manager,43,13,9257.79,Yes,5.0,8,No,0
204270,Sales,Analyst,59,11,3296.35,No,5.0,5,No,1
204271,Marketing,Analyst,23,9,2615.9,No,2.0,8,No,0
204272,Marketing,Specialist,53,1,6271.81,No,5.0,5,No,0
204273,Marketing,Analyst,49,12,6428.63,Yes,3.0,6,No,0
204274,Marketing,Analyst,25,15,7489.48,No,1.0,1,Yes,1
204275,IT,Specialist,43,6,9469.12,No,4.0,7,No,0
204276,Finance,Specialist,29,7,6041.41,No,5.0,4,Yes,0
204277,Finance,Engineer,30,15,5579.38,Yes,2.0,0,No,0
204278,Marketing,Engineer,55,0,3270.03,Yes,4.0,3,No,0
204279,Operations,Manager,58,12,5342.81,No,5.0,3,No,1
204280,Operations,Specialist,57,12,4833.65,Yes,5.0,0,No,1
204281,IT,Specialist,56,15,6067.79,Yes,4.0,0,No,0
204282,Sales,Engineer,33,9,6558.35,No,2.0,3,No,1
204283,Sales,Specialist,22,14,6269.77,No,3.0,2,No,0
204284,Operations,Analyst,33,13,6721.64,No,5.0,1,No,0
204285,Sales,Engineer,58,15,8660.98,Yes,3.0,7,No,0
204286,IT,Manager,33,1,5115.92,No,5.0,8,No,0
204287,Sales,Manager,32,4,7803.44,No,3.0,1,Yes,0
204288,IT,Associate,52,4,4739.29,No,1.0,5,No,0
204289,Sales,Engineer,35,14,7579.8,No,5.0,0,Yes,0
204290,HR,Associate,51,3,9215.76,Yes,5.0,4,Yes,1
204291,IT,Analyst,47,4,6455.89,No,3.0,4,No,0
204292,Marketing,Engineer,60,8,7300.41,No,5.0,8,Yes,0
204293,Finance,Manager,37,13,7854.8,No,5.0,1,No,0
204294,IT,Associate,24,3,7901.45,Yes,1.0,4,No,0
204295,Sales,Analyst,36,11,9786.64,No,1.0,1,No,0
204296,Sales,Manager,22,11,6051.59,Yes,5.0,1,No,1
204297,Sales,Manager,40,9,6859.86,No,4.0,3,No,0
204298,Operations,Associate,57,12,8219.9,Yes,5.0,2,No,0
204299,Marketing,Specialist,51,0,5934.4,No,1.0,3,No,0
204300,Marketing,Engineer,55,5,6996.88,No,5.0,6,Yes,0
204301,IT,Specialist,57,15,7036.64,Yes,2.0,7,Yes,0
204302,HR,Specialist,45,5,5111.81,No,3.0,4,No,0
204303,Operations,Manager,36,5,6277.46,No,4.0,4,No,0
204304,Finance,Specialist,54,2,6957.65,No,1.0,0,No,1
204305,Sales,Specialist,37,15,11481.18,No,5.0,2,Yes,0
204306,Sales,Manager,45,6,8230.23,No,4.0,1,Yes,0
204307,Operations,Analyst,24,6,9578.06,No,2.0,4,No,1
204308,Finance,Specialist,50,7,5852.17,Yes,1.0,2,Yes,1
204309,Marketing,Analyst,55,7,8846.46,No,5.0,7,No,1
204310,HR,Engineer,58,6,9075.1,Yes,2.0,0,Yes,1
204311,IT,Engineer,48,4,6881.89,Yes,5.0,7,No,1
204312,Operations,Analyst,53,5,6429.64,No,,2,No,0
204313,Finance,Specialist,30,10,10040.28,No,3.0,5,No,0
204314,Sales,Associate,60,13,,No,5.0,3,No,1
204315,Sales,Manager,28,10,6270.46,No,2.0,3,Yes,0
204316,Finance,Engineer,26,7,4145.23,No,3.0,2,No,0
204317,Marketing,Analyst,23,6,8120.29,No,2.0,8,Yes,0
204318,Finance,Specialist,52,2,9869.91,No,5.0,6,No,0
204319,IT,Manager,33,3,9466.65,No,1.0,7,No,0
204320,Operations,Associate,59,3,6539.36,No,2.0,8,Yes,1
204321,Operations,Analyst,35,15,5832.09,No,5.0,5,Yes,0
204322,IT,Associate,39,11,4780.43,No,4.0,2,No,0
204323,IT,Associate,45,7,5552.99,No,4.0,7,No,0
204324,Operations,Manager,49,14,9252.61,No,5.0,5,No,0
204325,IT,Specialist,56,1,5609.62,No,5.0,1,No,0
204326,IT,Analyst,31,4,4082.0,No,5.0,4,Yes,0
204327,Sales,Manager,51,2,8025.4,No,2.0,3,No,1
204328,IT,Manager,45,6,6615.52,No,3.0,3,No,0
204329,Operations,Engineer,25,15,3036.82,Yes,1.0,6,Yes,1
204330,Finance,Specialist,47,3,2500.0,No,2.0,0,No,0
204331,Sales,Engineer,58,0,2500.0,No,5.0,6,No,0
204332,Marketing,Manager,27,14,5854.24,No,1.0,3,Yes,1
204333,Finance,Analyst,48,14,4060.04,No,5.0,4,No,1
204334,Sales,Analyst,57,11,6708.91,No,1.0,8,No,0
204335,IT,Associate,-5,5,8856.89,Yes,1.0,0,No,0
204336,Sales,Engineer,31,8,8433.25,No,2.0,4,No,0
204337,Operations,Associate,47,6,4952.38,Yes,5.0,7,No,0
204338,Marketing,Specialist,43,7,7414.11,No,3.0,6,Yes,0
204339,Finance,Engineer,47,5,5837.31,No,1.0,1,No,0
204340,Marketing,Associate,32,7,9145.77,No,2.0,8,Yes,0
204341,HR,Associate,42,8,2500.0,No,2.0,3,No,1
204342,Marketing,Analyst,45,2,7059.48,No,5.0,7,Yes,0
204343,Operations,Associate,56,0,8242.42,No,1.0,7,No,0
204344,IT,Specialist,57,5,3634.83,Yes,1.0,8,No,1
204345,Sales,Associate,56,2,4245.51,No,4.0,6,No,1
204346,Sales,Manager,27,4,6787.65,No,4.0,6,Yes,0
204347,Marketing,Engineer,55,14,6502.43,Yes,3.0,3,Yes,0
204348,Sales,Engineer,53,4,4546.77,No,2.0,0,No,0
204349,Sales,Manager,21,10,4000.86,No,5.0,7,No,0
204350,IT,Engineer,29,6,3971.91,Yes,2.0,2,Yes,1
204351,HR,Analyst,34,3,6191.38,No,3.0,5,No,0
204352,IT,Manager,59,1,7194.19,No,2.0,3,No,0
204353,IT,Analyst,38,2,4712.06,No,4.0,1,Yes,1
204354,Marketing,Specialist,27,12,3946.49,No,2.0,2,No,1
204355,Sales,Specialist,45,3,4662.69,Yes,5.0,4,No,0
204356,HR,Engineer,47,1,5805.59,Yes,1.0,1,No,1
204357,Sales,Analyst,27,5,6930.78,Yes,3.0,0,No,0
204358,Operations,Analyst,53,4,5497.04,Yes,5.0,6,Yes,0
204359,Marketing,Engineer,23,15,6588.89,No,3.0,6,No,0
204360,Sales,Analyst,39,9,7853.65,No,5.0,6,Yes,0
204361,Sales,Specialist,24,6,10324.24,No,5.0,5,Yes,0
204362,Sales,Manager,53,13,11995.98,No,4.0,2,No,0
204363,Marketing,Analyst,32,12,15761.46,No,3.0,3,Yes,0
204364,Marketing,Specialist,22,12,4800.26,Yes,3.0,6,No,0
204365,Operations,Associate,48,3,7479.69,No,1.0,5,No,0
204366,Finance,Analyst,58,8,8549.34,Yes,2.0,4,Yes,0
204367,IT,Specialist,26,10,6388.79,No,2.0,1,Yes,0
204368,Marketing,Engineer,41,9,4061.05,No,3.0,8,No,0
204369,IT,Analyst,50,3,10215.95,No,5.0,4,No,0
204370,Operations,Manager,48,10,8480.68,No,1.0,8,No,0
204371,Marketing,Analyst,32,4,4253.33,No,2.0,4,Yes,0
204372,Operations,Analyst,43,1,7655.98,No,1.0,2,Yes,1
204373,Marketing,Associate,59,8,7838.92,No,5.0,5,No,0
204374,Operations,Analyst,51,3,12510.21,No,5.0,2,Yes,0
204375,IT,Manager,32,11,3866.4,No,4.0,6,Yes,0
204376,HR,Associate,38,1,4650.75,Yes,3.0,8,No,0
204377,IT,Engineer,51,15,11511.06,No,2.0,0,No,0
204378,Marketing,Analyst,51,7,6171.37,Yes,4.0,3,No,0
204379,Sales,Associate,59,15,5968.76,No,3.0,5,Yes,0
204380,Finance,Associate,30,12,2500.0,No,2.0,2,No,0
204381,Sales,Analyst,23,0,7265.39,No,3.0,4,Yes,0
204382,Marketing,Engineer,45,2,8123.45,No,4.0,3,No,0
204383,Sales,Associate,34,11,6237.83,Yes,5.0,7,No,0
204384,IT,Associate,39,7,7596.87,No,1.0,1,No,1
204385,IT,Associate,51,5,5956.09,No,5.0,7,No,1
204386,Operations,Analyst,47,11,7562.7,Yes,3.0,5,No,0
204387,Sales,Engineer,34,13,2500.0,No,2.0,6,No,1
204388,Sales,Manager,50,15,2500.0,Yes,4.0,3,No,1
204389,Finance,Associate,56,4,8890.96,Yes,4.0,6,No,1
204390,IT,Engineer,54,13,9013.23,No,5.0,6,No,0
204391,Sales,Associate,26,11,5932.17,No,3.0,1,Yes,0
204392,HR,Specialist,60,7,7808.44,No,5.0,6,No,1
204393,HR,Engineer,27,0,5993.01,No,1.0,4,Yes,0
204394,Finance,Associate,58,1,6626.67,No,1.0,3,Yes,0
204395,Operations,Analyst,46,7,5823.82,No,,8,No,0
204396,Sales,Analyst,24,8,9526.33,Yes,3.0,2,No,1
204397,HR,Associate,32,6,6281.37,Yes,4.0,4,No,0
204398,IT,Associate,59,4,7143.43,Yes,4.0,5,No,1
204399,Finance,Specialist,21,3,6354.47,No,5.0,4,No,0
204400,Sales,Engineer,31,4,6168.22,No,1.0,5,No,0
204401,HR,Analyst,31,15,7882.02,No,3.0,7,No,0
204402,Finance,Engineer,35,8,8894.77,No,1.0,3,Yes,0
204403,Marketing,Analyst,26,6,3671.59,No,1.0,5,No,1
204404,Marketing,Analyst,29,7,7200.73,No,4.0,4,No,0
204405,,Analyst,46,0,2678.44,Yes,4.0,2,No,1
204406,HR,Specialist,29,8,6458.13,No,4.0,8,Yes,0
204407,IT,Analyst,33,9,6615.44,No,2.0,6,No,1
204408,Marketing,Specialist,45,0,4169.9,No,2.0,0,No,1
204409,IT,Manager,59,3,5565.2,No,2.0,6,No,1
204410,Sales,Associate,58,3,6044.94,Yes,2.0,7,No,1
204411,Operations,Analyst,25,7,8717.37,Yes,4.0,6,Yes,0
204412,Finance,Analyst,33,4,5703.05,Yes,1.0,8,No,1
204413,IT,Associate,41,15,5603.82,No,5.0,2,Yes,0
204414,HR,Manager,44,15,2500.0,No,2.0,5,No,0
204415,IT,Specialist,58,4,2500.0,No,5.0,1,No,0
204416,HR,Analyst,56,15,6811.39,Yes,4.0,8,No,0
204417,Sales,Engineer,49,6,4175.72,No,4.0,2,No,1
204418,Sales,Specialist,38,9,8778.91,No,1.0,0,Yes,0
204419,Sales,Analyst,38,11,6316.53,No,4.0,3,Yes,0
204420,HR,Engineer,47,13,4916.94,No,1.0,7,Yes,0
204421,IT,Engineer,34,8,4342.39,No,4.0,0,Yes,1
204422,Marketing,Specialist,59,2,8113.99,No,5.0,4,No,0
204423,Operations,Specialist,55,12,6138.63,No,5.0,8,No,0
204424,Finance,Associate,60,8,8738.48,Yes,4.0,0,No,0
204425,IT,Manager,45,4,7789.46,No,1.0,6,Yes,0
204426,Sales,Manager,40,12,8596.71,Yes,4.0,2,No,1
204427,Marketing,Manager,60,1,2500.0,No,2.0,8,Yes,0
204428,Operations,Associate,55,14,10698.95,No,2.0,5,Yes,0
204429,IT,Engineer,50,13,7732.59,Yes,2.0,4,Yes,0
204430,Operations,Manager,60,0,8601.28,Yes,5.0,3,No,0
204431,Operations,Specialist,24,1,5153.49,No,5.0,6,Yes,0
204432,Marketing,Manager,22,1,6546.61,No,3.0,3,No,0
204433,Marketing,Manager,33,5,11281.92,Yes,1.0,8,Yes,0
204434,Operations,Associate,50,4,7483.03,No,3.0,5,Yes,0
204435,Marketing,Associate,53,1,6291.71,Yes,5.0,6,Yes,0
204436,Finance,Engineer,23,6,7497.19,Yes,2.0,1,No,1
204437,Operations,Associate,44,11,11490.23,Yes,2.0,0,No,0
204438,Marketing,Analyst,33,13,8930.33,Yes,3.0,5,No,1
204439,Sales,Specialist,34,13,4897.75,No,5.0,6,Yes,0
204440,Marketing,Specialist,25,9,6046.68,No,2.0,7,No,0
204441,Operations,Engineer,21,6,4471.79,No,1.0,7,No,1
204442,IT,Engineer,46,15,9504.99,No,5.0,8,No,0
204443,IT,Manager,48,9,9323.01,No,3.0,3,Yes,0
204444,Finance,Engineer,53,3,8457.95,No,4.0,4,Yes,0
204445,IT,Manager,28,4,3979.02,No,2.0,4,No,0
204446,Operations,Analyst,44,2,7602.84,No,1.0,8,No,0
204447,Finance,Manager,41,6,5118.56,Yes,2.0,5,Yes,0
204448,Marketing,Manager,31,5,7105.92,Yes,1.0,7,Yes,1
204449,Operations,Manager,44,9,5885.5,No,5.0,1,Yes,0
204450,Finance,Associate,21,4,4460.3,Yes,3.0,2,Yes,0
204451,Finance,Associate,45,13,8233.3,Yes,1.0,4,No,0
204452,Marketing,Manager,34,15,11558.48,No,4.0,4,Yes,0
204453,IT,Engineer,39,14,3974.61,No,5.0,1,No,0
204454,IT,Engineer,24,13,8088.84,Yes,4.0,8,Yes,0
204455,Operations,Manager,33,5,6930.34,Yes,3.0,6,Yes,0
204456,Sales,Manager,47,5,2804.21,No,4.0,7,No,0
204457,Marketing,Manager,39,10,8423.04,No,5.0,1,No,0
204458,Finance,Analyst,23,6,9919.51,No,4.0,7,Yes,0
204459,Operations,Engineer,32,3,3854.07,Yes,2.0,5,No,0
204460,Sales,Engineer,49,4,7363.2,Yes,3.0,7,Yes,0
204461,IT,Manager,57,4,2500.0,No,5.0,5,Yes,0
204462,Sales,Associate,51,6,9626.54,No,5.0,1,Yes,0
204463,Operations,Associate,58,7,7117.17,No,4.0,7,No,0
204464,IT,Associate,38,13,11797.46,Yes,2.0,0,Yes,0
204465,Finance,Analyst,50,7,6071.19,No,5.0,1,No,0
204466,Sales,Manager,25,0,11163.68,No,2.0,2,Yes,1
204467,IT,Specialist,58,7,4627.31,No,5.0,1,Yes,0
204468,Marketing,Engineer,35,3,6523.55,No,5.0,0,No,1
204469,Sales,Manager,57,4,11201.61,No,2.0,3,No,0
204470,Finance,Analyst,33,3,7208.91,No,3.0,1,No,0
204471,IT,Associate,29,10,3340.92,Yes,2.0,8,Yes,0
204472,Finance,Manager,56,1,3526.53,No,5.0,4,No,1
204473,Sales,Associate,27,15,9737.85,No,5.0,2,No,0
204474,HR,Specialist,27,4,11038.77,No,3.0,6,No,0
204475,Marketing,Manager,25,2,11158.69,Yes,3.0,4,Yes,1
204476,Marketing,Engineer,21,10,6287.32,No,4.0,1,No,1
204477,IT,Engineer,53,11,7698.54,No,2.0,3,Yes,0
204478,Sales,Engineer,27,1,6296.4,No,3.0,1,Yes,0
204479,Marketing,Manager,56,15,5704.42,No,5.0,0,No,0
204480,Operations,Associate,33,5,5987.15,Yes,1.0,6,Yes,1
204481,Finance,Manager,29,4,4170.26,No,1.0,1,No,0
204482,Sales,Manager,44,3,5454.2,No,4.0,4,Yes,0
204483,HR,Specialist,56,10,2870.13,No,5.0,7,Yes,0
204484,Operations,Specialist,58,11,8600.71,No,5.0,0,No,1
204485,HR,Engineer,31,5,7586.33,No,1.0,0,No,1
204486,Sales,Specialist,37,8,5738.92,Yes,3.0,3,Yes,0
204487,Operations,Engineer,57,6,9910.79,No,1.0,3,Yes,0
204488,Operations,Manager,33,2,4351.54,Yes,2.0,8,Yes,1
204489,Operations,Specialist,45,5,7284.31,No,3.0,8,No,0
204490,IT,Associate,35,9,6299.48,No,4.0,7,Yes,0
204491,Sales,Associate,22,9,8197.78,No,5.0,6,Yes,0
204492,Marketing,Engineer,52,3,7332.03,Yes,1.0,2,Yes,0
204493,Sales,Specialist,24,4,5150.92,No,5.0,0,Yes,0
204494,Sales,Manager,41,2,12228.94,No,4.0,1,Yes,0
204495,Marketing,Engineer,42,3,3025.02,No,2.0,3,Yes,0
204496,Marketing,Engineer,31,8,2610.11,Yes,1.0,7,No,0
204497,Marketing,Engineer,30,0,5756.09,No,5.0,7,Yes,0
204498,Finance,Manager,57,9,9037.45,No,5.0,0,No,0
204499,Marketing,Associate,59,3,7225.89,Yes,2.0,4,No,0
204500,Sales,Manager,37,7,7921.52,No,5.0,8,No,0
204501,Operations,Associate,23,11,4988.18,Yes,5.0,2,Yes,0
204502,IT,Specialist,38,3,6952.33,No,3.0,8,No,0
204503,IT,Specialist,30,10,7191.68,Yes,2.0,2,Yes,0
204504,Marketing,Analyst,36,9,3337.11,No,2.0,2,Yes,0
204505,IT,Manager,59,6,3492.17,No,2.0,8,Yes,0
204506,HR,Manager,59,15,8275.41,No,5.0,5,Yes,0
204507,Finance,Associate,29,15,3957.03,Yes,3.0,2,No,0
204508,IT,Engineer,58,8,7159.55,No,4.0,0,Yes,0
204509,Operations,Specialist,47,8,11055.45,No,1.0,8,No,1
204510,IT,Manager,42,9,2500.0,No,3.0,0,No,0
204511,Marketing,Manager,31,10,9084.0,No,2.0,6,No,0
204512,IT,Manager,37,7,7033.4,No,3.0,4,Yes,0
204513,HR,Specialist,26,2,5621.33,Yes,3.0,5,No,0
204514,Operations,Manager,30,14,5629.38,No,4.0,7,Yes,0
204515,Marketing,Associate,49,8,7233.01,No,5.0,0,Yes,0
204516,Operations,Manager,26,2,7125.78,No,2.0,5,No,0
204517,IT,Associate,28,2,6268.18,No,5.0,3,Yes,0
204518,Sales,Associate,31,0,8166.59,Yes,4.0,4,No,0
204519,Sales,Specialist,28,6,4371.52,No,4.0,5,Yes,0
204520,Marketing,Manager,56,3,6746.96,Yes,1.0,5,Yes,1
204521,Operations,Engineer,26,14,5048.54,No,2.0,0,No,0
204522,IT,Analyst,51,7,4242.46,No,3.0,5,No,1
204523,IT,Associate,50,10,7390.86,No,2.0,5,Yes,0
204524,Operations,Specialist,59,5,9692.96,No,3.0,2,Yes,0
204525,Finance,Engineer,39,1,3400.3,Yes,5.0,0,Yes,0
204526,Operations,Engineer,56,14,5212.09,Yes,2.0,1,Yes,0
204527,HR,Engineer,60,13,3577.39,Yes,1.0,3,No,1
204528,IT,Associate,38,7,8610.65,No,1.0,2,Yes,0
204529,Marketing,Specialist,58,15,7419.95,No,1.0,5,No,0
204530,HR,Specialist,48,12,6055.27,No,1.0,6,No,1
204531,Marketing,Analyst,32,0,6548.0,No,2.0,2,Yes,0
204532,Finance,Engineer,59,5,3154.12,No,2.0,8,Yes,1
204533,HR,Manager,33,5,8901.99,No,4.0,3,No,0
204534,HR,Engineer,41,11,3624.2,No,2.0,0,No,1
204535,Finance,Associate,26,8,2500.0,No,4.0,2,Yes,0
204536,Operations,Associate,60,11,8070.87,No,5.0,6,No,0
204537,Sales,Analyst,26,14,3341.68,Yes,5.0,5,Yes,0
204538,IT,Engineer,24,13,9840.2,Yes,3.0,7,No,0
204539,IT,Manager,31,8,9759.43,No,4.0,2,Yes,0
204540,Marketing,Associate,39,3,7079.38,No,5.0,6,No,0
204541,Operations,Manager,60,4,5353.75,No,4.0,5,No,0
204542,Operations,Analyst,28,3,3887.93,Yes,2.0,0,Yes,0
204543,HR,Engineer,29,12,6838.61,Yes,4.0,8,No,0
204544,IT,Engineer,37,10,6886.29,No,1.0,3,No,0
204545,HR,Manager,27,2,3734.21,No,2.0,8,Yes,1
204546,Finance,Associate,59,5,8031.51,No,3.0,6,Yes,1
204547,Operations,Specialist,32,15,8946.68,Yes,4.0,4,Yes,0
204548,Sales,Specialist,40,13,4067.02,Yes,5.0,5,Yes,0
204549,Marketing,Manager,21,9,7580.65,Yes,4.0,3,No,0
204550,IT,Associate,54,0,3634.8,Yes,1.0,8,Yes,1
204551,Sales,Engineer,22,13,8386.96,Yes,2.0,8,No,1
204552,HR,Specialist,39,8,10329.42,No,4.0,4,No,0
204553,Sales,Specialist,22,15,8123.89,No,,1,No,0
204554,Sales,Analyst,36,3,8966.51,No,5.0,1,No,0
204555,IT,Associate,41,13,3902.59,No,5.0,2,Yes,0
204556,HR,Associate,58,13,9040.58,No,2.0,1,Yes,0
204557,Finance,Manager,38,15,7921.28,No,2.0,1,No,0
204558,HR,Engineer,57,3,3619.75,No,3.0,5,No,0
204559,HR,Associate,23,13,8004.0,Yes,5.0,1,No,0
204560,IT,Analyst,36,5,6576.32,No,1.0,2,No,0
204561,HR,Analyst,25,12,4719.01,No,3.0,3,No,0
204562,IT,Associate,39,2,6519.05,No,3.0,6,No,0
204563,Operations,Manager,49,8,5023.78,Yes,4.0,6,No,1
204564,HR,Analyst,39,12,5226.28,No,4.0,4,Yes,0
204565,Sales,Associate,55,8,10011.32,No,1.0,6,No,0
204566,Operations,Engineer,38,12,6028.3,No,4.0,8,No,0
204567,Marketing,Specialist,-2,1,6731.03,No,2.0,4,Yes,0
204568,Sales,Manager,44,14,8505.92,Yes,2.0,2,No,1
204569,Marketing,Manager,30,3,5041.27,No,1.0,4,No,1
204570,Operations,Manager,46,4,7944.67,No,5.0,0,No,0
204571,IT,Specialist,48,5,9696.25,No,4.0,7,Yes,0
204572,IT,Manager,26,6,6330.37,No,4.0,7,No,0
204573,IT,Manager,51,15,5667.92,No,4.0,0,No,1
204574,HR,Engineer,26,10,9858.33,No,2.0,6,No,0
204575,Operations,Specialist,39,15,9380.81,Yes,5.0,7,No,0
204576,Operations,Associate,56,7,8711.53,No,3.0,7,No,0
204577,IT,Specialist,58,14,4285.62,No,2.0,8,Yes,0
204578,HR,Analyst,53,6,11434.74,No,4.0,2,Yes,0
204579,Operations,Analyst,45,10,3018.46,No,2.0,1,No,1
204580,Sales,Analyst,32,0,10190.69,No,5.0,5,No,1
204581,Marketing,Specialist,35,9,10223.42,Yes,5.0,4,No,1
204582,IT,Manager,49,7,7065.72,Yes,1.0,6,Yes,1
204583,IT,Manager,48,14,9804.14,Yes,3.0,1,No,1
204584,Operations,Specialist,24,8,3529.19,No,5.0,7,No,0
204585,Operations,Associate,44,0,10094.52,No,1.0,5,No,0
204586,Sales,Analyst,27,2,7198.04,No,2.0,4,No,0
204587,IT,Engineer,57,9,6978.05,No,1.0,8,No,1
204588,IT,Engineer,29,3,6090.27,No,1.0,7,No,0
204589,Sales,Analyst,24,6,3859.64,No,5.0,8,No,0
204590,Sales,Associate,30,9,6612.99,No,3.0,6,Yes,0
204591,IT,Associate,52,10,8869.66,No,4.0,5,Yes,0
204592,Sales,Associate,52,11,5322.15,No,4.0,0,No,0
204593,Marketing,Analyst,44,8,9856.27,No,3.0,3,No,0
204594,Sales,Manager,32,13,5989.73,No,4.0,6,No,0
204595,Finance,Analyst,48,4,7938.17,No,3.0,7,Yes,1
204596,HR,Associate,57,15,5523.22,Yes,2.0,5,No,0
204597,Sales,Associate,30,15,9250.71,No,1.0,0,No,0
204598,Operations,Engineer,43,8,11144.56,No,4.0,2,No,0
204599,IT,Manager,51,6,7324.9,No,5.0,4,No,0
204600,IT,Specialist,59,9,10809.4,No,1.0,7,No,0
204601,IT,Specialist,37,9,8548.56,No,2.0,6,Yes,1
204602,Operations,Associate,36,10,,Yes,1.0,3,No,1
204603,Finance,Specialist,55,5,7845.45,No,2.0,0,No,0
204604,Finance,Specialist,21,11,12127.77,No,2.0,8,No,0
204605,Operations,Analyst,47,13,5684.9,Yes,1.0,8,No,0
204606,HR,Engineer,33,4,10766.74,Yes,2.0,3,Yes,0
204607,Marketing,Analyst,49,3,8293.06,No,2.0,7,Yes,0
204608,Sales,Manager,47,6,7073.77,No,1.0,2,Yes,0
204609,Sales,Associate,40,14,7001.65,No,1.0,3,No,1
204610,Marketing,Analyst,46,12,10163.68,No,2.0,6,Yes,0
204611,IT,Associate,26,8,11844.15,No,3.0,4,Yes,0
204612,Finance,Analyst,29,1,8667.14,No,4.0,3,Yes,0
204613,Marketing,Analyst,55,10,9622.77,No,4.0,4,Yes,0
204614,Marketing,Manager,30,1,5658.74,No,4.0,1,No,0
204615,HR,Associate,57,9,5556.51,No,4.0,1,No,0
204616,HR,Manager,51,4,6407.54,No,3.0,6,Yes,0
204617,Operations,Manager,30,14,8875.05,Yes,2.0,5,No,1
204618,Finance,Manager,58,6,8291.82,No,3.0,8,Yes,0
204619,HR,Associate,44,1,8690.36,No,1.0,7,No,0
204620,HR,Specialist,56,2,9414.79,Yes,3.0,6,Yes,0
204621,IT,Manager,50,9,3793.56,Yes,3.0,3,No,1
204622,IT,Manager,41,3,8097.09,No,5.0,7,No,0
204623,Operations,Associate,48,9,7102.79,No,5.0,0,Yes,0
204624,Operations,Analyst,28,0,2809.76,No,5.0,0,Yes,0
204625,Operations,Associate,46,2,9779.9,Yes,2.0,0,No,0
204626,Operations,Analyst,42,12,6755.83,No,5.0,4,Yes,0
204627,Operations,Engineer,49,9,10474.54,No,2.0,7,No,1
204628,HR,Associate,56,0,12679.09,No,5.0,5,Yes,0
204629,IT,Associate,39,1,5091.07,No,3.0,0,Yes,0
204630,HR,Manager,23,3,2500.0,No,1.0,7,No,0
204631,Marketing,Specialist,22,11,6553.51,No,5.0,6,No,1
204632,Operations,Analyst,35,9,5271.0,No,4.0,4,No,1
204633,Finance,Engineer,41,6,11341.38,Yes,3.0,1,No,1
204634,Operations,Manager,55,10,2926.07,No,3.0,1,No,0
204635,Marketing,Associate,29,0,7705.21,No,5.0,7,No,0
204636,Sales,Analyst,23,6,10359.0,Yes,5.0,5,No,0
204637,HR,Analyst,60,2,3786.78,No,5.0,2,No,0
204638,Marketing,Specialist,58,9,5261.76,No,1.0,0,No,0
204639,IT,Engineer,44,6,5057.58,No,3.0,4,Yes,0
204640,IT,Specialist,53,0,8430.31,No,5.0,4,Yes,0
204641,Marketing,Manager,45,13,6042.22,No,2.0,7,Yes,0
204642,Sales,Associate,46,12,8241.87,No,4.0,1,Yes,0
204643,IT,Manager,50,1,11035.54,Yes,2.0,1,Yes,0
204644,Marketing,Engineer,24,5,7047.39,No,5.0,6,No,0
204645,Sales,Associate,27,1,4700.35,No,1.0,2,No,0
204646,Sales,Engineer,58,3,10308.82,No,2.0,8,Yes,0
204647,Finance,Engineer,47,3,2802.63,No,2.0,5,Yes,1
204648,Finance,Analyst,32,15,5004.79,No,1.0,3,Yes,0
204649,Marketing,Specialist,35,12,4456.16,Yes,3.0,7,No,0
204650,IT,Associate,37,11,5805.43,No,4.0,6,No,0
204651,Finance,Manager,26,1,4614.89,No,5.0,3,No,0
204652,Operations,Specialist,60,8,7305.93,No,5.0,7,Yes,1
204653,Sales,Specialist,37,11,13352.02,Yes,1.0,7,Yes,0
204654,Operations,Manager,42,12,2500.0,No,1.0,1,No,0
204655,Operations,Manager,50,5,8905.99,No,4.0,8,Yes,0
204656,Finance,Analyst,26,13,6352.24,No,2.0,5,Yes,0
204657,Marketing,Analyst,32,4,7955.88,No,5.0,7,Yes,0
204658,IT,Manager,38,4,5488.46,Yes,5.0,2,No,0
204659,Finance,Analyst,57,8,8239.04,No,3.0,6,No,0
204660,Marketing,Associate,28,1,2966.38,No,2.0,3,No,0
204661,IT,Analyst,53,6,6420.82,No,2.0,0,Yes,0
204662,HR,Analyst,52,9,5047.6,Yes,2.0,3,No,0
204663,Operations,Manager,50,11,7805.07,No,2.0,6,No,1
204664,Sales,Specialist,53,12,8746.49,No,5.0,5,No,0
204665,Operations,Associate,31,7,3892.13,No,5.0,2,No,0
204666,Finance,Manager,48,5,7114.28,Yes,5.0,8,Yes,0
204667,Operations,Manager,55,8,10924.33,No,1.0,7,No,0
204668,Finance,Engineer,22,3,10002.6,No,1.0,4,Yes,0
204669,HR,Manager,54,9,10276.98,No,3.0,5,No,0
204670,Sales,Specialist,40,2,2566.88,No,5.0,0,No,0
204671,Marketing,Engineer,23,3,7364.64,No,1.0,0,No,0
204672,Sales,Engineer,56,5,6263.41,No,2.0,8,No,0
204673,Marketing,Manager,32,11,7051.84,No,4.0,3,Yes,0
204674,Sales,Manager,38,14,7325.95,No,2.0,7,No,0
204675,Sales,Specialist,28,8,9382.01,No,4.0,5,Yes,0
204676,HR,Manager,52,0,2500.0,Yes,3.0,7,No,1
204677,Marketing,Manager,59,6,10348.91,No,5.0,3,Yes,1
204678,Operations,Analyst,59,5,9657.79,No,1.0,0,No,0
204679,Finance,Associate,57,5,6281.94,No,4.0,0,No,0
204680,Operations,Manager,33,0,6595.22,Yes,3.0,2,No,0
204681,Finance,Engineer,45,4,4931.5,No,1.0,2,Yes,0
204682,Finance,Analyst,45,14,5705.5,No,2.0,7,Yes,1
204683,Finance,Associate,31,2,5521.0,No,3.0,5,Yes,0
204684,IT,Associate,47,10,,Yes,5.0,0,Yes,0
204685,Marketing,Specialist,30,0,7169.82,No,2.0,5,No,0
204686,Operations,Analyst,34,1,4207.72,Yes,2.0,0,No,1
204687,Sales,Engineer,53,10,3899.55,Yes,3.0,6,No,0
204688,IT,Specialist,26,8,6529.52,No,1.0,4,Yes,0
204689,Marketing,Engineer,56,3,10204.32,No,3.0,8,Yes,0
204690,IT,Manager,51,13,9498.48,Yes,5.0,7,No,0
204691,IT,Engineer,28,7,4119.65,No,5.0,5,No,1
204692,Sales,Associate,32,9,6966.32,No,4.0,5,No,0
204693,HR,Specialist,38,9,7211.0,No,5.0,6,No,0
204694,Marketing,Manager,55,7,4687.64,No,2.0,3,No,0
204695,Marketing,Associate,36,6,10844.03,No,1.0,2,No,0
204696,Operations,Manager,51,8,3566.65,Yes,5.0,7,No,1
204697,HR,Engineer,50,12,4716.72,No,2.0,7,No,0
204698,Operations,Engineer,37,5,9326.65,No,5.0,7,No,1
204699,IT,Engineer,41,2,2805.49,No,2.0,5,Yes,0
204700,Sales,Associate,52,15,6128.92,No,2.0,3,No,0
204701,Sales,Analyst,28,13,4951.94,Yes,2.0,3,No,0
204702,Sales,Engineer,39,5,5235.62,No,5.0,7,No,1
204703,Finance,Specialist,26,13,7215.48,No,5.0,0,Yes,0
204704,Finance,Analyst,34,4,8889.38,Yes,1.0,8,No,0
204705,Sales,Associate,27,10,,No,1.0,2,Yes,0
204706,HR,Manager,36,10,6436.54,No,5.0,7,No,0
204707,HR,Analyst,26,13,6086.81,Yes,1.0,1,No,1
204708,Finance,Associate,45,4,11109.99,Yes,5.0,8,No,0
204709,Marketing,Specialist,54,8,4892.94,No,5.0,0,No,1
204710,Marketing,Engineer,47,10,9033.33,No,2.0,5,No,0
204711,IT,Engineer,52,8,6739.55,No,5.0,4,Yes,0
204712,IT,Analyst,26,5,4885.16,Yes,2.0,6,No,1
204713,HR,Analyst,31,2,10269.87,Yes,5.0,0,No,0
204714,,Specialist,60,11,10220.42,No,3.0,8,No,0
204715,Finance,Analyst,59,12,2500.0,No,4.0,4,Yes,0
204716,Operations,Manager,34,9,8490.23,No,1.0,6,No,1
204717,Sales,Specialist,41,9,7553.09,No,4.0,7,No,0
204718,Operations,Analyst,57,4,4693.71,No,2.0,2,No,0
204719,Operations,Engineer,60,11,9756.41,Yes,4.0,3,Yes,0
204720,Operations,Engineer,53,1,3569.18,No,3.0,6,Yes,0
204721,Marketing,Associate,36,11,3662.83,No,1.0,7,Yes,0
204722,Marketing,Associate,60,11,7166.36,Yes,4.0,3,No,1
204723,Marketing,Analyst,39,7,6078.24,Yes,5.0,5,No,0
204724,IT,Manager,59,6,6541.66,No,5.0,6,No,0
204725,Operations,Analyst,23,1,6915.55,No,5.0,8,No,0
204726,Finance,Specialist,31,6,8449.93,No,5.0,1,No,0
204727,Finance,Engineer,24,1,10833.0,No,1.0,3,Yes,1
204728,Finance,Manager,58,13,7163.07,No,1.0,0,Yes,0
204729,HR,Manager,55,8,6689.71,Yes,1.0,5,Yes,0
204730,IT,Specialist,52,7,4399.54,No,,2,No,0
204731,Operations,Manager,57,10,3307.44,No,5.0,6,No,0
204732,Sales,Specialist,45,11,4368.29,No,2.0,5,No,0
204733,Sales,Specialist,37,3,6868.08,No,5.0,8,No,0
204734,Marketing,Specialist,23,3,5875.39,No,4.0,5,Yes,0
204735,IT,Engineer,53,0,7350.83,Yes,1.0,7,No,0
204736,Sales,Specialist,31,11,8741.03,No,4.0,6,Yes,1
204737,HR,Engineer,39,4,6006.34,No,4.0,5,No,1
204738,IT,Engineer,29,14,7489.51,No,4.0,5,No,1
204739,Operations,Engineer,39,5,7611.77,Yes,2.0,5,No,0
204740,IT,Associate,58,11,10199.86,Yes,1.0,2,No,1
204741,Finance,Manager,53,14,3602.34,No,4.0,3,No,1
204742,IT,Specialist,57,7,11109.5,No,3.0,2,No,0
204743,Operations,Engineer,51,10,4507.85,No,5.0,4,Yes,0
204744,HR,Analyst,42,5,4591.94,No,1.0,1,No,0
204745,Finance,Associate,41,3,7504.09,Yes,2.0,3,No,1
204746,HR,Associate,46,11,7086.5,No,1.0,1,No,0
204747,HR,Associate,-4,3,8798.82,No,5.0,3,No,0
204748,Marketing,Manager,27,3,6012.39,Yes,2.0,7,Yes,0
204749,Operations,Analyst,27,9,2500.0,Yes,1.0,7,Yes,0
204750,Sales,Associate,23,15,4622.4,Yes,5.0,4,No,1
204751,Finance,Specialist,41,3,2500.0,No,4.0,3,No,0
204752,Sales,Manager,30,6,7808.99,Yes,1.0,7,No,0
204753,Finance,Specialist,52,1,4824.1,No,1.0,0,No,0
204754,Sales,Manager,60,10,8080.05,No,4.0,6,Yes,0
204755,Marketing,Manager,27,9,3933.96,No,5.0,5,No,0
204756,HR,Specialist,54,10,10066.96,Yes,5.0,2,Yes,1
204757,Sales,Engineer,56,4,11286.67,No,2.0,6,Yes,1
204758,Sales,Analyst,28,3,6461.85,No,3.0,6,Yes,0
204759,Finance,Specialist,45,8,6872.86,No,1.0,3,No,0
204760,Marketing,Associate,60,1,6099.3,No,,7,Yes,1
204761,Marketing,Analyst,22,10,8221.7,Yes,5.0,8,No,0
204762,Finance,Engineer,43,11,10272.53,No,5.0,8,No,1
204763,Operations,Analyst,53,1,9311.46,No,5.0,8,Yes,0
204764,Operations,Associate,36,3,4794.88,No,2.0,2,No,0
204765,Sales,Specialist,23,9,5213.65,No,2.0,0,No,0
204766,IT,Specialist,23,14,7445.01,Yes,4.0,8,Yes,0
204767,Sales,Engineer,54,7,2500.0,No,1.0,7,Yes,0
204768,IT,Associate,49,10,8597.97,No,5.0,1,Yes,1
204769,Sales,Engineer,42,10,5430.38,Yes,3.0,3,Yes,1
204770,Sales,Associate,29,2,9572.54,No,1.0,6,No,0
204771,Operations,Engineer,41,0,11462.71,No,4.0,5,No,1
204772,Marketing,Associate,37,14,5916.34,No,5.0,4,Yes,0
204773,Sales,Associate,30,10,6466.36,No,2.0,2,Yes,0
204774,Operations,Engineer,54,0,9687.35,No,1.0,4,Yes,1
204775,HR,Engineer,40,7,4420.05,No,1.0,6,No,1
204776,IT,Analyst,29,7,6305.52,No,3.0,3,No,0
204777,Operations,Associate,31,15,5659.65,No,5.0,2,No,0
204778,Operations,Specialist,48,3,4131.87,No,3.0,1,Yes,0
204779,HR,Engineer,56,0,5105.66,No,1.0,6,Yes,0
204780,Finance,Manager,30,7,9698.36,No,5.0,7,No,1
204781,Operations,Analyst,59,1,7950.3,No,5.0,6,No,0
204782,Sales,Specialist,45,13,7308.98,No,4.0,8,Yes,0
204783,Sales,Specialist,35,13,6224.94,No,3.0,1,No,0
204784,Marketing,Analyst,33,10,8753.33,No,2.0,6,Yes,0
204785,Sales,Engineer,41,8,12342.36,Yes,3.0,5,No,1
204786,Sales,Analyst,41,5,2500.0,No,3.0,5,Yes,1
204787,HR,Manager,39,14,4009.04,No,1.0,3,No,1
204788,HR,Manager,37,1,2500.0,No,2.0,4,Yes,0
204789,Finance,Associate,55,10,8834.47,No,3.0,0,No,0
204790,Sales,Specialist,25,15,9184.84,No,1.0,1,Yes,0
204791,Finance,Engineer,53,1,3642.24,Yes,1.0,6,No,0
204792,IT,Engineer,28,10,11099.93,Yes,1.0,6,Yes,0
204793,Operations,Engineer,43,15,10879.22,No,4.0,3,No,1
204794,Sales,Specialist,28,4,9250.19,No,5.0,3,Yes,0
204795,IT,Analyst,25,6,4174.02,No,2.0,2,Yes,0
204796,IT,Engineer,46,6,8571.39,Yes,2.0,4,No,1
204797,IT,Engineer,48,3,6295.27,No,5.0,3,No,1
204798,Sales,Manager,50,15,7673.13,No,1.0,2,No,0
204799,Finance,Engineer,36,14,4678.96,No,5.0,7,Yes,1
204800,Operations,Associate,37,15,6614.94,Yes,1.0,7,Yes,1
204801,Operations,Associate,56,6,2500.0,Yes,2.0,7,Yes,1
204802,IT,Engineer,53,10,8613.53,Yes,2.0,8,No,0
204803,IT,Manager,59,1,6963.46,No,5.0,0,No,0
204804,IT,Engineer,48,15,7199.24,No,1.0,0,No,0
204805,IT,Manager,35,9,4170.45,No,5.0,5,Yes,0
204806,Finance,Engineer,41,4,11706.36,No,4.0,1,Yes,0
204807,IT,Engineer,55,0,7189.74,No,3.0,3,Yes,0
204808,Finance,Associate,59,0,11122.13,No,4.0,2,No,0
204809,IT,Associate,33,14,7457.04,No,1.0,6,No,0
204810,Sales,Specialist,60,11,8844.32,Yes,,3,No,1
204811,Marketing,Specialist,21,2,8171.88,Yes,4.0,1,Yes,0
204812,Operations,Specialist,51,15,5486.2,No,5.0,4,Yes,0
204813,Operations,Specialist,26,6,5269.5,Yes,1.0,1,Yes,0
204814,Finance,Associate,54,5,5323.23,No,2.0,7,Yes,0
204815,IT,Analyst,50,5,10399.75,No,1.0,4,No,0
204816,Sales,Specialist,23,9,5359.55,Yes,5.0,4,Yes,1
204817,IT,Manager,39,11,11096.74,No,5.0,3,No,0
204818,IT,Engineer,31,8,6901.77,Yes,5.0,5,No,1
204819,Marketing,Associate,42,6,6898.46,No,4.0,5,Yes,0
204820,IT,Analyst,21,0,6843.0,No,1.0,1,No,0
204821,HR,Specialist,21,14,9419.65,No,5.0,5,No,0
204822,Operations,Manager,39,9,3796.37,Yes,3.0,0,Yes,0
204823,HR,Manager,49,9,2500.0,No,4.0,6,No,0
204824,Operations,Engineer,50,13,7149.23,No,5.0,7,Yes,1
204825,IT,Associate,44,4,6937.38,No,4.0,5,No,1
204826,Marketing,Manager,27,14,8267.78,No,1.0,4,Yes,1
204827,Finance,Associate,21,3,4403.98,Yes,2.0,4,No,1
204828,Marketing,Manager,26,11,5949.02,Yes,4.0,6,Yes,1
204829,Finance,Specialist,26,0,8780.31,No,4.0,5,Yes,0
204830,HR,Engineer,30,1,10799.89,No,3.0,5,No,0
204831,IT,Analyst,54,13,10251.31,No,2.0,0,Yes,1
204832,IT,Associate,35,15,2500.0,Yes,3.0,6,Yes,0
204833,Sales,Manager,39,4,4946.81,No,4.0,2,Yes,0
204834,Finance,Analyst,34,3,5553.42,No,5.0,0,No,0
204835,HR,Manager,30,5,10805.46,Yes,2.0,5,No,0
204836,HR,Engineer,58,5,5138.65,Yes,1.0,3,No,0
204837,IT,Associate,54,12,5342.44,No,2.0,7,Yes,0
204838,Operations,Manager,47,5,10211.93,No,5.0,2,Yes,0
204839,Operations,Specialist,34,14,6016.89,No,2.0,2,No,0
204840,Marketing,Analyst,30,3,3579.24,Yes,4.0,7,No,0
204841,IT,Engineer,35,6,4071.75,No,2.0,7,No,0
204842,HR,Manager,57,2,5860.8,No,5.0,8,No,0
204843,Finance,Specialist,32,10,4568.71,Yes,1.0,3,No,1
204844,IT,Manager,52,6,5893.1,No,1.0,8,Yes,0
204845,Operations,Engineer,54,11,6547.97,No,2.0,8,Yes,1
204846,IT,Analyst,39,10,5129.18,Yes,2.0,1,No,1
204847,HR,Manager,60,7,3181.89,No,2.0,8,No,1
204848,IT,Analyst,24,1,8939.93,No,5.0,2,No,0
204849,HR,Engineer,34,10,7502.39,No,3.0,4,No,0
204850,IT,Engineer,29,10,12437.43,No,4.0,1,No,0
204851,Finance,Specialist,52,9,8277.02,No,3.0,6,Yes,0
204852,Operations,Specialist,38,15,7446.16,Yes,3.0,7,No,0
204853,Finance,Analyst,45,11,3087.21,No,4.0,1,Yes,0
204854,Sales,Specialist,58,1,8693.83,No,4.0,3,Yes,1
204855,Marketing,Analyst,28,14,6697.07,No,4.0,1,Yes,0
204856,Finance,Associate,51,15,4019.2,Yes,4.0,0,No,0
204857,Sales,Engineer,50,15,8171.57,No,4.0,2,No,1
204858,Sales,Engineer,48,11,8606.66,Yes,5.0,4,No,0
204859,Operations,Specialist,37,2,2500.0,Yes,2.0,3,Yes,0
204860,Operations,Analyst,34,11,3718.6,No,1.0,0,No,0
204861,Operations,Manager,43,15,7080.6,Yes,5.0,0,No,0
204862,Operations,Engineer,23,1,4212.39,No,1.0,6,No,1
204863,Sales,Engineer,53,8,3878.62,No,2.0,4,No,0
204864,Finance,Engineer,56,1,6037.22,No,4.0,1,Yes,1
204865,Finance,Manager,26,5,6873.86,No,2.0,2,No,0
204866,HR,Associate,38,7,12817.16,No,4.0,5,No,0
204867,Finance,Analyst,42,2,8378.72,Yes,1.0,8,Yes,0
204868,Sales,Specialist,36,14,6313.88,Yes,3.0,0,Yes,0
204869,IT,Associate,52,5,3876.34,Yes,3.0,2,No,0
204870,Operations,Engineer,49,5,8342.38,No,5.0,7,No,0
204871,IT,Associate,47,13,6302.49,Yes,4.0,1,Yes,0
204872,Finance,Analyst,49,3,11351.75,Yes,4.0,0,Yes,0
204873,Operations,Manager,26,9,12140.19,No,2.0,6,Yes,0
204874,HR,Engineer,44,14,5431.94,Yes,4.0,4,No,1
204875,HR,Analyst,42,7,5858.61,No,1.0,6,No,1
204876,Sales,Manager,40,1,9208.88,No,2.0,3,No,1
204877,Finance,Engineer,60,11,3698.27,Yes,5.0,2,No,0
204878,IT,Engineer,29,2,4795.04,Yes,2.0,7,No,0
204879,IT,Associate,30,10,8511.52,No,4.0,4,Yes,0
204880,,Engineer,25,11,3824.81,No,3.0,2,No,0
204881,Operations,Specialist,23,3,2507.12,No,2.0,7,No,0
204882,Marketing,Manager,31,3,6602.25,Yes,5.0,0,Yes,1
204883,HR,Analyst,43,3,9583.53,Yes,3.0,5,Yes,0
204884,Operations,Associate,47,2,7808.81,No,4.0,0,No,0
204885,HR,Associate,46,6,6706.23,Yes,1.0,8,No,1
204886,HR,Analyst,40,4,7630.87,No,3.0,6,Yes,0
204887,Operations,Analyst,25,9,5242.16,No,5.0,5,Yes,0
204888,Finance,Engineer,49,6,2500.0,No,2.0,2,Yes,1
204889,IT,Analyst,32,2,3307.54,Yes,4.0,2,No,0
204890,Operations,Specialist,32,7,10487.02,No,3.0,0,No,1
204891,Marketing,Engineer,35,12,9438.03,No,2.0,3,Yes,0
204892,Operations,Analyst,47,15,8074.2,No,2.0,2,No,0
204893,Sales,Engineer,60,1,6629.01,No,2.0,0,No,1
204894,,Analyst,35,15,10515.72,Yes,3.0,6,No,0
204895,Operations,Manager,48,10,6380.09,No,3.0,6,No,0
204896,Sales,Specialist,22,13,5282.89,No,3.0,1,Yes,0
204897,Operations,Associate,30,9,3796.61,No,5.0,4,No,1
204898,Sales,Specialist,34,3,10773.14,No,5.0,5,No,0
204899,Operations,Analyst,43,5,6446.45,Yes,1.0,2,Yes,0
204900,Marketing,Manager,35,10,7943.64,Yes,2.0,7,No,0
204901,Operations,Analyst,22,11,3012.27,No,1.0,5,Yes,1
204902,Marketing,Engineer,42,11,4573.45,No,4.0,8,No,1
204903,Finance,Specialist,52,4,11451.36,Yes,2.0,3,No,1
204904,Operations,Associate,35,8,4519.11,No,5.0,6,Yes,0
204905,IT,Specialist,51,15,8226.36,Yes,1.0,7,Yes,1
204906,Operations,Associate,56,0,5741.03,No,1.0,0,No,1
204907,HR,Manager,24,10,5661.81,Yes,3.0,3,Yes,0
204908,IT,Manager,46,12,,No,1.0,0,No,0
204909,Operations,Associate,29,9,2500.0,No,4.0,8,No,0
204910,Operations,Manager,39,11,4401.22,No,3.0,0,No,0
204911,Sales,Manager,40,11,5427.07,No,4.0,1,No,1
204912,Operations,Manager,60,12,9738.21,No,,1,Yes,0
204913,Finance,Analyst,46,7,6053.24,No,4.0,1,No,0
204914,Operations,Analyst,59,10,2500.0,Yes,4.0,3,Yes,1
204915,Marketing,Associate,43,14,9140.88,Yes,1.0,2,Yes,1
204916,Operations,Specialist,36,15,8169.13,Yes,5.0,4,Yes,1
204917,Operations,Analyst,42,1,2500.0,Yes,3.0,0,No,0
204918,Marketing,Associate,40,6,4990.24,Yes,2.0,7,No,0
204919,IT,Analyst,49,3,4107.03,No,5.0,4,Yes,1
204920,Marketing,Specialist,56,8,4993.0,No,3.0,1,Yes,1
204921,Marketing,Associate,28,11,9103.93,No,1.0,5,No,1
204922,HR,Engineer,56,8,4318.4,No,3.0,5,No,0
204923,Marketing,Engineer,52,2,6102.81,No,1.0,2,No,0
204924,Marketing,Manager,24,15,6438.6,No,3.0,7,No,0
204925,IT,Associate,38,12,9468.99,No,3.0,0,No,0
204926,Marketing,Engineer,24,13,5981.68,No,2.0,2,Yes,1
204927,IT,Engineer,35,8,7323.62,No,2.0,0,Yes,0
204928,IT,Analyst,50,15,9427.33,No,3.0,1,Yes,1
204929,IT,Manager,55,10,11234.66,No,3.0,6,Yes,0
204930,Marketing,Analyst,28,5,7879.67,Yes,4.0,2,Yes,1
204931,Finance,Engineer,21,9,11095.93,No,5.0,3,No,0
204932,Finance,Engineer,36,2,10862.8,No,1.0,8,No,1
204933,Marketing,Manager,41,14,6850.54,Yes,1.0,4,Yes,0
204934,Finance,Analyst,52,14,7359.58,No,2.0,7,No,1
204935,Sales,Specialist,60,2,,No,2.0,3,No,0
204936,Operations,Specialist,53,7,7361.03,No,5.0,4,No,0
204937,IT,Manager,42,6,6133.8,Yes,5.0,3,Yes,0
204938,Finance,Specialist,29,2,7036.52,Yes,4.0,8,Yes,1
204939,Marketing,Specialist,44,8,3729.14,No,1.0,8,No,0
204940,Marketing,Engineer,21,11,9761.67,No,5.0,3,Yes,0
204941,IT,Associate,35,10,6628.37,No,4.0,2,No,0
204942,IT,Manager,41,2,9635.27,No,5.0,1,Yes,0
204943,Operations,Analyst,39,9,10648.91,No,1.0,6,Yes,1
204944,Sales,Engineer,54,13,4502.92,No,5.0,0,No,0
204945,Sales,Associate,34,13,5045.72,No,2.0,1,Yes,0
204946,Operations,Specialist,47,15,10258.05,No,2.0,7,No,0
204947,Operations,Manager,38,14,3251.34,No,2.0,7,Yes,0
204948,HR,Specialist,27,12,8213.35,No,1.0,1,Yes,0
204949,Sales,Engineer,21,9,8016.84,No,3.0,8,Yes,0
204950,Marketing,Engineer,22,7,8716.41,No,5.0,7,Yes,1
204951,IT,Manager,55,8,9658.79,No,4.0,3,No,1
204952,IT,Manager,24,11,6979.9,No,1.0,1,Yes,0
204953,IT,Manager,49,14,6817.95,No,4.0,0,No,0
204954,Operations,Associate,28,6,11113.45,No,1.0,2,Yes,1
204955,IT,Associate,49,12,2835.35,No,3.0,5,No,0
204956,IT,Analyst,36,8,10096.88,No,1.0,3,No,0
204957,Operations,Analyst,46,6,5497.27,No,2.0,8,No,0
204958,Marketing,Engineer,58,3,4691.94,No,1.0,2,No,0
204959,Operations,Analyst,58,7,5259.31,No,5.0,1,No,0
204960,Sales,Analyst,49,3,10645.96,No,4.0,0,Yes,0
204961,IT,Associate,43,7,8963.08,No,4.0,6,Yes,1
204962,Marketing,Specialist,47,6,4360.88,No,2.0,8,Yes,0
204963,Sales,Associate,58,3,9442.77,Yes,2.0,7,Yes,0
204964,Sales,Engineer,40,2,2500.0,No,1.0,4,No,1
204965,HR,Associate,33,13,5606.22,No,5.0,3,Yes,1
204966,Operations,Associate,41,2,10181.44,No,2.0,7,No,0
204967,Operations,Analyst,55,3,4081.12,No,3.0,4,No,0
204968,Sales,Engineer,60,11,5612.28,Yes,3.0,3,No,0
204969,Finance,Manager,23,10,6111.55,No,1.0,7,No,0
204970,Finance,Associate,51,3,5443.44,No,4.0,3,Yes,1
204971,Sales,Specialist,52,3,5590.47,Yes,5.0,2,No,0
204972,Finance,Engineer,34,9,5941.46,Yes,4.0,6,No,1
204973,Marketing,Manager,56,11,8893.98,Yes,2.0,7,No,1
204974,HR,Associate,21,3,11142.13,No,5.0,4,No,0
204975,Finance,Manager,55,11,7107.63,No,4.0,5,No,0
204976,IT,Associate,31,3,8538.19,No,4.0,6,Yes,0
204977,,Associate,51,0,3590.46,No,2.0,7,No,0
204978,HR,Manager,53,6,4557.2,No,2.0,4,Yes,0
204979,IT,Engineer,40,2,9177.84,No,2.0,5,Yes,0
204980,Marketing,Associate,49,13,9299.22,No,2.0,8,No,0
204981,HR,Specialist,48,3,2500.0,No,2.0,3,Yes,1
204982,Operations,Analyst,40,3,5059.33,No,3.0,6,Yes,0
204983,IT,Manager,55,3,7970.59,No,2.0,0,No,0
204984,Sales,Specialist,34,2,7308.7,Yes,3.0,3,Yes,0
204985,Finance,Specialist,22,11,6561.99,Yes,3.0,4,Yes,0
204986,Sales,Engineer,50,9,12965.22,No,2.0,4,No,0
204987,Finance,Analyst,43,1,6559.87,No,3.0,3,No,0
204988,Operations,Specialist,44,2,8406.11,Yes,2.0,7,Yes,0
204989,Operations,Associate,25,14,7000.34,No,1.0,1,No,0
204990,Operations,Associate,26,4,5229.6,No,1.0,4,Yes,1
204991,Operations,Manager,45,9,6690.82,No,1.0,1,No,1
204992,Finance,Engineer,55,0,10736.07,No,1.0,3,No,0
204993,Sales,Manager,55,2,9674.1,No,4.0,5,No,0
204994,Finance,Engineer,31,3,11899.84,Yes,2.0,6,No,0
204995,Operations,Specialist,28,10,8722.45,Yes,2.0,6,Yes,0
204996,Sales,Specialist,31,3,3993.19,No,5.0,1,Yes,0
204997,IT,Manager,25,12,12076.02,No,1.0,0,Yes,1
204998,Sales,Associate,53,1,7070.81,Yes,4.0,4,Yes,0
204999,,Analyst,52,7,7206.53,No,5.0,2,Yes,0
205000,IT,Engineer,58,8,2723.82,No,5.0,6,No,1
205001,Operations,Analyst,59,12,9652.42,No,3.0,5,Yes,0
205002,IT,Specialist,49,2,7521.42,No,2.0,5,No,0
205003,Operations,Manager,42,6,7132.91,No,5.0,0,No,0
205004,Marketing,Manager,50,3,7018.53,No,3.0,0,No,0
205005,Operations,Manager,36,2,7189.16,No,4.0,7,Yes,0
205006,IT,Specialist,23,13,7784.67,No,,4,Yes,0
205007,Marketing,Associate,37,1,8366.29,Yes,3.0,5,Yes,1
205008,Finance,Manager,37,4,6368.34,No,3.0,0,Yes,0
205009,Operations,Associate,35,11,7078.71,No,5.0,7,No,0
205010,Operations,Analyst,45,14,6289.79,No,5.0,4,No,0
205011,Operations,Specialist,48,10,2713.26,No,4.0,4,No,0
205012,Finance,Analyst,21,12,12136.58,No,4.0,7,No,0
205013,Operations,Engineer,50,10,7044.61,No,5.0,6,No,0
205014,IT,Specialist,60,3,10928.87,No,1.0,8,No,0
205015,HR,Manager,58,4,10148.99,Yes,4.0,5,Yes,0
205016,IT,Engineer,37,9,9360.87,No,3.0,1,Yes,0
205017,Finance,Engineer,50,5,10863.92,No,5.0,2,No,1
205018,Sales,Analyst,35,12,5486.35,No,5.0,0,Yes,0
205019,Finance,Manager,56,0,8009.59,No,2.0,8,No,0
205020,Marketing,Analyst,30,9,5130.02,No,1.0,2,No,0
205021,Marketing,Associate,59,15,8255.59,Yes,1.0,0,Yes,0
205022,IT,Manager,27,10,6280.04,Yes,3.0,6,Yes,0
205023,HR,Engineer,46,2,5961.76,Yes,3.0,4,Yes,1
205024,Operations,Associate,28,3,2500.0,Yes,2.0,0,No,0
205025,Sales,Manager,50,9,10025.58,No,3.0,8,No,0
205026,IT,Associate,35,13,9689.24,Yes,2.0,0,No,0
205027,Sales,Manager,53,3,8180.13,Yes,2.0,8,Yes,1
205028,Operations,Specialist,49,8,11651.44,No,4.0,7,No,1
205029,Operations,Specialist,55,14,10761.31,Yes,5.0,2,No,0
205030,Sales,Associate,34,15,4759.33,No,3.0,0,No,0
205031,IT,Analyst,38,4,9121.0,No,1.0,5,No,0
205032,Marketing,Engineer,50,3,4555.66,No,1.0,8,Yes,0
205033,HR,Engineer,57,15,8169.73,Yes,2.0,0,No,1
205034,,Associate,47,12,10530.31,Yes,4.0,2,No,0
205035,Operations,Manager,54,0,11042.43,Yes,3.0,5,No,1
205036,IT,Engineer,50,6,5595.38,No,3.0,8,No,0
205037,Operations,Specialist,30,12,9718.41,Yes,4.0,0,Yes,1
205038,Operations,Associate,44,6,5167.38,No,4.0,8,Yes,0
205039,Operations,Manager,25,12,9561.9,No,3.0,4,Yes,0
205040,Operations,Manager,26,7,3775.55,No,2.0,3,No,0
205041,IT,Manager,40,4,7855.43,Yes,2.0,1,Yes,0
205042,Finance,Associate,36,0,4647.13,No,1.0,5,Yes,0
205043,Operations,Specialist,57,8,7553.76,No,4.0,7,Yes,0
205044,Finance,Engineer,54,15,9411.12,No,4.0,3,No,0
205045,Marketing,Specialist,25,0,5616.96,Yes,4.0,0,No,0
205046,IT,Analyst,51,7,4289.72,No,3.0,5,Yes,0
205047,Operations,Manager,42,1,5218.93,No,5.0,4,Yes,0
205048,Marketing,Manager,49,10,6258.44,Yes,3.0,4,Yes,1
205049,Operations,Analyst,38,2,8590.91,No,4.0,6,No,1
205050,Operations,Manager,51,5,10736.66,No,5.0,0,No,0
205051,Finance,Manager,29,9,6411.94,No,1.0,2,Yes,0
205052,Operations,Manager,51,14,2500.0,No,1.0,1,No,0
205053,IT,Specialist,60,3,8783.93,Yes,3.0,2,No,1
205054,HR,Specialist,37,14,11746.84,Yes,5.0,7,No,0
205055,IT,Associate,31,14,6741.19,Yes,1.0,4,Yes,0
205056,Marketing,Manager,54,7,7173.34,Yes,4.0,3,No,0
205057,Marketing,Specialist,22,0,6373.85,Yes,1.0,8,Yes,1
205058,Operations,Engineer,46,10,8195.37,Yes,1.0,6,No,0
205059,Finance,Associate,32,13,6314.92,No,3.0,4,Yes,0
205060,Sales,Specialist,41,0,8865.94,No,2.0,0,No,0
205061,Operations,Engineer,50,13,10851.77,No,2.0,2,No,0
205062,Marketing,Manager,32,11,11912.46,No,5.0,7,No,0
205063,Marketing,Manager,52,9,7365.43,No,5.0,5,Yes,0
205064,IT,Manager,55,13,10962.82,Yes,5.0,5,No,1
205065,Operations,Specialist,28,12,10229.46,No,4.0,0,No,0
205066,,Engineer,31,4,8695.18,No,2.0,3,No,0
205067,IT,Analyst,28,3,3822.47,No,1.0,5,Yes,0
205068,Marketing,Engineer,50,1,4975.22,Yes,4.0,3,No,1
205069,Marketing,Associate,22,15,9132.7,No,4.0,3,No,0
205070,Sales,Specialist,22,14,3399.55,Yes,2.0,0,No,1
205071,Marketing,Associate,58,15,11246.06,Yes,1.0,0,No,0
205072,Sales,Specialist,32,13,6101.36,No,3.0,7,No,1
205073,Operations,Associate,25,8,7911.38,No,1.0,2,No,0
205074,Finance,Engineer,52,12,3894.67,No,1.0,4,No,1
205075,Operations,Analyst,35,10,4475.62,No,4.0,0,Yes,0
205076,IT,Specialist,39,1,3713.2,No,5.0,0,No,0
205077,Operations,Engineer,21,5,4972.62,No,2.0,7,Yes,0
205078,HR,Analyst,53,8,10616.76,No,3.0,5,Yes,0
205079,Finance,Manager,24,8,6023.14,Yes,4.0,3,Yes,1
205080,IT,Manager,33,6,7429.66,Yes,2.0,3,No,0
205081,HR,Analyst,35,5,6116.99,Yes,2.0,8,No,1
205082,Marketing,Analyst,28,5,10856.59,No,4.0,2,No,0
205083,Sales,Analyst,51,14,8948.81,No,4.0,6,No,1
205084,Operations,Specialist,50,7,8019.25,No,4.0,3,No,1
205085,Marketing,Associate,23,5,5933.01,No,1.0,6,No,1
205086,Marketing,Manager,53,4,5723.17,No,1.0,2,No,1
205087,Marketing,Manager,53,1,3178.63,No,5.0,8,No,0
205088,Sales,Manager,56,11,7435.0,No,4.0,0,No,0
205089,Sales,Engineer,47,12,2500.0,No,5.0,1,No,0
205090,Finance,Engineer,29,3,5124.58,No,1.0,2,No,0
205091,Sales,Engineer,31,10,6538.7,No,2.0,7,Yes,0
205092,IT,Analyst,21,9,5536.53,Yes,5.0,2,No,0
205093,Operations,Analyst,37,13,7867.55,No,4.0,7,No,0
205094,IT,Associate,31,9,8730.07,Yes,2.0,3,Yes,1
205095,IT,Analyst,25,12,7335.52,Yes,1.0,4,No,1
205096,Sales,Engineer,34,4,8046.38,No,1.0,5,No,1
205097,IT,Associate,50,4,9046.68,Yes,1.0,8,Yes,1
205098,Finance,Specialist,40,12,5191.76,No,2.0,1,No,0
205099,Marketing,Analyst,25,7,7520.59,No,5.0,8,Yes,0
205100,Operations,Specialist,31,3,11863.89,Yes,4.0,5,No,0
205101,HR,Manager,43,14,4281.1,Yes,3.0,0,Yes,1
205102,Sales,Engineer,27,4,7139.22,No,2.0,4,No,0
205103,IT,Associate,50,7,5915.07,No,3.0,1,Yes,1
205104,IT,Associate,44,2,6778.19,No,1.0,3,No,1
205105,Sales,Analyst,32,10,6927.25,No,5.0,0,Yes,1
205106,IT,Specialist,38,9,5346.11,No,5.0,7,No,0
205107,Marketing,Engineer,54,11,2927.78,No,2.0,0,No,0
205108,Operations,Manager,32,13,6927.86,No,3.0,4,Yes,0
205109,Sales,Associate,30,9,10586.23,No,4.0,1,Yes,0
205110,Finance,Analyst,60,1,9330.22,No,1.0,7,No,1
205111,Sales,Engineer,52,5,4700.82,No,4.0,3,No,0
205112,Sales,Analyst,42,10,7770.9,No,4.0,7,No,1
205113,HR,Associate,25,9,7500.51,No,1.0,4,No,0
205114,Sales,Specialist,28,2,7415.22,No,1.0,5,No,0
205115,Marketing,Manager,30,12,6752.08,No,4.0,3,Yes,0
205116,Sales,Specialist,40,7,11752.38,Yes,2.0,0,No,1
205117,Marketing,Specialist,33,6,,No,1.0,4,Yes,0
205118,,Manager,53,13,3610.28,No,1.0,7,No,1
205119,Finance,Manager,23,3,4273.73,Yes,3.0,3,No,0
205120,Sales,Engineer,25,13,10921.53,Yes,4.0,4,Yes,0
205121,IT,Manager,38,5,7181.92,No,3.0,3,Yes,0
205122,Operations,Associate,47,5,6602.82,No,3.0,6,No,0
205123,HR,Specialist,38,4,9182.53,Yes,4.0,3,No,1
205124,Marketing,Analyst,56,10,3579.91,No,4.0,1,Yes,0
205125,Finance,Manager,41,12,10360.54,No,4.0,1,No,1
205126,Operations,Analyst,39,8,8142.08,No,4.0,3,Yes,0
205127,Finance,Analyst,45,8,2500.0,No,5.0,2,No,1
205128,Sales,Specialist,46,10,8592.31,No,1.0,7,No,0
205129,IT,Analyst,58,5,7215.47,No,3.0,8,No,1
205130,Operations,Associate,34,0,8673.14,No,5.0,2,Yes,0
205131,IT,Specialist,27,5,7472.58,No,4.0,6,Yes,0
205132,IT,Analyst,35,14,4444.19,No,3.0,4,Yes,0
205133,IT,Associate,26,14,7666.42,Yes,1.0,3,No,0
205134,HR,Manager,23,1,8971.6,Yes,5.0,1,No,1
205135,Marketing,Analyst,49,6,5369.91,No,,5,No,1
205136,IT,Manager,50,4,6762.15,Yes,1.0,3,No,1
205137,Operations,Associate,55,4,6288.61,Yes,3.0,5,No,1
205138,Finance,Manager,56,2,8103.97,No,1.0,1,No,1
205139,IT,Associate,43,15,6672.74,No,5.0,8,Yes,1
205140,Marketing,Associate,25,1,9388.63,No,2.0,5,No,0
205141,Sales,Manager,41,1,3455.25,Yes,4.0,3,No,1
205142,Finance,Analyst,59,0,10903.36,Yes,1.0,7,No,0
205143,IT,Specialist,52,10,7600.44,No,5.0,4,No,0
205144,Finance,Manager,45,8,9355.5,Yes,4.0,7,Yes,0
205145,Operations,Engineer,52,9,7259.56,No,3.0,5,No,1
205146,Sales,Engineer,49,13,8115.41,No,1.0,5,No,0
205147,HR,Engineer,46,3,5530.13,No,1.0,7,No,1
205148,Sales,Analyst,42,1,7606.35,No,,2,Yes,0
205149,Operations,Associate,49,2,12108.16,No,1.0,1,No,0
205150,Finance,Specialist,25,3,6705.88,No,3.0,6,No,0
205151,Finance,Associate,39,9,6161.35,Yes,3.0,8,Yes,0
205152,Finance,Associate,52,4,5706.38,Yes,2.0,0,Yes,0
205153,Marketing,Specialist,45,14,9261.05,Yes,5.0,0,No,0
205154,Sales,Associate,30,3,8230.84,No,1.0,4,No,1
205155,Marketing,Manager,53,6,7912.1,No,1.0,0,No,0
205156,IT,Analyst,56,2,7920.33,No,2.0,1,No,0
205157,Sales,Manager,58,9,5973.52,Yes,1.0,8,Yes,0
205158,HR,Engineer,57,11,6894.02,No,2.0,7,No,1
205159,Operations,Manager,46,10,7007.09,Yes,4.0,8,Yes,0
205160,HR,Engineer,31,15,5163.86,No,2.0,7,No,0
205161,Sales,Manager,27,12,10184.43,No,1.0,0,No,0
205162,Operations,Engineer,21,8,2500.0,No,4.0,3,No,1
205163,Sales,Associate,23,14,2500.0,No,5.0,3,No,1
205164,Sales,Manager,27,10,6642.41,No,2.0,5,No,1
205165,Marketing,Manager,39,6,9175.42,No,1.0,0,No,1
205166,Sales,Specialist,54,10,5446.25,No,3.0,6,Yes,1
205167,Marketing,Engineer,27,15,5072.47,Yes,1.0,0,No,0
205168,Marketing,Manager,41,6,7808.78,No,1.0,0,Yes,0
205169,Sales,Associate,-6,8,7427.16,No,1.0,5,Yes,0
205170,Operations,Manager,53,11,6903.03,No,5.0,1,No,0
205171,Marketing,Analyst,40,9,4130.1,No,5.0,2,No,0
205172,Operations,Associate,39,2,2692.56,No,3.0,7,No,0
205173,IT,Manager,59,11,2500.0,No,2.0,4,No,0
205174,IT,Engineer,43,10,6655.32,Yes,3.0,2,Yes,0
205175,HR,Engineer,47,11,5879.81,Yes,2.0,1,Yes,0
205176,Finance,Engineer,42,14,6829.43,No,5.0,3,Yes,0
205177,Sales,Engineer,22,3,5887.9,Yes,1.0,6,No,0
205178,Sales,Specialist,45,15,7045.75,Yes,3.0,5,No,0
205179,Marketing,Manager,54,0,4877.82,Yes,4.0,8,No,1
205180,Marketing,Associate,24,10,4430.21,No,1.0,5,Yes,0
205181,HR,Analyst,59,2,6762.09,No,1.0,3,No,0
205182,Operations,Associate,42,7,7406.81,No,5.0,0,No,0
205183,IT,Engineer,46,9,8322.8,No,3.0,8,Yes,0
205184,Operations,Associate,44,4,8132.54,No,2.0,5,Yes,0
205185,Sales,Analyst,51,0,5178.1,No,4.0,0,No,0
205186,Sales,Manager,55,10,8328.43,No,2.0,8,Yes,0
205187,Sales,Associate,25,6,4308.27,Yes,1.0,5,Yes,1
205188,IT,Specialist,57,14,11565.75,No,2.0,5,No,0
205189,HR,Engineer,29,1,8368.18,No,5.0,1,Yes,0
205190,Sales,Engineer,31,0,5071.89,No,3.0,3,Yes,1
205191,Sales,Associate,25,3,7265.61,No,2.0,5,Yes,1
205192,IT,Specialist,39,6,3895.98,Yes,3.0,1,Yes,0
205193,Operations,Analyst,60,13,9695.73,No,1.0,3,Yes,0
205194,Sales,Analyst,36,15,8355.24,No,3.0,2,No,1
205195,IT,Engineer,42,1,5885.54,No,3.0,6,No,0
205196,Sales,Associate,22,2,9550.71,Yes,3.0,0,Yes,0
205197,Marketing,Analyst,60,2,8052.44,No,5.0,0,Yes,0
205198,IT,Manager,42,8,8059.34,Yes,1.0,0,No,0
205199,HR,Analyst,22,6,9879.84,No,1.0,7,No,1
205200,Marketing,Analyst,22,2,6604.77,No,5.0,2,No,1
205201,Marketing,Specialist,24,15,4106.82,No,4.0,7,Yes,0
205202,Operations,Specialist,50,10,5174.44,No,1.0,0,Yes,0
205203,Marketing,Engineer,25,3,11572.36,No,3.0,8,No,0
205204,Sales,Associate,38,7,8606.4,No,2.0,2,No,0
205205,Marketing,Engineer,23,2,5544.95,Yes,4.0,2,No,1
205206,IT,Engineer,50,15,6092.37,No,1.0,6,No,0
205207,Operations,Manager,31,14,4653.69,No,5.0,1,No,1
205208,Sales,Associate,50,12,10549.52,Yes,5.0,3,No,1
205209,Operations,Analyst,42,1,8570.21,No,3.0,6,No,0
205210,Marketing,Engineer,42,0,8031.81,No,1.0,0,Yes,0
205211,,Associate,30,4,5544.01,Yes,3.0,7,No,0
205212,IT,Specialist,57,0,9963.86,Yes,3.0,7,No,0
205213,Sales,Manager,38,14,10362.53,No,4.0,6,Yes,0
205214,Operations,Specialist,46,8,7005.72,No,1.0,8,No,0
205215,Operations,Engineer,27,3,9814.9,No,3.0,8,No,0
205216,Sales,Manager,31,13,5851.21,No,4.0,3,No,0
205217,IT,Engineer,55,15,12584.5,No,5.0,6,No,0
205218,HR,Analyst,39,14,5937.75,No,5.0,1,No,0
205219,Operations,Engineer,25,12,11525.2,No,4.0,6,No,0
205220,IT,Manager,27,12,11338.0,No,5.0,7,No,0
205221,IT,Associate,43,9,7549.23,No,5.0,0,No,0
205222,Finance,Specialist,59,4,6806.06,No,3.0,8,Yes,0
205223,Finance,Specialist,26,13,5963.53,No,3.0,2,Yes,0
205224,IT,Manager,27,11,5724.88,No,2.0,1,No,1
205225,Marketing,Associate,34,1,6945.64,Yes,5.0,6,Yes,0
205226,Operations,Engineer,56,6,6106.23,No,5.0,2,No,0
205227,Sales,Engineer,46,7,6616.22,No,5.0,7,Yes,1
205228,Operations,Analyst,33,14,6911.82,No,4.0,8,Yes,1
205229,Sales,Manager,55,0,7481.24,No,4.0,3,Yes,0
205230,Marketing,Engineer,54,14,5641.0,No,5.0,4,Yes,0
205231,Sales,Manager,22,8,8624.24,No,1.0,4,No,1
205232,Marketing,Analyst,44,13,2500.0,Yes,3.0,8,No,1
205233,Operations,Specialist,45,1,8570.15,No,1.0,5,No,0
205234,Marketing,Specialist,53,2,8894.8,No,2.0,7,Yes,1
205235,Sales,Engineer,22,14,11730.31,Yes,4.0,2,No,1
205236,Sales,Engineer,30,11,6451.45,No,2.0,1,No,1
205237,Operations,Associate,57,2,3897.06,No,2.0,1,Yes,0
205238,Operations,Analyst,28,13,6757.05,No,5.0,8,No,0
205239,Operations,Analyst,43,4,2844.31,No,2.0,6,No,0
205240,IT,Specialist,50,8,6272.57,No,5.0,4,No,0
205241,Finance,Engineer,34,3,10962.89,Yes,3.0,1,No,0
205242,Sales,Associate,56,0,7327.0,Yes,5.0,2,Yes,0
205243,Marketing,Engineer,53,7,6737.77,Yes,3.0,7,No,1
205244,HR,Engineer,36,12,,No,4.0,2,No,0
205245,IT,Analyst,59,12,9250.03,Yes,3.0,4,No,0
205246,Operations,Associate,44,10,3259.5,No,5.0,6,No,1
205247,Sales,Engineer,26,9,7721.52,No,3.0,3,No,0
205248,HR,Analyst,34,12,4330.99,No,3.0,8,No,0
205249,Operations,Specialist,45,1,4901.54,No,1.0,2,Yes,1
205250,,Specialist,42,8,7841.18,Yes,3.0,3,Yes,0
205251,IT,Associate,58,9,5220.22,Yes,2.0,3,No,0
205252,Operations,Analyst,21,8,8021.19,No,3.0,7,No,0
205253,IT,Engineer,50,3,5232.43,No,3.0,6,No,0
205254,IT,Engineer,31,3,2500.0,Yes,4.0,6,No,1
205255,Finance,Associate,22,9,7823.22,No,4.0,1,No,0
205256,Sales,Engineer,24,2,5920.36,No,3.0,2,Yes,0
205257,Sales,Manager,35,8,4613.1,Yes,5.0,6,No,0
205258,Marketing,Analyst,59,4,9115.4,No,1.0,7,No,0
205259,Sales,Analyst,48,9,9430.92,Yes,3.0,6,No,1
205260,Marketing,Associate,21,4,2500.0,Yes,1.0,0,No,0
205261,Operations,Manager,27,6,5427.78,No,3.0,5,Yes,0
205262,IT,Manager,58,10,8360.09,Yes,2.0,1,No,0
205263,Finance,Analyst,21,9,6705.57,Yes,5.0,4,No,0
205264,HR,Associate,36,8,8056.36,No,5.0,2,Yes,0
205265,Operations,Engineer,31,8,11615.65,No,2.0,1,Yes,0
205266,Marketing,Specialist,34,15,11688.93,No,4.0,4,No,0
205267,IT,Analyst,54,15,11761.94,No,4.0,4,No,0
205268,Finance,Manager,56,11,7263.82,Yes,1.0,8,Yes,0
205269,Finance,Manager,56,3,6168.43,Yes,5.0,8,No,0
205270,IT,Associate,37,5,8729.6,No,,8,Yes,0
205271,IT,Engineer,24,4,9789.91,No,1.0,0,Yes,0
205272,Operations,Manager,50,7,4984.5,No,2.0,0,No,0
205273,Sales,Engineer,47,1,4829.63,No,4.0,5,Yes,0
205274,HR,Manager,53,0,4644.24,Yes,3.0,7,Yes,1
205275,Sales,Associate,31,10,8987.07,No,1.0,4,Yes,0
205276,Operations,Engineer,52,1,4092.8,No,2.0,3,No,1
205277,,Engineer,44,13,10651.36,No,1.0,3,Yes,0
205278,Marketing,Manager,39,1,7852.81,No,5.0,3,No,0
205279,IT,Manager,37,0,6573.51,No,3.0,7,No,0
205280,Sales,Analyst,53,12,4038.93,No,3.0,7,No,0
205281,IT,Manager,22,2,4364.24,No,2.0,7,No,0
205282,IT,Manager,32,13,6786.26,No,5.0,1,No,0
205283,IT,Engineer,48,14,6366.88,No,1.0,8,No,0
205284,Operations,Associate,29,10,6772.98,No,3.0,5,Yes,0
205285,Sales,Manager,29,3,5605.12,Yes,3.0,4,Yes,0
205286,Sales,Manager,33,7,7132.8,No,1.0,1,No,0
205287,Operations,Associate,45,15,2912.7,Yes,3.0,8,Yes,0
205288,Operations,Engineer,44,0,2500.0,No,3.0,3,Yes,1
205289,,Analyst,48,1,11969.11,No,4.0,1,No,0
205290,IT,Engineer,57,15,7687.51,Yes,4.0,2,Yes,0
205291,HR,Engineer,53,14,9381.5,Yes,1.0,3,Yes,0
205292,Operations,Engineer,48,5,8369.17,No,3.0,6,No,0
205293,IT,Manager,42,1,7339.25,No,5.0,5,Yes,0
205294,Finance,Specialist,32,11,7955.5,No,3.0,3,Yes,1
205295,HR,Manager,24,10,8008.72,No,3.0,7,No,0
205296,IT,Manager,58,7,9165.89,Yes,4.0,0,Yes,0
205297,Finance,Specialist,28,3,8472.46,No,2.0,3,Yes,1
205298,Sales,Associate,25,1,10196.3,No,2.0,0,No,0
205299,Operations,Associate,44,1,8926.48,Yes,4.0,2,No,0
205300,Marketing,Engineer,51,15,12721.6,No,3.0,5,Yes,0
205301,Sales,Manager,52,5,5449.99,No,5.0,1,No,0
205302,Marketing,Associate,41,1,11625.84,No,3.0,0,No,0
205303,IT,Analyst,29,6,6992.15,No,1.0,8,Yes,0
205304,Operations,Manager,40,2,2500.0,No,5.0,2,No,0
205305,Operations,Engineer,37,5,6590.09,Yes,4.0,6,No,0
205306,Finance,Engineer,41,3,5019.44,No,3.0,2,No,0
205307,Operations,Engineer,46,10,9523.02,Yes,1.0,5,No,0
205308,Finance,Manager,51,8,7336.35,No,2.0,5,Yes,1
205309,IT,Manager,28,3,11717.13,No,2.0,0,Yes,1
205310,Sales,Engineer,54,8,9463.78,Yes,5.0,4,Yes,0
205311,Sales,Manager,25,8,3214.45,No,4.0,1,Yes,0
205312,Sales,Specialist,46,2,10867.65,No,1.0,7,No,0
205313,Operations,Associate,35,7,7404.11,No,5.0,3,No,0
205314,Sales,Engineer,25,14,10138.17,No,5.0,0,No,1
205315,Finance,Analyst,26,1,10834.36,No,5.0,7,No,0
205316,IT,Associate,58,4,12125.47,No,2.0,1,No,0
205317,Marketing,Manager,38,10,7256.6,Yes,2.0,3,No,1
205318,Marketing,Associate,31,10,4948.92,No,1.0,5,No,0
205319,IT,Manager,43,11,6448.75,Yes,2.0,7,Yes,0
205320,HR,Analyst,56,15,6076.58,Yes,1.0,1,No,0
205321,Operations,Analyst,56,5,6112.57,No,3.0,2,No,1
205322,IT,Analyst,45,11,7260.65,No,2.0,3,No,0
205323,Operations,Manager,38,2,10405.76,No,4.0,6,Yes,0
205324,HR,Engineer,35,0,7165.16,No,5.0,8,No,0
205325,Operations,Specialist,36,1,8669.27,No,5.0,8,No,0
205326,IT,Analyst,59,13,8494.51,No,2.0,0,No,1
205327,HR,Engineer,37,3,6288.67,No,3.0,7,Yes,1
205328,Sales,Specialist,27,8,6694.97,No,3.0,5,No,0
205329,IT,Engineer,21,4,7674.19,No,2.0,3,Yes,1
205330,Marketing,Manager,51,7,3092.17,No,4.0,8,Yes,0
205331,IT,Analyst,34,5,9321.2,No,3.0,2,No,1
205332,Finance,Manager,37,2,9561.06,No,2.0,0,No,0
205333,HR,Specialist,56,12,9771.57,No,1.0,4,Yes,1
205334,Operations,Specialist,30,4,7503.91,No,3.0,2,No,0
205335,IT,Associate,42,14,7241.27,Yes,1.0,3,No,0
205336,Operations,Specialist,51,9,2802.1,No,5.0,2,Yes,0
205337,Sales,Manager,39,8,11024.94,No,4.0,2,No,0
205338,HR,Associate,42,11,9641.02,Yes,2.0,2,No,0
205339,Sales,Specialist,50,3,4923.6,No,,6,No,1
205340,IT,Analyst,38,15,6526.83,No,4.0,8,No,1
205341,IT,Analyst,56,10,2526.42,No,3.0,2,No,1
205342,Finance,Specialist,31,11,4723.63,No,3.0,8,Yes,0
205343,Operations,Specialist,35,7,4999.85,No,3.0,7,Yes,1
205344,Marketing,Analyst,56,10,8122.7,Yes,3.0,6,Yes,0
205345,Operations,Manager,43,6,9292.63,No,5.0,2,No,0
205346,IT,Analyst,28,9,7304.0,Yes,4.0,5,No,1
205347,IT,Specialist,45,6,9069.21,No,2.0,0,No,1
205348,Operations,Associate,44,15,8230.21,No,2.0,6,Yes,0
205349,IT,Manager,57,9,5470.8,No,3.0,8,Yes,0
205350,Marketing,Manager,36,14,8319.15,Yes,4.0,6,No,0
205351,Operations,Analyst,26,13,10575.74,Yes,5.0,4,Yes,1
205352,Finance,Specialist,59,14,9345.51,No,4.0,8,Yes,0
205353,Marketing,Associate,30,12,9027.85,No,4.0,0,Yes,0
205354,Marketing,Specialist,26,1,6046.69,Yes,5.0,1,No,0
205355,Sales,Manager,52,12,8012.6,Yes,4.0,0,No,0
205356,HR,Analyst,36,11,11631.37,Yes,2.0,0,No,0
205357,Sales,Specialist,34,3,7064.27,Yes,3.0,5,Yes,1
205358,Sales,Manager,27,15,9952.07,Yes,3.0,7,No,0
205359,Operations,Manager,27,5,9008.42,No,1.0,0,No,0
205360,Finance,Specialist,41,13,6203.22,No,3.0,5,No,0
205361,Sales,Analyst,49,8,3705.04,Yes,3.0,1,No,0
205362,Sales,Engineer,27,7,7934.98,No,3.0,6,Yes,0
205363,Sales,Specialist,41,4,2854.87,No,2.0,0,No,0
205364,IT,Engineer,47,14,10379.77,No,1.0,1,No,0
205365,Marketing,Manager,31,2,12027.67,Yes,3.0,5,Yes,1
205366,HR,Analyst,42,2,,No,2.0,4,No,0
205367,Operations,Associate,35,15,3124.06,No,5.0,5,Yes,0
205368,Sales,Engineer,40,10,8789.62,No,5.0,0,Yes,1
205369,IT,Manager,51,13,4841.62,Yes,5.0,4,No,0
205370,Sales,Engineer,56,1,6557.79,No,3.0,8,No,0
205371,Operations,Specialist,23,15,9633.29,No,5.0,4,No,0
205372,Marketing,Engineer,51,15,7022.01,No,2.0,3,Yes,0
205373,Finance,Associate,45,5,9019.8,No,3.0,7,Yes,0
205374,Finance,Manager,22,15,9193.6,Yes,1.0,3,No,1
205375,Operations,Engineer,31,3,8660.81,Yes,1.0,4,No,1
205376,Marketing,Manager,60,0,11273.09,No,2.0,3,Yes,0
205377,HR,Specialist,57,14,4955.51,No,5.0,1,Yes,0
205378,Finance,Engineer,48,0,7696.6,No,3.0,3,No,0
205379,IT,Associate,40,15,7344.17,No,1.0,0,No,0
205380,Sales,Specialist,21,2,8631.18,Yes,2.0,8,Yes,0
205381,Sales,Specialist,43,12,7149.83,No,1.0,5,Yes,0
205382,Marketing,Associate,50,1,6031.55,No,1.0,4,No,1
205383,Finance,Engineer,57,13,6692.34,No,1.0,3,Yes,0
205384,Finance,Analyst,33,11,8104.04,No,5.0,7,Yes,0
205385,Finance,Manager,47,5,5374.79,No,5.0,6,No,0
205386,Finance,Specialist,23,14,8008.25,Yes,1.0,1,No,0
205387,Finance,Analyst,39,13,7420.68,Yes,1.0,5,Yes,0
205388,IT,Analyst,53,4,4856.7,No,3.0,0,No,0
205389,Operations,Specialist,55,5,6141.15,No,1.0,0,Yes,0
205390,Sales,Analyst,59,12,8797.97,Yes,3.0,7,Yes,1
205391,Operations,Associate,50,2,6493.76,No,2.0,7,Yes,0
205392,Sales,Associate,48,2,7056.02,Yes,5.0,1,Yes,1
205393,Sales,Specialist,55,13,3199.38,No,4.0,0,No,0
205394,Marketing,Specialist,50,3,5966.36,No,2.0,5,Yes,0
205395,Sales,Specialist,49,9,6627.22,No,1.0,6,No,0
205396,IT,Manager,23,11,6046.36,No,5.0,7,No,0
205397,IT,Specialist,25,13,9805.25,Yes,3.0,1,No,0
205398,HR,Manager,43,4,4696.4,No,1.0,1,No,0
205399,IT,Associate,34,10,9022.17,No,5.0,4,Yes,0
205400,Operations,Associate,43,5,6297.11,No,1.0,1,No,0
205401,Finance,Specialist,32,6,6046.23,No,2.0,8,No,1
205402,Sales,Manager,47,13,8333.45,No,2.0,1,No,0
205403,HR,Analyst,58,8,4621.41,No,5.0,8,No,0
205404,HR,Manager,47,14,6100.43,No,5.0,2,No,0
205405,Operations,Analyst,29,6,7530.93,No,4.0,1,No,1
205406,Operations,Specialist,49,14,4468.98,No,4.0,4,No,0
205407,IT,Specialist,43,14,6927.06,No,2.0,1,Yes,0
205408,Operations,Manager,29,6,11209.0,No,3.0,6,Yes,0
205409,Operations,Engineer,50,3,,Yes,1.0,0,No,0
205410,Sales,Engineer,32,8,3682.35,No,1.0,7,No,0
205411,IT,Engineer,35,13,6079.14,Yes,3.0,2,Yes,1
205412,IT,Specialist,51,7,2500.0,No,4.0,8,No,0
205413,Sales,Manager,45,8,8707.6,No,5.0,8,No,0
205414,Sales,Analyst,50,10,6612.28,No,2.0,3,No,0
205415,Sales,Manager,49,7,6920.82,No,2.0,6,Yes,0
205416,IT,Analyst,26,11,5086.26,Yes,1.0,8,No,0
205417,Operations,Associate,44,3,8682.81,No,2.0,2,Yes,0
205418,Sales,Associate,57,10,8208.11,Yes,4.0,7,No,0
205419,Finance,Manager,36,13,5092.79,Yes,2.0,1,No,0
205420,IT,Analyst,60,8,8270.88,Yes,4.0,0,No,0
205421,IT,Analyst,58,1,6530.0,No,1.0,1,Yes,0
205422,IT,Analyst,27,13,8029.1,No,2.0,4,Yes,0
205423,Finance,Specialist,38,1,5616.11,No,4.0,1,No,0
205424,HR,Specialist,27,4,4591.38,No,4.0,3,No,1
205425,Operations,Analyst,45,14,8992.31,No,3.0,4,No,0
205426,Finance,Specialist,21,9,3540.42,Yes,4.0,4,No,1
205427,Sales,Engineer,30,1,8166.83,No,1.0,5,Yes,1
205428,IT,Specialist,26,5,4575.93,Yes,3.0,5,No,1
205429,Finance,Engineer,45,14,9048.06,No,5.0,7,Yes,1
205430,Marketing,Associate,42,8,2500.0,No,3.0,6,Yes,0
205431,IT,Specialist,27,13,5047.25,No,4.0,7,Yes,1
205432,,Analyst,49,6,,No,2.0,4,No,0
205433,Operations,Engineer,53,8,9307.23,No,3.0,3,No,0
205434,Operations,Analyst,31,2,3654.05,No,2.0,5,Yes,0
205435,Operations,Manager,57,0,6900.86,No,5.0,3,Yes,0
205436,HR,Engineer,60,14,8304.28,Yes,2.0,8,No,1
205437,HR,Engineer,22,2,6718.48,No,3.0,8,Yes,0
205438,IT,Specialist,54,9,6469.62,Yes,2.0,2,No,1
205439,Operations,Associate,50,13,9129.43,No,3.0,2,Yes,0
205440,Sales,Manager,32,6,4462.71,Yes,3.0,0,No,0
205441,Marketing,Manager,21,13,9646.88,Yes,1.0,5,No,1
205442,Marketing,Engineer,34,13,4622.62,No,2.0,4,Yes,0
205443,Sales,Manager,51,7,5058.86,Yes,4.0,7,No,1
205444,Sales,Analyst,39,3,3139.91,No,3.0,2,Yes,0
205445,Marketing,Analyst,34,4,10419.49,Yes,2.0,2,No,1
205446,IT,Manager,28,3,7889.14,No,3.0,7,No,0
205447,HR,Associate,37,3,6623.14,No,4.0,2,No,1
205448,HR,Specialist,48,9,8453.57,Yes,4.0,5,Yes,0
205449,Operations,Specialist,48,1,2500.0,No,4.0,6,Yes,0
205450,Marketing,Analyst,50,10,9563.96,No,2.0,3,Yes,0
205451,IT,Specialist,43,15,7073.87,No,5.0,1,No,0
205452,Operations,Analyst,26,15,5938.03,No,2.0,7,No,0
205453,IT,Specialist,50,7,9825.57,No,1.0,6,Yes,0
205454,Finance,Engineer,48,15,9788.19,No,3.0,8,No,0
205455,Marketing,Specialist,37,6,6261.99,No,1.0,7,No,0
205456,Operations,Specialist,40,8,2500.0,No,2.0,0,No,1
205457,IT,Specialist,50,4,5037.9,No,5.0,1,Yes,0
205458,HR,Associate,31,13,2500.0,No,1.0,3,No,0
205459,HR,Engineer,23,5,8221.17,No,2.0,3,No,0
205460,Operations,Associate,45,0,8513.22,Yes,1.0,7,No,0
205461,Finance,Manager,59,5,11371.85,No,3.0,0,Yes,0
205462,Operations,Manager,43,2,3570.01,No,2.0,3,Yes,0
205463,Marketing,Specialist,32,9,7088.25,No,1.0,2,Yes,0
205464,IT,Specialist,54,3,8424.78,No,2.0,4,No,0
205465,Operations,Specialist,53,12,8003.71,No,4.0,1,No,0
205466,Operations,Analyst,38,14,12854.51,No,2.0,0,Yes,0
205467,Marketing,Associate,33,12,3378.72,No,4.0,1,Yes,0
205468,Operations,Engineer,27,10,9786.07,Yes,2.0,5,Yes,1
205469,IT,Analyst,31,4,9607.31,Yes,4.0,7,No,0
205470,Marketing,Manager,60,10,7512.29,No,4.0,8,No,0
205471,IT,Specialist,50,7,10212.12,No,2.0,6,Yes,0
205472,IT,Analyst,48,7,7600.32,No,2.0,2,No,0
205473,HR,Specialist,48,4,4345.39,No,4.0,6,Yes,0
205474,Sales,Analyst,35,2,7668.89,No,2.0,2,No,0
205475,Finance,Analyst,38,4,6914.11,No,3.0,4,Yes,0
205476,IT,Analyst,31,8,8525.2,No,5.0,6,Yes,0
205477,Operations,Associate,51,12,7445.32,No,5.0,2,No,1
205478,Sales,Analyst,46,10,2500.0,No,4.0,1,Yes,1
205479,IT,Associate,44,14,6969.64,Yes,3.0,6,Yes,0
205480,Operations,Associate,30,0,4699.58,No,1.0,6,Yes,0
205481,Sales,Associate,23,0,5324.48,No,3.0,5,No,0
205482,Finance,Associate,30,3,8401.14,No,2.0,6,No,0
205483,IT,Manager,28,4,6442.65,Yes,5.0,2,No,1
205484,Sales,Analyst,60,9,11052.22,No,3.0,5,Yes,0
205485,IT,Manager,23,4,9797.17,No,3.0,2,Yes,0
205486,Operations,Manager,29,10,10476.04,No,1.0,8,Yes,0
205487,Marketing,Engineer,52,3,12976.68,No,1.0,0,No,1
205488,Finance,Specialist,30,11,8319.65,Yes,1.0,6,Yes,0
205489,IT,Manager,22,13,7040.11,No,5.0,4,No,0
205490,Finance,Engineer,55,14,7556.23,No,3.0,4,No,0
205491,Marketing,Analyst,48,9,5368.85,Yes,3.0,2,No,1
205492,Operations,Specialist,54,15,6787.1,No,5.0,2,Yes,0
205493,HR,Specialist,21,2,7386.79,No,1.0,5,No,0
205494,Operations,Manager,60,9,7300.09,Yes,3.0,1,No,1
205495,Operations,Associate,57,9,6205.44,Yes,4.0,8,No,0
205496,Marketing,Engineer,38,15,14044.82,No,4.0,1,Yes,0
205497,Operations,Associate,57,0,6038.14,No,4.0,8,No,0
205498,IT,Manager,46,3,4270.94,No,1.0,4,No,0
205499,IT,Manager,40,7,8927.92,No,3.0,6,No,0
205500,Finance,Analyst,46,14,7291.19,Yes,3.0,5,No,1
205501,Operations,Engineer,41,2,9870.32,No,2.0,4,No,1
205502,,Analyst,44,6,7604.34,No,3.0,2,No,0
205503,,Specialist,53,15,10258.57,No,2.0,8,No,0
205504,Operations,Manager,56,7,7933.57,No,3.0,5,No,0
205505,IT,Analyst,30,15,7955.28,No,1.0,6,No,1
205506,Operations,Analyst,49,12,7402.06,No,5.0,2,No,0
205507,Finance,Analyst,50,11,3668.81,No,3.0,3,Yes,0
205508,HR,Engineer,32,1,7983.48,No,3.0,2,Yes,1
205509,Sales,Associate,50,9,6584.93,No,4.0,7,No,0
205510,Operations,Engineer,37,15,6580.24,No,5.0,3,No,0
205511,Finance,Associate,36,12,10453.27,No,3.0,4,Yes,0
205512,IT,Manager,47,12,7343.44,No,5.0,6,No,0
205513,Marketing,Manager,36,6,6007.99,Yes,5.0,6,No,1
205514,Finance,Engineer,54,7,4293.15,No,3.0,6,No,0
205515,IT,Associate,29,1,4606.56,No,1.0,1,No,1
205516,Marketing,Manager,55,6,7761.8,Yes,5.0,8,Yes,0
205517,Operations,Associate,38,6,8208.15,No,3.0,1,Yes,0
205518,Sales,Manager,42,8,8645.23,No,4.0,6,Yes,0
205519,Finance,Engineer,38,10,5230.59,No,2.0,6,No,1
205520,Sales,Analyst,43,12,5224.62,No,1.0,2,No,0
205521,Sales,Engineer,44,9,7435.19,No,2.0,1,No,0
205522,Marketing,Specialist,43,14,5480.6,Yes,2.0,1,No,0
205523,HR,Engineer,47,11,4665.17,Yes,3.0,8,Yes,0
205524,HR,Manager,21,11,7570.75,No,5.0,8,Yes,0
205525,Sales,Engineer,23,11,9415.77,Yes,1.0,8,No,0
205526,Marketing,Associate,23,12,7062.15,No,3.0,7,Yes,1
205527,Sales,Engineer,40,4,7129.64,Yes,3.0,7,No,1
205528,Operations,Analyst,53,10,10590.53,No,1.0,5,No,0
205529,Finance,Analyst,50,1,5862.93,No,4.0,3,Yes,1
205530,Operations,Analyst,52,9,7324.87,Yes,4.0,5,No,1
205531,Operations,Manager,22,3,7773.13,No,4.0,4,Yes,0
205532,Finance,Analyst,45,6,4700.54,No,3.0,8,No,0
205533,Finance,Engineer,59,8,8051.73,Yes,1.0,5,No,0
205534,Finance,Specialist,24,1,7107.47,Yes,3.0,7,Yes,0
205535,IT,Analyst,37,5,7205.17,No,1.0,3,No,0
205536,Sales,Associate,33,2,6005.66,No,3.0,8,Yes,0
205537,IT,Manager,41,3,9179.14,No,4.0,5,No,0
205538,Finance,Specialist,26,9,7874.95,No,3.0,5,No,0
205539,Sales,Manager,47,3,5431.16,No,3.0,1,No,0
205540,,Engineer,46,14,4478.86,No,2.0,6,No,0
205541,Marketing,Manager,50,9,3920.4,Yes,1.0,5,No,1
205542,Marketing,Analyst,23,6,9760.29,No,5.0,8,Yes,0
205543,Marketing,Engineer,58,10,8360.76,No,2.0,8,No,0
205544,Operations,Engineer,43,6,6157.65,No,1.0,3,No,0
205545,HR,Specialist,41,1,5619.08,No,3.0,5,No,0
205546,IT,Specialist,49,11,12921.32,Yes,3.0,5,No,0
205547,IT,Analyst,47,11,7692.46,No,,8,Yes,0
205548,HR,Engineer,30,12,5693.5,No,1.0,7,Yes,0
205549,Sales,Manager,23,6,7850.34,No,1.0,8,Yes,0
205550,Finance,Analyst,55,3,12209.06,No,3.0,5,No,1
205551,Marketing,Associate,31,13,3966.62,No,2.0,7,No,0
205552,Sales,Specialist,40,3,6976.43,Yes,2.0,4,No,0
205553,HR,Associate,42,4,7561.79,No,4.0,7,No,0
205554,Operations,Analyst,57,11,8764.62,No,2.0,7,Yes,0
205555,Finance,Manager,32,6,6193.96,No,1.0,4,Yes,0
205556,Operations,Analyst,39,13,8203.87,No,2.0,1,Yes,0
205557,Marketing,Specialist,-7,10,8660.22,No,4.0,2,No,0
205558,Sales,Specialist,35,15,5519.68,No,2.0,1,No,0
205559,Sales,Analyst,51,2,2630.22,No,4.0,4,No,0
205560,IT,Specialist,25,5,4525.67,No,2.0,6,Yes,1
205561,Marketing,Associate,26,0,8738.68,No,2.0,7,No,0
205562,Operations,Specialist,45,3,9363.26,No,5.0,8,Yes,0
205563,IT,Specialist,55,8,5054.04,No,1.0,1,Yes,0
205564,IT,Associate,40,4,2758.87,Yes,3.0,5,No,0
205565,Operations,Analyst,51,0,2500.0,Yes,4.0,8,No,0
205566,Sales,Specialist,32,5,8382.66,No,5.0,7,No,0
205567,Operations,Manager,60,3,5359.52,No,3.0,5,No,0
205568,Finance,Associate,34,2,6414.78,Yes,4.0,0,No,0
205569,HR,Analyst,22,7,8095.67,No,3.0,5,Yes,0
205570,Sales,Manager,28,6,8672.85,No,3.0,5,No,0
205571,IT,Analyst,44,13,9387.56,No,3.0,2,Yes,0
205572,Operations,Engineer,38,3,13057.43,No,4.0,8,No,0
205573,Sales,Manager,35,0,13001.47,Yes,2.0,3,Yes,0
205574,Operations,Engineer,43,8,7304.94,Yes,3.0,1,Yes,1
205575,IT,Associate,56,15,11635.57,Yes,3.0,1,No,0
205576,IT,Engineer,49,2,5829.79,No,2.0,1,No,1
205577,Finance,Associate,42,13,12702.43,No,5.0,5,No,0
205578,Operations,Specialist,44,1,6460.56,No,2.0,1,No,0
205579,Operations,Specialist,30,4,4966.95,No,2.0,8,Yes,0
205580,Finance,Analyst,37,15,11094.08,Yes,4.0,1,Yes,0
205581,Marketing,Specialist,39,0,6339.96,Yes,5.0,3,No,0
205582,HR,Associate,59,5,6660.31,No,4.0,4,No,1
205583,Marketing,Analyst,27,7,4788.98,Yes,1.0,2,Yes,1
205584,IT,Engineer,51,12,9705.14,No,5.0,8,Yes,0
205585,Marketing,Engineer,31,0,10119.15,Yes,5.0,5,Yes,0
205586,Operations,Analyst,24,9,4449.92,No,2.0,6,No,0
205587,Finance,Analyst,22,15,9889.19,No,3.0,7,Yes,0
205588,IT,Analyst,59,15,5956.08,No,2.0,3,Yes,0
205589,Operations,Engineer,50,10,6751.65,No,4.0,1,Yes,1
205590,IT,Engineer,21,8,6633.62,No,3.0,2,No,0
205591,Finance,Specialist,29,1,7694.76,No,5.0,7,Yes,0
205592,Sales,Associate,38,6,7870.21,No,3.0,2,Yes,1
205593,IT,Analyst,44,7,6710.01,No,4.0,6,No,0
205594,Marketing,Analyst,21,1,7689.39,No,2.0,0,No,1
205595,,Manager,55,12,7733.27,No,1.0,1,Yes,1
205596,Finance,Manager,57,5,9790.57,No,5.0,5,Yes,1
205597,Operations,Specialist,52,11,9824.03,No,2.0,8,Yes,0
205598,Finance,Manager,49,4,4733.51,Yes,3.0,5,Yes,1
205599,Operations,Specialist,36,4,6960.35,Yes,5.0,4,No,1
205600,Marketing,Associate,59,4,6768.95,Yes,1.0,1,No,0
205601,Sales,Specialist,49,11,5802.36,No,5.0,2,Yes,0
205602,Operations,Manager,35,13,2733.73,Yes,2.0,0,No,1
205603,Sales,Analyst,31,7,4011.25,No,5.0,4,No,0
205604,IT,Associate,24,15,9918.26,No,1.0,6,Yes,0
205605,Sales,Analyst,51,3,10748.73,Yes,1.0,1,No,0
205606,IT,Manager,42,2,10841.64,No,3.0,7,No,0
205607,Marketing,Specialist,25,15,6099.48,Yes,5.0,3,No,0
205608,IT,Specialist,25,0,7131.95,No,1.0,8,No,0
205609,IT,Specialist,54,6,6203.86,No,1.0,7,No,0
205610,Sales,Associate,51,14,7977.36,No,1.0,6,No,0
205611,IT,Engineer,48,11,9317.97,Yes,3.0,3,Yes,0
205612,Sales,Manager,45,1,8526.62,Yes,2.0,1,No,0
205613,Sales,Specialist,60,15,2500.0,Yes,1.0,0,No,0
205614,Sales,Associate,48,10,5294.44,Yes,2.0,1,Yes,0
205615,IT,Associate,55,11,5742.11,No,2.0,5,Yes,0
205616,Operations,Analyst,41,2,6900.32,No,3.0,5,No,0
205617,IT,Specialist,34,12,6610.73,No,4.0,3,No,1
205618,IT,Engineer,46,4,4983.12,Yes,3.0,6,No,1
205619,HR,Analyst,22,2,8536.98,No,2.0,1,No,1
205620,Sales,Analyst,53,4,6598.12,No,1.0,3,No,0
205621,Sales,Engineer,54,0,3595.6,Yes,3.0,0,No,1
205622,HR,Specialist,34,3,9048.33,No,4.0,5,No,0
205623,IT,Specialist,37,3,7976.41,No,4.0,8,No,0
205624,HR,Associate,59,6,11045.68,No,3.0,8,No,0
205625,Marketing,Specialist,28,6,5736.61,Yes,3.0,5,Yes,0
205626,Sales,Engineer,48,15,9253.29,No,4.0,1,No,0
205627,IT,Associate,35,8,7735.2,No,3.0,3,Yes,0
205628,IT,Specialist,26,1,3746.61,No,2.0,3,No,0
205629,Finance,Analyst,35,3,5935.31,No,3.0,5,No,0
205630,Marketing,Specialist,60,9,9034.64,Yes,5.0,6,Yes,1
205631,Operations,Engineer,41,10,4111.54,Yes,5.0,1,No,0
205632,Marketing,Analyst,23,13,8545.22,No,1.0,6,Yes,1
205633,Sales,Engineer,46,0,3684.18,No,5.0,1,No,0
205634,Sales,Analyst,28,14,,Yes,5.0,1,No,0
205635,Operations,Specialist,48,4,5940.99,Yes,3.0,8,No,0
205636,IT,Analyst,46,14,9481.76,No,5.0,5,Yes,0
205637,Sales,Manager,34,13,2500.0,No,5.0,3,Yes,0
205638,HR,Analyst,50,0,10258.44,No,3.0,1,No,0
205639,Operations,Associate,21,2,6555.83,No,1.0,8,No,0
205640,Marketing,Manager,55,3,4838.78,Yes,3.0,6,No,0
205641,IT,Manager,37,11,5071.11,No,5.0,2,No,0
205642,Finance,Analyst,40,1,8646.73,No,3.0,5,No,0
205643,Operations,Associate,36,6,6733.23,Yes,1.0,0,No,0
205644,Sales,Analyst,40,6,7030.25,No,4.0,0,Yes,0
205645,Sales,Analyst,48,10,6533.01,No,1.0,8,No,1
205646,Marketing,Manager,36,4,4634.21,No,3.0,5,No,0
205647,Finance,Engineer,26,10,3488.29,No,2.0,1,Yes,0
205648,Finance,Analyst,59,2,5891.12,Yes,1.0,5,No,0
205649,Sales,Associate,28,4,9437.28,No,2.0,4,Yes,0
205650,Sales,Specialist,40,7,8886.69,No,5.0,4,No,0
205651,HR,Engineer,31,2,7148.05,Yes,2.0,6,No,0
205652,IT,Associate,58,15,7759.8,No,1.0,3,No,1
205653,IT,Specialist,31,0,7613.86,No,1.0,8,No,0
205654,Finance,Associate,32,0,3682.39,No,5.0,6,Yes,0
205655,IT,Specialist,34,0,5459.3,No,3.0,7,No,0
205656,IT,Analyst,38,14,7176.38,Yes,3.0,4,No,1
205657,IT,Specialist,58,3,4804.97,No,5.0,3,Yes,0
205658,Sales,Analyst,39,0,8548.93,No,5.0,5,No,0
205659,Sales,Engineer,39,4,9055.63,Yes,2.0,7,No,0
205660,Sales,Manager,39,13,9004.29,No,2.0,1,No,0
205661,Sales,Associate,58,8,3832.01,Yes,5.0,8,Yes,1
205662,Marketing,Associate,51,15,5886.19,Yes,2.0,1,No,1
205663,Finance,Analyst,46,3,9040.29,No,5.0,1,Yes,1
205664,Operations,Manager,53,6,6779.75,No,2.0,0,No,0
205665,Marketing,Manager,27,8,2500.0,No,3.0,7,Yes,0
205666,Operations,Engineer,53,6,6675.37,No,2.0,4,Yes,0
205667,Operations,Specialist,27,4,8520.91,No,1.0,0,Yes,0
205668,IT,Associate,41,12,5427.93,Yes,1.0,4,Yes,1
205669,Marketing,Engineer,29,4,11911.87,No,2.0,2,Yes,1
205670,Marketing,Engineer,54,11,5789.36,No,2.0,3,No,0
205671,Marketing,Manager,28,0,6481.21,No,2.0,5,Yes,0
205672,IT,Associate,35,7,8812.02,No,1.0,8,No,1
205673,Operations,Manager,23,7,6773.74,No,4.0,7,No,0
205674,IT,Specialist,31,1,9739.88,No,3.0,5,No,0
205675,Operations,Analyst,52,12,5175.45,No,4.0,8,No,1
205676,Sales,Specialist,32,7,6989.88,No,1.0,2,Yes,0
205677,HR,Analyst,25,8,7027.0,Yes,1.0,4,No,1
205678,Finance,Specialist,42,3,10521.28,Yes,3.0,5,Yes,0
205679,Operations,Associate,32,13,6165.72,No,1.0,4,No,0
205680,Sales,Manager,35,3,11125.96,No,4.0,4,No,0
205681,Sales,Associate,41,10,8663.88,No,3.0,0,Yes,0
205682,IT,Manager,22,13,10973.2,Yes,3.0,8,No,0
205683,HR,Engineer,52,4,4048.95,No,4.0,0,Yes,0
205684,Sales,Specialist,40,14,3771.54,No,5.0,5,Yes,0
205685,IT,Specialist,46,9,11138.72,No,1.0,4,No,0
205686,Operations,Engineer,45,3,9281.28,No,4.0,2,No,0
205687,IT,Specialist,42,12,3750.42,No,4.0,8,Yes,1
205688,HR,Analyst,27,5,11693.28,No,2.0,2,No,0
205689,HR,Analyst,59,2,7775.17,No,5.0,8,Yes,0
205690,Operations,Analyst,36,11,6897.39,No,3.0,2,No,0
205691,Finance,Specialist,49,0,9556.19,Yes,1.0,6,No,0
205692,Finance,Analyst,56,0,2962.12,Yes,5.0,8,No,0
205693,IT,Specialist,46,7,2500.0,No,5.0,7,No,0
205694,Operations,Associate,53,6,7725.88,Yes,3.0,8,No,0
205695,Operations,Associate,26,14,12881.72,No,4.0,0,No,0
205696,IT,Associate,54,11,7580.88,No,4.0,5,No,0
205697,IT,Engineer,38,7,3500.86,No,4.0,0,Yes,0
205698,Finance,Engineer,47,9,5866.78,No,5.0,5,No,1
205699,Sales,Analyst,45,3,7913.95,No,5.0,3,No,0
205700,HR,Manager,56,7,8790.1,No,1.0,5,Yes,0
205701,Operations,Specialist,38,3,,No,4.0,2,No,0
205702,Operations,Engineer,29,15,8339.45,No,4.0,8,No,0
205703,Marketing,Specialist,42,8,4515.01,No,1.0,3,Yes,0
205704,Operations,Manager,38,12,8382.93,No,1.0,2,No,0
205705,Operations,Engineer,44,9,3090.9,Yes,3.0,1,Yes,0
205706,Sales,Associate,23,12,10624.28,No,1.0,5,Yes,1
205707,Finance,Manager,37,11,7594.92,No,3.0,3,No,0
205708,IT,Associate,27,11,5235.91,No,1.0,7,Yes,0
205709,Operations,Manager,41,3,6794.9,No,4.0,2,No,0
205710,Finance,Associate,50,11,8859.2,No,5.0,8,Yes,1
205711,,Specialist,39,3,10043.9,No,3.0,0,Yes,0
205712,Finance,Manager,41,9,9084.05,No,5.0,0,Yes,0
205713,Sales,Manager,48,12,7086.39,No,4.0,8,No,0
205714,Marketing,Specialist,46,1,5507.42,No,5.0,4,Yes,0
205715,IT,Specialist,57,14,6511.94,No,2.0,8,No,1
205716,HR,Associate,56,3,10170.07,No,2.0,1,Yes,0
205717,Operations,Manager,36,15,6653.9,No,1.0,0,No,0
205718,Finance,Analyst,22,14,,Yes,4.0,1,No,0
205719,Finance,Manager,25,9,11660.97,No,1.0,3,No,1
205720,Finance,Engineer,54,13,9064.88,No,1.0,1,No,0
205721,IT,Analyst,36,13,7652.98,Yes,1.0,0,Yes,1
205722,Finance,Analyst,30,10,11230.17,Yes,4.0,5,No,0
205723,HR,Specialist,55,7,7230.91,No,3.0,6,Yes,0
205724,Operations,Analyst,25,13,6383.11,Yes,1.0,4,No,0
205725,IT,Manager,25,8,7784.79,Yes,3.0,1,Yes,0
205726,IT,Engineer,32,10,6246.44,No,4.0,1,No,0
205727,IT,Engineer,44,11,6843.15,Yes,4.0,6,Yes,1
205728,Finance,Specialist,49,4,7879.66,No,2.0,0,Yes,0
205729,IT,Engineer,40,11,10627.26,Yes,1.0,1,Yes,1
205730,Marketing,Engineer,35,15,6901.04,No,5.0,7,No,0
205731,Finance,Engineer,33,0,8366.28,Yes,5.0,8,Yes,0
205732,Sales,Associate,36,12,5082.15,No,3.0,1,No,0
205733,Finance,Engineer,57,2,10707.76,No,4.0,8,No,0
205734,IT,Engineer,38,9,3083.75,No,3.0,1,No,1
205735,IT,Analyst,56,11,7984.35,No,2.0,2,No,1
205736,Finance,Engineer,50,0,8038.57,Yes,1.0,4,No,0
205737,Marketing,Engineer,43,14,7474.06,No,1.0,7,No,0
205738,Operations,Manager,40,1,5214.98,Yes,2.0,4,Yes,0
205739,IT,Specialist,52,11,9068.78,Yes,3.0,4,Yes,0
205740,IT,Analyst,33,6,5067.01,No,3.0,1,No,0
205741,Operations,Associate,38,10,6809.71,No,1.0,4,No,1
205742,HR,Analyst,45,8,5947.41,No,4.0,5,No,1
205743,Marketing,Manager,56,4,7205.41,Yes,1.0,8,No,0
205744,HR,Specialist,48,7,9558.69,No,5.0,5,Yes,1
205745,IT,Associate,21,11,8278.98,No,3.0,3,No,0
205746,HR,Analyst,27,0,7743.01,No,3.0,2,Yes,0
205747,Marketing,Analyst,38,0,7502.41,No,5.0,4,No,0
205748,Marketing,Specialist,35,13,7029.58,Yes,4.0,0,Yes,0
205749,Sales,Manager,54,0,9243.88,Yes,1.0,4,No,1
205750,Finance,Associate,59,8,12149.68,No,5.0,7,No,0
205751,Sales,Manager,47,6,6374.89,No,4.0,3,Yes,0
205752,Finance,Specialist,50,2,3881.29,No,2.0,4,No,0
205753,HR,Engineer,50,10,8872.59,No,3.0,6,No,0
205754,Marketing,Associate,36,14,2500.0,No,3.0,5,No,0
205755,HR,Associate,55,3,9418.32,No,2.0,1,Yes,0
205756,Operations,Analyst,22,2,6772.68,Yes,3.0,7,No,0
205757,Operations,Associate,37,14,4432.01,No,3.0,3,Yes,0
205758,Sales,Specialist,40,3,2500.0,Yes,1.0,5,Yes,1
205759,IT,Engineer,58,0,9363.94,No,4.0,1,Yes,0
205760,,Specialist,27,4,6133.32,No,3.0,8,No,0
205761,Operations,Engineer,51,2,7358.45,No,1.0,3,Yes,0
205762,HR,Manager,46,15,2500.0,No,1.0,6,Yes,0
205763,Marketing,Analyst,54,7,7286.09,Yes,2.0,2,Yes,0
205764,HR,Manager,40,10,7576.28,Yes,5.0,3,No,1
205765,Finance,Specialist,39,0,7978.73,Yes,4.0,7,Yes,1
205766,Marketing,Analyst,40,1,3406.75,No,2.0,1,Yes,0
205767,IT,Manager,38,5,6197.77,Yes,5.0,8,Yes,0
205768,Sales,Engineer,33,0,3229.37,No,1.0,5,No,1
205769,HR,Analyst,51,8,10818.67,No,2.0,3,No,1
205770,Finance,Manager,41,14,5223.37,Yes,1.0,0,No,0
205771,Operations,Associate,31,10,7763.34,No,3.0,0,No,0
205772,Sales,Specialist,21,0,3944.56,No,4.0,7,No,1
205773,Operations,Manager,29,2,7723.6,No,1.0,6,No,1
205774,Marketing,Associate,57,2,9207.34,Yes,2.0,5,Yes,0
205775,Marketing,Engineer,40,2,11066.6,No,1.0,1,No,0
205776,IT,Manager,36,15,7106.69,No,4.0,6,No,0
205777,Finance,Engineer,25,14,7882.32,Yes,1.0,4,No,1
205778,Operations,Engineer,34,12,4142.31,No,5.0,5,No,1
205779,Operations,Specialist,45,3,6238.79,No,1.0,7,No,0
205780,Marketing,Specialist,44,9,5650.96,Yes,3.0,7,Yes,0
205781,HR,Specialist,25,11,6759.1,Yes,5.0,5,No,0
205782,Operations,Analyst,21,8,6882.29,No,3.0,2,Yes,0
205783,Sales,Associate,55,8,6352.64,Yes,2.0,2,No,1
205784,IT,Analyst,21,8,7626.78,No,2.0,1,No,0
205785,Sales,Analyst,56,4,7328.97,No,1.0,8,No,0
205786,IT,Associate,29,13,7876.96,No,2.0,3,No,1
205787,Operations,Specialist,42,4,2500.0,No,3.0,0,Yes,0
205788,Operations,Analyst,55,13,5677.5,No,2.0,3,No,0
205789,IT,Manager,49,12,6348.35,No,3.0,3,Yes,0
205790,Sales,Specialist,54,14,10793.86,No,1.0,1,Yes,0
205791,HR,Manager,55,1,4639.36,No,3.0,0,No,0
205792,IT,Associate,42,1,9103.62,No,2.0,0,No,0
205793,Operations,Associate,55,3,5918.69,No,3.0,7,Yes,0
205794,Operations,Engineer,27,2,2866.12,Yes,2.0,1,No,1
205795,HR,Manager,37,14,3757.33,No,4.0,7,No,0
205796,Operations,Manager,40,4,8035.26,No,4.0,6,Yes,0
205797,Finance,Manager,37,12,4731.68,Yes,5.0,1,Yes,0
205798,Finance,Analyst,36,2,3641.84,No,3.0,7,No,0
205799,Operations,Specialist,47,10,10008.5,No,2.0,2,No,0
205800,Marketing,Engineer,27,5,6311.2,No,4.0,8,No,0
205801,Sales,Manager,42,2,6026.73,No,4.0,3,No,0
205802,Sales,Manager,34,9,8498.2,No,5.0,1,No,0
205803,IT,Associate,38,12,8163.43,No,2.0,8,No,1
205804,Sales,Manager,36,14,2500.0,No,5.0,4,No,0
205805,Finance,Specialist,33,3,9891.0,No,3.0,8,No,0
205806,IT,Associate,57,11,8813.89,No,1.0,6,No,0
205807,Finance,Manager,25,11,9347.94,Yes,5.0,5,No,1
205808,HR,Manager,38,0,8441.48,No,3.0,3,No,0
205809,Operations,Engineer,41,1,12197.34,No,4.0,7,No,0
205810,Finance,Manager,32,6,7563.57,No,1.0,8,Yes,1
205811,Operations,Specialist,50,1,7882.02,No,4.0,6,No,1
205812,Marketing,Specialist,48,0,4357.45,No,5.0,2,Yes,1
205813,Marketing,Engineer,52,1,11882.86,No,5.0,3,No,0
205814,IT,Engineer,55,4,8776.96,No,1.0,4,Yes,0
205815,IT,Manager,56,0,10010.68,No,2.0,2,Yes,0
205816,Marketing,Analyst,21,10,9622.6,No,2.0,1,No,0
205817,Operations,Engineer,55,7,10672.25,No,1.0,1,No,0
205818,Sales,Manager,50,1,4991.94,No,4.0,2,Yes,0
205819,Marketing,Manager,40,4,12011.9,No,3.0,0,No,0
205820,IT,Associate,38,3,2500.0,No,1.0,7,Yes,0
205821,Marketing,Manager,42,12,4964.73,No,1.0,5,No,0
205822,Sales,Associate,29,10,8366.23,No,5.0,4,No,0
205823,Sales,Specialist,38,9,10561.19,No,2.0,2,Yes,0
205824,Operations,Specialist,41,12,8226.06,No,1.0,7,Yes,0
205825,Operations,Manager,21,4,4419.62,No,4.0,3,Yes,1
205826,Sales,Engineer,33,11,8985.68,No,1.0,0,No,0
205827,Finance,Specialist,52,2,12300.63,No,5.0,8,No,1
205828,Marketing,Manager,30,3,2807.39,No,1.0,0,No,1
205829,Operations,Specialist,55,7,5596.13,No,2.0,2,No,0
205830,Operations,Specialist,30,4,8064.15,Yes,1.0,3,No,0
205831,IT,Engineer,37,0,7813.41,Yes,2.0,0,No,1
205832,Marketing,Associate,35,8,7342.73,No,4.0,2,Yes,0
205833,Sales,Specialist,46,7,4034.63,No,5.0,0,Yes,1
205834,IT,Engineer,55,7,8172.84,No,5.0,5,Yes,0
205835,IT,Associate,40,10,5857.53,No,1.0,2,No,0
205836,,Specialist,33,6,9616.24,Yes,1.0,8,Yes,1
205837,Sales,Analyst,58,3,10392.05,No,3.0,6,No,0
205838,Sales,Associate,49,5,5709.19,No,2.0,1,Yes,0
205839,IT,Analyst,50,11,3705.48,No,3.0,0,Yes,1
205840,IT,Manager,60,3,6348.85,Yes,4.0,6,No,0
205841,Finance,Manager,58,15,9647.76,No,1.0,8,No,1
205842,Marketing,Engineer,53,12,6320.75,No,3.0,1,No,1
205843,Operations,Specialist,22,14,8008.3,No,1.0,4,No,0
205844,Sales,Associate,23,15,8034.29,No,3.0,3,No,0
205845,Sales,Engineer,52,12,10013.94,No,4.0,6,No,0
205846,Sales,Associate,60,2,10695.18,No,2.0,5,Yes,0
205847,Operations,Analyst,42,11,10951.07,No,5.0,7,Yes,0
205848,Marketing,Manager,27,0,5190.37,No,5.0,0,No,0
205849,IT,Specialist,23,6,6371.67,No,4.0,1,No,0
205850,IT,Associate,23,0,6130.16,No,1.0,8,No,0
205851,Sales,Specialist,44,0,4062.92,No,4.0,4,Yes,0
205852,Marketing,Manager,38,9,8399.83,Yes,5.0,6,No,0
205853,Sales,Specialist,43,9,5041.34,Yes,4.0,0,No,0
205854,Finance,Associate,60,5,7765.19,No,2.0,8,No,0
205855,IT,Specialist,30,10,6058.27,No,1.0,6,No,0
205856,Marketing,Specialist,36,3,9306.44,Yes,1.0,1,Yes,0
205857,Marketing,Manager,49,1,8192.64,No,1.0,5,No,0
205858,IT,Associate,57,12,7089.77,No,1.0,1,Yes,0
205859,Operations,Associate,23,10,4590.49,Yes,5.0,4,No,1
205860,Sales,Engineer,59,0,4573.61,Yes,2.0,0,No,0
205861,Marketing,Specialist,33,10,8289.22,No,3.0,0,Yes,0
205862,HR,Associate,32,9,7031.14,No,1.0,3,Yes,0
205863,Marketing,Specialist,27,12,6201.28,No,3.0,1,No,0
205864,Sales,Associate,29,0,8487.38,No,4.0,4,Yes,0
205865,Marketing,Associate,57,8,5249.23,No,2.0,8,Yes,0
205866,Sales,Associate,46,12,11585.48,Yes,5.0,7,Yes,0
205867,Sales,Analyst,24,9,7510.06,No,4.0,0,Yes,0
205868,IT,Associate,46,0,6349.83,Yes,3.0,5,No,1
205869,Operations,Specialist,55,5,4199.18,Yes,4.0,2,No,0
205870,Sales,Engineer,40,10,5760.78,No,2.0,4,Yes,0
205871,Operations,Associate,37,4,3366.28,No,4.0,0,Yes,0
205872,Sales,Associate,59,7,6415.12,No,5.0,3,Yes,0
205873,Operations,Associate,53,7,5128.09,No,3.0,4,No,0
205874,Finance,Engineer,38,8,3394.42,No,3.0,3,Yes,0
205875,Finance,Specialist,41,10,7702.03,No,1.0,2,No,0
205876,Sales,Specialist,28,0,9077.5,No,4.0,3,No,0
205877,Finance,Specialist,24,15,11359.24,No,5.0,2,Yes,1
205878,IT,Manager,25,15,9314.41,No,5.0,2,No,1
205879,IT,Engineer,31,12,3091.27,Yes,2.0,7,Yes,0
205880,Marketing,Analyst,42,13,6474.57,No,3.0,6,No,1
205881,HR,Engineer,59,7,13392.03,No,3.0,3,Yes,0
205882,IT,Analyst,56,14,5031.46,No,3.0,1,No,0
205883,Finance,Analyst,52,9,8674.13,No,5.0,1,No,0
205884,Operations,Associate,34,7,9395.45,No,1.0,1,No,0
205885,Sales,Engineer,23,3,4373.3,No,3.0,3,No,0
205886,Marketing,Analyst,56,2,6036.05,No,3.0,6,No,0
205887,Sales,Engineer,52,0,10308.34,Yes,3.0,4,No,1
205888,Operations,Associate,59,14,8684.15,No,1.0,3,No,0
205889,Marketing,Analyst,57,13,8500.66,No,2.0,2,Yes,0
205890,Sales,Manager,26,6,5789.55,No,2.0,5,No,1
205891,Marketing,Engineer,26,3,7707.6,No,2.0,3,No,0
205892,IT,Manager,30,2,7837.03,No,2.0,1,No,0
205893,HR,Manager,51,7,10549.58,No,3.0,4,No,0
205894,Marketing,Associate,22,14,8404.26,No,1.0,1,No,0
205895,Finance,Manager,52,8,2500.0,No,3.0,0,Yes,0
205896,Finance,Specialist,26,2,4952.89,No,5.0,3,Yes,1
205897,IT,Specialist,30,8,7266.24,No,5.0,8,No,0
205898,IT,Associate,59,11,6029.31,No,1.0,3,No,0
205899,Operations,Associate,47,4,6371.26,No,4.0,5,No,0
205900,Marketing,Engineer,37,6,9384.18,Yes,3.0,1,No,0
205901,IT,Associate,27,2,6064.45,No,3.0,6,Yes,0
205902,IT,Associate,44,11,10123.82,No,3.0,4,No,0
205903,Finance,Associate,50,8,10071.23,No,5.0,8,No,1
205904,Sales,Specialist,52,2,5592.04,No,5.0,5,Yes,0
205905,Finance,Engineer,27,3,7516.31,No,1.0,4,No,0
205906,Sales,Specialist,22,11,7070.54,No,2.0,8,Yes,0
205907,Sales,Specialist,32,13,7384.52,Yes,3.0,6,Yes,0
205908,Marketing,Engineer,26,0,9930.28,No,4.0,4,Yes,0
205909,IT,Engineer,42,9,4525.0,No,5.0,4,Yes,0
205910,Operations,Engineer,27,4,2500.0,No,2.0,2,Yes,1
205911,HR,Specialist,27,3,6550.09,Yes,4.0,2,No,0
205912,Operations,Specialist,49,15,5785.06,No,3.0,4,Yes,0
205913,IT,Analyst,27,8,5964.66,No,1.0,0,No,0
205914,Finance,Specialist,42,8,3223.38,No,4.0,1,No,0
205915,Finance,Engineer,38,2,11190.29,Yes,5.0,8,No,0
205916,HR,Manager,55,7,2500.0,Yes,4.0,6,Yes,1
205917,IT,Specialist,29,2,5828.35,Yes,5.0,3,No,1
205918,Operations,Associate,43,7,6081.26,Yes,5.0,5,No,1
205919,HR,Analyst,51,14,6097.58,No,2.0,0,Yes,0
205920,Sales,Specialist,27,3,3965.22,No,3.0,0,Yes,0
205921,HR,Engineer,46,10,2500.0,No,1.0,5,Yes,1
205922,IT,Associate,33,9,6988.02,No,1.0,7,Yes,0
205923,Operations,Analyst,56,3,8743.4,No,2.0,8,No,0
205924,Finance,Engineer,30,14,4828.56,No,3.0,4,Yes,0
205925,Sales,Analyst,49,5,9993.78,No,4.0,7,No,0
205926,Operations,Manager,32,9,7930.84,No,2.0,7,Yes,0
205927,Operations,Manager,45,14,10036.16,Yes,2.0,2,Yes,0
205928,Marketing,Associate,-1,9,9855.57,No,3.0,0,No,0
205929,IT,Specialist,43,14,8188.26,Yes,2.0,2,Yes,0
205930,Operations,Engineer,50,13,12107.38,No,1.0,1,No,0
205931,Operations,Associate,26,3,5550.02,No,5.0,5,No,0
205932,HR,Analyst,42,1,5126.46,No,1.0,8,No,0
205933,Sales,Engineer,44,9,8683.77,No,5.0,0,No,0
205934,Operations,Associate,44,13,5931.38,Yes,1.0,0,Yes,0
205935,Sales,Specialist,43,12,4906.48,No,5.0,5,Yes,0
205936,IT,Engineer,53,14,4035.34,Yes,3.0,4,No,1
205937,Operations,Associate,26,5,10828.41,Yes,5.0,8,No,0
205938,Operations,Associate,56,14,5601.73,No,1.0,4,No,0
205939,HR,Associate,37,7,4400.78,No,5.0,3,No,0
205940,HR,Manager,60,14,8435.06,No,5.0,5,No,0
205941,Sales,Engineer,55,0,8885.62,No,3.0,5,No,0
205942,Sales,Specialist,60,2,5443.53,No,3.0,7,No,0
205943,IT,Manager,41,7,4208.16,No,3.0,8,Yes,0
205944,Operations,Analyst,45,6,8608.6,No,4.0,3,No,0
205945,Sales,Engineer,30,13,9541.13,No,2.0,7,Yes,1
205946,IT,Manager,42,12,10819.19,No,2.0,2,No,1
205947,IT,Associate,36,14,5307.64,No,4.0,2,No,0
205948,Finance,Specialist,21,12,8867.23,No,4.0,2,No,1
205949,Marketing,Engineer,57,7,5957.17,No,3.0,1,No,0
205950,IT,Analyst,23,5,5020.94,No,2.0,5,No,1
205951,Sales,Engineer,30,3,6872.63,No,2.0,0,Yes,0
205952,Finance,Manager,29,13,9574.1,No,3.0,3,Yes,1
205953,Sales,Specialist,47,2,9461.97,No,2.0,5,No,0
205954,Operations,Associate,22,3,8951.26,No,5.0,2,No,0
205955,Sales,Specialist,60,5,4881.24,Yes,5.0,0,No,0
205956,IT,Analyst,26,2,7633.31,No,2.0,4,No,0
205957,Operations,Manager,38,11,7310.25,No,5.0,2,No,1
205958,Sales,Associate,52,14,2500.0,No,5.0,6,Yes,0
205959,Operations,Manager,42,4,8742.88,Yes,4.0,2,No,0
205960,Operations,Engineer,37,11,9003.47,No,1.0,7,Yes,0
205961,Marketing,Analyst,39,6,8786.64,No,5.0,2,Yes,0
205962,Operations,Associate,23,13,8442.59,No,1.0,4,No,1
205963,Marketing,Engineer,53,4,5944.79,Yes,4.0,4,Yes,0
205964,Finance,Associate,44,7,3486.41,Yes,1.0,5,No,0
205965,IT,Analyst,34,14,6362.37,No,3.0,4,No,0
205966,IT,Associate,50,11,5644.38,No,1.0,5,Yes,1
205967,Operations,Manager,57,10,8150.71,Yes,3.0,2,No,1
205968,Operations,Engineer,60,7,12250.54,No,1.0,7,No,1
205969,IT,Associate,52,13,8559.28,Yes,4.0,2,Yes,0
205970,Sales,Engineer,21,15,10189.2,No,4.0,8,Yes,0
205971,Sales,Associate,58,8,5902.45,Yes,4.0,4,Yes,1
205972,Marketing,Manager,22,6,3057.51,Yes,1.0,6,Yes,1
205973,Operations,Associate,29,10,7612.13,No,2.0,8,Yes,1
205974,IT,Associate,60,14,6985.83,Yes,3.0,2,No,1
205975,Sales,Manager,34,5,7063.04,No,1.0,3,Yes,0
205976,Operations,Associate,55,13,2500.0,No,5.0,1,No,0
205977,Marketing,Specialist,59,6,7015.07,No,1.0,7,Yes,0
205978,IT,Manager,36,9,7096.92,No,4.0,1,Yes,0
205979,HR,Manager,30,5,6653.66,Yes,3.0,8,Yes,0
205980,Sales,Analyst,32,3,5811.29,Yes,3.0,7,No,0
205981,IT,Associate,38,1,3889.69,No,5.0,8,No,0
205982,Finance,Associate,54,13,3660.65,No,5.0,6,Yes,0
205983,Operations,Associate,32,13,9023.44,No,3.0,1,Yes,0
205984,Sales,Manager,48,2,7572.17,No,4.0,6,No,0
205985,Sales,Specialist,55,12,5683.32,Yes,4.0,4,No,1
205986,Marketing,Engineer,36,12,9393.43,Yes,1.0,7,Yes,1
205987,IT,Associate,36,4,2500.0,Yes,4.0,2,No,0
205988,Operations,Engineer,58,10,6592.19,No,5.0,2,Yes,0
205989,IT,Engineer,42,10,4848.67,Yes,2.0,6,No,0
205990,Operations,Associate,34,8,10668.81,No,2.0,7,Yes,0
205991,Operations,Associate,55,2,8149.68,No,1.0,7,No,1
205992,Operations,Associate,52,1,13855.49,No,5.0,3,Yes,0
205993,Operations,Engineer,50,7,8893.78,No,5.0,2,Yes,0
205994,Sales,Manager,48,6,4679.2,Yes,1.0,3,No,0
205995,,Analyst,37,10,4566.82,Yes,3.0,1,No,0
205996,Operations,Analyst,29,5,11151.58,No,1.0,5,Yes,0
205997,Marketing,Engineer,44,8,6361.65,Yes,3.0,1,No,1
205998,HR,Analyst,28,8,6259.53,No,1.0,0,No,0
205999,Sales,Specialist,32,3,2500.0,No,1.0,1,No,0
206000,Marketing,Specialist,53,12,7693.69,No,5.0,3,No,1
206001,Finance,Engineer,45,14,8230.17,No,3.0,8,No,0
206002,Finance,Specialist,55,15,3908.99,No,3.0,6,Yes,1
206003,Marketing,Specialist,28,13,6732.49,No,2.0,2,No,1
206004,Marketing,Specialist,31,9,2521.24,Yes,5.0,6,Yes,0
206005,IT,Manager,37,0,7967.86,No,1.0,4,Yes,1
206006,Marketing,Specialist,32,2,8666.12,Yes,3.0,4,No,1
206007,Finance,Engineer,38,13,10814.75,Yes,5.0,6,Yes,1
206008,Sales,Analyst,50,3,8431.51,No,3.0,0,No,0
206009,,Specialist,32,9,8759.94,No,2.0,4,Yes,0
206010,Marketing,Engineer,58,11,8848.41,Yes,4.0,1,No,0
206011,IT,Manager,47,10,8137.37,No,3.0,0,No,0
206012,Marketing,Analyst,30,4,7560.47,No,2.0,8,No,1
206013,Finance,Specialist,40,0,2500.0,No,4.0,4,No,0
206014,Operations,Specialist,35,6,3073.36,Yes,5.0,4,No,0
206015,Sales,Manager,47,7,10144.06,No,5.0,1,No,0
206016,HR,Manager,56,7,6137.9,No,1.0,1,Yes,1
206017,Operations,Specialist,23,15,5352.15,No,2.0,3,No,0
206018,Sales,Engineer,50,5,4182.64,No,5.0,0,Yes,0
206019,Sales,Manager,55,11,6259.2,No,1.0,1,No,0
206020,IT,Associate,52,3,2500.0,Yes,2.0,8,No,1
206021,IT,Manager,44,5,6144.13,Yes,4.0,7,No,0
206022,HR,Analyst,51,13,7214.91,No,5.0,6,No,0
206023,IT,Analyst,35,11,6047.59,No,2.0,0,Yes,0
206024,IT,Analyst,37,14,7360.31,No,5.0,6,Yes,0
206025,Sales,Manager,52,3,6799.73,Yes,4.0,2,Yes,0
206026,Operations,Specialist,58,6,4716.58,No,3.0,4,No,0
206027,IT,Analyst,45,3,6203.41,No,3.0,7,No,0
206028,Sales,Specialist,43,0,10816.4,No,5.0,3,No,0
206029,Operations,Analyst,28,15,9815.78,Yes,4.0,0,Yes,0
206030,Sales,Engineer,32,10,6259.09,No,2.0,1,No,1
206031,Sales,Engineer,23,8,,No,2.0,1,No,1
206032,Operations,Associate,22,3,14843.49,No,4.0,6,No,0
206033,Marketing,Analyst,46,1,8395.74,Yes,3.0,6,Yes,0
206034,Operations,Associate,26,6,10052.74,No,1.0,3,Yes,1
206035,Finance,Analyst,38,5,6840.73,No,4.0,3,Yes,1
206036,Operations,Associate,33,8,6862.4,No,1.0,3,No,1
206037,IT,Manager,32,0,6700.46,No,1.0,8,No,0
206038,Marketing,Analyst,43,1,6385.81,Yes,4.0,6,Yes,1
206039,Finance,Specialist,60,14,9714.01,No,4.0,0,Yes,0
206040,Operations,Analyst,34,15,6785.41,Yes,3.0,5,Yes,1
206041,Marketing,Engineer,56,1,7041.36,Yes,3.0,2,Yes,1
206042,Marketing,Specialist,38,7,2881.72,No,3.0,8,No,0
206043,Operations,Manager,46,2,6142.51,No,3.0,0,No,0
206044,Operations,Specialist,48,8,6217.99,No,4.0,6,Yes,0
206045,IT,Associate,49,1,7530.92,No,2.0,3,Yes,0
206046,IT,Manager,56,8,3024.32,Yes,2.0,3,No,0
206047,Sales,Specialist,23,5,3950.4,Yes,1.0,5,Yes,0
206048,Sales,Analyst,34,6,6288.99,No,3.0,3,Yes,0
206049,IT,Associate,37,15,5643.27,Yes,5.0,2,Yes,0
206050,Operations,Specialist,39,10,8143.49,No,3.0,4,No,1
206051,IT,Specialist,33,5,8693.3,Yes,4.0,0,No,0
206052,Finance,Associate,53,2,5476.81,Yes,5.0,4,No,0
206053,Marketing,Associate,26,4,5423.4,No,1.0,2,No,0
206054,Sales,Associate,60,2,7393.56,No,4.0,5,No,0
206055,IT,Specialist,37,8,4021.63,Yes,1.0,3,Yes,1
206056,Finance,Analyst,45,0,4320.14,No,4.0,4,No,1
206057,IT,Specialist,22,10,2500.0,No,2.0,1,No,0
206058,IT,Manager,23,10,6016.87,No,4.0,8,Yes,0
206059,Operations,Manager,47,8,7868.02,Yes,4.0,7,No,1
206060,IT,Manager,25,12,4358.43,No,4.0,5,Yes,1
206061,Operations,Specialist,26,10,8577.1,Yes,2.0,7,No,0
206062,IT,Associate,45,1,3873.42,No,5.0,0,Yes,0
206063,Finance,Analyst,49,11,7548.08,No,1.0,6,No,0
206064,Operations,Analyst,21,6,9295.76,No,5.0,3,Yes,1
206065,IT,Engineer,39,15,7716.9,Yes,4.0,3,No,0
206066,Operations,Associate,43,13,8440.18,No,5.0,7,Yes,0
206067,Operations,Specialist,53,9,3182.35,No,1.0,5,Yes,0
206068,Sales,Engineer,45,11,8542.72,No,3.0,7,Yes,0
206069,Operations,Manager,31,11,8782.51,No,1.0,8,No,0
206070,IT,Manager,43,8,8660.08,No,5.0,1,No,1
206071,Finance,Engineer,44,11,5431.23,No,3.0,0,No,0
206072,Sales,Analyst,38,2,4007.59,Yes,4.0,8,No,0
206073,Operations,Analyst,56,5,8446.92,No,4.0,6,No,0
206074,Operations,Engineer,24,4,,No,1.0,4,No,0
206075,IT,Associate,26,0,5256.93,No,4.0,8,No,0
206076,HR,Specialist,34,6,11036.61,No,4.0,6,Yes,0
206077,Marketing,Manager,23,4,4677.41,No,1.0,1,No,0
206078,Sales,Engineer,55,8,8509.04,Yes,4.0,3,No,1
206079,HR,Manager,24,13,6347.92,No,5.0,8,Yes,0
206080,Operations,Specialist,29,4,4718.92,No,4.0,6,Yes,0
206081,Finance,Associate,34,14,4668.48,No,3.0,5,No,1
206082,Sales,Manager,37,0,6889.41,No,5.0,3,Yes,0
206083,Sales,Manager,42,12,3239.44,No,2.0,6,Yes,0
206084,HR,Engineer,29,3,3411.23,No,2.0,6,No,0
206085,IT,Engineer,60,11,,Yes,3.0,7,No,0
206086,HR,Manager,55,1,8907.19,No,2.0,2,No,1
206087,HR,Associate,29,8,9428.54,Yes,1.0,4,No,1
206088,HR,Analyst,34,7,6903.65,No,5.0,7,Yes,0
206089,IT,Engineer,29,11,5380.64,No,5.0,3,Yes,0
206090,HR,Analyst,47,13,2500.0,Yes,3.0,2,No,1
206091,IT,Analyst,34,4,6227.44,No,3.0,6,Yes,0
206092,IT,Manager,28,2,3498.11,No,1.0,7,Yes,0
206093,IT,Associate,41,12,5123.75,No,2.0,6,No,0
206094,Sales,Specialist,36,5,6940.7,No,1.0,8,Yes,0
206095,Sales,Manager,43,14,11245.77,No,4.0,7,No,1
206096,Marketing,Engineer,32,8,5180.81,Yes,4.0,0,Yes,0
206097,HR,Specialist,37,14,3836.76,No,3.0,2,No,0
206098,Sales,Analyst,33,8,10445.93,No,2.0,0,Yes,0
206099,IT,Manager,32,8,7150.51,No,5.0,7,No,0
206100,IT,Associate,24,14,6199.3,Yes,2.0,4,Yes,1
206101,Finance,Associate,49,11,3320.01,Yes,4.0,6,Yes,0
206102,Sales,Specialist,35,7,2500.0,No,4.0,0,No,0
206103,Finance,Analyst,21,7,8133.44,No,4.0,5,Yes,0
206104,Sales,Engineer,32,8,9285.49,No,2.0,2,Yes,1
206105,Sales,Analyst,53,10,13152.87,No,4.0,8,Yes,1
206106,HR,Manager,35,7,5288.0,No,4.0,6,No,0
206107,Operations,Specialist,51,15,7700.17,No,2.0,8,Yes,0
206108,IT,Engineer,36,11,5846.36,Yes,5.0,7,No,1
206109,Sales,Manager,53,5,5033.37,No,3.0,1,No,0
206110,Sales,Engineer,32,4,4923.96,No,3.0,8,Yes,0
206111,IT,Associate,29,11,9553.69,No,1.0,4,No,0
206112,Finance,Specialist,32,7,5894.13,Yes,4.0,1,No,0
206113,Operations,Associate,42,3,4534.64,No,3.0,4,No,0
206114,Sales,Engineer,28,15,8489.56,No,3.0,2,No,1
206115,Marketing,Manager,39,8,10048.74,No,1.0,0,Yes,0
206116,HR,Specialist,60,14,7195.85,No,5.0,3,No,0
206117,HR,Analyst,25,6,11410.14,No,1.0,0,Yes,0
206118,Operations,Engineer,60,6,4267.22,Yes,2.0,7,No,0
206119,Sales,Associate,31,9,5014.16,Yes,5.0,1,No,0
206120,IT,Engineer,37,0,9330.82,No,5.0,5,Yes,1
206121,Marketing,Analyst,27,2,2500.0,No,2.0,4,No,1
206122,HR,Engineer,30,9,8856.21,No,4.0,2,No,1
206123,IT,Associate,48,2,6474.24,No,4.0,5,Yes,0
206124,Marketing,Specialist,42,7,6571.47,No,2.0,0,Yes,0
206125,HR,Associate,34,14,7735.85,No,5.0,0,No,0
206126,Operations,Specialist,27,14,4784.26,No,5.0,3,No,0
206127,HR,Associate,22,14,3818.38,No,5.0,7,No,0
206128,Marketing,Manager,52,3,4634.78,Yes,4.0,8,No,0
206129,Operations,Analyst,24,0,5490.42,Yes,1.0,5,Yes,1
206130,Marketing,Analyst,27,2,9695.46,No,4.0,2,No,0
206131,HR,Specialist,29,5,3400.92,Yes,2.0,7,No,1
206132,Sales,Manager,29,5,8582.2,No,5.0,5,Yes,0
206133,IT,Analyst,47,0,6378.1,No,4.0,7,Yes,1
206134,Marketing,Specialist,44,10,8856.09,No,3.0,7,No,0
206135,Operations,Associate,56,15,8380.21,Yes,4.0,5,No,0
206136,Operations,Analyst,33,15,2500.0,No,3.0,6,No,0
206137,IT,Engineer,25,1,8302.32,Yes,5.0,5,Yes,1
206138,Sales,Manager,44,3,6416.37,No,3.0,6,No,0
206139,Finance,Specialist,51,6,8793.4,Yes,2.0,4,Yes,1
206140,HR,Analyst,41,10,5989.92,No,5.0,6,Yes,0
206141,Finance,Specialist,40,2,7652.69,No,1.0,3,No,0
206142,Finance,Manager,52,4,3269.61,No,4.0,8,No,0
206143,Sales,Analyst,29,6,4051.0,No,2.0,5,No,0
206144,Operations,Associate,37,3,6902.96,No,3.0,8,No,0
206145,Sales,Associate,35,9,8780.15,No,4.0,0,Yes,0
206146,IT,Manager,42,3,4967.23,No,5.0,3,No,0
206147,Sales,Manager,22,7,5587.9,No,4.0,4,No,0
206148,HR,Analyst,57,11,7102.31,Yes,1.0,4,Yes,1
206149,HR,Engineer,57,4,9901.98,No,5.0,7,No,0
206150,HR,Analyst,25,1,8571.8,No,4.0,5,No,0
206151,Sales,Associate,40,10,5736.64,No,1.0,5,No,0
206152,Marketing,Analyst,52,10,8381.57,No,5.0,8,No,0
206153,Operations,Engineer,46,5,2500.0,No,3.0,4,Yes,0
206154,Sales,Engineer,51,0,4267.54,No,3.0,0,No,0
206155,Operations,Analyst,48,3,9334.7,No,2.0,7,Yes,0
206156,IT,Manager,27,15,6742.71,No,3.0,4,Yes,0
206157,Operations,Engineer,28,2,8090.16,No,1.0,3,Yes,0
206158,Marketing,Engineer,45,12,8148.62,No,5.0,3,Yes,0
206159,HR,Engineer,46,14,10298.24,No,3.0,6,Yes,0
206160,Finance,Analyst,42,2,7055.15,No,1.0,4,Yes,0
206161,IT,Engineer,48,5,8134.2,No,3.0,1,Yes,0
206162,Finance,Manager,25,1,4650.59,No,5.0,1,Yes,1
206163,IT,Manager,26,14,9507.51,No,,5,No,0
206164,HR,Specialist,55,0,7623.09,Yes,3.0,6,No,1
206165,Marketing,Analyst,27,7,3146.4,Yes,4.0,6,No,0
206166,Marketing,Engineer,44,11,6925.69,No,3.0,2,No,0
206167,Operations,Analyst,38,0,10451.43,No,2.0,4,Yes,0
206168,Operations,Associate,58,9,9253.41,Yes,4.0,8,Yes,0
206169,,Associate,41,9,7600.1,No,2.0,6,No,1
206170,IT,Associate,41,15,7341.72,No,3.0,2,No,0
206171,HR,Engineer,41,4,5589.4,No,2.0,7,Yes,1
206172,Finance,Specialist,33,3,8550.34,Yes,5.0,7,No,0
206173,Operations,Specialist,49,12,6279.1,Yes,4.0,1,No,0
206174,HR,Manager,47,4,2669.9,Yes,2.0,6,No,1
206175,Finance,Analyst,41,13,7827.5,No,1.0,7,Yes,0
206176,Sales,Analyst,56,5,6062.69,No,5.0,6,No,0
206177,Sales,Associate,49,8,6451.99,No,4.0,5,Yes,0
206178,Operations,Analyst,53,9,9645.1,Yes,1.0,3,No,1
206179,Operations,Specialist,45,2,11921.91,No,3.0,8,Yes,0
206180,IT,Associate,48,14,8377.73,No,1.0,5,Yes,0
206181,Marketing,Specialist,38,10,2500.0,No,5.0,7,No,1
206182,Sales,Associate,42,1,6079.88,Yes,1.0,8,No,1
206183,Finance,Manager,57,11,6875.06,No,4.0,2,Yes,0
206184,Operations,Associate,51,5,6176.83,No,4.0,0,Yes,0
206185,IT,Manager,28,0,2500.0,No,5.0,5,Yes,0
206186,Finance,Associate,56,10,6135.6,Yes,3.0,8,Yes,1
206187,HR,Specialist,31,15,3582.93,No,1.0,7,No,0
206188,IT,Manager,55,4,8080.08,Yes,5.0,4,Yes,1
206189,IT,Specialist,44,15,3871.01,No,1.0,7,Yes,0
206190,Operations,Associate,22,8,8962.63,Yes,1.0,7,No,0
206191,IT,Manager,46,11,6398.11,No,2.0,2,Yes,0
206192,Finance,Specialist,36,12,8202.2,No,5.0,6,No,0
206193,Operations,Specialist,21,9,7407.61,Yes,5.0,3,No,0
206194,Marketing,Engineer,35,9,3608.75,No,2.0,7,No,0
206195,Finance,Analyst,42,5,6195.02,No,3.0,5,Yes,1
206196,Finance,Manager,46,14,4823.28,Yes,2.0,5,Yes,0
206197,IT,Specialist,59,10,6847.9,No,3.0,8,No,0
206198,Sales,Manager,55,13,6922.78,No,2.0,7,Yes,0
206199,Finance,Analyst,22,1,5850.59,No,2.0,3,No,0
206200,Marketing,Specialist,49,15,8650.12,No,4.0,2,Yes,0
206201,Finance,Analyst,25,1,3710.57,No,3.0,6,Yes,0
206202,Operations,Analyst,42,5,8338.75,No,1.0,6,Yes,0
206203,IT,Engineer,36,3,2500.0,Yes,3.0,8,No,0
206204,Finance,Specialist,57,2,3040.28,No,4.0,7,Yes,1
206205,HR,Engineer,35,1,6096.55,Yes,3.0,3,No,0
206206,Sales,Specialist,52,6,4039.07,Yes,1.0,2,No,0
206207,Marketing,Analyst,40,6,2500.0,No,5.0,4,No,1
206208,Sales,Engineer,48,9,7762.89,Yes,4.0,6,Yes,1
206209,Sales,Specialist,58,4,8420.38,No,3.0,8,No,0
206210,HR,Specialist,23,0,7661.54,No,5.0,8,No,0
206211,Operations,Associate,43,15,9445.76,No,1.0,8,Yes,0
206212,IT,Specialist,33,14,7265.53,Yes,1.0,4,No,1
206213,IT,Engineer,37,0,3146.25,No,1.0,8,No,0
206214,Sales,Engineer,46,10,7449.03,No,2.0,7,Yes,0
206215,Marketing,Manager,22,13,11343.24,No,1.0,6,No,1
206216,Sales,Analyst,29,10,7581.27,No,3.0,4,No,0
206217,IT,Associate,59,15,7661.3,Yes,5.0,5,No,0
206218,Operations,Analyst,40,4,7739.37,No,4.0,4,No,0
206219,IT,Associate,59,13,6306.69,Yes,4.0,8,No,1
206220,IT,Engineer,51,2,10567.43,Yes,3.0,8,Yes,1
206221,HR,Engineer,57,0,5624.63,No,4.0,2,No,1
206222,IT,Engineer,51,9,5821.38,No,2.0,0,No,0
206223,Marketing,Manager,22,2,4967.54,No,2.0,2,Yes,1
206224,Operations,Manager,55,12,3656.34,Yes,3.0,0,Yes,0
206225,Finance,Manager,21,11,5015.63,Yes,5.0,4,No,0
206226,Operations,Engineer,47,7,4782.03,Yes,3.0,6,No,1
206227,Operations,Associate,33,7,5789.84,Yes,4.0,8,Yes,0
206228,Operations,Specialist,54,10,7673.16,No,1.0,6,No,0
206229,IT,Engineer,42,7,6328.63,No,2.0,1,Yes,0
206230,Finance,Specialist,44,1,7767.07,No,4.0,2,Yes,0
206231,Sales,Analyst,23,15,9028.17,No,2.0,3,Yes,1
206232,Sales,Manager,54,8,9277.47,No,3.0,0,Yes,0
206233,IT,Analyst,37,14,8033.25,No,4.0,6,No,0
206234,Operations,Manager,42,2,6893.3,No,2.0,6,Yes,0
206235,Operations,Associate,22,6,5389.09,No,3.0,4,No,1
206236,Operations,Analyst,57,3,10109.28,No,5.0,5,No,0
206237,Sales,Specialist,38,15,6773.11,No,1.0,5,No,0
206238,Marketing,Specialist,25,2,2500.0,No,2.0,0,No,0
206239,HR,Engineer,34,1,6621.8,No,5.0,3,No,1
206240,Finance,Associate,32,1,8612.43,No,3.0,0,Yes,0
206241,Marketing,Associate,52,3,10342.7,No,5.0,6,No,0
206242,Sales,Associate,36,13,2532.75,No,1.0,3,No,0
206243,IT,Manager,57,5,2500.0,Yes,5.0,6,Yes,0
206244,Finance,Engineer,51,13,8980.03,Yes,4.0,0,No,0
206245,Sales,Engineer,29,5,3986.39,No,4.0,1,No,1
206246,IT,Manager,47,6,8981.95,Yes,4.0,4,Yes,0
206247,IT,Engineer,22,5,6544.72,No,4.0,5,Yes,0
206248,Sales,Analyst,50,10,5211.34,No,5.0,8,No,0
206249,Marketing,Specialist,26,7,4632.08,No,4.0,7,Yes,1
206250,Operations,Manager,35,8,8198.16,No,5.0,3,No,0
206251,Marketing,Manager,43,13,8518.23,No,,6,No,0
206252,Finance,Engineer,45,14,6406.63,No,4.0,5,No,1
206253,IT,Manager,37,6,4743.5,Yes,5.0,8,Yes,0
206254,IT,Analyst,54,2,4340.82,No,5.0,6,No,1
206255,Marketing,Engineer,50,0,5124.67,No,3.0,6,No,0
206256,Finance,Manager,47,6,9251.73,No,3.0,6,No,1
206257,Sales,Specialist,45,6,,Yes,4.0,8,No,1
206258,Sales,Specialist,55,8,9840.94,No,4.0,6,No,0
206259,Operations,Specialist,34,11,3732.55,No,5.0,0,No,0
206260,Sales,Associate,28,0,7503.94,No,4.0,7,Yes,0
206261,Operations,Associate,59,9,6655.2,No,5.0,1,No,0
206262,Operations,Associate,31,15,8112.93,Yes,1.0,0,No,0
206263,IT,Specialist,32,6,8389.62,No,2.0,0,No,0
206264,Operations,Manager,52,2,5370.7,Yes,3.0,8,No,1
206265,Operations,Associate,40,12,6557.59,Yes,2.0,7,No,1
206266,Finance,Specialist,43,2,5568.34,Yes,5.0,8,Yes,1
206267,,Engineer,49,9,4920.61,Yes,4.0,8,No,1
206268,IT,Manager,47,4,7258.58,No,4.0,8,Yes,0
206269,Operations,Specialist,60,5,5362.3,No,2.0,7,No,1
206270,Operations,Analyst,44,13,9599.02,No,3.0,4,No,0
206271,Sales,Associate,34,14,5721.97,No,5.0,1,No,0
206272,Finance,Specialist,50,14,8360.53,No,5.0,2,No,0
206273,Marketing,Manager,36,10,6961.1,No,3.0,0,Yes,0
206274,Sales,Engineer,40,5,10218.9,No,5.0,8,No,0
206275,HR,Engineer,58,6,5535.06,No,1.0,1,Yes,1
206276,Operations,Specialist,53,0,4658.94,Yes,2.0,1,No,0
206277,Sales,Analyst,44,13,2500.0,Yes,2.0,2,No,0
206278,Operations,Engineer,39,6,9230.99,No,4.0,8,Yes,0
206279,Sales,Specialist,26,9,7311.7,Yes,4.0,3,No,0
206280,Finance,Analyst,48,6,8959.5,Yes,2.0,8,No,1
206281,Operations,Associate,23,15,9190.26,No,1.0,2,No,0
206282,Operations,Analyst,46,9,8668.63,No,4.0,5,Yes,0
206283,IT,Analyst,44,7,6055.52,No,1.0,8,Yes,0
206284,IT,Associate,38,0,9102.54,No,1.0,3,No,0
206285,Marketing,Manager,37,15,3414.12,Yes,4.0,2,Yes,1
206286,IT,Specialist,27,13,4876.94,Yes,4.0,4,No,0
206287,Sales,Manager,40,12,3377.66,No,1.0,7,Yes,0
206288,Operations,Manager,28,5,6395.23,No,4.0,5,No,0
206289,Sales,Engineer,53,1,10251.93,Yes,1.0,7,No,0
206290,IT,Specialist,45,8,6747.78,No,5.0,6,Yes,0
206291,Sales,Specialist,47,11,8771.05,Yes,3.0,8,Yes,1
206292,HR,Specialist,35,6,4682.86,No,3.0,6,Yes,0
206293,Sales,Associate,40,6,11982.33,No,3.0,0,Yes,0
206294,IT,Specialist,35,15,6919.79,No,1.0,0,Yes,0
206295,IT,Analyst,47,2,5401.57,No,3.0,1,Yes,0
206296,HR,Manager,35,6,8155.5,No,3.0,2,Yes,0
206297,Marketing,Specialist,49,5,9551.44,No,1.0,6,Yes,0
206298,IT,Manager,55,8,7047.75,Yes,5.0,8,Yes,0
206299,HR,Engineer,39,9,9175.89,No,2.0,7,Yes,1
206300,Sales,Engineer,30,6,4025.29,No,4.0,0,No,0
206301,Sales,Associate,35,11,7540.26,Yes,5.0,6,Yes,0
206302,IT,Associate,48,14,5637.49,Yes,1.0,2,No,0
206303,Sales,Specialist,30,8,9894.1,Yes,4.0,7,Yes,0
206304,Finance,Analyst,27,5,6169.63,No,5.0,6,Yes,0
206305,Sales,Engineer,23,0,7144.19,No,1.0,1,No,0
206306,Operations,Specialist,38,1,3433.68,No,3.0,0,No,1
206307,Finance,Engineer,25,11,7453.55,No,2.0,8,No,0
206308,Finance,Specialist,32,9,8887.33,No,2.0,3,Yes,1
206309,Marketing,Associate,31,15,6146.94,No,3.0,3,No,0
206310,Finance,Manager,26,4,4199.46,No,3.0,8,No,1
206311,Sales,Engineer,24,6,10680.97,No,4.0,4,Yes,0
206312,Operations,Manager,42,13,8193.35,No,1.0,6,No,1
206313,Sales,Specialist,54,3,7797.44,No,2.0,3,No,1
206314,Operations,Analyst,31,1,6867.66,No,2.0,5,Yes,0
206315,Operations,Manager,55,9,7955.48,Yes,4.0,1,No,1
206316,Sales,Analyst,47,15,7026.53,No,3.0,1,Yes,1
206317,HR,Associate,32,10,7290.67,No,2.0,1,Yes,0
206318,IT,Manager,41,2,5215.77,No,4.0,2,Yes,0
206319,Marketing,Associate,30,1,4195.83,No,5.0,8,No,1
206320,Finance,Analyst,27,14,9573.03,Yes,2.0,0,Yes,1
206321,Marketing,Analyst,33,4,9235.09,No,1.0,8,No,1
206322,Operations,Engineer,41,3,6027.03,No,3.0,7,No,1
206323,,Analyst,59,13,9817.64,No,5.0,3,Yes,1
206324,Finance,Manager,29,13,7397.81,Yes,2.0,5,Yes,0
206325,IT,Analyst,55,12,3463.66,Yes,2.0,0,Yes,0
206326,Sales,Analyst,29,2,9309.49,No,2.0,7,Yes,1
206327,Sales,Associate,53,1,5003.19,No,1.0,0,No,1
206328,Operations,Associate,28,10,5530.41,No,1.0,8,Yes,0
206329,HR,Engineer,57,15,9324.58,No,4.0,3,Yes,0
206330,HR,Engineer,52,5,8490.85,No,5.0,1,No,0
206331,Sales,Analyst,60,2,2500.0,No,2.0,2,Yes,1
206332,Sales,Manager,58,14,8312.49,No,4.0,8,No,1
206333,IT,Manager,21,13,7268.07,No,1.0,6,No,0
206334,Sales,Associate,29,7,6120.98,No,3.0,8,No,0
206335,Operations,Engineer,41,15,7840.65,No,3.0,0,Yes,1
206336,Operations,Specialist,30,12,10649.66,No,4.0,7,Yes,0
206337,HR,Manager,50,13,7771.77,No,4.0,7,Yes,0
206338,IT,Manager,54,1,7284.89,Yes,5.0,1,Yes,0
206339,Sales,Engineer,27,8,8976.61,No,2.0,2,No,1
206340,IT,Associate,43,15,6177.71,No,1.0,5,No,0
206341,IT,Engineer,55,5,5839.19,No,1.0,5,Yes,1
206342,Operations,Manager,26,10,3439.76,No,4.0,2,Yes,0
206343,Finance,Analyst,34,14,5207.66,No,5.0,0,No,0
206344,IT,Engineer,40,12,3979.09,No,2.0,8,No,0
206345,Sales,Specialist,26,4,3639.32,Yes,3.0,8,No,1
206346,Sales,Specialist,27,4,4406.05,No,1.0,1,Yes,1
206347,Marketing,Associate,39,5,4129.03,No,5.0,1,Yes,0
206348,Marketing,Associate,50,11,6201.39,Yes,2.0,8,Yes,0
206349,IT,Associate,57,12,11086.1,No,5.0,7,No,0
206350,Finance,Engineer,54,14,6916.67,No,4.0,7,Yes,0
206351,IT,Manager,45,4,5712.85,Yes,3.0,1,No,0
206352,IT,Manager,32,13,4598.3,No,3.0,5,Yes,0
206353,Marketing,Specialist,46,5,5579.04,No,2.0,0,No,0
206354,HR,Engineer,50,9,7759.59,No,4.0,7,No,0
206355,Sales,Manager,23,12,7748.13,Yes,3.0,2,No,1
206356,Finance,Analyst,40,6,6064.57,Yes,3.0,3,No,1
206357,Operations,Manager,54,6,6521.43,Yes,2.0,7,Yes,0
206358,Marketing,Associate,28,5,,No,5.0,5,No,0
206359,Operations,Analyst,29,5,8136.6,No,5.0,8,No,0
206360,Operations,Engineer,48,10,12410.72,No,1.0,2,Yes,0
206361,IT,Manager,48,3,9520.74,No,2.0,8,Yes,0
206362,Sales,Engineer,23,12,7123.7,No,3.0,3,Yes,0
206363,HR,Manager,45,12,10565.61,No,5.0,1,Yes,0
206364,Operations,Engineer,32,14,8436.7,Yes,4.0,6,No,0
206365,HR,Manager,47,2,11110.58,No,1.0,0,Yes,1
206366,Operations,Specialist,21,1,9221.34,No,3.0,7,Yes,0
206367,Marketing,Associate,53,1,10294.09,Yes,1.0,0,No,0
206368,Finance,Associate,41,12,6593.56,No,3.0,7,No,0
206369,Operations,Engineer,30,1,5320.65,No,4.0,6,No,1
206370,Operations,Specialist,22,8,6733.02,Yes,5.0,1,No,0
206371,IT,Associate,29,1,6774.74,No,5.0,2,Yes,0
206372,Finance,Engineer,53,5,7431.9,Yes,1.0,4,Yes,0
206373,Marketing,Engineer,33,13,7609.24,Yes,3.0,5,Yes,1
206374,Operations,Engineer,40,1,6489.07,No,2.0,0,Yes,0
206375,IT,Manager,51,4,7049.59,No,4.0,2,Yes,0
206376,Finance,Engineer,59,13,11619.14,No,2.0,5,Yes,1
206377,Finance,Analyst,27,12,8153.39,No,2.0,8,No,0
206378,Sales,Associate,27,8,8338.74,No,3.0,4,No,0
206379,Sales,Specialist,30,0,,No,3.0,6,No,0
206380,Marketing,Associate,34,3,8137.6,No,1.0,7,Yes,0
206381,Finance,Analyst,44,12,5919.5,No,1.0,7,No,0
206382,IT,Associate,31,0,2567.92,No,5.0,6,No,0
206383,Finance,Associate,43,14,4678.16,No,1.0,4,Yes,0
206384,IT,Specialist,28,6,9683.85,Yes,5.0,1,No,0
206385,Finance,Analyst,31,6,9033.09,No,5.0,6,No,0
206386,Marketing,Manager,58,4,11068.38,No,4.0,8,Yes,1
206387,IT,Associate,41,8,7883.87,No,4.0,1,Yes,0
206388,Operations,Manager,57,15,5810.7,Yes,5.0,6,Yes,0
206389,Marketing,Engineer,39,15,4567.24,Yes,3.0,1,No,1
206390,Marketing,Analyst,51,9,7965.86,No,1.0,8,Yes,1
206391,Finance,Analyst,46,15,7283.94,No,4.0,3,No,0
206392,IT,Specialist,59,1,3315.03,No,2.0,0,Yes,1
206393,IT,Associate,21,15,3403.82,No,3.0,8,No,1
206394,Operations,Engineer,32,4,6481.09,No,5.0,6,Yes,0
206395,Sales,Analyst,52,12,8640.47,Yes,5.0,4,No,1
206396,IT,Associate,53,2,5743.87,No,2.0,5,No,0
206397,Sales,Manager,35,3,7453.57,No,3.0,2,No,0
206398,Operations,Associate,42,4,5292.54,No,2.0,7,Yes,0
206399,Marketing,Manager,28,1,4066.89,Yes,3.0,0,Yes,1
206400,Sales,Engineer,57,2,,No,3.0,5,No,0
206401,IT,Specialist,60,4,6433.32,Yes,5.0,2,No,0
206402,Operations,Manager,41,8,6536.58,No,3.0,8,Yes,0
206403,IT,Manager,39,10,2500.0,No,5.0,5,Yes,0
206404,,Analyst,51,7,5223.13,No,2.0,4,Yes,0
206405,Operations,Analyst,31,1,7933.26,No,1.0,0,No,1
206406,IT,Analyst,24,12,2500.0,No,1.0,3,Yes,0
206407,IT,Associate,41,9,9418.13,No,4.0,6,No,0
206408,Marketing,Engineer,25,3,12297.71,No,2.0,0,Yes,0
206409,Sales,Associate,48,10,4802.77,No,4.0,3,Yes,0
206410,Sales,Manager,54,0,10295.78,Yes,2.0,3,No,1
206411,Finance,Manager,40,7,7688.14,No,4.0,5,Yes,0
206412,Finance,Specialist,44,10,6438.98,No,4.0,2,No,1
206413,Finance,Associate,24,13,7244.05,No,1.0,3,No,0
206414,Operations,Specialist,38,14,5621.2,No,5.0,5,No,0
206415,Operations,Associate,37,7,5134.76,Yes,3.0,8,No,0
206416,IT,Engineer,52,1,6366.42,No,1.0,1,Yes,0
206417,Marketing,Analyst,58,5,5707.43,Yes,5.0,8,Yes,0
206418,IT,Analyst,57,13,7918.82,No,1.0,7,No,0
206419,IT,Manager,55,9,11633.86,No,3.0,7,Yes,0
206420,HR,Specialist,28,1,2500.0,Yes,5.0,6,Yes,0
206421,IT,Specialist,50,1,9149.99,No,5.0,3,Yes,0
206422,IT,Analyst,55,10,9216.13,Yes,5.0,6,Yes,0
206423,Sales,Engineer,44,10,9289.72,No,5.0,2,Yes,0
206424,IT,Manager,44,6,9276.8,Yes,5.0,8,No,0
206425,Marketing,Manager,32,12,5331.31,No,1.0,4,No,1
206426,Sales,Manager,36,13,9109.39,No,1.0,0,Yes,0
206427,Sales,Analyst,44,6,6722.86,No,2.0,5,No,0
206428,IT,Engineer,42,3,2500.0,No,4.0,5,No,0
206429,Sales,Engineer,22,13,3114.01,No,2.0,1,Yes,0
206430,Operations,Specialist,27,9,8381.2,Yes,1.0,0,No,0
206431,IT,Specialist,28,0,3339.3,Yes,1.0,4,Yes,1
206432,IT,Specialist,23,10,6860.68,Yes,4.0,3,No,1
206433,Operations,Specialist,37,9,11135.14,Yes,3.0,2,No,0
206434,IT,Associate,32,2,10007.11,Yes,4.0,6,Yes,0
206435,Operations,Engineer,33,3,9281.69,No,3.0,5,No,0
206436,HR,Manager,28,0,7670.75,Yes,1.0,1,No,0
206437,IT,Engineer,36,4,4433.32,No,2.0,2,No,0
206438,Marketing,Associate,55,8,4677.85,Yes,5.0,5,Yes,0
206439,Sales,Analyst,26,13,11208.75,No,3.0,2,Yes,1
206440,Finance,Engineer,35,0,7726.0,Yes,5.0,0,No,0
206441,IT,Specialist,46,13,8535.2,Yes,3.0,4,Yes,0
206442,Sales,Manager,41,7,5708.44,No,3.0,8,Yes,0
206443,Sales,Associate,58,9,4094.77,No,2.0,3,Yes,1
206444,HR,Associate,33,14,11052.13,No,3.0,7,No,0
206445,Marketing,Engineer,44,12,6201.3,No,3.0,7,Yes,0
206446,Finance,Analyst,37,6,7651.09,No,1.0,3,No,0
206447,Operations,Associate,60,1,6053.76,No,3.0,0,No,1
206448,HR,Associate,51,7,9918.16,No,3.0,4,No,0
206449,Operations,Specialist,28,10,7061.86,Yes,3.0,0,Yes,0
206450,Sales,Analyst,29,12,6201.83,Yes,4.0,2,No,1
206451,HR,Analyst,27,10,7994.71,No,5.0,4,No,0
206452,Finance,Specialist,22,10,2927.45,Yes,3.0,3,No,0
206453,Marketing,Analyst,35,1,7021.0,No,,3,No,0
206454,Marketing,Analyst,37,4,4262.07,No,1.0,7,Yes,1
206455,Sales,Engineer,22,12,5291.89,No,4.0,0,Yes,0
206456,Finance,Associate,50,8,6945.28,No,2.0,6,No,0
206457,Operations,Manager,57,13,6082.8,No,4.0,4,No,0
206458,HR,Associate,55,9,8644.63,No,1.0,1,No,0
206459,Finance,Engineer,45,7,9642.02,No,3.0,6,Yes,0
206460,HR,Engineer,25,1,7285.46,No,2.0,7,Yes,0
206461,Operations,Specialist,60,15,6658.52,Yes,3.0,3,No,1
206462,IT,Specialist,27,10,7281.62,No,1.0,4,No,0
206463,IT,Engineer,40,9,4310.13,No,5.0,2,Yes,1
206464,Marketing,Engineer,44,15,5551.51,No,5.0,2,Yes,1
206465,IT,Associate,47,15,9418.63,No,5.0,7,No,1
206466,Sales,Analyst,59,11,6624.32,No,4.0,3,No,0
206467,IT,Manager,49,11,4873.96,No,2.0,3,Yes,0
206468,Operations,Specialist,54,2,8014.96,No,5.0,8,No,0
206469,Sales,Associate,40,1,11041.74,No,4.0,2,No,0
206470,Sales,Specialist,38,15,10241.61,No,2.0,6,Yes,0
206471,Finance,Specialist,26,2,8467.86,No,4.0,5,No,0
206472,Operations,Analyst,33,13,6941.38,No,3.0,7,No,0
206473,Operations,Engineer,43,12,5827.97,No,5.0,4,Yes,0
206474,Sales,Analyst,22,2,5482.39,No,1.0,5,No,0
206475,Sales,Associate,36,15,5834.95,Yes,2.0,4,Yes,0
206476,Sales,Associate,38,7,13194.27,Yes,2.0,2,No,0
206477,IT,Associate,41,15,2500.0,No,1.0,3,No,1
206478,Sales,Analyst,58,12,6990.37,Yes,3.0,1,No,1
206479,Finance,Analyst,53,8,9775.98,No,2.0,6,No,0
206480,HR,Specialist,-3,13,10458.76,No,1.0,4,Yes,0
206481,Operations,Engineer,37,15,6195.85,No,5.0,2,No,0
206482,Marketing,Manager,53,11,3435.27,No,2.0,2,No,0
206483,Sales,Engineer,48,11,11261.63,No,5.0,3,No,1
206484,IT,Engineer,33,5,10671.03,No,2.0,1,No,1
206485,IT,Analyst,40,12,2500.0,Yes,4.0,1,No,0
206486,Sales,Engineer,22,8,7745.59,Yes,3.0,1,No,0
206487,HR,Manager,27,1,6696.58,No,5.0,0,Yes,0
206488,Sales,Specialist,58,2,7973.14,No,2.0,7,Yes,0
206489,Operations,Associate,39,7,9734.06,No,5.0,6,No,0
206490,Marketing,Associate,39,5,5668.57,Yes,4.0,7,No,0
206491,IT,Manager,22,5,5924.72,Yes,2.0,7,No,0
206492,Sales,Engineer,40,3,11014.24,No,1.0,3,No,1
206493,Marketing,Associate,32,4,10066.38,Yes,1.0,3,No,0
206494,Sales,Associate,21,15,12992.59,No,4.0,1,No,0
206495,Marketing,Engineer,54,4,3282.4,No,2.0,3,Yes,1
206496,Sales,Analyst,36,13,5340.68,No,4.0,8,Yes,0
206497,Marketing,Associate,28,2,6830.24,No,3.0,3,No,0
206498,Operations,Associate,50,12,5442.24,Yes,2.0,2,No,0
206499,Marketing,Analyst,46,0,9456.93,Yes,5.0,8,No,1
206500,Operations,Analyst,43,4,9558.0,No,5.0,3,No,1
206501,Operations,Specialist,37,14,9460.73,No,2.0,5,No,1
206502,HR,Associate,56,6,7470.95,No,3.0,4,Yes,0
206503,IT,Engineer,53,3,3973.0,No,3.0,8,Yes,0
206504,Sales,Manager,25,9,7204.81,No,5.0,5,No,1
206505,Marketing,Associate,58,3,7196.34,No,1.0,8,No,1
206506,HR,Engineer,56,1,7691.73,Yes,1.0,1,Yes,0
206507,Marketing,Analyst,45,6,7834.38,Yes,4.0,0,No,1
206508,Operations,Analyst,21,14,8788.21,No,4.0,5,Yes,0
206509,Sales,Specialist,43,3,2500.0,Yes,2.0,4,No,0
206510,Marketing,Specialist,49,12,2500.0,No,3.0,1,No,0
206511,IT,Engineer,51,13,8981.22,Yes,2.0,3,No,1
206512,Operations,Engineer,49,4,9187.88,Yes,2.0,0,Yes,0
206513,IT,Analyst,40,6,6612.79,Yes,3.0,6,No,1
206514,Operations,Analyst,24,3,6297.58,No,1.0,2,Yes,0
206515,Sales,Associate,22,6,5491.89,No,1.0,5,No,0
206516,Marketing,Engineer,38,9,5219.29,No,3.0,5,No,1
206517,IT,Associate,60,1,12040.6,No,2.0,8,No,0
206518,Finance,Manager,55,7,6778.57,No,1.0,4,No,1
206519,Operations,Engineer,22,10,9004.81,No,4.0,4,Yes,0
206520,IT,Associate,32,5,6957.48,Yes,4.0,5,No,0
206521,IT,Analyst,43,14,8117.38,No,2.0,5,Yes,0
206522,Operations,Manager,21,11,12171.84,No,5.0,4,No,0
206523,Finance,Specialist,33,4,2500.0,Yes,5.0,1,No,1
206524,HR,Associate,36,5,7503.55,Yes,5.0,5,No,0
206525,,Associate,40,14,6674.35,Yes,4.0,2,No,0
206526,Finance,Manager,32,7,7383.87,No,3.0,0,Yes,0
206527,IT,Analyst,49,5,5781.31,No,5.0,4,No,1
206528,HR,Manager,36,6,3150.8,No,5.0,6,Yes,0
206529,Sales,Associate,35,8,6650.19,No,4.0,7,No,1
206530,Finance,Specialist,25,7,6077.51,No,3.0,1,No,1
206531,HR,Associate,45,1,6574.12,No,5.0,4,Yes,1
206532,Finance,Specialist,32,14,6554.86,No,2.0,6,Yes,0
206533,Sales,Specialist,50,12,8312.32,No,3.0,5,No,0
206534,Sales,Analyst,31,4,6998.3,Yes,1.0,6,No,1
206535,Sales,Engineer,50,14,7218.52,No,5.0,3,Yes,1
206536,,Manager,36,13,8237.11,No,2.0,2,Yes,1
206537,Operations,Engineer,45,15,6505.96,No,5.0,3,No,0
206538,Operations,Manager,27,3,8096.91,No,5.0,3,Yes,0
206539,HR,Analyst,51,10,8302.78,No,2.0,6,Yes,0
206540,Finance,Specialist,52,10,2500.0,No,3.0,1,No,0
206541,IT,Specialist,49,8,7274.88,No,2.0,2,No,1
206542,Marketing,Analyst,51,10,4934.54,No,5.0,4,No,1
206543,HR,Manager,44,5,6940.24,No,4.0,1,No,0
206544,IT,Engineer,48,7,6113.47,No,2.0,7,Yes,1
206545,Sales,Specialist,33,4,5768.93,No,4.0,8,No,0
206546,Finance,Specialist,40,13,7752.37,No,5.0,0,No,0
206547,Marketing,Specialist,58,9,9106.07,No,2.0,2,Yes,0
206548,Operations,Specialist,52,6,5416.67,No,5.0,4,Yes,0
206549,Marketing,Analyst,39,7,8731.86,Yes,5.0,6,Yes,0
206550,IT,Analyst,60,10,10597.5,Yes,2.0,2,No,0
206551,IT,Associate,35,13,6532.34,No,4.0,4,No,0
206552,Operations,Analyst,38,4,3397.96,No,3.0,8,No,0
206553,Operations,Manager,58,10,2500.0,Yes,4.0,2,No,0
206554,IT,Manager,42,6,8694.37,No,3.0,0,Yes,0
206555,IT,Specialist,25,5,7647.46,No,5.0,0,Yes,0
206556,Marketing,Associate,52,2,6517.07,No,2.0,5,No,0
206557,Finance,Manager,44,10,5189.94,No,4.0,6,No,0
206558,IT,Associate,43,1,6842.72,Yes,1.0,1,No,0
206559,IT,Specialist,52,5,5814.57,No,4.0,0,No,0
206560,Finance,Engineer,36,1,5390.4,Yes,4.0,8,No,0
206561,Marketing,Specialist,28,14,4492.8,No,1.0,8,No,0
206562,Sales,Specialist,24,9,5967.71,No,4.0,4,No,0
206563,Finance,Analyst,43,9,5722.42,No,4.0,6,No,0
206564,Operations,Specialist,37,6,5999.19,Yes,5.0,4,No,1
206565,Finance,Analyst,23,11,5947.94,Yes,2.0,1,No,1
206566,Operations,Analyst,51,0,11730.17,Yes,4.0,6,No,1
206567,Finance,Engineer,25,15,6076.8,Yes,1.0,3,No,0
206568,Marketing,Manager,47,7,4323.03,No,2.0,7,Yes,0
206569,Marketing,Manager,31,4,10110.51,No,2.0,8,No,0
206570,IT,Manager,37,12,5826.09,Yes,2.0,6,Yes,0
206571,Operations,Associate,47,11,3167.91,No,3.0,6,Yes,0
206572,Operations,Manager,25,10,13214.75,Yes,2.0,8,No,0
206573,Sales,Associate,28,13,7166.19,Yes,5.0,1,No,0
206574,Sales,Manager,30,14,3255.15,No,1.0,4,Yes,0
206575,Sales,Manager,33,3,2500.0,Yes,5.0,7,Yes,1
206576,HR,Engineer,31,6,8563.46,Yes,2.0,4,No,1
206577,Sales,Engineer,35,10,9373.25,Yes,1.0,0,No,0
206578,IT,Engineer,38,2,8659.98,No,4.0,1,No,0
206579,IT,Specialist,49,6,9276.49,Yes,4.0,7,No,0
206580,HR,Engineer,41,7,6762.03,No,1.0,2,Yes,1
206581,IT,Specialist,56,1,6342.68,No,3.0,1,Yes,0
206582,Operations,Manager,59,9,5105.95,No,2.0,8,Yes,0
206583,Operations,Analyst,57,11,5419.32,No,1.0,6,No,0
206584,Finance,Specialist,42,12,10424.79,No,5.0,4,Yes,0
206585,HR,Specialist,34,13,3015.21,No,3.0,0,Yes,0
206586,Sales,Analyst,23,1,2500.0,Yes,5.0,3,Yes,0
206587,IT,Analyst,37,8,2500.0,Yes,1.0,3,Yes,1
206588,Sales,Specialist,53,15,10582.89,No,3.0,4,Yes,0
206589,Finance,Specialist,56,6,9215.62,No,3.0,5,No,1
206590,Marketing,Manager,38,1,4491.81,No,4.0,8,Yes,1
206591,Marketing,Specialist,42,10,11305.35,No,4.0,1,No,0
206592,IT,Analyst,31,1,8413.72,No,1.0,5,No,0
206593,IT,Specialist,52,13,9482.29,No,5.0,1,No,1
206594,IT,Manager,60,4,6812.28,No,4.0,8,No,1
206595,Operations,Associate,46,15,8662.59,No,5.0,5,No,1
206596,Marketing,Manager,37,14,4216.54,Yes,4.0,0,No,0
206597,IT,Specialist,26,11,6885.04,Yes,3.0,2,No,1
206598,Operations,Analyst,34,10,9530.11,No,1.0,4,No,1
206599,Operations,Associate,55,8,8997.19,Yes,4.0,7,Yes,1
206600,HR,Specialist,51,10,6167.59,No,2.0,1,No,0
206601,Operations,Manager,28,15,6667.14,Yes,2.0,8,Yes,1
206602,IT,Analyst,25,1,3621.56,No,2.0,3,No,0
206603,Finance,Analyst,45,7,7581.43,No,1.0,1,Yes,1
206604,Operations,Manager,45,11,8144.33,No,5.0,2,Yes,0
206605,HR,Engineer,60,6,6065.64,No,5.0,2,Yes,0
206606,Finance,Analyst,43,4,3872.41,No,5.0,8,Yes,0
206607,Marketing,Specialist,49,2,6077.17,No,5.0,5,Yes,1
206608,Operations,Associate,54,4,6790.95,No,5.0,5,Yes,0
206609,HR,Analyst,39,2,10940.65,No,2.0,4,No,1
206610,IT,Associate,45,8,11439.56,No,3.0,1,Yes,1
206611,Sales,Manager,60,0,6322.39,No,2.0,8,Yes,1
206612,IT,Manager,28,13,9783.25,No,2.0,6,Yes,0
206613,Sales,Engineer,22,7,5486.02,No,2.0,1,Yes,1
206614,Finance,Analyst,35,2,6251.93,No,1.0,7,Yes,0
206615,Marketing,Manager,58,12,3561.84,No,,0,No,1
206616,Finance,Analyst,23,4,11698.85,Yes,2.0,1,No,1
206617,Marketing,Manager,-2,13,6161.3,Yes,4.0,6,Yes,0
206618,Finance,Associate,32,0,10537.9,No,2.0,0,No,0
206619,Sales,Associate,46,0,8784.43,Yes,1.0,5,No,0
206620,Sales,Specialist,45,7,8790.75,No,4.0,1,No,0
206621,Operations,Analyst,53,2,7747.91,No,3.0,4,No,0
206622,HR,Manager,33,3,5211.3,No,1.0,1,Yes,0
206623,Sales,Manager,60,11,2500.0,Yes,3.0,4,No,0
206624,Finance,Specialist,60,14,9951.4,No,1.0,8,No,1
206625,IT,Manager,55,2,6108.79,No,4.0,8,Yes,0
206626,Marketing,Engineer,48,1,10580.32,No,4.0,4,Yes,0
206627,Marketing,Specialist,36,1,8179.07,No,1.0,2,No,1
206628,Marketing,Manager,28,11,8756.83,Yes,2.0,4,Yes,1
206629,IT,Associate,37,1,7328.42,No,3.0,7,No,0
206630,HR,Manager,22,14,7310.99,No,5.0,5,No,0
206631,IT,Analyst,53,15,7460.68,No,4.0,3,Yes,1
206632,IT,Manager,41,12,3648.31,No,3.0,0,Yes,0
206633,Marketing,Associate,34,6,2500.0,No,3.0,1,No,0
206634,Marketing,Manager,36,2,4839.08,No,5.0,2,No,0
206635,Operations,Specialist,43,10,6033.12,No,4.0,5,No,0
206636,IT,Associate,54,12,3211.91,Yes,2.0,6,No,0
206637,IT,Specialist,35,8,6759.23,No,5.0,8,No,0
206638,Finance,Analyst,49,2,7515.8,No,3.0,4,Yes,0
206639,Finance,Specialist,42,15,6444.3,No,1.0,3,No,0
206640,Marketing,Analyst,32,5,5995.77,No,2.0,7,No,0
206641,Marketing,Manager,46,5,4275.32,No,3.0,7,Yes,0
206642,Finance,Analyst,27,2,8254.97,Yes,3.0,7,No,0
206643,Finance,Engineer,27,8,2500.0,Yes,3.0,6,No,1
206644,Sales,Associate,29,6,8586.11,Yes,3.0,4,No,0
206645,,Specialist,55,11,7714.05,No,1.0,3,Yes,0
206646,HR,Associate,53,11,5832.94,Yes,4.0,7,No,0
206647,Operations,Engineer,56,6,5246.61,No,1.0,4,No,0
206648,Sales,Specialist,33,1,3343.01,Yes,4.0,5,Yes,0
206649,HR,Manager,51,8,6535.1,No,3.0,0,Yes,0
206650,Marketing,Analyst,38,12,9258.68,No,5.0,5,No,0
206651,Finance,Manager,58,3,4956.93,No,4.0,4,No,0
206652,HR,Analyst,28,10,4413.64,Yes,4.0,4,No,1
206653,Marketing,Associate,25,2,6533.25,No,4.0,2,No,0
206654,Operations,Analyst,29,11,6381.6,No,3.0,5,No,1
206655,Marketing,Engineer,46,6,7197.35,No,2.0,5,No,0
206656,Operations,Analyst,26,8,11035.72,No,4.0,5,Yes,0
206657,Operations,Specialist,47,3,7290.77,No,5.0,3,No,0
206658,Operations,Analyst,29,7,8284.81,Yes,2.0,5,Yes,1
206659,Finance,Specialist,52,4,9010.46,Yes,4.0,1,No,0
206660,IT,Associate,55,12,8581.28,No,3.0,7,No,0
206661,Sales,Specialist,32,4,,Yes,3.0,3,No,1
206662,IT,Specialist,38,15,6651.35,No,2.0,6,Yes,0
206663,Finance,Specialist,60,10,8636.4,No,4.0,0,Yes,0
206664,Finance,Engineer,25,8,4676.35,No,2.0,3,Yes,0
206665,Finance,Engineer,49,13,9960.55,No,4.0,5,No,0
206666,Marketing,Engineer,50,1,5897.97,No,2.0,3,No,0
206667,IT,Manager,32,7,4463.64,No,5.0,0,Yes,1
206668,IT,Analyst,32,9,7353.77,Yes,4.0,1,No,1
206669,Sales,Analyst,49,12,5382.46,No,5.0,5,Yes,0
206670,IT,Associate,45,9,7004.11,No,1.0,3,Yes,1
206671,Finance,Analyst,40,14,5903.69,No,5.0,4,No,0
206672,Sales,Analyst,54,5,5778.57,Yes,1.0,6,No,1
206673,Operations,Analyst,46,2,7845.54,Yes,4.0,0,No,1
206674,HR,Manager,52,6,6812.23,Yes,5.0,8,No,1
206675,Sales,Analyst,35,13,7313.7,No,2.0,5,No,0
206676,Marketing,Associate,30,13,12124.24,Yes,2.0,8,No,0
206677,Finance,Manager,52,2,4706.94,No,2.0,2,Yes,1
206678,HR,Specialist,27,0,9738.73,Yes,4.0,5,No,1
206679,HR,Manager,56,7,8870.32,No,2.0,3,Yes,0
206680,Finance,Associate,54,11,7318.43,No,3.0,5,No,0
206681,Operations,Specialist,38,15,3756.1,No,4.0,1,No,1
206682,Operations,Analyst,60,5,7457.55,No,5.0,1,Yes,0
206683,IT,Specialist,28,14,7162.42,No,1.0,2,No,0
206684,Sales,Associate,50,13,7971.3,No,4.0,2,Yes,0
206685,Marketing,Manager,48,11,6986.25,No,2.0,6,No,1
206686,Finance,Analyst,44,9,9516.9,No,4.0,4,Yes,0
206687,Marketing,Manager,30,15,10002.31,Yes,2.0,6,No,1
206688,IT,Engineer,37,5,,No,4.0,1,Yes,0
206689,Finance,Associate,59,13,4554.16,No,4.0,2,No,0
206690,Operations,Analyst,29,4,9584.08,No,4.0,1,No,0
206691,Sales,Associate,36,1,2533.12,No,3.0,4,No,0
206692,Finance,Engineer,35,8,6845.35,No,2.0,4,Yes,0
206693,Finance,Analyst,35,8,5590.94,No,5.0,7,No,0
206694,Finance,Engineer,42,4,3605.96,No,1.0,4,No,0
206695,IT,Analyst,38,10,7346.12,No,4.0,6,No,0
206696,Marketing,Analyst,32,7,6237.45,Yes,1.0,8,No,1
206697,HR,Engineer,31,1,3588.49,Yes,3.0,3,No,1
206698,IT,Specialist,28,12,3983.63,Yes,5.0,2,Yes,0
206699,Sales,Analyst,51,4,7359.66,No,5.0,7,Yes,0
206700,Operations,Associate,23,5,6816.92,No,4.0,8,No,0
206701,Sales,Specialist,43,15,10955.01,No,5.0,3,No,0
206702,Sales,Manager,26,2,6735.28,Yes,1.0,3,No,0
206703,Sales,Associate,23,14,7249.32,Yes,2.0,2,No,0
206704,HR,Associate,37,1,8094.44,Yes,2.0,6,Yes,0
206705,Sales,Specialist,24,7,5405.97,No,4.0,6,No,1
206706,Sales,Analyst,38,12,8492.8,No,,6,No,1
206707,Finance,Manager,47,14,7458.02,No,2.0,4,No,0
206708,Operations,Associate,59,11,7670.52,No,5.0,8,Yes,0
206709,Marketing,Manager,40,8,2946.06,No,1.0,3,No,0
206710,Operations,Manager,47,10,9148.4,Yes,2.0,5,No,0
206711,Finance,Analyst,46,13,6890.73,Yes,3.0,8,Yes,0
206712,Sales,Specialist,43,14,7473.2,No,2.0,4,No,0
206713,Finance,Analyst,52,12,7941.02,Yes,4.0,1,No,0
206714,Sales,Engineer,27,4,11800.84,No,2.0,0,Yes,0
206715,Operations,Associate,46,5,6778.39,No,3.0,0,No,1
206716,Operations,Analyst,59,10,3706.69,No,3.0,6,No,1
206717,IT,Engineer,58,15,5714.92,No,5.0,1,No,1
206718,Operations,Manager,56,7,8866.24,Yes,5.0,3,Yes,0
206719,Sales,Associate,50,13,4625.84,No,3.0,1,Yes,0
206720,Sales,Engineer,35,1,5076.17,No,2.0,8,No,1
206721,HR,Engineer,41,3,4062.47,Yes,2.0,7,Yes,0
206722,Operations,Manager,42,1,2500.0,No,4.0,3,No,0
206723,Finance,Specialist,46,8,7826.21,Yes,4.0,1,No,0
206724,Sales,Analyst,60,11,8225.48,No,4.0,1,Yes,0
206725,Sales,Associate,40,9,10402.21,No,4.0,5,Yes,0
206726,Sales,Associate,23,13,5452.3,Yes,1.0,4,Yes,0
206727,IT,Associate,39,15,8926.09,Yes,1.0,0,No,0
206728,IT,Specialist,40,15,12780.72,Yes,1.0,4,No,1
206729,Operations,Engineer,26,3,9668.72,No,5.0,1,Yes,0
206730,IT,Associate,38,13,7072.65,No,2.0,4,No,1
206731,Sales,Manager,37,8,7042.87,No,4.0,4,No,0
206732,Operations,Analyst,44,2,7562.79,No,3.0,7,No,0
206733,Marketing,Engineer,28,10,6183.54,No,5.0,1,No,0
206734,Finance,Manager,23,8,6392.18,Yes,1.0,3,No,0
206735,Sales,Manager,41,9,8417.75,Yes,3.0,0,No,1
206736,Operations,Engineer,26,6,4168.16,No,5.0,0,No,0
206737,Operations,Manager,48,12,10656.09,No,5.0,1,Yes,0
206738,Marketing,Analyst,40,4,6130.95,No,1.0,0,Yes,0
206739,IT,Manager,32,1,8110.66,Yes,4.0,5,Yes,1
206740,Finance,Associate,47,6,4292.22,No,2.0,4,No,0
206741,IT,Engineer,48,11,9737.09,Yes,1.0,2,Yes,0
206742,Sales,Analyst,36,10,7217.27,Yes,3.0,6,No,1
206743,Sales,Engineer,39,5,4903.48,No,4.0,3,Yes,1
206744,Sales,Analyst,50,2,4626.03,No,2.0,0,Yes,0
206745,HR,Associate,55,6,4097.28,Yes,4.0,1,No,0
206746,IT,Analyst,21,0,8899.82,Yes,,1,No,0
206747,Sales,Engineer,45,8,5079.13,No,2.0,7,No,0
206748,HR,Manager,47,13,6821.22,No,5.0,1,Yes,1
206749,Sales,Associate,31,8,3428.94,No,5.0,0,Yes,0
206750,Sales,Specialist,56,11,7248.73,Yes,1.0,6,No,0
206751,Finance,Engineer,57,15,8642.81,No,5.0,7,Yes,0
206752,Sales,Associate,24,4,7322.06,No,1.0,6,No,0
206753,IT,Manager,55,9,10412.41,No,5.0,5,No,0
206754,Marketing,Analyst,39,6,4575.35,No,2.0,0,No,1
206755,Finance,Analyst,56,9,12865.24,No,1.0,0,Yes,0
206756,Sales,Analyst,34,14,6045.2,No,4.0,5,No,0
206757,Finance,Specialist,29,6,9551.59,Yes,2.0,1,Yes,0
206758,Sales,Specialist,56,14,9894.21,No,4.0,2,Yes,0
206759,Finance,Manager,58,15,5550.81,No,2.0,5,No,1
206760,Operations,Analyst,46,14,9077.61,No,5.0,3,Yes,0
206761,Operations,Engineer,29,4,7553.37,Yes,5.0,1,Yes,1
206762,Operations,Manager,21,6,10120.2,No,5.0,8,Yes,0
206763,Marketing,Associate,51,13,8395.84,Yes,3.0,5,No,1
206764,HR,Engineer,38,11,3013.6,No,3.0,1,No,0
206765,Marketing,Analyst,44,8,6371.75,No,2.0,6,No,0
206766,HR,Analyst,40,5,3008.2,No,1.0,7,Yes,0
206767,Operations,Associate,28,14,6206.89,No,2.0,3,No,0
206768,Finance,Manager,26,13,,No,2.0,8,Yes,0
206769,IT,Engineer,39,0,4224.13,No,3.0,1,Yes,0
206770,IT,Associate,58,4,6943.9,No,2.0,4,No,0
206771,,Associate,48,12,5437.58,No,2.0,8,No,0
206772,IT,Engineer,30,8,8029.42,No,5.0,3,No,0
206773,Finance,Manager,58,12,6293.52,Yes,3.0,4,No,0
206774,Finance,Manager,40,3,3794.48,No,3.0,0,Yes,0
206775,Marketing,Analyst,41,9,6809.2,Yes,1.0,6,Yes,0
206776,IT,Analyst,32,1,5353.71,No,2.0,5,Yes,1
206777,HR,Manager,40,13,4077.66,Yes,4.0,1,No,1
206778,Sales,Specialist,39,15,8549.08,No,2.0,0,Yes,0
206779,Finance,Specialist,30,0,10309.93,Yes,1.0,2,No,0
206780,Sales,Analyst,34,13,11639.6,No,5.0,2,Yes,0
206781,Sales,Associate,46,12,6846.3,No,4.0,3,No,1
206782,Marketing,Associate,55,13,5875.99,Yes,4.0,8,Yes,1
206783,Operations,Associate,38,5,6259.27,No,2.0,3,No,0
206784,Finance,Associate,25,11,5910.45,No,2.0,3,No,0
206785,IT,Manager,42,9,7281.82,No,2.0,4,Yes,0
206786,Operations,Specialist,33,14,3421.64,No,2.0,3,Yes,0
206787,Operations,Associate,49,9,5871.11,No,2.0,8,No,0
206788,IT,Specialist,36,4,8354.34,No,4.0,8,Yes,0
206789,,Engineer,33,3,7265.41,Yes,2.0,2,No,0
206790,HR,Manager,60,3,8154.31,No,2.0,6,Yes,0
206791,Sales,Associate,42,10,2500.0,No,5.0,1,Yes,0
206792,Operations,Engineer,26,2,2655.93,No,5.0,5,No,0
206793,IT,Specialist,42,1,5402.78,Yes,1.0,3,No,1
206794,Operations,Specialist,24,3,7968.24,Yes,2.0,2,No,0
206795,Finance,Associate,54,2,8782.45,Yes,3.0,2,No,1
206796,Marketing,Analyst,39,8,8164.28,Yes,5.0,1,No,0
206797,Sales,Engineer,58,10,12119.74,No,3.0,7,No,0
206798,Sales,Associate,56,1,2500.0,No,4.0,5,Yes,0
206799,Marketing,Manager,34,8,2955.41,No,2.0,0,No,1
206800,HR,Manager,32,13,9419.91,No,3.0,3,No,0
206801,Finance,Engineer,42,12,4903.94,No,4.0,6,No,0
206802,Sales,Analyst,33,4,14304.79,Yes,1.0,7,Yes,1
206803,Operations,Analyst,25,6,4165.08,No,3.0,0,No,0
206804,HR,Manager,27,8,7556.94,No,3.0,3,Yes,0
206805,Finance,Specialist,57,11,8120.51,No,2.0,3,No,1
206806,Finance,Associate,34,12,6730.83,No,1.0,0,Yes,0
206807,Sales,Specialist,56,2,10404.93,No,3.0,1,Yes,0
206808,Sales,Specialist,23,4,9112.67,Yes,,0,No,1
206809,IT,Engineer,52,7,5859.34,No,5.0,1,Yes,0
206810,IT,Analyst,28,13,6328.72,No,2.0,0,Yes,0
206811,Sales,Engineer,23,0,12496.89,Yes,5.0,5,Yes,1
206812,Sales,Associate,25,14,5175.52,No,4.0,8,Yes,1
206813,HR,Engineer,46,15,11305.33,Yes,3.0,3,Yes,0
206814,Sales,Associate,40,9,10021.99,No,2.0,3,No,0
206815,Sales,Analyst,38,14,10326.62,No,1.0,4,No,0
206816,IT,Manager,54,15,5344.32,Yes,1.0,1,No,1
206817,IT,Specialist,26,1,6702.32,No,5.0,6,No,0
206818,HR,Analyst,53,12,7288.76,No,2.0,1,Yes,0
206819,Finance,Analyst,41,3,9696.07,No,5.0,4,No,0
206820,IT,Associate,29,6,12305.22,No,1.0,7,No,1
206821,HR,Specialist,35,15,10310.78,No,1.0,0,No,1
206822,IT,Associate,41,14,7182.15,No,1.0,7,No,0
206823,Finance,Associate,33,0,13397.18,Yes,4.0,7,Yes,0
206824,Marketing,Specialist,42,1,4483.88,No,3.0,5,No,0
206825,IT,Manager,48,2,6073.58,No,2.0,4,No,0
206826,Sales,Engineer,54,13,10427.8,No,5.0,2,No,0
206827,IT,Specialist,21,2,8977.23,No,1.0,1,Yes,0
206828,IT,Analyst,24,8,10689.38,No,5.0,3,No,0
206829,Operations,Specialist,45,6,2500.0,No,2.0,2,No,0
206830,Sales,Specialist,53,3,10508.15,No,,7,No,0
206831,Operations,Analyst,55,15,5729.45,Yes,1.0,0,No,1
206832,HR,Specialist,28,11,8971.19,No,1.0,5,No,0
206833,Finance,Manager,27,9,5783.79,No,5.0,8,No,0
206834,Finance,Engineer,23,13,8319.52,No,1.0,1,Yes,1
206835,IT,Analyst,48,2,8585.9,No,1.0,0,Yes,1
206836,Sales,Specialist,31,9,6895.78,No,3.0,8,Yes,0
206837,Finance,Engineer,57,5,7818.96,No,1.0,1,Yes,0
206838,Finance,Specialist,40,3,6455.26,Yes,5.0,5,No,0
206839,Operations,Specialist,29,14,11926.44,No,3.0,1,No,0
206840,Marketing,Associate,28,13,6929.91,No,5.0,0,No,0
206841,HR,Associate,55,2,6387.85,Yes,1.0,8,Yes,1
206842,Sales,Associate,40,9,8007.87,Yes,5.0,0,Yes,1
206843,Finance,Analyst,56,10,7697.67,No,2.0,3,No,0
206844,Finance,Manager,59,4,2500.0,Yes,5.0,6,No,1
206845,Marketing,Manager,53,5,5770.85,No,5.0,1,No,0
206846,Operations,Manager,40,11,4020.31,No,,4,No,1
206847,Sales,Analyst,49,10,10402.56,No,,5,Yes,0
206848,Operations,Analyst,-3,4,6372.36,No,1.0,8,No,0
206849,IT,Specialist,44,2,8939.34,No,5.0,1,No,1
206850,IT,Specialist,29,2,4770.44,No,1.0,6,No,0
206851,IT,Manager,31,15,9407.6,No,5.0,0,No,0
206852,IT,Associate,38,0,7648.64,Yes,4.0,8,No,0
206853,Operations,Associate,58,1,12317.53,No,3.0,7,No,0
206854,IT,Engineer,25,14,5841.5,No,2.0,5,No,0
206855,Operations,Engineer,54,13,2971.99,No,1.0,1,No,0
206856,Operations,Manager,55,0,6248.21,Yes,5.0,8,No,1
206857,Operations,Specialist,55,9,9272.84,No,1.0,5,No,1
206858,Operations,Manager,21,14,5554.36,No,3.0,1,No,0
206859,Finance,Associate,43,13,7935.29,Yes,3.0,0,Yes,1
206860,Operations,Associate,60,9,5317.5,No,5.0,0,No,0
206861,HR,Associate,34,1,6976.1,No,5.0,8,No,0
206862,Sales,Analyst,35,0,4605.08,No,3.0,4,No,0
206863,Operations,Manager,41,9,8240.33,No,2.0,7,Yes,0
206864,Finance,Associate,50,13,5784.06,No,5.0,5,Yes,0
206865,IT,Manager,46,3,7945.76,Yes,1.0,4,No,0
206866,HR,Manager,60,3,5956.68,Yes,1.0,3,No,1
206867,IT,Engineer,22,10,8922.11,No,3.0,5,No,1
206868,Sales,Analyst,45,0,7121.27,Yes,3.0,0,No,0
206869,Finance,Analyst,33,1,7224.5,No,5.0,6,Yes,1
206870,Operations,Analyst,37,7,6686.67,No,2.0,0,Yes,1
206871,HR,Analyst,30,8,4212.86,No,1.0,8,No,0
206872,Operations,Associate,55,6,5397.93,No,4.0,5,No,1
206873,Finance,Manager,41,0,3252.94,Yes,5.0,7,No,0
206874,IT,Specialist,60,2,10166.27,No,3.0,8,No,0
206875,Finance,Specialist,55,3,8832.02,No,3.0,2,Yes,1
206876,Marketing,Engineer,47,13,3528.67,No,4.0,4,No,0
206877,IT,Engineer,47,3,7022.64,No,5.0,7,No,0
206878,IT,Specialist,21,8,8149.87,No,4.0,2,Yes,0
206879,Finance,Specialist,29,8,5564.42,Yes,4.0,2,Yes,0
206880,IT,Manager,54,15,2609.18,Yes,1.0,5,No,0
206881,Marketing,Analyst,48,7,7581.28,No,3.0,7,Yes,0
206882,IT,Associate,47,8,8303.72,No,2.0,4,No,0
206883,Marketing,Associate,52,11,12546.06,No,3.0,0,No,0
206884,HR,Manager,44,7,3802.38,No,2.0,7,No,0
206885,Sales,Specialist,48,6,4401.65,No,2.0,1,No,1
206886,Finance,Manager,33,2,8483.56,No,3.0,6,No,0
206887,Sales,Manager,34,9,5934.4,No,3.0,4,No,1
206888,IT,Associate,51,2,4350.16,No,5.0,8,Yes,0
206889,Sales,Analyst,49,2,6532.18,No,3.0,6,No,0
206890,Operations,Engineer,32,14,11317.09,No,5.0,0,Yes,0
206891,Finance,Analyst,55,2,8295.82,No,4.0,1,No,1
206892,Sales,Analyst,47,4,8041.01,No,5.0,4,Yes,0
206893,IT,Specialist,34,13,6833.63,No,1.0,0,Yes,0
206894,Sales,Manager,50,5,2837.41,No,3.0,8,No,0
206895,Marketing,Manager,25,2,9781.26,No,1.0,7,Yes,0
206896,IT,Specialist,58,6,7602.53,Yes,2.0,4,Yes,1
206897,Operations,Analyst,52,13,7499.28,No,5.0,7,No,0
206898,Sales,Analyst,36,0,11207.8,No,2.0,5,No,0
206899,Operations,Manager,42,5,8598.13,Yes,4.0,1,No,1
206900,HR,Analyst,40,11,7139.91,No,4.0,5,No,0
206901,HR,Manager,54,14,11983.44,No,3.0,1,Yes,1
206902,IT,Associate,58,5,3514.35,Yes,1.0,3,No,0
206903,Sales,Associate,39,7,4643.72,No,2.0,2,No,0
206904,Operations,Associate,54,4,6109.26,Yes,5.0,6,Yes,1
206905,Finance,Engineer,37,2,8332.58,No,1.0,7,Yes,0
206906,Operations,Specialist,31,2,7045.78,Yes,2.0,2,Yes,1
206907,Sales,Associate,22,4,12882.27,Yes,2.0,0,No,0
206908,HR,Engineer,37,3,7133.29,No,1.0,1,No,0
206909,Operations,Engineer,25,11,2500.0,No,2.0,1,Yes,1
206910,Marketing,Analyst,55,3,8180.53,No,1.0,3,No,1
206911,Sales,Associate,59,1,9761.93,No,2.0,0,Yes,0
206912,Finance,Analyst,31,5,7558.0,Yes,1.0,0,Yes,1
206913,Operations,Engineer,28,1,6806.75,No,5.0,3,No,0
206914,Sales,Engineer,57,6,4977.12,No,5.0,5,No,0
206915,Operations,Analyst,38,4,3515.7,No,5.0,7,No,0
206916,Sales,Specialist,55,10,8449.46,No,5.0,2,Yes,1
206917,Marketing,Analyst,22,10,9291.15,Yes,3.0,6,No,0
206918,IT,Specialist,51,4,5924.93,No,2.0,5,No,1
206919,IT,Specialist,50,4,6853.31,No,1.0,0,Yes,0
206920,Marketing,Analyst,47,0,9492.55,No,3.0,4,No,0
206921,HR,Manager,21,13,12257.55,No,5.0,6,No,0
206922,Marketing,Manager,58,13,9411.47,Yes,3.0,3,No,0
206923,IT,Analyst,41,15,4930.58,No,5.0,3,Yes,1
206924,Operations,Analyst,38,4,10188.5,Yes,2.0,7,Yes,1
206925,Sales,Engineer,55,4,11383.78,No,3.0,0,No,0
206926,Sales,Analyst,57,10,10727.73,Yes,4.0,0,No,0
206927,Marketing,Engineer,29,1,8026.5,No,1.0,4,Yes,0
206928,Sales,Specialist,48,1,6275.84,No,4.0,3,No,0
206929,Marketing,Manager,25,8,6494.84,Yes,5.0,7,Yes,0
206930,Marketing,Associate,55,8,7317.5,No,4.0,1,No,0
206931,Operations,Specialist,30,9,10629.57,No,1.0,4,Yes,1
206932,Finance,Analyst,36,4,7450.76,No,4.0,2,No,0
206933,IT,Manager,38,13,9010.2,No,3.0,4,Yes,1
206934,Operations,Engineer,50,3,4505.25,Yes,1.0,0,Yes,1
206935,Marketing,Engineer,33,11,6441.85,No,2.0,8,Yes,0
206936,Sales,Engineer,27,13,8641.66,Yes,1.0,1,No,1
206937,Sales,Engineer,38,15,8830.2,No,5.0,5,Yes,0
206938,Operations,Manager,33,12,9747.69,No,3.0,4,No,0
206939,Finance,Manager,32,0,5533.03,No,4.0,4,No,1
206940,IT,Manager,29,4,9197.32,No,5.0,0,Yes,0
206941,Operations,Manager,48,6,8666.46,Yes,4.0,8,No,0
206942,Sales,Manager,32,6,2500.0,Yes,4.0,8,Yes,0
206943,Finance,Analyst,47,10,5352.71,No,3.0,7,Yes,0
206944,Operations,Engineer,25,2,6239.02,No,4.0,2,No,0
206945,Sales,Manager,44,6,12724.74,No,2.0,4,Yes,0
206946,Operations,Manager,37,8,8941.4,Yes,2.0,8,No,1
206947,Operations,Analyst,37,12,6578.04,No,2.0,0,No,0
206948,IT,Analyst,22,6,5193.66,No,2.0,5,No,0
206949,Operations,Specialist,37,14,4639.07,No,5.0,5,Yes,0
206950,Operations,Associate,52,10,5796.13,No,1.0,4,No,1
206951,IT,Analyst,54,15,7559.86,No,5.0,5,Yes,0
206952,Finance,Associate,55,9,8642.38,Yes,5.0,2,Yes,0
206953,Sales,Specialist,58,11,7561.55,No,5.0,7,Yes,0
206954,HR,Specialist,41,11,9615.34,No,3.0,4,No,0
206955,IT,Analyst,34,12,6120.9,No,1.0,7,No,0
206956,IT,Associate,57,14,8758.43,Yes,5.0,3,No,0
206957,IT,Engineer,58,1,7352.25,Yes,2.0,5,Yes,0
206958,Marketing,Associate,53,9,4703.79,No,5.0,6,No,0
206959,Sales,Manager,57,13,10064.84,No,5.0,8,Yes,1
206960,Operations,Analyst,28,10,4931.45,No,5.0,0,No,1
206961,Operations,Engineer,42,2,8794.27,No,2.0,8,No,0
206962,Sales,Associate,38,15,7740.4,No,3.0,2,Yes,1
206963,Sales,Manager,32,11,8585.03,No,4.0,2,No,0
206964,IT,Associate,25,15,4402.45,No,1.0,4,No,0
206965,Operations,Associate,35,3,4864.09,No,2.0,5,No,0
206966,Marketing,Manager,33,14,5662.15,No,2.0,3,No,0
206967,HR,Engineer,44,10,8621.0,No,5.0,5,Yes,0
206968,Operations,Associate,28,14,7628.14,No,5.0,1,No,0
206969,HR,Associate,52,8,9009.11,No,5.0,4,No,0
206970,Operations,Analyst,31,15,5568.29,Yes,3.0,5,No,1
206971,Operations,Manager,49,15,8648.09,No,2.0,5,Yes,0
206972,Finance,Specialist,44,0,10442.75,Yes,2.0,8,No,1
206973,Operations,Associate,30,12,7721.97,No,3.0,6,Yes,0
206974,Marketing,Manager,49,10,6175.71,Yes,1.0,1,Yes,1
206975,Marketing,Analyst,25,3,8445.6,Yes,5.0,4,Yes,0
206976,Finance,Manager,59,13,7756.6,Yes,4.0,8,Yes,0
206977,IT,Analyst,53,10,3716.45,Yes,1.0,0,No,0
206978,IT,Manager,50,10,5902.31,Yes,5.0,8,No,0
206979,Marketing,Manager,34,2,2500.0,No,5.0,7,Yes,0
206980,Marketing,Associate,60,12,5370.87,Yes,4.0,7,Yes,0
206981,Finance,Engineer,53,8,8295.1,No,2.0,8,Yes,0
206982,Operations,Specialist,45,4,5636.85,No,3.0,8,Yes,0
206983,Finance,Associate,57,4,11599.16,No,3.0,3,No,0
206984,Sales,Associate,36,15,7116.17,Yes,2.0,5,Yes,0
206985,Sales,Manager,54,3,8069.37,Yes,3.0,3,No,1
206986,IT,Specialist,56,9,4577.18,No,1.0,3,No,1
206987,Marketing,Manager,45,9,5858.44,No,2.0,1,Yes,0
206988,Finance,Engineer,35,1,8257.53,Yes,5.0,7,No,1
206989,Sales,Manager,46,1,6429.92,Yes,4.0,8,No,0
206990,Sales,Analyst,57,4,4722.2,No,5.0,0,No,1
206991,Marketing,Associate,42,13,6673.0,No,2.0,5,Yes,0
206992,IT,Manager,36,1,5424.18,No,5.0,7,No,1
206993,Sales,Engineer,57,6,7494.27,No,1.0,3,Yes,1
206994,IT,Manager,27,10,7298.57,Yes,2.0,2,No,0
206995,Marketing,Engineer,27,0,7887.26,Yes,1.0,5,No,0
206996,Sales,Analyst,54,11,9773.73,No,2.0,4,No,0
206997,HR,Engineer,52,11,3236.79,No,5.0,4,No,0
206998,Operations,Associate,42,8,7263.27,No,3.0,0,No,0
206999,Finance,Engineer,48,8,2500.0,Yes,2.0,0,No,0
207000,Finance,Analyst,22,12,5051.98,No,4.0,7,Yes,1
200001,Finance,Associate,59,12,8031.99,No,2.0,1,No,0
200002,Operations,Analyst,45,4,8350.91,Yes,4.0,4,No,0
200003,HR,Specialist,46,6,3965.67,No,5.0,8,Yes,0
200004,IT,Manager,53,3,5818.06,No,3.0,2,No,0
200005,Sales,Associate,38,15,7755.01,No,4.0,5,No,0
200006,IT,Specialist,43,1,5204.37,No,2.0,5,Yes,0
200007,Operations,Associate,44,5,11224.94,No,5.0,1,Yes,0
200008,HR,Associate,22,8,4738.69,Yes,5.0,8,No,1
200009,Sales,Specialist,49,4,3023.15,Yes,3.0,3,No,0
200010,Operations,Specialist,-2,2,9121.75,No,5.0,6,Yes,0
200011,Operations,Engineer,34,9,8193.51,No,5.0,0,Yes,1
200012,Finance,Engineer,33,4,2685.15,No,2.0,5,No,0
200013,IT,Specialist,35,1,5268.88,No,3.0,7,Yes,0
200014,HR,Specialist,30,2,11121.92,No,2.0,5,No,0
200015,Operations,Engineer,32,4,11437.87,No,1.0,3,No,1
200016,Marketing,Manager,52,12,11953.66,No,4.0,3,No,0
200017,IT,Specialist,36,15,8350.4,No,5.0,2,No,1
200018,Marketing,Associate,22,12,,Yes,5.0,4,No,1
200019,HR,Specialist,40,0,8726.89,Yes,1.0,1,Yes,0
200020,Marketing,Analyst,41,0,5255.49,No,5.0,5,Yes,0
200021,Operations,Analyst,55,0,6373.35,Yes,2.0,2,Yes,1
200022,HR,Manager,37,1,6553.33,No,5.0,0,No,1
200023,IT,Specialist,25,9,4695.39,No,2.0,1,No,0
200024,Sales,Manager,48,15,9421.91,Yes,3.0,2,No,1
200025,Operations,Specialist,55,5,4946.84,No,5.0,1,No,0
200026,Finance,Engineer,49,12,6239.04,No,4.0,6,Yes,1
200027,Sales,Associate,60,4,8038.25,No,2.0,6,Yes,1
200028,Sales,Specialist,54,4,6446.07,Yes,2.0,5,Yes,0
200029,Finance,Engineer,33,15,,Yes,1.0,7,No,0
200030,IT,Specialist,38,0,3753.05,Yes,4.0,7,No,0
200031,IT,Engineer,23,4,5248.68,No,1.0,2,Yes,0
200032,,Associate,30,13,6219.22,No,5.0,4,Yes,0
200033,Marketing,Engineer,29,1,8563.99,No,5.0,5,No,0
200034,Sales,Specialist,58,10,7947.47,No,4.0,7,No,0
200035,Sales,Manager,51,0,6927.77,No,3.0,6,Yes,0
200036,Operations,Specialist,31,4,8667.34,No,2.0,2,No,0
200037,Operations,Analyst,48,2,9693.89,No,4.0,8,No,0
200038,Finance,Manager,56,3,2500.0,No,1.0,5,Yes,1
200039,Sales,Associate,29,13,8319.11,No,1.0,2,Yes,1
200040,HR,Manager,54,8,10634.73,No,5.0,2,No,1
200041,Operations,Associate,21,10,4039.49,No,4.0,4,Yes,0
200042,Marketing,Associate,52,10,5816.42,No,4.0,1,Yes,0
200043,Operations,Specialist,43,5,10369.8,No,2.0,7,No,0
200044,Operations,Engineer,45,9,10853.48,No,2.0,1,Yes,0
200045,Marketing,Manager,46,14,4114.46,Yes,5.0,1,No,1
200046,IT,Associate,48,15,8756.99,No,4.0,5,Yes,0
200047,Marketing,Specialist,42,4,5551.2,No,5.0,3,No,1
200048,IT,Engineer,38,13,7309.28,No,2.0,8,Yes,0
200049,Operations,Manager,47,11,7174.91,No,5.0,1,No,0
200050,HR,Engineer,43,5,8436.95,No,2.0,2,Yes,0
200051,Sales,Associate,26,3,10544.84,No,5.0,2,No,0
200052,HR,Engineer,42,15,8559.15,Yes,2.0,4,No,0
200053,Finance,Analyst,47,8,10891.0,No,2.0,7,No,0
200054,Marketing,Analyst,36,0,4261.56,No,1.0,6,No,0
200055,IT,Engineer,25,15,6211.69,No,4.0,5,No,0
200056,IT,Engineer,60,3,5389.07,No,5.0,7,No,0
200057,HR,Associate,53,10,8410.17,Yes,5.0,8,Yes,0
200058,Operations,Engineer,39,4,10380.31,Yes,4.0,6,Yes,0
200059,Operations,Analyst,59,5,5862.27,No,1.0,5,No,1
200060,IT,Analyst,55,3,8769.2,No,1.0,5,Yes,0
200061,Finance,Specialist,46,15,11225.65,No,4.0,0,Yes,0
200062,Sales,Associate,48,4,10767.05,No,5.0,3,Yes,0
200063,Marketing,Manager,33,0,4528.66,No,4.0,2,Yes,0
200064,Sales,Associate,47,0,5810.88,No,1.0,2,No,0
200065,Operations,Engineer,41,3,4932.48,No,5.0,2,No,1
200066,Sales,Engineer,58,5,5481.07,Yes,5.0,0,Yes,1
200067,Sales,Analyst,31,12,3942.66,No,1.0,8,No,1
200068,IT,Manager,39,1,5068.86,Yes,1.0,5,No,0
200069,Marketing,Analyst,42,1,6148.22,No,5.0,6,No,0
200070,Marketing,Analyst,27,2,5139.88,Yes,5.0,5,Yes,0
200071,Sales,Engineer,60,6,6962.8,No,4.0,5,No,1
200072,IT,Engineer,32,15,10959.16,Yes,1.0,7,Yes,0
200073,Operations,Associate,43,4,7253.15,Yes,2.0,0,No,0
200074,Operations,Analyst,50,15,6055.46,No,4.0,5,Yes,0
200075,Marketing,Analyst,33,0,13233.95,No,1.0,3,No,0
200076,Finance,Manager,42,10,7725.52,No,3.0,1,No,0
200077,Operations,Engineer,41,8,8443.01,No,4.0,5,No,0
200078,Operations,Analyst,21,11,9147.04,No,5.0,2,No,0
200079,HR,Specialist,37,12,2834.48,Yes,1.0,3,Yes,1
200080,Operations,Analyst,31,5,4375.88,No,2.0,7,Yes,1
200081,Finance,Specialist,50,3,7922.71,Yes,1.0,6,No,0
200082,Sales,Engineer,45,13,4705.13,No,5.0,2,No,0
200083,Operations,Engineer,37,4,5330.95,Yes,1.0,5,No,0
200084,IT,Engineer,23,4,8648.65,No,1.0,2,Yes,1
200085,Marketing,Associate,59,13,5804.14,No,2.0,4,Yes,0
200086,HR,Analyst,31,7,9828.12,Yes,3.0,8,No,0
200087,IT,Analyst,39,10,2500.0,No,5.0,4,Yes,0
200088,Marketing,Manager,33,4,9410.36,Yes,3.0,0,Yes,0
200089,IT,Analyst,51,8,3290.99,No,5.0,0,Yes,0
200090,Operations,Specialist,28,9,,No,5.0,2,Yes,0
200091,HR,Manager,32,5,5260.51,No,1.0,2,No,0
200092,IT,Specialist,23,4,9383.36,Yes,1.0,4,Yes,1
200093,,Engineer,37,7,6054.54,Yes,2.0,0,Yes,0
200094,Sales,Engineer,30,14,9055.86,No,3.0,1,No,0
200095,Operations,Associate,58,0,10331.59,Yes,2.0,6,No,1
200096,Operations,Manager,34,12,9654.63,No,4.0,4,No,0
200097,Marketing,Associate,39,8,8944.51,No,1.0,7,No,0
200098,Sales,Analyst,38,3,5497.8,No,2.0,3,Yes,0
200099,Operations,Analyst,46,0,6167.23,No,3.0,7,Yes,0
200100,IT,Specialist,-1,6,4007.47,No,5.0,6,Yes,0
